
add:     file format elf32-littleriscv


Disassembly of section .text.init:

80000000 <_start>:
80000000:	00c0006f          	j	8000000c <handle_reset>

80000004 <nmi_vector>:
80000004:	3000306f          	j	80003304 <wtf>

80000008 <trap_vector>:
80000008:	2fc0306f          	j	80003304 <wtf>

8000000c <handle_reset>:
8000000c:	00000093          	li	ra,0
80000010:	00000113          	li	sp,0
80000014:	00000193          	li	gp,0
80000018:	00000213          	li	tp,0
8000001c:	00000293          	li	t0,0
80000020:	00000313          	li	t1,0
80000024:	00000393          	li	t2,0
80000028:	00000413          	li	s0,0
8000002c:	00000493          	li	s1,0
80000030:	00000513          	li	a0,0
80000034:	00000593          	li	a1,0
80000038:	00000613          	li	a2,0
8000003c:	00000693          	li	a3,0
80000040:	00000713          	li	a4,0
80000044:	00000793          	li	a5,0
80000048:	00000813          	li	a6,0
8000004c:	00000893          	li	a7,0
80000050:	00000913          	li	s2,0
80000054:	00000993          	li	s3,0
80000058:	00000a13          	li	s4,0
8000005c:	00000a93          	li	s5,0
80000060:	00000b13          	li	s6,0
80000064:	00000b93          	li	s7,0
80000068:	00000c13          	li	s8,0
8000006c:	00000c93          	li	s9,0
80000070:	00000d13          	li	s10,0
80000074:	00000d93          	li	s11,0
80000078:	00000e13          	li	t3,0
8000007c:	00000e93          	li	t4,0
80000080:	00000f13          	li	t5,0
80000084:	00000f93          	li	t6,0
80000088:	00000297          	auipc	t0,0x0
8000008c:	01028293          	add	t0,t0,16 # 80000098 <handle_reset+0x8c>
80000090:	30529073          	csrw	mtvec,t0
80000094:	74445073          	csrw	0x744,8
80000098:	00000297          	auipc	t0,0x0
8000009c:	f7028293          	add	t0,t0,-144 # 80000008 <trap_vector>
800000a0:	30529073          	csrw	mtvec,t0
800000a4:	0000d117          	auipc	sp,0xd
800000a8:	ecc10113          	add	sp,sp,-308 # 8000cf70 <_end+0x3f70>
800000ac:	f14022f3          	csrr	t0,mhartid
800000b0:	00c29293          	sll	t0,t0,0xc
800000b4:	00510133          	add	sp,sp,t0
800000b8:	34011073          	csrw	mscratch,sp
800000bc:	4640306f          	j	80003520 <vm_boot>

800000c0 <pop_tf>:
800000c0:	08452283          	lw	t0,132(a0)
800000c4:	14129073          	csrw	sepc,t0
800000c8:	00452083          	lw	ra,4(a0)
800000cc:	00852103          	lw	sp,8(a0)
800000d0:	00c52183          	lw	gp,12(a0)
800000d4:	01052203          	lw	tp,16(a0)
800000d8:	01452283          	lw	t0,20(a0)
800000dc:	01852303          	lw	t1,24(a0)
800000e0:	01c52383          	lw	t2,28(a0)
800000e4:	02052403          	lw	s0,32(a0)
800000e8:	02452483          	lw	s1,36(a0)
800000ec:	02c52583          	lw	a1,44(a0)
800000f0:	03052603          	lw	a2,48(a0)
800000f4:	03452683          	lw	a3,52(a0)
800000f8:	03852703          	lw	a4,56(a0)
800000fc:	03c52783          	lw	a5,60(a0)
80000100:	04052803          	lw	a6,64(a0)
80000104:	04452883          	lw	a7,68(a0)
80000108:	04852903          	lw	s2,72(a0)
8000010c:	04c52983          	lw	s3,76(a0)
80000110:	05052a03          	lw	s4,80(a0)
80000114:	05452a83          	lw	s5,84(a0)
80000118:	05852b03          	lw	s6,88(a0)
8000011c:	05c52b83          	lw	s7,92(a0)
80000120:	06052c03          	lw	s8,96(a0)
80000124:	06452c83          	lw	s9,100(a0)
80000128:	06852d03          	lw	s10,104(a0)
8000012c:	06c52d83          	lw	s11,108(a0)
80000130:	07052e03          	lw	t3,112(a0)
80000134:	07452e83          	lw	t4,116(a0)
80000138:	07852f03          	lw	t5,120(a0)
8000013c:	07c52f83          	lw	t6,124(a0)
80000140:	02852503          	lw	a0,40(a0)
80000144:	10200073          	sret

80000148 <trap_entry>:
80000148:	14011173          	csrrw	sp,sscratch,sp
8000014c:	00112223          	sw	ra,4(sp)
80000150:	00312623          	sw	gp,12(sp)
80000154:	00412823          	sw	tp,16(sp)
80000158:	00512a23          	sw	t0,20(sp)
8000015c:	00612c23          	sw	t1,24(sp)
80000160:	00712e23          	sw	t2,28(sp)
80000164:	02812023          	sw	s0,32(sp)
80000168:	02912223          	sw	s1,36(sp)
8000016c:	02a12423          	sw	a0,40(sp)
80000170:	02b12623          	sw	a1,44(sp)
80000174:	02c12823          	sw	a2,48(sp)
80000178:	02d12a23          	sw	a3,52(sp)
8000017c:	02e12c23          	sw	a4,56(sp)
80000180:	02f12e23          	sw	a5,60(sp)
80000184:	05012023          	sw	a6,64(sp)
80000188:	05112223          	sw	a7,68(sp)
8000018c:	05212423          	sw	s2,72(sp)
80000190:	05312623          	sw	s3,76(sp)
80000194:	05412823          	sw	s4,80(sp)
80000198:	05512a23          	sw	s5,84(sp)
8000019c:	05612c23          	sw	s6,88(sp)
800001a0:	05712e23          	sw	s7,92(sp)
800001a4:	07812023          	sw	s8,96(sp)
800001a8:	07912223          	sw	s9,100(sp)
800001ac:	07a12423          	sw	s10,104(sp)
800001b0:	07b12623          	sw	s11,108(sp)
800001b4:	07c12823          	sw	t3,112(sp)
800001b8:	07d12a23          	sw	t4,116(sp)
800001bc:	07e12c23          	sw	t5,120(sp)
800001c0:	07f12e23          	sw	t6,124(sp)
800001c4:	140112f3          	csrrw	t0,sscratch,sp
800001c8:	00512423          	sw	t0,8(sp)
800001cc:	100022f3          	csrr	t0,sstatus
800001d0:	08512023          	sw	t0,128(sp)
800001d4:	141022f3          	csrr	t0,sepc
800001d8:	08512223          	sw	t0,132(sp)
800001dc:	143022f3          	csrr	t0,stval
800001e0:	08512423          	sw	t0,136(sp)
800001e4:	142022f3          	csrr	t0,scause
800001e8:	08512623          	sw	t0,140(sp)
800001ec:	00010513          	mv	a0,sp
800001f0:	2c80306f          	j	800034b8 <handle_trap>

800001f4 <__sim_halt>:
800001f4:	0000006f          	j	800001f4 <__sim_halt>

Disassembly of section .text:

80002000 <amo_emu_add>:
80002000:	100627af          	lr.w	a5,(a2)
80002004:	00b782b3          	add	t0,a5,a1
80002008:	185622af          	sc.w	t0,t0,(a2)
8000200c:	fe029ae3          	bnez	t0,80002000 <amo_emu_add>
80002010:	00f52023          	sw	a5,0(a0)
80002014:	00008067          	ret

80002018 <amo_emu_xor>:
80002018:	100627af          	lr.w	a5,(a2)
8000201c:	00b7c2b3          	xor	t0,a5,a1
80002020:	185622af          	sc.w	t0,t0,(a2)
80002024:	fe029ae3          	bnez	t0,80002018 <amo_emu_xor>
80002028:	00f52023          	sw	a5,0(a0)
8000202c:	00008067          	ret

80002030 <amo_emu_or>:
80002030:	100627af          	lr.w	a5,(a2)
80002034:	00b7e2b3          	or	t0,a5,a1
80002038:	185622af          	sc.w	t0,t0,(a2)
8000203c:	fe029ae3          	bnez	t0,80002030 <amo_emu_or>
80002040:	00f52023          	sw	a5,0(a0)
80002044:	00008067          	ret

80002048 <amo_emu_and>:
80002048:	100627af          	lr.w	a5,(a2)
8000204c:	00b7f2b3          	and	t0,a5,a1
80002050:	185622af          	sc.w	t0,t0,(a2)
80002054:	fe029ae3          	bnez	t0,80002048 <amo_emu_and>
80002058:	00f52023          	sw	a5,0(a0)
8000205c:	00008067          	ret

80002060 <amo_emu_min>:
80002060:	100627af          	lr.w	a5,(a2)
80002064:	00058293          	mv	t0,a1
80002068:	00f2c463          	blt	t0,a5,80002070 <amo_emu_min+0x10>
8000206c:	00078293          	mv	t0,a5
80002070:	185622af          	sc.w	t0,t0,(a2)
80002074:	fe0296e3          	bnez	t0,80002060 <amo_emu_min>
80002078:	00f52023          	sw	a5,0(a0)
8000207c:	00008067          	ret

80002080 <amo_emu_minu>:
80002080:	100627af          	lr.w	a5,(a2)
80002084:	00058293          	mv	t0,a1
80002088:	00f2e463          	bltu	t0,a5,80002090 <amo_emu_minu+0x10>
8000208c:	00078293          	mv	t0,a5
80002090:	185622af          	sc.w	t0,t0,(a2)
80002094:	fe0296e3          	bnez	t0,80002080 <amo_emu_minu>
80002098:	00f52023          	sw	a5,0(a0)
8000209c:	00008067          	ret

800020a0 <amo_emu_max>:
800020a0:	100627af          	lr.w	a5,(a2)
800020a4:	00058293          	mv	t0,a1
800020a8:	00f2d463          	bge	t0,a5,800020b0 <amo_emu_max+0x10>
800020ac:	00078293          	mv	t0,a5
800020b0:	185622af          	sc.w	t0,t0,(a2)
800020b4:	fe0296e3          	bnez	t0,800020a0 <amo_emu_max>
800020b8:	00f52023          	sw	a5,0(a0)
800020bc:	00008067          	ret

800020c0 <amo_emu_maxu>:
800020c0:	100627af          	lr.w	a5,(a2)
800020c4:	00058293          	mv	t0,a1
800020c8:	00f2f463          	bgeu	t0,a5,800020d0 <amo_emu_maxu+0x10>
800020cc:	00078293          	mv	t0,a5
800020d0:	185622af          	sc.w	t0,t0,(a2)
800020d4:	fe0296e3          	bnez	t0,800020c0 <amo_emu_maxu>
800020d8:	00f52023          	sw	a5,0(a0)
800020dc:	00008067          	ret

800020e0 <amo_emu_swap>:
800020e0:	00058293          	mv	t0,a1
800020e4:	100627af          	lr.w	a5,(a2)
800020e8:	185622af          	sc.w	t0,t0,(a2)
800020ec:	fe029ae3          	bnez	t0,800020e0 <amo_emu_swap>
800020f0:	00f52023          	sw	a5,0(a0)
800020f4:	00008067          	ret

800020f8 <mtvec_handler>:
800020f8:	07f12e23          	sw	t6,124(sp)
800020fc:	07e12c23          	sw	t5,120(sp)
80002100:	07d12a23          	sw	t4,116(sp)
80002104:	07c12823          	sw	t3,112(sp)
80002108:	07b12623          	sw	s11,108(sp)
8000210c:	07a12423          	sw	s10,104(sp)
80002110:	07912223          	sw	s9,100(sp)
80002114:	07812023          	sw	s8,96(sp)
80002118:	05712e23          	sw	s7,92(sp)
8000211c:	05612c23          	sw	s6,88(sp)
80002120:	05512a23          	sw	s5,84(sp)
80002124:	05412823          	sw	s4,80(sp)
80002128:	05312623          	sw	s3,76(sp)
8000212c:	05212423          	sw	s2,72(sp)
80002130:	05112223          	sw	a7,68(sp)
80002134:	05012023          	sw	a6,64(sp)
80002138:	02f12e23          	sw	a5,60(sp)
8000213c:	02e12c23          	sw	a4,56(sp)
80002140:	02d12a23          	sw	a3,52(sp)
80002144:	02c12823          	sw	a2,48(sp)
80002148:	02b12623          	sw	a1,44(sp)
8000214c:	02a12423          	sw	a0,40(sp)
80002150:	02912223          	sw	s1,36(sp)
80002154:	02812023          	sw	s0,32(sp)
80002158:	00712e23          	sw	t2,28(sp)
8000215c:	00612c23          	sw	t1,24(sp)
80002160:	00512a23          	sw	t0,20(sp)
80002164:	00412823          	sw	tp,16(sp)
80002168:	00312623          	sw	gp,12(sp)
8000216c:	00112223          	sw	ra,4(sp)
80002170:	00010613          	mv	a2,sp
80002174:	342027f3          	csrr	a5,mcause
80002178:	341027f3          	csrr	a5,mepc
8000217c:	0037f713          	and	a4,a5,3
80002180:	10071063          	bnez	a4,80002280 <mtvec_handler+0x188>
80002184:	0007a703          	lw	a4,0(a5)
80002188:	07f77793          	and	a5,a4,127
8000218c:	02f00693          	li	a3,47
80002190:	08d78863          	beq	a5,a3,80002220 <mtvec_handler+0x128>
80002194:	341022f3          	csrr	t0,mepc
80002198:	00428293          	add	t0,t0,4
8000219c:	34129073          	csrw	mepc,t0
800021a0:	07c12f83          	lw	t6,124(sp)
800021a4:	07812f03          	lw	t5,120(sp)
800021a8:	07412e83          	lw	t4,116(sp)
800021ac:	07012e03          	lw	t3,112(sp)
800021b0:	06c12d83          	lw	s11,108(sp)
800021b4:	06812d03          	lw	s10,104(sp)
800021b8:	06412c83          	lw	s9,100(sp)
800021bc:	06012c03          	lw	s8,96(sp)
800021c0:	05c12b83          	lw	s7,92(sp)
800021c4:	05812b03          	lw	s6,88(sp)
800021c8:	05412a83          	lw	s5,84(sp)
800021cc:	05012a03          	lw	s4,80(sp)
800021d0:	04c12983          	lw	s3,76(sp)
800021d4:	04812903          	lw	s2,72(sp)
800021d8:	04412883          	lw	a7,68(sp)
800021dc:	04012803          	lw	a6,64(sp)
800021e0:	03c12783          	lw	a5,60(sp)
800021e4:	03812703          	lw	a4,56(sp)
800021e8:	03412683          	lw	a3,52(sp)
800021ec:	03012603          	lw	a2,48(sp)
800021f0:	02c12583          	lw	a1,44(sp)
800021f4:	02812503          	lw	a0,40(sp)
800021f8:	02412483          	lw	s1,36(sp)
800021fc:	02012403          	lw	s0,32(sp)
80002200:	01c12383          	lw	t2,28(sp)
80002204:	01812303          	lw	t1,24(sp)
80002208:	01412283          	lw	t0,20(sp)
8000220c:	01012203          	lw	tp,16(sp)
80002210:	00c12183          	lw	gp,12(sp)
80002214:	00412083          	lw	ra,4(sp)
80002218:	08010113          	add	sp,sp,128
8000221c:	30200073          	mret
80002220:	000077b7          	lui	a5,0x7
80002224:	00f777b3          	and	a5,a4,a5
80002228:	000026b7          	lui	a3,0x2
8000222c:	f6d794e3          	bne	a5,a3,80002194 <mtvec_handler+0x9c>
80002230:	00d75593          	srl	a1,a4,0xd
80002234:	01275693          	srl	a3,a4,0x12
80002238:	07c5f593          	and	a1,a1,124
8000223c:	07c6f693          	and	a3,a3,124
80002240:	00775793          	srl	a5,a4,0x7
80002244:	00b605b3          	add	a1,a2,a1
80002248:	00d606b3          	add	a3,a2,a3
8000224c:	01b75713          	srl	a4,a4,0x1b
80002250:	01c00513          	li	a0,28
80002254:	0005a583          	lw	a1,0(a1)
80002258:	0006a803          	lw	a6,0(a3) # 2000 <_start-0x7fffe000>
8000225c:	01f7f793          	and	a5,a5,31
80002260:	f2e56ae3          	bltu	a0,a4,80002194 <mtvec_handler+0x9c>
80002264:	00002697          	auipc	a3,0x2
80002268:	d9c68693          	add	a3,a3,-612 # 80004000 <begin_signature>
8000226c:	00271713          	sll	a4,a4,0x2
80002270:	00d70733          	add	a4,a4,a3
80002274:	00072703          	lw	a4,0(a4)
80002278:	00d70733          	add	a4,a4,a3
8000227c:	00070067          	jr	a4
80002280:	0027d703          	lhu	a4,2(a5) # 7002 <_start-0x7fff8ffe>
80002284:	0007d783          	lhu	a5,0(a5)
80002288:	01071713          	sll	a4,a4,0x10
8000228c:	00f76733          	or	a4,a4,a5
80002290:	ef9ff06f          	j	80002188 <mtvec_handler+0x90>
80002294:	1005a72f          	lr.w	a4,(a1)
80002298:	00080293          	mv	t0,a6
8000229c:	00e2f463          	bgeu	t0,a4,800022a4 <mtvec_handler+0x1ac>
800022a0:	00070293          	mv	t0,a4
800022a4:	1855a2af          	sc.w	t0,t0,(a1)
800022a8:	fe0296e3          	bnez	t0,80002294 <mtvec_handler+0x19c>
800022ac:	00279793          	sll	a5,a5,0x2
800022b0:	00f60633          	add	a2,a2,a5
800022b4:	00e62023          	sw	a4,0(a2)
800022b8:	eddff06f          	j	80002194 <mtvec_handler+0x9c>
800022bc:	1005a72f          	lr.w	a4,(a1)
800022c0:	00080293          	mv	t0,a6
800022c4:	00e2e463          	bltu	t0,a4,800022cc <mtvec_handler+0x1d4>
800022c8:	00070293          	mv	t0,a4
800022cc:	1855a2af          	sc.w	t0,t0,(a1)
800022d0:	fe0296e3          	bnez	t0,800022bc <mtvec_handler+0x1c4>
800022d4:	00279793          	sll	a5,a5,0x2
800022d8:	00f607b3          	add	a5,a2,a5
800022dc:	00e7a023          	sw	a4,0(a5)
800022e0:	eb5ff06f          	j	80002194 <mtvec_handler+0x9c>
800022e4:	1005a72f          	lr.w	a4,(a1)
800022e8:	00080293          	mv	t0,a6
800022ec:	00e2d463          	bge	t0,a4,800022f4 <mtvec_handler+0x1fc>
800022f0:	00070293          	mv	t0,a4
800022f4:	1855a2af          	sc.w	t0,t0,(a1)
800022f8:	fe0296e3          	bnez	t0,800022e4 <mtvec_handler+0x1ec>
800022fc:	00279793          	sll	a5,a5,0x2
80002300:	00f607b3          	add	a5,a2,a5
80002304:	00e7a023          	sw	a4,0(a5)
80002308:	e8dff06f          	j	80002194 <mtvec_handler+0x9c>
8000230c:	1005a72f          	lr.w	a4,(a1)
80002310:	00080293          	mv	t0,a6
80002314:	00e2c463          	blt	t0,a4,8000231c <mtvec_handler+0x224>
80002318:	00070293          	mv	t0,a4
8000231c:	1855a2af          	sc.w	t0,t0,(a1)
80002320:	fe0296e3          	bnez	t0,8000230c <mtvec_handler+0x214>
80002324:	00279793          	sll	a5,a5,0x2
80002328:	00f607b3          	add	a5,a2,a5
8000232c:	00e7a023          	sw	a4,0(a5)
80002330:	e65ff06f          	j	80002194 <mtvec_handler+0x9c>
80002334:	1005a72f          	lr.w	a4,(a1)
80002338:	010772b3          	and	t0,a4,a6
8000233c:	1855a2af          	sc.w	t0,t0,(a1)
80002340:	fe029ae3          	bnez	t0,80002334 <mtvec_handler+0x23c>
80002344:	00279793          	sll	a5,a5,0x2
80002348:	00f607b3          	add	a5,a2,a5
8000234c:	00e7a023          	sw	a4,0(a5)
80002350:	e45ff06f          	j	80002194 <mtvec_handler+0x9c>
80002354:	1005a72f          	lr.w	a4,(a1)
80002358:	010762b3          	or	t0,a4,a6
8000235c:	1855a2af          	sc.w	t0,t0,(a1)
80002360:	fe029ae3          	bnez	t0,80002354 <mtvec_handler+0x25c>
80002364:	00279793          	sll	a5,a5,0x2
80002368:	00f607b3          	add	a5,a2,a5
8000236c:	00e7a023          	sw	a4,0(a5)
80002370:	e25ff06f          	j	80002194 <mtvec_handler+0x9c>
80002374:	1005a72f          	lr.w	a4,(a1)
80002378:	010742b3          	xor	t0,a4,a6
8000237c:	1855a2af          	sc.w	t0,t0,(a1)
80002380:	fe029ae3          	bnez	t0,80002374 <mtvec_handler+0x27c>
80002384:	00279793          	sll	a5,a5,0x2
80002388:	00f607b3          	add	a5,a2,a5
8000238c:	00e7a023          	sw	a4,0(a5)
80002390:	e05ff06f          	j	80002194 <mtvec_handler+0x9c>
80002394:	00080293          	mv	t0,a6
80002398:	1005a72f          	lr.w	a4,(a1)
8000239c:	1855a2af          	sc.w	t0,t0,(a1)
800023a0:	fe029ae3          	bnez	t0,80002394 <mtvec_handler+0x29c>
800023a4:	00279793          	sll	a5,a5,0x2
800023a8:	00f607b3          	add	a5,a2,a5
800023ac:	00e7a023          	sw	a4,0(a5)
800023b0:	de5ff06f          	j	80002194 <mtvec_handler+0x9c>
800023b4:	1005a72f          	lr.w	a4,(a1)
800023b8:	010702b3          	add	t0,a4,a6
800023bc:	1855a2af          	sc.w	t0,t0,(a1)
800023c0:	fe029ae3          	bnez	t0,800023b4 <mtvec_handler+0x2bc>
800023c4:	00279793          	sll	a5,a5,0x2
800023c8:	00f607b3          	add	a5,a2,a5
800023cc:	00e7a023          	sw	a4,0(a5)
800023d0:	dc5ff06f          	j	80002194 <mtvec_handler+0x9c>

800023d4 <advance_mepc>:
800023d4:	341027f3          	csrr	a5,mepc
800023d8:	00a78533          	add	a0,a5,a0
800023dc:	34151073          	csrw	mepc,a0
800023e0:	00008067          	ret

800023e4 <set_mepc>:
800023e4:	34151073          	csrw	mepc,a0
800023e8:	00008067          	ret

800023ec <advance_sepc>:
800023ec:	141027f3          	csrr	a5,sepc
800023f0:	00a78533          	add	a0,a5,a0
800023f4:	14151073          	csrw	sepc,a0
800023f8:	00008067          	ret

800023fc <set_sepc>:
800023fc:	14151073          	csrw	sepc,a0
80002400:	00008067          	ret

80002404 <setup_interrupts_m>:
80002404:	30551073          	csrw	mtvec,a0
80002408:	30459073          	csrw	mie,a1
8000240c:	00008067          	ret

80002410 <setup_interrupt_m_vectored>:
80002410:	00156513          	or	a0,a0,1
80002414:	30551073          	csrw	mtvec,a0
80002418:	30459073          	csrw	mie,a1
8000241c:	00008067          	ret

80002420 <enable_interrupts_m>:
80002420:	00800793          	li	a5,8
80002424:	3007a073          	csrs	mstatus,a5
80002428:	00008067          	ret

8000242c <disable_interrupts_m>:
8000242c:	00800793          	li	a5,8
80002430:	3007b073          	csrc	mstatus,a5
80002434:	00008067          	ret

80002438 <enable_interrupts_save_m>:
80002438:	30051073          	csrw	mstatus,a0
8000243c:	00008067          	ret

80002440 <disable_interrupts_save_m>:
80002440:	00800513          	li	a0,8
80002444:	30053573          	csrrc	a0,mstatus,a0
80002448:	00008067          	ret

8000244c <setup_interrupts_s>:
8000244c:	10551073          	csrw	stvec,a0
80002450:	10459073          	csrw	sie,a1
80002454:	00008067          	ret

80002458 <setup_interrupt_s_vectored>:
80002458:	00156513          	or	a0,a0,1
8000245c:	10551073          	csrw	stvec,a0
80002460:	10459073          	csrw	sie,a1
80002464:	00008067          	ret

80002468 <enable_interrupts_s>:
80002468:	00200793          	li	a5,2
8000246c:	1007a073          	csrs	sstatus,a5
80002470:	00008067          	ret

80002474 <disable_interrupts_s>:
80002474:	00200793          	li	a5,2
80002478:	1007b073          	csrc	sstatus,a5
8000247c:	00008067          	ret

80002480 <enable_interrupts_save_s>:
80002480:	10051073          	csrw	sstatus,a0
80002484:	00008067          	ret

80002488 <disable_interrupts_save_s>:
80002488:	00200513          	li	a0,2
8000248c:	10053573          	csrrc	a0,sstatus,a0
80002490:	00008067          	ret

80002494 <delegate_traps_to_s>:
80002494:	30251073          	csrw	medeleg,a0
80002498:	30359073          	csrw	mideleg,a1
8000249c:	00008067          	ret

800024a0 <check_supervisor_mode_available>:
800024a0:	000017b7          	lui	a5,0x1
800024a4:	80078793          	add	a5,a5,-2048 # 800 <_start-0x7ffff800>
800024a8:	3007a573          	csrrs	a0,mstatus,a5
800024ac:	30051573          	csrrw	a0,mstatus,a0
800024b0:	000027b7          	lui	a5,0x2
800024b4:	80078793          	add	a5,a5,-2048 # 1800 <_start-0x7fffe800>
800024b8:	00f57533          	and	a0,a0,a5
800024bc:	80050513          	add	a0,a0,-2048
800024c0:	00153513          	seqz	a0,a0
800024c4:	00008067          	ret

800024c8 <read_exception_context>:
800024c8:	c00027f3          	rdcycle	a5
800024cc:	00f52623          	sw	a5,12(a0)
800024d0:	c01027f3          	rdtime	a5
800024d4:	00f52823          	sw	a5,16(a0)
800024d8:	342027f3          	csrr	a5,mcause
800024dc:	00f52423          	sw	a5,8(a0)
800024e0:	341027f3          	csrr	a5,mepc
800024e4:	00f52023          	sw	a5,0(a0)
800024e8:	343027f3          	csrr	a5,mtval
800024ec:	00f52223          	sw	a5,4(a0)
800024f0:	c03027f3          	csrr	a5,hpmcounter3
800024f4:	00f52a23          	sw	a5,20(a0)
800024f8:	c04027f3          	csrr	a5,hpmcounter4
800024fc:	00f52c23          	sw	a5,24(a0)
80002500:	00008067          	ret

80002504 <read_exception_context_s>:
80002504:	c00027f3          	rdcycle	a5
80002508:	00f52623          	sw	a5,12(a0)
8000250c:	c01027f3          	rdtime	a5
80002510:	00f52823          	sw	a5,16(a0)
80002514:	142027f3          	csrr	a5,scause
80002518:	00f52423          	sw	a5,8(a0)
8000251c:	141027f3          	csrr	a5,sepc
80002520:	00f52023          	sw	a5,0(a0)
80002524:	143027f3          	csrr	a5,stval
80002528:	00f52223          	sw	a5,4(a0)
8000252c:	c03027f3          	csrr	a5,hpmcounter3
80002530:	00f52a23          	sw	a5,20(a0)
80002534:	c04027f3          	csrr	a5,hpmcounter4
80002538:	00f52c23          	sw	a5,24(a0)
8000253c:	00008067          	ret

80002540 <print_exception_context>:
80002540:	ff010113          	add	sp,sp,-16
80002544:	00812423          	sw	s0,8(sp)
80002548:	00050413          	mv	s0,a0
8000254c:	00002517          	auipc	a0,0x2
80002550:	b2850513          	add	a0,a0,-1240 # 80004074 <begin_signature+0x74>
80002554:	00112623          	sw	ra,12(sp)
80002558:	2a1000ef          	jal	80002ff8 <print>
8000255c:	00842583          	lw	a1,8(s0)
80002560:	00002517          	auipc	a0,0x2
80002564:	b2c50513          	add	a0,a0,-1236 # 8000408c <begin_signature+0x8c>
80002568:	291000ef          	jal	80002ff8 <print>
8000256c:	00042583          	lw	a1,0(s0)
80002570:	00002517          	auipc	a0,0x2
80002574:	b2c50513          	add	a0,a0,-1236 # 8000409c <begin_signature+0x9c>
80002578:	281000ef          	jal	80002ff8 <print>
8000257c:	00442583          	lw	a1,4(s0)
80002580:	00002517          	auipc	a0,0x2
80002584:	b2c50513          	add	a0,a0,-1236 # 800040ac <begin_signature+0xac>
80002588:	271000ef          	jal	80002ff8 <print>
8000258c:	00c42583          	lw	a1,12(s0)
80002590:	00002517          	auipc	a0,0x2
80002594:	b2c50513          	add	a0,a0,-1236 # 800040bc <begin_signature+0xbc>
80002598:	261000ef          	jal	80002ff8 <print>
8000259c:	01042583          	lw	a1,16(s0)
800025a0:	00002517          	auipc	a0,0x2
800025a4:	b2c50513          	add	a0,a0,-1236 # 800040cc <begin_signature+0xcc>
800025a8:	251000ef          	jal	80002ff8 <print>
800025ac:	01442583          	lw	a1,20(s0)
800025b0:	00002517          	auipc	a0,0x2
800025b4:	b2c50513          	add	a0,a0,-1236 # 800040dc <begin_signature+0xdc>
800025b8:	241000ef          	jal	80002ff8 <print>
800025bc:	01842583          	lw	a1,24(s0)
800025c0:	00812403          	lw	s0,8(sp)
800025c4:	00c12083          	lw	ra,12(sp)
800025c8:	00002517          	auipc	a0,0x2
800025cc:	b2450513          	add	a0,a0,-1244 # 800040ec <begin_signature+0xec>
800025d0:	01010113          	add	sp,sp,16
800025d4:	2250006f          	j	80002ff8 <print>

800025d8 <default_handler>:
800025d8:	ea010113          	add	sp,sp,-352
800025dc:	14112e23          	sw	ra,348(sp)
800025e0:	14512c23          	sw	t0,344(sp)
800025e4:	14612a23          	sw	t1,340(sp)
800025e8:	14712823          	sw	t2,336(sp)
800025ec:	14b12423          	sw	a1,328(sp)
800025f0:	14c12223          	sw	a2,324(sp)
800025f4:	14d12023          	sw	a3,320(sp)
800025f8:	12e12e23          	sw	a4,316(sp)
800025fc:	12f12c23          	sw	a5,312(sp)
80002600:	13012a23          	sw	a6,308(sp)
80002604:	13112823          	sw	a7,304(sp)
80002608:	13c12623          	sw	t3,300(sp)
8000260c:	13d12423          	sw	t4,296(sp)
80002610:	13e12223          	sw	t5,292(sp)
80002614:	13f12023          	sw	t6,288(sp)
80002618:	10013c27          	fsd	ft0,280(sp)
8000261c:	10113827          	fsd	ft1,272(sp)
80002620:	10213427          	fsd	ft2,264(sp)
80002624:	10313027          	fsd	ft3,256(sp)
80002628:	0e413c27          	fsd	ft4,248(sp)
8000262c:	0e513827          	fsd	ft5,240(sp)
80002630:	0e613427          	fsd	ft6,232(sp)
80002634:	0e713027          	fsd	ft7,224(sp)
80002638:	0c813c27          	fsd	fs0,216(sp)
8000263c:	0c913827          	fsd	fs1,208(sp)
80002640:	0ca13427          	fsd	fa0,200(sp)
80002644:	0cb13027          	fsd	fa1,192(sp)
80002648:	0ac13c27          	fsd	fa2,184(sp)
8000264c:	0ad13827          	fsd	fa3,176(sp)
80002650:	0ae13427          	fsd	fa4,168(sp)
80002654:	0af13027          	fsd	fa5,160(sp)
80002658:	14a12623          	sw	a0,332(sp)
8000265c:	00410513          	add	a0,sp,4
80002660:	09013c27          	fsd	fa6,152(sp)
80002664:	09113827          	fsd	fa7,144(sp)
80002668:	09213427          	fsd	fs2,136(sp)
8000266c:	09313027          	fsd	fs3,128(sp)
80002670:	07413c27          	fsd	fs4,120(sp)
80002674:	07513827          	fsd	fs5,112(sp)
80002678:	07613427          	fsd	fs6,104(sp)
8000267c:	07713027          	fsd	fs7,96(sp)
80002680:	05813c27          	fsd	fs8,88(sp)
80002684:	05913827          	fsd	fs9,80(sp)
80002688:	05a13427          	fsd	fs10,72(sp)
8000268c:	05b13027          	fsd	fs11,64(sp)
80002690:	03c13c27          	fsd	ft8,56(sp)
80002694:	03d13827          	fsd	ft9,48(sp)
80002698:	03e13427          	fsd	ft10,40(sp)
8000269c:	03f13027          	fsd	ft11,32(sp)
800026a0:	e29ff0ef          	jal	800024c8 <read_exception_context>
800026a4:	00410513          	add	a0,sp,4
800026a8:	e99ff0ef          	jal	80002540 <print_exception_context>
800026ac:	00002517          	auipc	a0,0x2
800026b0:	a5050513          	add	a0,a0,-1456 # 800040fc <begin_signature+0xfc>
800026b4:	145000ef          	jal	80002ff8 <print>
800026b8:	b3dfd0ef          	jal	800001f4 <__sim_halt>

800026bc <enter_s_mode>:
800026bc:	300027f3          	csrr	a5,mstatus
800026c0:	ffffe6b7          	lui	a3,0xffffe
800026c4:	7ff68693          	add	a3,a3,2047 # ffffe7ff <_end+0x7fff57ff>
800026c8:	00001737          	lui	a4,0x1
800026cc:	00d7f7b3          	and	a5,a5,a3
800026d0:	80070713          	add	a4,a4,-2048 # 800 <_start-0x7ffff800>
800026d4:	00e7e7b3          	or	a5,a5,a4
800026d8:	30079073          	csrw	mstatus,a5
800026dc:	34151073          	csrw	mepc,a0
800026e0:	30200073          	mret

800026e4 <enter_u_mode>:
800026e4:	14151073          	csrw	sepc,a0
800026e8:	10000793          	li	a5,256
800026ec:	1007b073          	csrc	sstatus,a5
800026f0:	10200073          	sret

800026f4 <exception_handler>:
800026f4:	ec010113          	add	sp,sp,-320
800026f8:	12112e23          	sw	ra,316(sp)
800026fc:	12512c23          	sw	t0,312(sp)
80002700:	12612a23          	sw	t1,308(sp)
80002704:	12712823          	sw	t2,304(sp)
80002708:	12a12623          	sw	a0,300(sp)
8000270c:	12b12423          	sw	a1,296(sp)
80002710:	12c12223          	sw	a2,292(sp)
80002714:	12d12023          	sw	a3,288(sp)
80002718:	10e12e23          	sw	a4,284(sp)
8000271c:	10f12c23          	sw	a5,280(sp)
80002720:	11012a23          	sw	a6,276(sp)
80002724:	11112823          	sw	a7,272(sp)
80002728:	11c12623          	sw	t3,268(sp)
8000272c:	11d12423          	sw	t4,264(sp)
80002730:	11e12223          	sw	t5,260(sp)
80002734:	11f12023          	sw	t6,256(sp)
80002738:	0e013c27          	fsd	ft0,248(sp)
8000273c:	0e113827          	fsd	ft1,240(sp)
80002740:	0e213427          	fsd	ft2,232(sp)
80002744:	0e313027          	fsd	ft3,224(sp)
80002748:	0c413c27          	fsd	ft4,216(sp)
8000274c:	0c513827          	fsd	ft5,208(sp)
80002750:	0c613427          	fsd	ft6,200(sp)
80002754:	0c713027          	fsd	ft7,192(sp)
80002758:	0a813c27          	fsd	fs0,184(sp)
8000275c:	0a913827          	fsd	fs1,176(sp)
80002760:	0aa13427          	fsd	fa0,168(sp)
80002764:	0ab13027          	fsd	fa1,160(sp)
80002768:	08c13c27          	fsd	fa2,152(sp)
8000276c:	08d13827          	fsd	fa3,144(sp)
80002770:	08e13427          	fsd	fa4,136(sp)
80002774:	08f13027          	fsd	fa5,128(sp)
80002778:	07013c27          	fsd	fa6,120(sp)
8000277c:	07113827          	fsd	fa7,112(sp)
80002780:	07213427          	fsd	fs2,104(sp)
80002784:	07313027          	fsd	fs3,96(sp)
80002788:	05413c27          	fsd	fs4,88(sp)
8000278c:	05513827          	fsd	fs5,80(sp)
80002790:	05613427          	fsd	fs6,72(sp)
80002794:	05713027          	fsd	fs7,64(sp)
80002798:	03813c27          	fsd	fs8,56(sp)
8000279c:	03913827          	fsd	fs9,48(sp)
800027a0:	03a13427          	fsd	fs10,40(sp)
800027a4:	03b13027          	fsd	fs11,32(sp)
800027a8:	01c13c27          	fsd	ft8,24(sp)
800027ac:	01d13827          	fsd	ft9,16(sp)
800027b0:	01e13427          	fsd	ft10,8(sp)
800027b4:	01f13027          	fsd	ft11,0(sp)
800027b8:	34202773          	csrr	a4,mcause
800027bc:	00900793          	li	a5,9
800027c0:	10f71063          	bne	a4,a5,800028c0 <exception_handler+0x1cc>
800027c4:	00080793          	mv	a5,a6
800027c8:	00088713          	mv	a4,a7
800027cc:	00400713          	li	a4,4
800027d0:	0ef77663          	bgeu	a4,a5,800028bc <exception_handler+0x1c8>
800027d4:	00500713          	li	a4,5
800027d8:	00e79863          	bne	a5,a4,800027e8 <exception_handler+0xf4>
800027dc:	00002517          	auipc	a0,0x2
800027e0:	94c50513          	add	a0,a0,-1716 # 80004128 <begin_signature+0x128>
800027e4:	015000ef          	jal	80002ff8 <print>
800027e8:	341027f3          	csrr	a5,mepc
800027ec:	00478793          	add	a5,a5,4
800027f0:	34179073          	csrw	mepc,a5
800027f4:	13c12083          	lw	ra,316(sp)
800027f8:	13812283          	lw	t0,312(sp)
800027fc:	13412303          	lw	t1,308(sp)
80002800:	13012383          	lw	t2,304(sp)
80002804:	12c12503          	lw	a0,300(sp)
80002808:	12812583          	lw	a1,296(sp)
8000280c:	12412603          	lw	a2,292(sp)
80002810:	12012683          	lw	a3,288(sp)
80002814:	11c12703          	lw	a4,284(sp)
80002818:	11812783          	lw	a5,280(sp)
8000281c:	11412803          	lw	a6,276(sp)
80002820:	11012883          	lw	a7,272(sp)
80002824:	10c12e03          	lw	t3,268(sp)
80002828:	10812e83          	lw	t4,264(sp)
8000282c:	10412f03          	lw	t5,260(sp)
80002830:	10012f83          	lw	t6,256(sp)
80002834:	0f813007          	fld	ft0,248(sp)
80002838:	0f013087          	fld	ft1,240(sp)
8000283c:	0e813107          	fld	ft2,232(sp)
80002840:	0e013187          	fld	ft3,224(sp)
80002844:	0d813207          	fld	ft4,216(sp)
80002848:	0d013287          	fld	ft5,208(sp)
8000284c:	0c813307          	fld	ft6,200(sp)
80002850:	0c013387          	fld	ft7,192(sp)
80002854:	0b813407          	fld	fs0,184(sp)
80002858:	0b013487          	fld	fs1,176(sp)
8000285c:	0a813507          	fld	fa0,168(sp)
80002860:	0a013587          	fld	fa1,160(sp)
80002864:	09813607          	fld	fa2,152(sp)
80002868:	09013687          	fld	fa3,144(sp)
8000286c:	08813707          	fld	fa4,136(sp)
80002870:	08013787          	fld	fa5,128(sp)
80002874:	07813807          	fld	fa6,120(sp)
80002878:	07013887          	fld	fa7,112(sp)
8000287c:	06813907          	fld	fs2,104(sp)
80002880:	06013987          	fld	fs3,96(sp)
80002884:	05813a07          	fld	fs4,88(sp)
80002888:	05013a87          	fld	fs5,80(sp)
8000288c:	04813b07          	fld	fs6,72(sp)
80002890:	04013b87          	fld	fs7,64(sp)
80002894:	03813c07          	fld	fs8,56(sp)
80002898:	03013c87          	fld	fs9,48(sp)
8000289c:	02813d07          	fld	fs10,40(sp)
800028a0:	02013d87          	fld	fs11,32(sp)
800028a4:	01813e07          	fld	ft8,24(sp)
800028a8:	01013e87          	fld	ft9,16(sp)
800028ac:	00813f07          	fld	ft10,8(sp)
800028b0:	00013f87          	fld	ft11,0(sp)
800028b4:	14010113          	add	sp,sp,320
800028b8:	30200073          	mret
800028bc:	f20786e3          	beqz	a5,800027e8 <exception_handler+0xf4>
800028c0:	d19ff0ef          	jal	800025d8 <default_handler>

800028c4 <timer_handler>:
800028c4:	ec010113          	add	sp,sp,-320
800028c8:	12112e23          	sw	ra,316(sp)
800028cc:	12512c23          	sw	t0,312(sp)
800028d0:	12612a23          	sw	t1,308(sp)
800028d4:	12712823          	sw	t2,304(sp)
800028d8:	12a12623          	sw	a0,300(sp)
800028dc:	12b12423          	sw	a1,296(sp)
800028e0:	12c12223          	sw	a2,292(sp)
800028e4:	12d12023          	sw	a3,288(sp)
800028e8:	10e12e23          	sw	a4,284(sp)
800028ec:	10f12c23          	sw	a5,280(sp)
800028f0:	11012a23          	sw	a6,276(sp)
800028f4:	11112823          	sw	a7,272(sp)
800028f8:	11c12623          	sw	t3,268(sp)
800028fc:	11d12423          	sw	t4,264(sp)
80002900:	11e12223          	sw	t5,260(sp)
80002904:	11f12023          	sw	t6,256(sp)
80002908:	0e013c27          	fsd	ft0,248(sp)
8000290c:	0e113827          	fsd	ft1,240(sp)
80002910:	0e213427          	fsd	ft2,232(sp)
80002914:	0e313027          	fsd	ft3,224(sp)
80002918:	0c413c27          	fsd	ft4,216(sp)
8000291c:	0c513827          	fsd	ft5,208(sp)
80002920:	0c613427          	fsd	ft6,200(sp)
80002924:	0c713027          	fsd	ft7,192(sp)
80002928:	0a813c27          	fsd	fs0,184(sp)
8000292c:	0a913827          	fsd	fs1,176(sp)
80002930:	0aa13427          	fsd	fa0,168(sp)
80002934:	0ab13027          	fsd	fa1,160(sp)
80002938:	08c13c27          	fsd	fa2,152(sp)
8000293c:	08d13827          	fsd	fa3,144(sp)
80002940:	08e13427          	fsd	fa4,136(sp)
80002944:	08f13027          	fsd	fa5,128(sp)
80002948:	00001517          	auipc	a0,0x1
8000294c:	7e050513          	add	a0,a0,2016 # 80004128 <begin_signature+0x128>
80002950:	07013c27          	fsd	fa6,120(sp)
80002954:	07113827          	fsd	fa7,112(sp)
80002958:	07213427          	fsd	fs2,104(sp)
8000295c:	07313027          	fsd	fs3,96(sp)
80002960:	05413c27          	fsd	fs4,88(sp)
80002964:	05513827          	fsd	fs5,80(sp)
80002968:	05613427          	fsd	fs6,72(sp)
8000296c:	05713027          	fsd	fs7,64(sp)
80002970:	03813c27          	fsd	fs8,56(sp)
80002974:	03913827          	fsd	fs9,48(sp)
80002978:	03a13427          	fsd	fs10,40(sp)
8000297c:	03b13027          	fsd	fs11,32(sp)
80002980:	01c13c27          	fsd	ft8,24(sp)
80002984:	01d13827          	fsd	ft9,16(sp)
80002988:	01e13427          	fsd	ft10,8(sp)
8000298c:	01f13027          	fsd	ft11,0(sp)
80002990:	668000ef          	jal	80002ff8 <print>
80002994:	13c12083          	lw	ra,316(sp)
80002998:	13812283          	lw	t0,312(sp)
8000299c:	13412303          	lw	t1,308(sp)
800029a0:	13012383          	lw	t2,304(sp)
800029a4:	12c12503          	lw	a0,300(sp)
800029a8:	12812583          	lw	a1,296(sp)
800029ac:	12412603          	lw	a2,292(sp)
800029b0:	12012683          	lw	a3,288(sp)
800029b4:	11c12703          	lw	a4,284(sp)
800029b8:	11812783          	lw	a5,280(sp)
800029bc:	11412803          	lw	a6,276(sp)
800029c0:	11012883          	lw	a7,272(sp)
800029c4:	10c12e03          	lw	t3,268(sp)
800029c8:	10812e83          	lw	t4,264(sp)
800029cc:	10412f03          	lw	t5,260(sp)
800029d0:	10012f83          	lw	t6,256(sp)
800029d4:	0f813007          	fld	ft0,248(sp)
800029d8:	0f013087          	fld	ft1,240(sp)
800029dc:	0e813107          	fld	ft2,232(sp)
800029e0:	0e013187          	fld	ft3,224(sp)
800029e4:	0d813207          	fld	ft4,216(sp)
800029e8:	0d013287          	fld	ft5,208(sp)
800029ec:	0c813307          	fld	ft6,200(sp)
800029f0:	0c013387          	fld	ft7,192(sp)
800029f4:	0b813407          	fld	fs0,184(sp)
800029f8:	0b013487          	fld	fs1,176(sp)
800029fc:	0a813507          	fld	fa0,168(sp)
80002a00:	0a013587          	fld	fa1,160(sp)
80002a04:	09813607          	fld	fa2,152(sp)
80002a08:	09013687          	fld	fa3,144(sp)
80002a0c:	08813707          	fld	fa4,136(sp)
80002a10:	08013787          	fld	fa5,128(sp)
80002a14:	07813807          	fld	fa6,120(sp)
80002a18:	07013887          	fld	fa7,112(sp)
80002a1c:	06813907          	fld	fs2,104(sp)
80002a20:	06013987          	fld	fs3,96(sp)
80002a24:	05813a07          	fld	fs4,88(sp)
80002a28:	05013a87          	fld	fs5,80(sp)
80002a2c:	04813b07          	fld	fs6,72(sp)
80002a30:	04013b87          	fld	fs7,64(sp)
80002a34:	03813c07          	fld	fs8,56(sp)
80002a38:	03013c87          	fld	fs9,48(sp)
80002a3c:	02813d07          	fld	fs10,40(sp)
80002a40:	02013d87          	fld	fs11,32(sp)
80002a44:	01813e07          	fld	ft8,24(sp)
80002a48:	01013e87          	fld	ft9,16(sp)
80002a4c:	00813f07          	fld	ft10,8(sp)
80002a50:	00013f87          	fld	ft11,0(sp)
80002a54:	14010113          	add	sp,sp,320
80002a58:	30200073          	mret

80002a5c <unreachable_handler>:
80002a5c:	ea010113          	add	sp,sp,-352
80002a60:	14112e23          	sw	ra,348(sp)
80002a64:	14512c23          	sw	t0,344(sp)
80002a68:	14612a23          	sw	t1,340(sp)
80002a6c:	14712823          	sw	t2,336(sp)
80002a70:	14b12423          	sw	a1,328(sp)
80002a74:	14c12223          	sw	a2,324(sp)
80002a78:	14d12023          	sw	a3,320(sp)
80002a7c:	12e12e23          	sw	a4,316(sp)
80002a80:	12f12c23          	sw	a5,312(sp)
80002a84:	13012a23          	sw	a6,308(sp)
80002a88:	13112823          	sw	a7,304(sp)
80002a8c:	13c12623          	sw	t3,300(sp)
80002a90:	13d12423          	sw	t4,296(sp)
80002a94:	13e12223          	sw	t5,292(sp)
80002a98:	13f12023          	sw	t6,288(sp)
80002a9c:	10013c27          	fsd	ft0,280(sp)
80002aa0:	10113827          	fsd	ft1,272(sp)
80002aa4:	10213427          	fsd	ft2,264(sp)
80002aa8:	10313027          	fsd	ft3,256(sp)
80002aac:	0e413c27          	fsd	ft4,248(sp)
80002ab0:	0e513827          	fsd	ft5,240(sp)
80002ab4:	0e613427          	fsd	ft6,232(sp)
80002ab8:	0e713027          	fsd	ft7,224(sp)
80002abc:	0c813c27          	fsd	fs0,216(sp)
80002ac0:	0c913827          	fsd	fs1,208(sp)
80002ac4:	0ca13427          	fsd	fa0,200(sp)
80002ac8:	0cb13027          	fsd	fa1,192(sp)
80002acc:	0ac13c27          	fsd	fa2,184(sp)
80002ad0:	0ad13827          	fsd	fa3,176(sp)
80002ad4:	0ae13427          	fsd	fa4,168(sp)
80002ad8:	0af13027          	fsd	fa5,160(sp)
80002adc:	14a12623          	sw	a0,332(sp)
80002ae0:	00410513          	add	a0,sp,4
80002ae4:	09013c27          	fsd	fa6,152(sp)
80002ae8:	09113827          	fsd	fa7,144(sp)
80002aec:	09213427          	fsd	fs2,136(sp)
80002af0:	09313027          	fsd	fs3,128(sp)
80002af4:	07413c27          	fsd	fs4,120(sp)
80002af8:	07513827          	fsd	fs5,112(sp)
80002afc:	07613427          	fsd	fs6,104(sp)
80002b00:	07713027          	fsd	fs7,96(sp)
80002b04:	05813c27          	fsd	fs8,88(sp)
80002b08:	05913827          	fsd	fs9,80(sp)
80002b0c:	05a13427          	fsd	fs10,72(sp)
80002b10:	05b13027          	fsd	fs11,64(sp)
80002b14:	03c13c27          	fsd	ft8,56(sp)
80002b18:	03d13827          	fsd	ft9,48(sp)
80002b1c:	03e13427          	fsd	ft10,40(sp)
80002b20:	03f13027          	fsd	ft11,32(sp)
80002b24:	9a5ff0ef          	jal	800024c8 <read_exception_context>
80002b28:	00410513          	add	a0,sp,4
80002b2c:	a15ff0ef          	jal	80002540 <print_exception_context>
80002b30:	00001517          	auipc	a0,0x1
80002b34:	61050513          	add	a0,a0,1552 # 80004140 <begin_signature+0x140>
80002b38:	4c0000ef          	jal	80002ff8 <print>
80002b3c:	eb8fd0ef          	jal	800001f4 <__sim_halt>

80002b40 <print_string>:
80002b40:	00054783          	lbu	a5,0(a0)
80002b44:	00078c63          	beqz	a5,80002b5c <print_string+0x1c>
80002b48:	00150513          	add	a0,a0,1
80002b4c:	fef02e23          	sw	a5,-4(zero) # fffffffc <_end+0x7fff6ffc>
80002b50:	00054783          	lbu	a5,0(a0)
80002b54:	00150513          	add	a0,a0,1
80002b58:	fe079ae3          	bnez	a5,80002b4c <print_string+0xc>
80002b5c:	00008067          	ret

80002b60 <vformat>:
80002b60:	00054683          	lbu	a3,0(a0)
80002b64:	04068a63          	beqz	a3,80002bb8 <vformat+0x58>
80002b68:	00000793          	li	a5,0
80002b6c:	00000813          	li	a6,0
80002b70:	00000893          	li	a7,0
80002b74:	00058713          	mv	a4,a1
80002b78:	02500e13          	li	t3,37
80002b7c:	03f00e93          	li	t4,63
80002b80:	01600f93          	li	t6,22
80002b84:	00001f17          	auipc	t5,0x1
80002b88:	74cf0f13          	add	t5,t5,1868 # 800042d0 <begin_signature+0x2d0>
80002b8c:	00070313          	mv	t1,a4
80002b90:	03c68863          	beq	a3,t3,80002bc0 <vformat+0x60>
80002b94:	00180813          	add	a6,a6,1
80002b98:	00d70023          	sb	a3,0(a4)
80002b9c:	01058733          	add	a4,a1,a6
80002ba0:	00178793          	add	a5,a5,1
80002ba4:	00f506b3          	add	a3,a0,a5
80002ba8:	0006c683          	lbu	a3,0(a3)
80002bac:	00078893          	mv	a7,a5
80002bb0:	fc069ee3          	bnez	a3,80002b8c <vformat+0x2c>
80002bb4:	00070593          	mv	a1,a4
80002bb8:	00058023          	sb	zero,0(a1)
80002bbc:	00008067          	ret
80002bc0:	011508b3          	add	a7,a0,a7
80002bc4:	0018c683          	lbu	a3,1(a7)
80002bc8:	38068463          	beqz	a3,80002f50 <vformat+0x3f0>
80002bcc:	3bc68a63          	beq	a3,t3,80002f80 <vformat+0x420>
80002bd0:	f9e68693          	add	a3,a3,-98
80002bd4:	0ff6f693          	zext.b	a3,a3
80002bd8:	3adfee63          	bltu	t6,a3,80002f94 <vformat+0x434>
80002bdc:	fc010113          	add	sp,sp,-64
80002be0:	02812e23          	sw	s0,60(sp)
80002be4:	02912c23          	sw	s1,56(sp)
80002be8:	03212a23          	sw	s2,52(sp)
80002bec:	03312823          	sw	s3,48(sp)
80002bf0:	03412623          	sw	s4,44(sp)
80002bf4:	00269693          	sll	a3,a3,0x2
80002bf8:	01e686b3          	add	a3,a3,t5
80002bfc:	0006a683          	lw	a3,0(a3)
80002c00:	01e686b3          	add	a3,a3,t5
80002c04:	00068067          	jr	a3
80002c08:	011508b3          	add	a7,a0,a7
80002c0c:	0018c683          	lbu	a3,1(a7)
80002c10:	28068463          	beqz	a3,80002e98 <vformat+0x338>
80002c14:	2bc68263          	beq	a3,t3,80002eb8 <vformat+0x358>
80002c18:	f9e68693          	add	a3,a3,-98
80002c1c:	0ff6f693          	zext.b	a3,a3
80002c20:	fcdffae3          	bgeu	t6,a3,80002bf4 <vformat+0x94>
80002c24:	03f00893          	li	a7,63
80002c28:	00280693          	add	a3,a6,2
80002c2c:	01170023          	sb	a7,0(a4)
80002c30:	011700a3          	sb	a7,1(a4)
80002c34:	00380813          	add	a6,a6,3
80002c38:	00d58733          	add	a4,a1,a3
80002c3c:	01170023          	sb	a7,0(a4)
80002c40:	01058733          	add	a4,a1,a6
80002c44:	00178793          	add	a5,a5,1
80002c48:	00178793          	add	a5,a5,1
80002c4c:	00f506b3          	add	a3,a0,a5
80002c50:	0006c683          	lbu	a3,0(a3)
80002c54:	00078893          	mv	a7,a5
80002c58:	02068663          	beqz	a3,80002c84 <vformat+0x124>
80002c5c:	00070313          	mv	t1,a4
80002c60:	fbc684e3          	beq	a3,t3,80002c08 <vformat+0xa8>
80002c64:	00178793          	add	a5,a5,1
80002c68:	00d70023          	sb	a3,0(a4)
80002c6c:	00f506b3          	add	a3,a0,a5
80002c70:	0006c683          	lbu	a3,0(a3)
80002c74:	00180813          	add	a6,a6,1
80002c78:	01058733          	add	a4,a1,a6
80002c7c:	00078893          	mv	a7,a5
80002c80:	fc069ee3          	bnez	a3,80002c5c <vformat+0xfc>
80002c84:	00070023          	sb	zero,0(a4)
80002c88:	03c12403          	lw	s0,60(sp)
80002c8c:	03812483          	lw	s1,56(sp)
80002c90:	03412903          	lw	s2,52(sp)
80002c94:	03012983          	lw	s3,48(sp)
80002c98:	02c12a03          	lw	s4,44(sp)
80002c9c:	04010113          	add	sp,sp,64
80002ca0:	00008067          	ret
80002ca4:	00062303          	lw	t1,0(a2)
80002ca8:	03000693          	li	a3,48
80002cac:	07800893          	li	a7,120
80002cb0:	00280813          	add	a6,a6,2
80002cb4:	00d70023          	sb	a3,0(a4)
80002cb8:	011700a3          	sb	a7,1(a4)
80002cbc:	00460613          	add	a2,a2,4
80002cc0:	010583b3          	add	t2,a1,a6
80002cc4:	20030263          	beqz	t1,80002ec8 <vformat+0x368>
80002cc8:	00000893          	li	a7,0
80002ccc:	00010693          	mv	a3,sp
80002cd0:	00001297          	auipc	t0,0x1
80002cd4:	65c28293          	add	t0,t0,1628 # 8000432c <table>
80002cd8:	00f37713          	and	a4,t1,15
80002cdc:	00e28733          	add	a4,t0,a4
80002ce0:	00074483          	lbu	s1,0(a4)
80002ce4:	00088713          	mv	a4,a7
80002ce8:	00188893          	add	a7,a7,1
80002cec:	01168433          	add	s0,a3,a7
80002cf0:	fe940fa3          	sb	s1,-1(s0)
80002cf4:	00435313          	srl	t1,t1,0x4
80002cf8:	fe0310e3          	bnez	t1,80002cd8 <vformat+0x178>
80002cfc:	00e68733          	add	a4,a3,a4
80002d00:	00038313          	mv	t1,t2
80002d04:	00074383          	lbu	t2,0(a4)
80002d08:	00070293          	mv	t0,a4
80002d0c:	00130313          	add	t1,t1,1
80002d10:	fe730fa3          	sb	t2,-1(t1)
80002d14:	fff70713          	add	a4,a4,-1
80002d18:	fe5696e3          	bne	a3,t0,80002d04 <vformat+0x1a4>
80002d1c:	01180833          	add	a6,a6,a7
80002d20:	01058733          	add	a4,a1,a6
80002d24:	f21ff06f          	j	80002c44 <vformat+0xe4>
80002d28:	00062383          	lw	t2,0(a2)
80002d2c:	00460613          	add	a2,a2,4
80002d30:	24038063          	beqz	t2,80002f70 <vformat+0x410>
80002d34:	00000313          	li	t1,0
80002d38:	00010693          	mv	a3,sp
80002d3c:	00001297          	auipc	t0,0x1
80002d40:	5f028293          	add	t0,t0,1520 # 8000432c <table>
80002d44:	00a00493          	li	s1,10
80002d48:	00900a13          	li	s4,9
80002d4c:	0293f433          	remu	s0,t2,s1
80002d50:	00030893          	mv	a7,t1
80002d54:	00130313          	add	t1,t1,1
80002d58:	006689b3          	add	s3,a3,t1
80002d5c:	00038913          	mv	s2,t2
80002d60:	00828433          	add	s0,t0,s0
80002d64:	00044403          	lbu	s0,0(s0)
80002d68:	0293d3b3          	divu	t2,t2,s1
80002d6c:	fe898fa3          	sb	s0,-1(s3)
80002d70:	fd2a6ee3          	bltu	s4,s2,80002d4c <vformat+0x1ec>
80002d74:	011688b3          	add	a7,a3,a7
80002d78:	0008c383          	lbu	t2,0(a7)
80002d7c:	00088293          	mv	t0,a7
80002d80:	00170713          	add	a4,a4,1
80002d84:	fe770fa3          	sb	t2,-1(a4)
80002d88:	fff88893          	add	a7,a7,-1
80002d8c:	fe5696e3          	bne	a3,t0,80002d78 <vformat+0x218>
80002d90:	00680833          	add	a6,a6,t1
80002d94:	01058733          	add	a4,a1,a6
80002d98:	eadff06f          	j	80002c44 <vformat+0xe4>
80002d9c:	00062283          	lw	t0,0(a2)
80002da0:	00460613          	add	a2,a2,4
80002da4:	0002c883          	lbu	a7,0(t0)
80002da8:	e8088ee3          	beqz	a7,80002c44 <vformat+0xe4>
80002dac:	00000693          	li	a3,0
80002db0:	00d70333          	add	t1,a4,a3
80002db4:	00168693          	add	a3,a3,1
80002db8:	01130023          	sb	a7,0(t1)
80002dbc:	00d288b3          	add	a7,t0,a3
80002dc0:	0008c883          	lbu	a7,0(a7)
80002dc4:	fe0896e3          	bnez	a7,80002db0 <vformat+0x250>
80002dc8:	00d80833          	add	a6,a6,a3
80002dcc:	01058733          	add	a4,a1,a6
80002dd0:	e75ff06f          	j	80002c44 <vformat+0xe4>
80002dd4:	00062883          	lw	a7,0(a2)
80002dd8:	00460613          	add	a2,a2,4
80002ddc:	1008c063          	bltz	a7,80002edc <vformat+0x37c>
80002de0:	10089863          	bnez	a7,80002ef0 <vformat+0x390>
80002de4:	03000693          	li	a3,48
80002de8:	00d70023          	sb	a3,0(a4)
80002dec:	00100393          	li	t2,1
80002df0:	00780833          	add	a6,a6,t2
80002df4:	01058733          	add	a4,a1,a6
80002df8:	e4dff06f          	j	80002c44 <vformat+0xe4>
80002dfc:	00062683          	lw	a3,0(a2)
80002e00:	00180813          	add	a6,a6,1
80002e04:	00460613          	add	a2,a2,4
80002e08:	00d70023          	sb	a3,0(a4)
80002e0c:	01058733          	add	a4,a1,a6
80002e10:	e35ff06f          	j	80002c44 <vformat+0xe4>
80002e14:	00062303          	lw	t1,0(a2)
80002e18:	03000693          	li	a3,48
80002e1c:	06200893          	li	a7,98
80002e20:	00280813          	add	a6,a6,2
80002e24:	00d70023          	sb	a3,0(a4)
80002e28:	011700a3          	sb	a7,1(a4)
80002e2c:	00460613          	add	a2,a2,4
80002e30:	010583b3          	add	t2,a1,a6
80002e34:	08030a63          	beqz	t1,80002ec8 <vformat+0x368>
80002e38:	00000893          	li	a7,0
80002e3c:	00010693          	mv	a3,sp
80002e40:	00001297          	auipc	t0,0x1
80002e44:	4ec28293          	add	t0,t0,1260 # 8000432c <table>
80002e48:	00137713          	and	a4,t1,1
80002e4c:	00e28733          	add	a4,t0,a4
80002e50:	00074483          	lbu	s1,0(a4)
80002e54:	00088713          	mv	a4,a7
80002e58:	00188893          	add	a7,a7,1
80002e5c:	01168433          	add	s0,a3,a7
80002e60:	fe940fa3          	sb	s1,-1(s0)
80002e64:	00135313          	srl	t1,t1,0x1
80002e68:	fe0310e3          	bnez	t1,80002e48 <vformat+0x2e8>
80002e6c:	00e68733          	add	a4,a3,a4
80002e70:	00038313          	mv	t1,t2
80002e74:	00074383          	lbu	t2,0(a4)
80002e78:	00070293          	mv	t0,a4
80002e7c:	00130313          	add	t1,t1,1
80002e80:	fe730fa3          	sb	t2,-1(t1)
80002e84:	fff70713          	add	a4,a4,-1
80002e88:	fe5696e3          	bne	a3,t0,80002e74 <vformat+0x314>
80002e8c:	01180833          	add	a6,a6,a7
80002e90:	01058733          	add	a4,a1,a6
80002e94:	db1ff06f          	j	80002c44 <vformat+0xe4>
80002e98:	00280693          	add	a3,a6,2
80002e9c:	01d70023          	sb	t4,0(a4)
80002ea0:	01d700a3          	sb	t4,1(a4)
80002ea4:	00380813          	add	a6,a6,3
80002ea8:	00d58733          	add	a4,a1,a3
80002eac:	01d70023          	sb	t4,0(a4)
80002eb0:	01058733          	add	a4,a1,a6
80002eb4:	d95ff06f          	j	80002c48 <vformat+0xe8>
80002eb8:	00180813          	add	a6,a6,1
80002ebc:	01c70023          	sb	t3,0(a4)
80002ec0:	01058733          	add	a4,a1,a6
80002ec4:	d81ff06f          	j	80002c44 <vformat+0xe4>
80002ec8:	00100893          	li	a7,1
80002ecc:	01180833          	add	a6,a6,a7
80002ed0:	00d38023          	sb	a3,0(t2)
80002ed4:	01058733          	add	a4,a1,a6
80002ed8:	d6dff06f          	j	80002c44 <vformat+0xe4>
80002edc:	00180813          	add	a6,a6,1
80002ee0:	02d00693          	li	a3,45
80002ee4:	00d70023          	sb	a3,0(a4)
80002ee8:	411008b3          	neg	a7,a7
80002eec:	01058333          	add	t1,a1,a6
80002ef0:	00000393          	li	t2,0
80002ef4:	00010693          	mv	a3,sp
80002ef8:	00001297          	auipc	t0,0x1
80002efc:	43428293          	add	t0,t0,1076 # 8000432c <table>
80002f00:	00a00493          	li	s1,10
80002f04:	00900a13          	li	s4,9
80002f08:	0298f433          	remu	s0,a7,s1
80002f0c:	00038713          	mv	a4,t2
80002f10:	00138393          	add	t2,t2,1
80002f14:	007689b3          	add	s3,a3,t2
80002f18:	00088913          	mv	s2,a7
80002f1c:	00828433          	add	s0,t0,s0
80002f20:	00044403          	lbu	s0,0(s0)
80002f24:	0298d8b3          	divu	a7,a7,s1
80002f28:	fe898fa3          	sb	s0,-1(s3)
80002f2c:	fd2a6ee3          	bltu	s4,s2,80002f08 <vformat+0x3a8>
80002f30:	00e68733          	add	a4,a3,a4
80002f34:	00074283          	lbu	t0,0(a4)
80002f38:	00070893          	mv	a7,a4
80002f3c:	00130313          	add	t1,t1,1
80002f40:	fe530fa3          	sb	t0,-1(t1)
80002f44:	fff70713          	add	a4,a4,-1
80002f48:	ff1696e3          	bne	a3,a7,80002f34 <vformat+0x3d4>
80002f4c:	ea5ff06f          	j	80002df0 <vformat+0x290>
80002f50:	00280693          	add	a3,a6,2
80002f54:	01d70023          	sb	t4,0(a4)
80002f58:	01d700a3          	sb	t4,1(a4)
80002f5c:	00380813          	add	a6,a6,3
80002f60:	00d58733          	add	a4,a1,a3
80002f64:	01d70023          	sb	t4,0(a4)
80002f68:	01058733          	add	a4,a1,a6
80002f6c:	c35ff06f          	j	80002ba0 <vformat+0x40>
80002f70:	03000693          	li	a3,48
80002f74:	00d70023          	sb	a3,0(a4)
80002f78:	00100313          	li	t1,1
80002f7c:	e15ff06f          	j	80002d90 <vformat+0x230>
80002f80:	00180813          	add	a6,a6,1
80002f84:	01c70023          	sb	t3,0(a4)
80002f88:	00178793          	add	a5,a5,1
80002f8c:	01058733          	add	a4,a1,a6
80002f90:	c11ff06f          	j	80002ba0 <vformat+0x40>
80002f94:	03f00893          	li	a7,63
80002f98:	00280693          	add	a3,a6,2
80002f9c:	01170023          	sb	a7,0(a4)
80002fa0:	011700a3          	sb	a7,1(a4)
80002fa4:	00380813          	add	a6,a6,3
80002fa8:	00d58733          	add	a4,a1,a3
80002fac:	01170023          	sb	a7,0(a4)
80002fb0:	00178793          	add	a5,a5,1
80002fb4:	01058733          	add	a4,a1,a6
80002fb8:	be9ff06f          	j	80002ba0 <vformat+0x40>

80002fbc <vprint>:
80002fbc:	f7010113          	add	sp,sp,-144
80002fc0:	00058613          	mv	a2,a1
80002fc4:	00010593          	mv	a1,sp
80002fc8:	08112623          	sw	ra,140(sp)
80002fcc:	b95ff0ef          	jal	80002b60 <vformat>
80002fd0:	00014783          	lbu	a5,0(sp)
80002fd4:	00078c63          	beqz	a5,80002fec <vprint+0x30>
80002fd8:	00110713          	add	a4,sp,1
80002fdc:	fef02e23          	sw	a5,-4(zero) # fffffffc <_end+0x7fff6ffc>
80002fe0:	00074783          	lbu	a5,0(a4)
80002fe4:	00170713          	add	a4,a4,1
80002fe8:	fe079ae3          	bnez	a5,80002fdc <vprint+0x20>
80002fec:	08c12083          	lw	ra,140(sp)
80002ff0:	09010113          	add	sp,sp,144
80002ff4:	00008067          	ret

80002ff8 <print>:
80002ff8:	fc010113          	add	sp,sp,-64
80002ffc:	02410313          	add	t1,sp,36
80003000:	02b12223          	sw	a1,36(sp)
80003004:	00030593          	mv	a1,t1
80003008:	00112e23          	sw	ra,28(sp)
8000300c:	02c12423          	sw	a2,40(sp)
80003010:	02d12623          	sw	a3,44(sp)
80003014:	02e12823          	sw	a4,48(sp)
80003018:	02f12a23          	sw	a5,52(sp)
8000301c:	03012c23          	sw	a6,56(sp)
80003020:	03112e23          	sw	a7,60(sp)
80003024:	00612623          	sw	t1,12(sp)
80003028:	f95ff0ef          	jal	80002fbc <vprint>
8000302c:	01c12083          	lw	ra,28(sp)
80003030:	04010113          	add	sp,sp,64
80003034:	00008067          	ret

80003038 <format>:
80003038:	fc010113          	add	sp,sp,-64
8000303c:	02810313          	add	t1,sp,40
80003040:	02c12423          	sw	a2,40(sp)
80003044:	00030613          	mv	a2,t1
80003048:	00112e23          	sw	ra,28(sp)
8000304c:	02d12623          	sw	a3,44(sp)
80003050:	02e12823          	sw	a4,48(sp)
80003054:	02f12a23          	sw	a5,52(sp)
80003058:	03012c23          	sw	a6,56(sp)
8000305c:	03112e23          	sw	a7,60(sp)
80003060:	00612623          	sw	t1,12(sp)
80003064:	afdff0ef          	jal	80002b60 <vformat>
80003068:	01c12083          	lw	ra,28(sp)
8000306c:	04010113          	add	sp,sp,64
80003070:	00008067          	ret

80003074 <dprint>:
80003074:	fe010113          	add	sp,sp,-32
80003078:	00b12223          	sw	a1,4(sp)
8000307c:	00c12423          	sw	a2,8(sp)
80003080:	00d12623          	sw	a3,12(sp)
80003084:	00e12823          	sw	a4,16(sp)
80003088:	00f12a23          	sw	a5,20(sp)
8000308c:	01012c23          	sw	a6,24(sp)
80003090:	01112e23          	sw	a7,28(sp)
80003094:	02010113          	add	sp,sp,32
80003098:	00008067          	ret

8000309c <memcpy>:
8000309c:	00c5e7b3          	or	a5,a1,a2
800030a0:	00f567b3          	or	a5,a0,a5
800030a4:	0037f793          	and	a5,a5,3
800030a8:	00c506b3          	add	a3,a0,a2
800030ac:	02078463          	beqz	a5,800030d4 <memcpy+0x38>
800030b0:	00c58633          	add	a2,a1,a2
800030b4:	00050793          	mv	a5,a0
800030b8:	02d57e63          	bgeu	a0,a3,800030f4 <memcpy+0x58>
800030bc:	0005c703          	lbu	a4,0(a1)
800030c0:	00158593          	add	a1,a1,1
800030c4:	00178793          	add	a5,a5,1
800030c8:	fee78fa3          	sb	a4,-1(a5)
800030cc:	feb618e3          	bne	a2,a1,800030bc <memcpy+0x20>
800030d0:	00008067          	ret
800030d4:	fed57ee3          	bgeu	a0,a3,800030d0 <memcpy+0x34>
800030d8:	00050793          	mv	a5,a0
800030dc:	0005a703          	lw	a4,0(a1)
800030e0:	00478793          	add	a5,a5,4
800030e4:	00458593          	add	a1,a1,4
800030e8:	fee7ae23          	sw	a4,-4(a5)
800030ec:	fed7e8e3          	bltu	a5,a3,800030dc <memcpy+0x40>
800030f0:	00008067          	ret
800030f4:	00008067          	ret

800030f8 <memset>:
800030f8:	ff010113          	add	sp,sp,-16
800030fc:	00c567b3          	or	a5,a0,a2
80003100:	00812423          	sw	s0,8(sp)
80003104:	00112623          	sw	ra,12(sp)
80003108:	0037f793          	and	a5,a5,3
8000310c:	00050413          	mv	s0,a0
80003110:	00c50733          	add	a4,a0,a2
80003114:	02078263          	beqz	a5,80003138 <memset+0x40>
80003118:	00e57663          	bgeu	a0,a4,80003124 <memset+0x2c>
8000311c:	0ff5f593          	zext.b	a1,a1
80003120:	fd9ff0ef          	jal	800030f8 <memset>
80003124:	00c12083          	lw	ra,12(sp)
80003128:	00040513          	mv	a0,s0
8000312c:	00812403          	lw	s0,8(sp)
80003130:	01010113          	add	sp,sp,16
80003134:	00008067          	ret
80003138:	0ff5f593          	zext.b	a1,a1
8000313c:	00859693          	sll	a3,a1,0x8
80003140:	00b686b3          	add	a3,a3,a1
80003144:	01069793          	sll	a5,a3,0x10
80003148:	00f686b3          	add	a3,a3,a5
8000314c:	fce57ce3          	bgeu	a0,a4,80003124 <memset+0x2c>
80003150:	00050793          	mv	a5,a0
80003154:	00478793          	add	a5,a5,4
80003158:	fed7ae23          	sw	a3,-4(a5)
8000315c:	fee7ece3          	bltu	a5,a4,80003154 <memset+0x5c>
80003160:	00c12083          	lw	ra,12(sp)
80003164:	00040513          	mv	a0,s0
80003168:	00812403          	lw	s0,8(sp)
8000316c:	01010113          	add	sp,sp,16
80003170:	00008067          	ret

80003174 <strlen>:
80003174:	00054783          	lbu	a5,0(a0)
80003178:	00078e63          	beqz	a5,80003194 <strlen+0x20>
8000317c:	00050793          	mv	a5,a0
80003180:	0017c703          	lbu	a4,1(a5)
80003184:	00178793          	add	a5,a5,1
80003188:	fe071ce3          	bnez	a4,80003180 <strlen+0xc>
8000318c:	40a78533          	sub	a0,a5,a0
80003190:	00008067          	ret
80003194:	00000513          	li	a0,0
80003198:	00008067          	ret

8000319c <strcmp>:
8000319c:	00054783          	lbu	a5,0(a0)
800031a0:	00158593          	add	a1,a1,1
800031a4:	00150513          	add	a0,a0,1
800031a8:	fff5c703          	lbu	a4,-1(a1)
800031ac:	00078863          	beqz	a5,800031bc <strcmp+0x20>
800031b0:	fee786e3          	beq	a5,a4,8000319c <strcmp>
800031b4:	40e78533          	sub	a0,a5,a4
800031b8:	00008067          	ret
800031bc:	00000793          	li	a5,0
800031c0:	ff5ff06f          	j	800031b4 <strcmp+0x18>

800031c4 <memcmp>:
800031c4:	00b567b3          	or	a5,a0,a1
800031c8:	0037f793          	and	a5,a5,3
800031cc:	02079e63          	bnez	a5,80003208 <memcmp+0x44>
800031d0:	ffc67813          	and	a6,a2,-4
800031d4:	01050833          	add	a6,a0,a6
800031d8:	03057863          	bgeu	a0,a6,80003208 <memcmp+0x44>
800031dc:	00050793          	mv	a5,a0
800031e0:	0100006f          	j	800031f0 <memcmp+0x2c>
800031e4:	00478793          	add	a5,a5,4
800031e8:	00458593          	add	a1,a1,4
800031ec:	0107f863          	bgeu	a5,a6,800031fc <memcmp+0x38>
800031f0:	0007a683          	lw	a3,0(a5)
800031f4:	0005a703          	lw	a4,0(a1)
800031f8:	fee686e3          	beq	a3,a4,800031e4 <memcmp+0x20>
800031fc:	40a78533          	sub	a0,a5,a0
80003200:	40a60633          	sub	a2,a2,a0
80003204:	00078513          	mv	a0,a5
80003208:	00c58633          	add	a2,a1,a2
8000320c:	0140006f          	j	80003220 <memcmp+0x5c>
80003210:	0005c703          	lbu	a4,0(a1)
80003214:	fff54783          	lbu	a5,-1(a0)
80003218:	00158593          	add	a1,a1,1
8000321c:	00e79a63          	bne	a5,a4,80003230 <memcmp+0x6c>
80003220:	00150513          	add	a0,a0,1
80003224:	fec596e3          	bne	a1,a2,80003210 <memcmp+0x4c>
80003228:	00000513          	li	a0,0
8000322c:	00008067          	ret
80003230:	40e78533          	sub	a0,a5,a4
80003234:	00008067          	ret

80003238 <strcpy>:
80003238:	00050793          	mv	a5,a0
8000323c:	0005c703          	lbu	a4,0(a1)
80003240:	00178793          	add	a5,a5,1
80003244:	00158593          	add	a1,a1,1
80003248:	fee78fa3          	sb	a4,-1(a5)
8000324c:	fe0718e3          	bnez	a4,8000323c <strcpy+0x4>
80003250:	00008067          	ret

80003254 <atol>:
80003254:	00054703          	lbu	a4,0(a0)
80003258:	02000693          	li	a3,32
8000325c:	00050793          	mv	a5,a0
80003260:	00d71863          	bne	a4,a3,80003270 <atol+0x1c>
80003264:	0017c703          	lbu	a4,1(a5)
80003268:	00178793          	add	a5,a5,1
8000326c:	fed70ce3          	beq	a4,a3,80003264 <atol+0x10>
80003270:	02d00693          	li	a3,45
80003274:	04d70e63          	beq	a4,a3,800032d0 <atol+0x7c>
80003278:	02b00693          	li	a3,43
8000327c:	04d70063          	beq	a4,a3,800032bc <atol+0x68>
80003280:	0007c683          	lbu	a3,0(a5)
80003284:	00000593          	li	a1,0
80003288:	04068c63          	beqz	a3,800032e0 <atol+0x8c>
8000328c:	00000513          	li	a0,0
80003290:	00178793          	add	a5,a5,1
80003294:	00251713          	sll	a4,a0,0x2
80003298:	fd068613          	add	a2,a3,-48
8000329c:	0007c683          	lbu	a3,0(a5)
800032a0:	00a70733          	add	a4,a4,a0
800032a4:	00171713          	sll	a4,a4,0x1
800032a8:	00e60533          	add	a0,a2,a4
800032ac:	fe0692e3          	bnez	a3,80003290 <atol+0x3c>
800032b0:	02058a63          	beqz	a1,800032e4 <atol+0x90>
800032b4:	40a00533          	neg	a0,a0
800032b8:	00008067          	ret
800032bc:	0017c683          	lbu	a3,1(a5)
800032c0:	00178793          	add	a5,a5,1
800032c4:	00068e63          	beqz	a3,800032e0 <atol+0x8c>
800032c8:	00000593          	li	a1,0
800032cc:	fc1ff06f          	j	8000328c <atol+0x38>
800032d0:	0017c683          	lbu	a3,1(a5)
800032d4:	00100593          	li	a1,1
800032d8:	00178793          	add	a5,a5,1
800032dc:	fa0698e3          	bnez	a3,8000328c <atol+0x38>
800032e0:	00000513          	li	a0,0
800032e4:	00008067          	ret

800032e8 <terminate>:
800032e8:	ffffe697          	auipc	a3,0xffffe
800032ec:	d1868693          	add	a3,a3,-744 # 80001000 <tohost>
800032f0:	41f55793          	sra	a5,a0,0x1f
800032f4:	00a6a023          	sw	a0,0(a3)
800032f8:	00f6a223          	sw	a5,4(a3)
800032fc:	0000100f          	fence.i
80003300:	0000006f          	j	80003300 <terminate+0x18>

80003304 <wtf>:
80003304:	ff010113          	add	sp,sp,-16
80003308:	34900513          	li	a0,841
8000330c:	00112623          	sw	ra,12(sp)
80003310:	fd9ff0ef          	jal	800032e8 <terminate>

80003314 <handle_fault>:
80003314:	ff010113          	add	sp,sp,-16
80003318:	fffff837          	lui	a6,0xfffff
8000331c:	00112623          	sw	ra,12(sp)
80003320:	01050733          	add	a4,a0,a6
80003324:	0003e7b7          	lui	a5,0x3e
80003328:	14f77063          	bgeu	a4,a5,80003468 <handle_fault+0x154>
8000332c:	00c55713          	srl	a4,a0,0xc
80003330:	00004697          	auipc	a3,0x4
80003334:	cd068693          	add	a3,a3,-816 # 80007000 <l2pt_user>
80003338:	00271613          	sll	a2,a4,0x2
8000333c:	00c687b3          	add	a5,a3,a2
80003340:	0007a783          	lw	a5,0(a5) # 3e000 <_start-0x7ffc2000>
80003344:	01057533          	and	a0,a0,a6
80003348:	0c079c63          	bnez	a5,80003420 <handle_fault+0x10c>
8000334c:	00002597          	auipc	a1,0x2
80003350:	cb858593          	add	a1,a1,-840 # 80005004 <freelist_head>
80003354:	0005a803          	lw	a6,0(a1)
80003358:	12080c63          	beqz	a6,80003490 <handle_fault+0x17c>
8000335c:	00482783          	lw	a5,4(a6) # fffff004 <_end+0x7fff6004>
80003360:	00002897          	auipc	a7,0x2
80003364:	ca08a883          	lw	a7,-864(a7) # 80005000 <freelist_tail>
80003368:	00f5a023          	sw	a5,0(a1)
8000336c:	0f178863          	beq	a5,a7,8000345c <handle_fault+0x148>
80003370:	00082783          	lw	a5,0(a6)
80003374:	00c688b3          	add	a7,a3,a2
80003378:	00c7d793          	srl	a5,a5,0xc
8000337c:	00a79793          	sll	a5,a5,0xa
80003380:	0df7e313          	or	t1,a5,223
80003384:	01f7e593          	or	a1,a5,31
80003388:	0068a023          	sw	t1,0(a7)
8000338c:	12050073          	sfence.vma	a0
80003390:	00003797          	auipc	a5,0x3
80003394:	c7078793          	add	a5,a5,-912 # 80006000 <user_mapping>
80003398:	00371713          	sll	a4,a4,0x3
8000339c:	00e787b3          	add	a5,a5,a4
800033a0:	0007a703          	lw	a4,0(a5)
800033a4:	10071063          	bnez	a4,800034a4 <handle_fault+0x190>
800033a8:	00082703          	lw	a4,0(a6)
800033ac:	000408b7          	lui	a7,0x40
800033b0:	00e7a023          	sw	a4,0(a5)
800033b4:	00482703          	lw	a4,4(a6)
800033b8:	00e7a223          	sw	a4,4(a5)
800033bc:	1008a8f3          	csrrs	a7,sstatus,a7
800033c0:	ffc007b7          	lui	a5,0xffc00
800033c4:	00f507b3          	add	a5,a0,a5
800033c8:	00001837          	lui	a6,0x1
800033cc:	00050713          	mv	a4,a0
800033d0:	01078833          	add	a6,a5,a6
800033d4:	0007af03          	lw	t5,0(a5) # ffc00000 <_end+0x7fbf7000>
800033d8:	0047ae83          	lw	t4,4(a5)
800033dc:	0087ae03          	lw	t3,8(a5)
800033e0:	00c7a303          	lw	t1,12(a5)
800033e4:	01e72023          	sw	t5,0(a4)
800033e8:	01d72223          	sw	t4,4(a4)
800033ec:	01c72423          	sw	t3,8(a4)
800033f0:	00672623          	sw	t1,12(a4)
800033f4:	01078793          	add	a5,a5,16
800033f8:	01070713          	add	a4,a4,16
800033fc:	fd079ce3          	bne	a5,a6,800033d4 <handle_fault+0xc0>
80003400:	10089073          	csrw	sstatus,a7
80003404:	00c686b3          	add	a3,a3,a2
80003408:	00b6a023          	sw	a1,0(a3)
8000340c:	12050073          	sfence.vma	a0
80003410:	0000100f          	fence.i
80003414:	00c12083          	lw	ra,12(sp)
80003418:	01010113          	add	sp,sp,16
8000341c:	00008067          	ret
80003420:	0407f713          	and	a4,a5,64
80003424:	02070863          	beqz	a4,80003454 <handle_fault+0x140>
80003428:	0807f713          	and	a4,a5,128
8000342c:	04071863          	bnez	a4,8000347c <handle_fault+0x168>
80003430:	00f00713          	li	a4,15
80003434:	0807e793          	or	a5,a5,128
80003438:	04e59263          	bne	a1,a4,8000347c <handle_fault+0x168>
8000343c:	00c68633          	add	a2,a3,a2
80003440:	00f62023          	sw	a5,0(a2)
80003444:	12050073          	sfence.vma	a0
80003448:	00c12083          	lw	ra,12(sp)
8000344c:	01010113          	add	sp,sp,16
80003450:	00008067          	ret
80003454:	0407e793          	or	a5,a5,64
80003458:	fe5ff06f          	j	8000343c <handle_fault+0x128>
8000345c:	00002797          	auipc	a5,0x2
80003460:	ba07a223          	sw	zero,-1116(a5) # 80005000 <freelist_tail>
80003464:	f0dff06f          	j	80003370 <handle_fault+0x5c>
80003468:	00001517          	auipc	a0,0x1
8000346c:	d2850513          	add	a0,a0,-728 # 80004190 <begin_signature+0x190>
80003470:	b89ff0ef          	jal	80002ff8 <print>
80003474:	00300513          	li	a0,3
80003478:	e71ff0ef          	jal	800032e8 <terminate>
8000347c:	00001517          	auipc	a0,0x1
80003480:	d6050513          	add	a0,a0,-672 # 800041dc <begin_signature+0x1dc>
80003484:	b75ff0ef          	jal	80002ff8 <print>
80003488:	00300513          	li	a0,3
8000348c:	e5dff0ef          	jal	800032e8 <terminate>
80003490:	00001517          	auipc	a0,0x1
80003494:	d8450513          	add	a0,a0,-636 # 80004214 <begin_signature+0x214>
80003498:	b61ff0ef          	jal	80002ff8 <print>
8000349c:	00300513          	li	a0,3
800034a0:	e49ff0ef          	jal	800032e8 <terminate>
800034a4:	00001517          	auipc	a0,0x1
800034a8:	d8850513          	add	a0,a0,-632 # 8000422c <begin_signature+0x22c>
800034ac:	b4dff0ef          	jal	80002ff8 <print>
800034b0:	00300513          	li	a0,3
800034b4:	e35ff0ef          	jal	800032e8 <terminate>

800034b8 <handle_trap>:
800034b8:	08c52583          	lw	a1,140(a0)
800034bc:	ff010113          	add	sp,sp,-16
800034c0:	00812423          	sw	s0,8(sp)
800034c4:	00112623          	sw	ra,12(sp)
800034c8:	00800793          	li	a5,8
800034cc:	00050413          	mv	s0,a0
800034d0:	02f58a63          	beq	a1,a5,80003504 <handle_trap+0x4c>
800034d4:	ff458793          	add	a5,a1,-12
800034d8:	00100713          	li	a4,1
800034dc:	00f77663          	bgeu	a4,a5,800034e8 <handle_trap+0x30>
800034e0:	00f00793          	li	a5,15
800034e4:	02f59463          	bne	a1,a5,8000350c <handle_trap+0x54>
800034e8:	08842503          	lw	a0,136(s0)
800034ec:	e29ff0ef          	jal	80003314 <handle_fault>
800034f0:	00040513          	mv	a0,s0
800034f4:	00812403          	lw	s0,8(sp)
800034f8:	00c12083          	lw	ra,12(sp)
800034fc:	01010113          	add	sp,sp,16
80003500:	bc1fc06f          	j	800000c0 <pop_tf>
80003504:	02852503          	lw	a0,40(a0)
80003508:	de1ff0ef          	jal	800032e8 <terminate>
8000350c:	00001517          	auipc	a0,0x1
80003510:	d5c50513          	add	a0,a0,-676 # 80004268 <begin_signature+0x268>
80003514:	ae5ff0ef          	jal	80002ff8 <print>
80003518:	00300513          	li	a0,3
8000351c:	dcdff0ef          	jal	800032e8 <terminate>

80003520 <vm_boot>:
80003520:	f6010113          	add	sp,sp,-160
80003524:	00001517          	auipc	a0,0x1
80003528:	d7050513          	add	a0,a0,-656 # 80004294 <begin_signature+0x294>
8000352c:	08112e23          	sw	ra,156(sp)
80003530:	ac9ff0ef          	jal	80002ff8 <print>
80003534:	f14027f3          	csrr	a5,mhartid
80003538:	14079c63          	bnez	a5,80003690 <vm_boot+0x170>
8000353c:	00004797          	auipc	a5,0x4
80003540:	ac478793          	add	a5,a5,-1340 # 80007000 <l2pt_user>
80003544:	00c7d793          	srl	a5,a5,0xc
80003548:	00a79793          	sll	a5,a5,0xa
8000354c:	20000637          	lui	a2,0x20000
80003550:	00005597          	auipc	a1,0x5
80003554:	ab058593          	add	a1,a1,-1360 # 80008000 <l1pt>
80003558:	0017e793          	or	a5,a5,1
8000355c:	0cf60613          	add	a2,a2,207 # 200000cf <_start-0x5fffff31>
80003560:	00f5a023          	sw	a5,0(a1)
80003564:	00c5d693          	srl	a3,a1,0xc
80003568:	80000737          	lui	a4,0x80000
8000356c:	00006797          	auipc	a5,0x6
80003570:	a8c7a823          	sw	a2,-1392(a5) # 80008ffc <l1pt+0xffc>
80003574:	00e6e7b3          	or	a5,a3,a4
80003578:	18079073          	csrw	satp,a5
8000357c:	180026f3          	csrr	a3,satp
80003580:	10d79e63          	bne	a5,a3,8000369c <vm_boot+0x17c>
80003584:	12070073          	sfence.vma	a4
80003588:	01f00793          	li	a5,31
8000358c:	fff70713          	add	a4,a4,-1 # 7fffffff <_start-0x1>
80003590:	00000297          	auipc	t0,0x0
80003594:	01428293          	add	t0,t0,20 # 800035a4 <vm_boot+0x84>
80003598:	305292f3          	csrrw	t0,mtvec,t0
8000359c:	3b071073          	csrw	pmpaddr0,a4
800035a0:	3a079073          	csrw	pmpcfg0,a5
800035a4:	30529073          	csrw	mtvec,t0
800035a8:	7fbfd797          	auipc	a5,0x7fbfd
800035ac:	ba078793          	add	a5,a5,-1120 # ffc00148 <_end+0x7fbf7148>
800035b0:	10579073          	csrw	stvec,a5
800035b4:	340027f3          	csrr	a5,mscratch
800035b8:	7fc00737          	lui	a4,0x7fc00
800035bc:	00e787b3          	add	a5,a5,a4
800035c0:	14079073          	csrw	sscratch,a5
800035c4:	0000b7b7          	lui	a5,0xb
800035c8:	10078793          	add	a5,a5,256 # b100 <_start-0x7fff4f00>
800035cc:	30279073          	csrw	medeleg,a5
800035d0:	0001e7b7          	lui	a5,0x1e
800035d4:	60078793          	add	a5,a5,1536 # 1e600 <_start-0x7ffe1a00>
800035d8:	30079073          	csrw	mstatus,a5
800035dc:	30405073          	csrw	mie,0
800035e0:	7fc03797          	auipc	a5,0x7fc03
800035e4:	c1878793          	add	a5,a5,-1000 # ffc061f8 <_end+0x7fbfd1f8>
800035e8:	00002717          	auipc	a4,0x2
800035ec:	a0f72e23          	sw	a5,-1508(a4) # 80005004 <freelist_head>
800035f0:	7fc03797          	auipc	a5,0x7fc03
800035f4:	df878793          	add	a5,a5,-520 # ffc063e8 <_end+0x7fbfd3e8>
800035f8:	00002717          	auipc	a4,0x2
800035fc:	a0f72423          	sw	a5,-1528(a4) # 80005000 <freelist_tail>
80003600:	000808b7          	lui	a7,0x80
80003604:	7fc00837          	lui	a6,0x7fc00
80003608:	00003717          	auipc	a4,0x3
8000360c:	bf070713          	add	a4,a4,-1040 # 800061f8 <freelist_nodes>
80003610:	00003317          	auipc	t1,0x3
80003614:	de030313          	add	t1,t1,-544 # 800063f0 <freelist_nodes+0x1f8>
80003618:	02200793          	li	a5,34
8000361c:	00000593          	li	a1,0
80003620:	03f88893          	add	a7,a7,63 # 8003f <_start-0x7ff7ffc1>
80003624:	00880813          	add	a6,a6,8 # 7fc00008 <_start-0x3ffff8>
80003628:	01f59613          	sll	a2,a1,0x1f
8000362c:	0017d693          	srl	a3,a5,0x1
80003630:	00d666b3          	or	a3,a2,a3
80003634:	01178633          	add	a2,a5,a7
80003638:	00f6c7b3          	xor	a5,a3,a5
8000363c:	01070533          	add	a0,a4,a6
80003640:	00c61613          	sll	a2,a2,0xc
80003644:	00579793          	sll	a5,a5,0x5
80003648:	00c72023          	sw	a2,0(a4)
8000364c:	00a72223          	sw	a0,4(a4)
80003650:	0207f793          	and	a5,a5,32
80003654:	00870713          	add	a4,a4,8
80003658:	00f6e7b3          	or	a5,a3,a5
8000365c:	0015d593          	srl	a1,a1,0x1
80003660:	fce314e3          	bne	t1,a4,80003628 <vm_boot+0x108>
80003664:	09000613          	li	a2,144
80003668:	00000593          	li	a1,0
8000366c:	00010513          	mv	a0,sp
80003670:	00003797          	auipc	a5,0x3
80003674:	d607ae23          	sw	zero,-644(a5) # 800063ec <freelist_nodes+0x1f4>
80003678:	a81ff0ef          	jal	800030f8 <memset>
8000367c:	80000797          	auipc	a5,0x80000
80003680:	03478793          	add	a5,a5,52 # 36b0 <_start-0x7fffc950>
80003684:	00010513          	mv	a0,sp
80003688:	08f12223          	sw	a5,132(sp)
8000368c:	a35fc0ef          	jal	800000c0 <pop_tf>
80003690:	09c12083          	lw	ra,156(sp)
80003694:	0a010113          	add	sp,sp,160
80003698:	00008067          	ret
8000369c:	00001517          	auipc	a0,0x1
800036a0:	c0850513          	add	a0,a0,-1016 # 800042a4 <begin_signature+0x2a4>
800036a4:	955ff0ef          	jal	80002ff8 <print>
800036a8:	00300513          	li	a0,3
800036ac:	c3dff0ef          	jal	800032e8 <terminate>

800036b0 <main>:
800036b0:	00200193          	li	gp,2
800036b4:	00000593          	li	a1,0
800036b8:	00000613          	li	a2,0
800036bc:	00c58733          	add	a4,a1,a2
800036c0:	00000393          	li	t2,0
800036c4:	4c771663          	bne	a4,t2,80003b90 <fail>

800036c8 <test_3>:
800036c8:	00300193          	li	gp,3
800036cc:	00100593          	li	a1,1
800036d0:	00100613          	li	a2,1
800036d4:	00c58733          	add	a4,a1,a2
800036d8:	00200393          	li	t2,2
800036dc:	4a771a63          	bne	a4,t2,80003b90 <fail>

800036e0 <test_4>:
800036e0:	00400193          	li	gp,4
800036e4:	00300593          	li	a1,3
800036e8:	00700613          	li	a2,7
800036ec:	00c58733          	add	a4,a1,a2
800036f0:	00a00393          	li	t2,10
800036f4:	48771e63          	bne	a4,t2,80003b90 <fail>

800036f8 <test_5>:
800036f8:	00500193          	li	gp,5
800036fc:	00000593          	li	a1,0
80003700:	ffff8637          	lui	a2,0xffff8
80003704:	00c58733          	add	a4,a1,a2
80003708:	ffff83b7          	lui	t2,0xffff8
8000370c:	48771263          	bne	a4,t2,80003b90 <fail>

80003710 <test_6>:
80003710:	00600193          	li	gp,6
80003714:	800005b7          	lui	a1,0x80000
80003718:	00000613          	li	a2,0
8000371c:	00c58733          	add	a4,a1,a2
80003720:	800003b7          	lui	t2,0x80000
80003724:	46771663          	bne	a4,t2,80003b90 <fail>

80003728 <test_7>:
80003728:	00700193          	li	gp,7
8000372c:	800005b7          	lui	a1,0x80000
80003730:	ffff8637          	lui	a2,0xffff8
80003734:	00c58733          	add	a4,a1,a2
80003738:	7fff83b7          	lui	t2,0x7fff8
8000373c:	44771a63          	bne	a4,t2,80003b90 <fail>

80003740 <test_8>:
80003740:	00800193          	li	gp,8
80003744:	00000593          	li	a1,0
80003748:	00008637          	lui	a2,0x8
8000374c:	fff60613          	add	a2,a2,-1 # 7fff <_start-0x7fff8001>
80003750:	00c58733          	add	a4,a1,a2
80003754:	000083b7          	lui	t2,0x8
80003758:	fff38393          	add	t2,t2,-1 # 7fff <_start-0x7fff8001>
8000375c:	42771a63          	bne	a4,t2,80003b90 <fail>

80003760 <test_9>:
80003760:	00900193          	li	gp,9
80003764:	800005b7          	lui	a1,0x80000
80003768:	fff58593          	add	a1,a1,-1 # 7fffffff <_start-0x1>
8000376c:	00000613          	li	a2,0
80003770:	00c58733          	add	a4,a1,a2
80003774:	800003b7          	lui	t2,0x80000
80003778:	fff38393          	add	t2,t2,-1 # 7fffffff <_start-0x1>
8000377c:	40771a63          	bne	a4,t2,80003b90 <fail>

80003780 <test_10>:
80003780:	00a00193          	li	gp,10
80003784:	800005b7          	lui	a1,0x80000
80003788:	fff58593          	add	a1,a1,-1 # 7fffffff <_start-0x1>
8000378c:	00008637          	lui	a2,0x8
80003790:	fff60613          	add	a2,a2,-1 # 7fff <_start-0x7fff8001>
80003794:	00c58733          	add	a4,a1,a2
80003798:	800083b7          	lui	t2,0x80008
8000379c:	ffe38393          	add	t2,t2,-2 # 80007ffe <l2pt_user+0xffe>
800037a0:	3e771863          	bne	a4,t2,80003b90 <fail>

800037a4 <test_11>:
800037a4:	00b00193          	li	gp,11
800037a8:	800005b7          	lui	a1,0x80000
800037ac:	00008637          	lui	a2,0x8
800037b0:	fff60613          	add	a2,a2,-1 # 7fff <_start-0x7fff8001>
800037b4:	00c58733          	add	a4,a1,a2
800037b8:	800083b7          	lui	t2,0x80008
800037bc:	fff38393          	add	t2,t2,-1 # 80007fff <l2pt_user+0xfff>
800037c0:	3c771863          	bne	a4,t2,80003b90 <fail>

800037c4 <test_12>:
800037c4:	00c00193          	li	gp,12
800037c8:	800005b7          	lui	a1,0x80000
800037cc:	fff58593          	add	a1,a1,-1 # 7fffffff <_start-0x1>
800037d0:	ffff8637          	lui	a2,0xffff8
800037d4:	00c58733          	add	a4,a1,a2
800037d8:	7fff83b7          	lui	t2,0x7fff8
800037dc:	fff38393          	add	t2,t2,-1 # 7fff7fff <_start-0x8001>
800037e0:	3a771863          	bne	a4,t2,80003b90 <fail>

800037e4 <test_13>:
800037e4:	00d00193          	li	gp,13
800037e8:	00000593          	li	a1,0
800037ec:	fff00613          	li	a2,-1
800037f0:	00c58733          	add	a4,a1,a2
800037f4:	fff00393          	li	t2,-1
800037f8:	38771c63          	bne	a4,t2,80003b90 <fail>

800037fc <test_14>:
800037fc:	00e00193          	li	gp,14
80003800:	fff00593          	li	a1,-1
80003804:	00100613          	li	a2,1
80003808:	00c58733          	add	a4,a1,a2
8000380c:	00000393          	li	t2,0
80003810:	38771063          	bne	a4,t2,80003b90 <fail>

80003814 <test_15>:
80003814:	00f00193          	li	gp,15
80003818:	fff00593          	li	a1,-1
8000381c:	fff00613          	li	a2,-1
80003820:	00c58733          	add	a4,a1,a2
80003824:	ffe00393          	li	t2,-2
80003828:	36771463          	bne	a4,t2,80003b90 <fail>

8000382c <test_16>:
8000382c:	01000193          	li	gp,16
80003830:	00100593          	li	a1,1
80003834:	80000637          	lui	a2,0x80000
80003838:	fff60613          	add	a2,a2,-1 # 7fffffff <_start-0x1>
8000383c:	00c58733          	add	a4,a1,a2
80003840:	800003b7          	lui	t2,0x80000
80003844:	34771663          	bne	a4,t2,80003b90 <fail>

80003848 <test_17>:
80003848:	01100193          	li	gp,17
8000384c:	00d00593          	li	a1,13
80003850:	00b00613          	li	a2,11
80003854:	00c585b3          	add	a1,a1,a2
80003858:	01800393          	li	t2,24
8000385c:	32759a63          	bne	a1,t2,80003b90 <fail>

80003860 <test_18>:
80003860:	01200193          	li	gp,18
80003864:	00e00593          	li	a1,14
80003868:	00b00613          	li	a2,11
8000386c:	00c58633          	add	a2,a1,a2
80003870:	01900393          	li	t2,25
80003874:	30761e63          	bne	a2,t2,80003b90 <fail>

80003878 <test_19>:
80003878:	01300193          	li	gp,19
8000387c:	00d00593          	li	a1,13
80003880:	00b585b3          	add	a1,a1,a1
80003884:	01a00393          	li	t2,26
80003888:	30759463          	bne	a1,t2,80003b90 <fail>

8000388c <test_20>:
8000388c:	01400193          	li	gp,20
80003890:	00000213          	li	tp,0
80003894:	00d00093          	li	ra,13
80003898:	00b00113          	li	sp,11
8000389c:	00208733          	add	a4,ra,sp
800038a0:	00070313          	mv	t1,a4
800038a4:	00120213          	add	tp,tp,1 # 1 <_start-0x7fffffff>
800038a8:	00200293          	li	t0,2
800038ac:	fe5214e3          	bne	tp,t0,80003894 <test_20+0x8>
800038b0:	01800393          	li	t2,24
800038b4:	2c731e63          	bne	t1,t2,80003b90 <fail>

800038b8 <test_21>:
800038b8:	01500193          	li	gp,21
800038bc:	00000213          	li	tp,0
800038c0:	00e00093          	li	ra,14
800038c4:	00b00113          	li	sp,11
800038c8:	00208733          	add	a4,ra,sp
800038cc:	00000013          	nop
800038d0:	00070313          	mv	t1,a4
800038d4:	00120213          	add	tp,tp,1 # 1 <_start-0x7fffffff>
800038d8:	00200293          	li	t0,2
800038dc:	fe5212e3          	bne	tp,t0,800038c0 <test_21+0x8>
800038e0:	01900393          	li	t2,25
800038e4:	2a731663          	bne	t1,t2,80003b90 <fail>

800038e8 <test_22>:
800038e8:	01600193          	li	gp,22
800038ec:	00000213          	li	tp,0
800038f0:	00f00093          	li	ra,15
800038f4:	00b00113          	li	sp,11
800038f8:	00208733          	add	a4,ra,sp
800038fc:	00000013          	nop
80003900:	00000013          	nop
80003904:	00070313          	mv	t1,a4
80003908:	00120213          	add	tp,tp,1 # 1 <_start-0x7fffffff>
8000390c:	00200293          	li	t0,2
80003910:	fe5210e3          	bne	tp,t0,800038f0 <test_22+0x8>
80003914:	01a00393          	li	t2,26
80003918:	26731c63          	bne	t1,t2,80003b90 <fail>

8000391c <test_23>:
8000391c:	01700193          	li	gp,23
80003920:	00000213          	li	tp,0
80003924:	00d00093          	li	ra,13
80003928:	00b00113          	li	sp,11
8000392c:	00208733          	add	a4,ra,sp
80003930:	00120213          	add	tp,tp,1 # 1 <_start-0x7fffffff>
80003934:	00200293          	li	t0,2
80003938:	fe5216e3          	bne	tp,t0,80003924 <test_23+0x8>
8000393c:	01800393          	li	t2,24
80003940:	24771863          	bne	a4,t2,80003b90 <fail>

80003944 <test_24>:
80003944:	01800193          	li	gp,24
80003948:	00000213          	li	tp,0
8000394c:	00e00093          	li	ra,14
80003950:	00b00113          	li	sp,11
80003954:	00000013          	nop
80003958:	00208733          	add	a4,ra,sp
8000395c:	00120213          	add	tp,tp,1 # 1 <_start-0x7fffffff>
80003960:	00200293          	li	t0,2
80003964:	fe5214e3          	bne	tp,t0,8000394c <test_24+0x8>
80003968:	01900393          	li	t2,25
8000396c:	22771263          	bne	a4,t2,80003b90 <fail>

80003970 <test_25>:
80003970:	01900193          	li	gp,25
80003974:	00000213          	li	tp,0
80003978:	00f00093          	li	ra,15
8000397c:	00b00113          	li	sp,11
80003980:	00000013          	nop
80003984:	00000013          	nop
80003988:	00208733          	add	a4,ra,sp
8000398c:	00120213          	add	tp,tp,1 # 1 <_start-0x7fffffff>
80003990:	00200293          	li	t0,2
80003994:	fe5212e3          	bne	tp,t0,80003978 <test_25+0x8>
80003998:	01a00393          	li	t2,26
8000399c:	1e771a63          	bne	a4,t2,80003b90 <fail>

800039a0 <test_26>:
800039a0:	01a00193          	li	gp,26
800039a4:	00000213          	li	tp,0
800039a8:	00d00093          	li	ra,13
800039ac:	00000013          	nop
800039b0:	00b00113          	li	sp,11
800039b4:	00208733          	add	a4,ra,sp
800039b8:	00120213          	add	tp,tp,1 # 1 <_start-0x7fffffff>
800039bc:	00200293          	li	t0,2
800039c0:	fe5214e3          	bne	tp,t0,800039a8 <test_26+0x8>
800039c4:	01800393          	li	t2,24
800039c8:	1c771463          	bne	a4,t2,80003b90 <fail>

800039cc <test_27>:
800039cc:	01b00193          	li	gp,27
800039d0:	00000213          	li	tp,0
800039d4:	00e00093          	li	ra,14
800039d8:	00000013          	nop
800039dc:	00b00113          	li	sp,11
800039e0:	00000013          	nop
800039e4:	00208733          	add	a4,ra,sp
800039e8:	00120213          	add	tp,tp,1 # 1 <_start-0x7fffffff>
800039ec:	00200293          	li	t0,2
800039f0:	fe5212e3          	bne	tp,t0,800039d4 <test_27+0x8>
800039f4:	01900393          	li	t2,25
800039f8:	18771c63          	bne	a4,t2,80003b90 <fail>

800039fc <test_28>:
800039fc:	01c00193          	li	gp,28
80003a00:	00000213          	li	tp,0
80003a04:	00f00093          	li	ra,15
80003a08:	00000013          	nop
80003a0c:	00000013          	nop
80003a10:	00b00113          	li	sp,11
80003a14:	00208733          	add	a4,ra,sp
80003a18:	00120213          	add	tp,tp,1 # 1 <_start-0x7fffffff>
80003a1c:	00200293          	li	t0,2
80003a20:	fe5212e3          	bne	tp,t0,80003a04 <test_28+0x8>
80003a24:	01a00393          	li	t2,26
80003a28:	16771463          	bne	a4,t2,80003b90 <fail>

80003a2c <test_29>:
80003a2c:	01d00193          	li	gp,29
80003a30:	00000213          	li	tp,0
80003a34:	00b00113          	li	sp,11
80003a38:	00d00093          	li	ra,13
80003a3c:	00208733          	add	a4,ra,sp
80003a40:	00120213          	add	tp,tp,1 # 1 <_start-0x7fffffff>
80003a44:	00200293          	li	t0,2
80003a48:	fe5216e3          	bne	tp,t0,80003a34 <test_29+0x8>
80003a4c:	01800393          	li	t2,24
80003a50:	14771063          	bne	a4,t2,80003b90 <fail>

80003a54 <test_30>:
80003a54:	01e00193          	li	gp,30
80003a58:	00000213          	li	tp,0
80003a5c:	00b00113          	li	sp,11
80003a60:	00e00093          	li	ra,14
80003a64:	00000013          	nop
80003a68:	00208733          	add	a4,ra,sp
80003a6c:	00120213          	add	tp,tp,1 # 1 <_start-0x7fffffff>
80003a70:	00200293          	li	t0,2
80003a74:	fe5214e3          	bne	tp,t0,80003a5c <test_30+0x8>
80003a78:	01900393          	li	t2,25
80003a7c:	10771a63          	bne	a4,t2,80003b90 <fail>

80003a80 <test_31>:
80003a80:	01f00193          	li	gp,31
80003a84:	00000213          	li	tp,0
80003a88:	00b00113          	li	sp,11
80003a8c:	00f00093          	li	ra,15
80003a90:	00000013          	nop
80003a94:	00000013          	nop
80003a98:	00208733          	add	a4,ra,sp
80003a9c:	00120213          	add	tp,tp,1 # 1 <_start-0x7fffffff>
80003aa0:	00200293          	li	t0,2
80003aa4:	fe5212e3          	bne	tp,t0,80003a88 <test_31+0x8>
80003aa8:	01a00393          	li	t2,26
80003aac:	0e771263          	bne	a4,t2,80003b90 <fail>

80003ab0 <test_32>:
80003ab0:	02000193          	li	gp,32
80003ab4:	00000213          	li	tp,0
80003ab8:	00b00113          	li	sp,11
80003abc:	00000013          	nop
80003ac0:	00d00093          	li	ra,13
80003ac4:	00208733          	add	a4,ra,sp
80003ac8:	00120213          	add	tp,tp,1 # 1 <_start-0x7fffffff>
80003acc:	00200293          	li	t0,2
80003ad0:	fe5214e3          	bne	tp,t0,80003ab8 <test_32+0x8>
80003ad4:	01800393          	li	t2,24
80003ad8:	0a771c63          	bne	a4,t2,80003b90 <fail>

80003adc <test_33>:
80003adc:	02100193          	li	gp,33
80003ae0:	00000213          	li	tp,0
80003ae4:	00b00113          	li	sp,11
80003ae8:	00000013          	nop
80003aec:	00e00093          	li	ra,14
80003af0:	00000013          	nop
80003af4:	00208733          	add	a4,ra,sp
80003af8:	00120213          	add	tp,tp,1 # 1 <_start-0x7fffffff>
80003afc:	00200293          	li	t0,2
80003b00:	fe5212e3          	bne	tp,t0,80003ae4 <test_33+0x8>
80003b04:	01900393          	li	t2,25
80003b08:	08771463          	bne	a4,t2,80003b90 <fail>

80003b0c <test_34>:
80003b0c:	02200193          	li	gp,34
80003b10:	00000213          	li	tp,0
80003b14:	00b00113          	li	sp,11
80003b18:	00000013          	nop
80003b1c:	00000013          	nop
80003b20:	00f00093          	li	ra,15
80003b24:	00208733          	add	a4,ra,sp
80003b28:	00120213          	add	tp,tp,1 # 1 <_start-0x7fffffff>
80003b2c:	00200293          	li	t0,2
80003b30:	fe5212e3          	bne	tp,t0,80003b14 <test_34+0x8>
80003b34:	01a00393          	li	t2,26
80003b38:	04771c63          	bne	a4,t2,80003b90 <fail>

80003b3c <test_35>:
80003b3c:	02300193          	li	gp,35
80003b40:	00f00093          	li	ra,15
80003b44:	00100133          	add	sp,zero,ra
80003b48:	00f00393          	li	t2,15
80003b4c:	04711263          	bne	sp,t2,80003b90 <fail>

80003b50 <test_36>:
80003b50:	02400193          	li	gp,36
80003b54:	02000093          	li	ra,32
80003b58:	00008133          	add	sp,ra,zero
80003b5c:	02000393          	li	t2,32
80003b60:	02711863          	bne	sp,t2,80003b90 <fail>

80003b64 <test_37>:
80003b64:	02500193          	li	gp,37
80003b68:	000000b3          	add	ra,zero,zero
80003b6c:	00000393          	li	t2,0
80003b70:	02709063          	bne	ra,t2,80003b90 <fail>

80003b74 <test_38>:
80003b74:	02600193          	li	gp,38
80003b78:	01000093          	li	ra,16
80003b7c:	01e00113          	li	sp,30
80003b80:	00208033          	add	zero,ra,sp
80003b84:	00000393          	li	t2,0
80003b88:	00701463          	bne	zero,t2,80003b90 <fail>
80003b8c:	00301a63          	bne	zero,gp,80003ba0 <pass>

80003b90 <fail>:
80003b90:	00119513          	sll	a0,gp,0x1
80003b94:	00050063          	beqz	a0,80003b94 <fail+0x4>
80003b98:	00156513          	or	a0,a0,1
80003b9c:	00000073          	ecall

80003ba0 <pass>:
80003ba0:	00100513          	li	a0,1
80003ba4:	00000073          	ecall
80003ba8:	e4cfc06f          	j	800001f4 <__sim_halt>

Disassembly of section .data:

80004000 <begin_signature>:
80004000:	e3b4                	.insn	2, 0xe3b4
80004002:	ffff                	.insn	2, 0xffff
80004004:	e394                	.insn	2, 0xe394
80004006:	ffff                	.insn	2, 0xffff
80004008:	e194                	.insn	2, 0xe194
8000400a:	ffff                	.insn	2, 0xffff
8000400c:	e194                	.insn	2, 0xe194
8000400e:	ffff                	.insn	2, 0xffff
80004010:	e374                	.insn	2, 0xe374
80004012:	ffff                	.insn	2, 0xffff
80004014:	e194                	.insn	2, 0xe194
80004016:	ffff                	.insn	2, 0xffff
80004018:	e194                	.insn	2, 0xe194
8000401a:	ffff                	.insn	2, 0xffff
8000401c:	e194                	.insn	2, 0xe194
8000401e:	ffff                	.insn	2, 0xffff
80004020:	e354                	.insn	2, 0xe354
80004022:	ffff                	.insn	2, 0xffff
80004024:	e194                	.insn	2, 0xe194
80004026:	ffff                	.insn	2, 0xffff
80004028:	e194                	.insn	2, 0xe194
8000402a:	ffff                	.insn	2, 0xffff
8000402c:	e194                	.insn	2, 0xe194
8000402e:	ffff                	.insn	2, 0xffff
80004030:	e334                	.insn	2, 0xe334
80004032:	ffff                	.insn	2, 0xffff
80004034:	e194                	.insn	2, 0xe194
80004036:	ffff                	.insn	2, 0xffff
80004038:	e194                	.insn	2, 0xe194
8000403a:	ffff                	.insn	2, 0xffff
8000403c:	e194                	.insn	2, 0xe194
8000403e:	ffff                	.insn	2, 0xffff
80004040:	e30c                	.insn	2, 0xe30c
80004042:	ffff                	.insn	2, 0xffff
80004044:	e194                	.insn	2, 0xe194
80004046:	ffff                	.insn	2, 0xffff
80004048:	e194                	.insn	2, 0xe194
8000404a:	ffff                	.insn	2, 0xffff
8000404c:	e194                	.insn	2, 0xe194
8000404e:	ffff                	.insn	2, 0xffff
80004050:	e2e4                	.insn	2, 0xe2e4
80004052:	ffff                	.insn	2, 0xffff
80004054:	e194                	.insn	2, 0xe194
80004056:	ffff                	.insn	2, 0xffff
80004058:	e194                	.insn	2, 0xe194
8000405a:	ffff                	.insn	2, 0xffff
8000405c:	e194                	.insn	2, 0xe194
8000405e:	ffff                	.insn	2, 0xffff
80004060:	e2bc                	.insn	2, 0xe2bc
80004062:	ffff                	.insn	2, 0xffff
80004064:	e194                	.insn	2, 0xe194
80004066:	ffff                	.insn	2, 0xffff
80004068:	e194                	.insn	2, 0xe194
8000406a:	ffff                	.insn	2, 0xffff
8000406c:	e194                	.insn	2, 0xe194
8000406e:	ffff                	.insn	2, 0xffff
80004070:	e294                	.insn	2, 0xe294
80004072:	ffff                	.insn	2, 0xffff
80004074:	2a2a2a2f          	.insn	4, 0x2a2a2a2f
80004078:	202a                	.insn	2, 0x202a
8000407a:	5845                	.insn	2, 0x5845
8000407c:	54504543          	.insn	4, 0x54504543
80004080:	4f49                	.insn	2, 0x4f49
80004082:	204e                	.insn	2, 0x204e
80004084:	2a2a                	.insn	2, 0x2a2a
80004086:	2a2a                	.insn	2, 0x2a2a
80004088:	00000a2f          	.insn	4, 0x0a2f
8000408c:	73756163          	bltu	a0,s7,800047ae <table+0x482>
80004090:	2065                	.insn	2, 0x2065
80004092:	2020                	.insn	2, 0x2020
80004094:	203a                	.insn	2, 0x203a
80004096:	7825                	.insn	2, 0x7825
80004098:	000a                	.insn	2, 0x000a
8000409a:	0000                	.insn	2, 0x
8000409c:	7065                	.insn	2, 0x7065
8000409e:	20202063          	.insn	4, 0x20202063
800040a2:	2020                	.insn	2, 0x2020
800040a4:	203a                	.insn	2, 0x203a
800040a6:	7825                	.insn	2, 0x7825
800040a8:	000a                	.insn	2, 0x000a
800040aa:	0000                	.insn	2, 0x
800040ac:	7674                	.insn	2, 0x7674
800040ae:	6c61                	.insn	2, 0x6c61
800040b0:	2020                	.insn	2, 0x2020
800040b2:	2020                	.insn	2, 0x2020
800040b4:	203a                	.insn	2, 0x203a
800040b6:	7825                	.insn	2, 0x7825
800040b8:	000a                	.insn	2, 0x000a
800040ba:	0000                	.insn	2, 0x
800040bc:	6c637963          	bgeu	t1,t1,8000478e <table+0x462>
800040c0:	2065                	.insn	2, 0x2065
800040c2:	2020                	.insn	2, 0x2020
800040c4:	203a                	.insn	2, 0x203a
800040c6:	6425                	.insn	2, 0x6425
800040c8:	000a                	.insn	2, 0x000a
800040ca:	0000                	.insn	2, 0x
800040cc:	6974                	.insn	2, 0x6974
800040ce:	656d                	.insn	2, 0x656d
800040d0:	2020                	.insn	2, 0x2020
800040d2:	2020                	.insn	2, 0x2020
800040d4:	203a                	.insn	2, 0x203a
800040d6:	6425                	.insn	2, 0x6425
800040d8:	000a                	.insn	2, 0x000a
800040da:	0000                	.insn	2, 0x
800040dc:	2449                	.insn	2, 0x2449
800040de:	6d20                	.insn	2, 0x6d20
800040e0:	7369                	.insn	2, 0x7369
800040e2:	203a2073          	csrs	0x203,s4
800040e6:	6425                	.insn	2, 0x6425
800040e8:	000a                	.insn	2, 0x000a
800040ea:	0000                	.insn	2, 0x
800040ec:	2444                	.insn	2, 0x2444
800040ee:	6d20                	.insn	2, 0x6d20
800040f0:	7369                	.insn	2, 0x7369
800040f2:	203a2073          	csrs	0x203,s4
800040f6:	6425                	.insn	2, 0x6425
800040f8:	000a                	.insn	2, 0x000a
800040fa:	0000                	.insn	2, 0x
800040fc:	6e55                	.insn	2, 0x6e55
800040fe:	7865                	.insn	2, 0x7865
80004100:	6570                	.insn	2, 0x6570
80004102:	64657463          	bgeu	a0,t1,8000474a <table+0x41e>
80004106:	6520                	.insn	2, 0x6520
80004108:	6378                	.insn	2, 0x6378
8000410a:	7065                	.insn	2, 0x7065
8000410c:	6974                	.insn	2, 0x6974
8000410e:	692f6e6f          	jal	t3,800fa7a0 <_end+0xf17a0>
80004112:	746e                	.insn	2, 0x746e
80004114:	7265                	.insn	2, 0x7265
80004116:	7572                	.insn	2, 0x7572
80004118:	7470                	.insn	2, 0x7470
8000411a:	7865203b          	.insn	4, 0x7865203b
8000411e:	7469                	.insn	2, 0x7469
80004120:	6e69                	.insn	2, 0x6e69
80004122:	00000a67          	jalr	s4,zero # 0 <_start-0x80000000>
80004126:	0000                	.insn	2, 0x
80004128:	6974                	.insn	2, 0x6974
8000412a:	656d                	.insn	2, 0x656d
8000412c:	2072                	.insn	2, 0x2072
8000412e:	6168                	.insn	2, 0x6168
80004130:	646e                	.insn	2, 0x646e
80004132:	656c                	.insn	2, 0x656c
80004134:	2072                	.insn	2, 0x2072
80004136:	6572                	.insn	2, 0x6572
80004138:	6361                	.insn	2, 0x6361
8000413a:	6568                	.insn	2, 0x6568
8000413c:	2164                	.insn	2, 0x2164
8000413e:	0000                	.insn	2, 0x
80004140:	4d45                	.insn	2, 0x4d45
80004142:	5245                	.insn	2, 0x5245
80004144:	434e4547          	fmsub.d	fa0,ft8,fs4,fs0,rmm
80004148:	3a59                	.insn	2, 0x3a59
8000414a:	5420                	.insn	2, 0x5420
8000414c:	4948                	.insn	2, 0x4948
8000414e:	41482053          	.insn	4, 0x41482053
80004152:	4452                	.insn	2, 0x4452
80004154:	45524157          	.insn	4, 0x45524157
80004158:	4320                	.insn	2, 0x4320
8000415a:	49444e4f          	fnmadd.s	ft8,fs0,fs4,fs1,rmm
8000415e:	4954                	.insn	2, 0x4954
80004160:	44204e4f          	.insn	4, 0x44204e4f
80004164:	2053454f          	fnmadd.s	fa0,ft6,ft5,ft4,rmm
80004168:	4f4e                	.insn	2, 0x4f4e
8000416a:	2054                	.insn	2, 0x2054
8000416c:	5845                	.insn	2, 0x5845
8000416e:	5349                	.insn	2, 0x5349
80004170:	2054                	.insn	2, 0x2054
80004172:	4e41                	.insn	2, 0x4e41
80004174:	2044                	.insn	2, 0x2044
80004176:	204e4143          	fmadd.s	ft2,ft8,ft4,ft4,rmm
8000417a:	2a2a                	.insn	2, 0x2a2a
8000417c:	454e                	.insn	2, 0x454e
8000417e:	4556                	.insn	2, 0x4556
80004180:	2a52                	.insn	2, 0x2a52
80004182:	202a                	.insn	2, 0x202a
80004184:	4148                	.insn	2, 0x4148
80004186:	5050                	.insn	2, 0x5050
80004188:	4e45                	.insn	2, 0x4e45
8000418a:	0a21                	.insn	2, 0x0a21
8000418c:	0000                	.insn	2, 0x
8000418e:	0000                	.insn	2, 0x
80004190:	7341                	.insn	2, 0x7341
80004192:	74726573          	csrrs	a0,0x747,4
80004196:	6f69                	.insn	2, 0x6f69
80004198:	206e                	.insn	2, 0x206e
8000419a:	6166                	.insn	2, 0x6166
8000419c:	6c69                	.insn	2, 0x6c69
8000419e:	6465                	.insn	2, 0x6465
800041a0:	203a                	.insn	2, 0x203a
800041a2:	6461                	.insn	2, 0x6461
800041a4:	7264                	.insn	2, 0x7264
800041a6:	3e20                	.insn	2, 0x3e20
800041a8:	203d                	.insn	2, 0x203d
800041aa:	3128                	.insn	2, 0x3128
800041ac:	4c55                	.insn	2, 0x4c55
800041ae:	3c20                	.insn	2, 0x3c20
800041b0:	203c                	.insn	2, 0x203c
800041b2:	3231                	.insn	2, 0x3231
800041b4:	2029                	.insn	2, 0x2029
800041b6:	2626                	.insn	2, 0x2626
800041b8:	6120                	.insn	2, 0x6120
800041ba:	6464                	.insn	2, 0x6464
800041bc:	2072                	.insn	2, 0x2072
800041be:	203c                	.insn	2, 0x203c
800041c0:	2828                	.insn	2, 0x2828
800041c2:	2031                	.insn	2, 0x2031
800041c4:	3c3c                	.insn	2, 0x3c3c
800041c6:	3620                	.insn	2, 0x3620
800041c8:	2d29                	.insn	2, 0x2d29
800041ca:	2931                	.insn	2, 0x2931
800041cc:	2a20                	.insn	2, 0x2a20
800041ce:	2820                	.insn	2, 0x2820
800041d0:	5531                	.insn	2, 0x5531
800041d2:	204c                	.insn	2, 0x204c
800041d4:	3c3c                	.insn	2, 0x3c3c
800041d6:	3120                	.insn	2, 0x3120
800041d8:	2932                	.insn	2, 0x2932
800041da:	000a                	.insn	2, 0x000a
800041dc:	7341                	.insn	2, 0x7341
800041de:	74726573          	csrrs	a0,0x747,4
800041e2:	6f69                	.insn	2, 0x6f69
800041e4:	206e                	.insn	2, 0x206e
800041e6:	6166                	.insn	2, 0x6166
800041e8:	6c69                	.insn	2, 0x6c69
800041ea:	6465                	.insn	2, 0x6465
800041ec:	203a                	.insn	2, 0x203a
800041ee:	2821                	.insn	2, 0x2821
800041f0:	702a                	.insn	2, 0x702a
800041f2:	6574                	.insn	2, 0x6574
800041f4:	705f 7274 2620      	.insn	6, 0x26207274705f
800041fa:	3020                	.insn	2, 0x3020
800041fc:	3078                	.insn	2, 0x3078
800041fe:	3038                	.insn	2, 0x3038
80004200:	2029                	.insn	2, 0x2029
80004202:	2626                	.insn	2, 0x2626
80004204:	6320                	.insn	2, 0x6320
80004206:	7561                	.insn	2, 0x7561
80004208:	3d206573          	csrrs	a0,0x3d2,0
8000420c:	203d                	.insn	2, 0x203d
8000420e:	7830                	.insn	2, 0x7830
80004210:	0a66                	.insn	2, 0x0a66
80004212:	0000                	.insn	2, 0x
80004214:	7341                	.insn	2, 0x7341
80004216:	74726573          	csrrs	a0,0x747,4
8000421a:	6f69                	.insn	2, 0x6f69
8000421c:	206e                	.insn	2, 0x206e
8000421e:	6166                	.insn	2, 0x6166
80004220:	6c69                	.insn	2, 0x6c69
80004222:	6465                	.insn	2, 0x6465
80004224:	203a                	.insn	2, 0x203a
80004226:	6f6e                	.insn	2, 0x6f6e
80004228:	6564                	.insn	2, 0x6564
8000422a:	000a                	.insn	2, 0x000a
8000422c:	7341                	.insn	2, 0x7341
8000422e:	74726573          	csrrs	a0,0x747,4
80004232:	6f69                	.insn	2, 0x6f69
80004234:	206e                	.insn	2, 0x206e
80004236:	6166                	.insn	2, 0x6166
80004238:	6c69                	.insn	2, 0x6c69
8000423a:	6465                	.insn	2, 0x6465
8000423c:	203a                	.insn	2, 0x203a
8000423e:	7375                	.insn	2, 0x7375
80004240:	7265                	.insn	2, 0x7265
80004242:	6d5f 7061 6970      	.insn	6, 0x697070616d5f
80004248:	676e                	.insn	2, 0x676e
8000424a:	6464615b          	.insn	4, 0x6464615b
8000424e:	2f72                	.insn	2, 0x2f72
80004250:	3128                	.insn	2, 0x3128
80004252:	4c55                	.insn	2, 0x4c55
80004254:	3c20                	.insn	2, 0x3c20
80004256:	203c                	.insn	2, 0x203c
80004258:	3231                	.insn	2, 0x3231
8000425a:	5d29                	.insn	2, 0x5d29
8000425c:	612e                	.insn	2, 0x612e
8000425e:	6464                	.insn	2, 0x6464
80004260:	2072                	.insn	2, 0x2072
80004262:	3d3d                	.insn	2, 0x3d3d
80004264:	3020                	.insn	2, 0x3020
80004266:	000a                	.insn	2, 0x000a
80004268:	7341                	.insn	2, 0x7341
8000426a:	74726573          	csrrs	a0,0x747,4
8000426e:	6f69                	.insn	2, 0x6f69
80004270:	206e                	.insn	2, 0x206e
80004272:	6166                	.insn	2, 0x6166
80004274:	6c69                	.insn	2, 0x6c69
80004276:	6465                	.insn	2, 0x6465
80004278:	203a                	.insn	2, 0x203a
8000427a:	2221                	.insn	2, 0x2221
8000427c:	6e75                	.insn	2, 0x6e75
8000427e:	7865                	.insn	2, 0x7865
80004280:	6570                	.insn	2, 0x6570
80004282:	64657463          	bgeu	a0,t1,800048ca <table+0x59e>
80004286:	6520                	.insn	2, 0x6520
80004288:	6378                	.insn	2, 0x6378
8000428a:	7065                	.insn	2, 0x7065
8000428c:	6974                	.insn	2, 0x6974
8000428e:	0a226e6f          	jal	t3,8002a330 <_end+0x21330>
80004292:	0000                	.insn	2, 0x
80004294:	6568                	.insn	2, 0x6568
80004296:	6c6c                	.insn	2, 0x6c6c
80004298:	6f77206f          	j	8007718e <_end+0x6e18e>
8000429c:	6c72                	.insn	2, 0x6c72
8000429e:	0a64                	.insn	2, 0x0a64
800042a0:	0000                	.insn	2, 0x
800042a2:	0000                	.insn	2, 0x
800042a4:	7341                	.insn	2, 0x7341
800042a6:	74726573          	csrrs	a0,0x747,4
800042aa:	6f69                	.insn	2, 0x6f69
800042ac:	206e                	.insn	2, 0x206e
800042ae:	6166                	.insn	2, 0x6166
800042b0:	6c69                	.insn	2, 0x6c69
800042b2:	6465                	.insn	2, 0x6465
800042b4:	203a                	.insn	2, 0x203a
800042b6:	2221                	.insn	2, 0x2221
800042b8:	6e75                	.insn	2, 0x6e75
800042ba:	70707573          	csrrc	a0,0x707,0
800042be:	6574726f          	jal	tp,8004c114 <_end+0x43114>
800042c2:	2064                	.insn	2, 0x2064
800042c4:	70746173          	csrrs	sp,0x707,8
800042c8:	6d20                	.insn	2, 0x6d20
800042ca:	2265646f          	jal	s0,8005a4f0 <_end+0x514f0>
800042ce:	000a                	.insn	2, 0x000a
800042d0:	eb44                	.insn	2, 0xeb44
800042d2:	ffff                	.insn	2, 0xffff
800042d4:	eb2c                	.insn	2, 0xeb2c
800042d6:	ffff                	.insn	2, 0xffff
800042d8:	eb04                	.insn	2, 0xeb04
800042da:	ffff                	.insn	2, 0xffff
800042dc:	e954                	.insn	2, 0xe954
800042de:	ffff                	.insn	2, 0xffff
800042e0:	e954                	.insn	2, 0xe954
800042e2:	ffff                	.insn	2, 0xffff
800042e4:	e954                	.insn	2, 0xe954
800042e6:	ffff                	.insn	2, 0xffff
800042e8:	e954                	.insn	2, 0xe954
800042ea:	ffff                	.insn	2, 0xffff
800042ec:	e954                	.insn	2, 0xe954
800042ee:	ffff                	.insn	2, 0xffff
800042f0:	e954                	.insn	2, 0xe954
800042f2:	ffff                	.insn	2, 0xffff
800042f4:	e954                	.insn	2, 0xe954
800042f6:	ffff                	.insn	2, 0xffff
800042f8:	e954                	.insn	2, 0xe954
800042fa:	ffff                	.insn	2, 0xffff
800042fc:	e954                	.insn	2, 0xe954
800042fe:	ffff                	.insn	2, 0xffff
80004300:	e954                	.insn	2, 0xe954
80004302:	ffff                	.insn	2, 0xffff
80004304:	e954                	.insn	2, 0xe954
80004306:	ffff                	.insn	2, 0xffff
80004308:	e954                	.insn	2, 0xe954
8000430a:	ffff                	.insn	2, 0xffff
8000430c:	e954                	.insn	2, 0xe954
8000430e:	ffff                	.insn	2, 0xffff
80004310:	e954                	.insn	2, 0xe954
80004312:	ffff                	.insn	2, 0xffff
80004314:	eacc                	.insn	2, 0xeacc
80004316:	ffff                	.insn	2, 0xffff
80004318:	e954                	.insn	2, 0xe954
8000431a:	ffff                	.insn	2, 0xffff
8000431c:	ea58                	.insn	2, 0xea58
8000431e:	ffff                	.insn	2, 0xffff
80004320:	e954                	.insn	2, 0xe954
80004322:	ffff                	.insn	2, 0xffff
80004324:	e954                	.insn	2, 0xe954
80004326:	ffff                	.insn	2, 0xffff
80004328:	e9d4                	.insn	2, 0xe9d4
8000432a:	ffff                	.insn	2, 0xffff

8000432c <table>:
8000432c:	3130                	.insn	2, 0x3130
8000432e:	3332                	.insn	2, 0x3332
80004330:	3534                	.insn	2, 0x3534
80004332:	3736                	.insn	2, 0x3736
80004334:	3938                	.insn	2, 0x3938
80004336:	4241                	.insn	2, 0x4241
80004338:	46454443          	.insn	4, 0x46454443
