
dhrystone.riscv:     file format elf32-littleriscv


Disassembly of section .text.init:

80000000 <_start>:
80000000:	4081                	li	ra,0
80000002:	4101                	li	sp,0
80000004:	4181                	li	gp,0
80000006:	4201                	li	tp,0
80000008:	4281                	li	t0,0
8000000a:	4301                	li	t1,0
8000000c:	4381                	li	t2,0
8000000e:	4401                	li	s0,0
80000010:	4481                	li	s1,0
80000012:	4501                	li	a0,0
80000014:	4581                	li	a1,0
80000016:	4601                	li	a2,0
80000018:	4681                	li	a3,0
8000001a:	4701                	li	a4,0
8000001c:	4781                	li	a5,0
8000001e:	4801                	li	a6,0
80000020:	4881                	li	a7,0
80000022:	4901                	li	s2,0
80000024:	4981                	li	s3,0
80000026:	4a01                	li	s4,0
80000028:	4a81                	li	s5,0
8000002a:	4b01                	li	s6,0
8000002c:	4b81                	li	s7,0
8000002e:	4c01                	li	s8,0
80000030:	4c81                	li	s9,0
80000032:	4d01                	li	s10,0
80000034:	4d81                	li	s11,0
80000036:	4e01                	li	t3,0
80000038:	4e81                	li	t4,0
8000003a:	4f01                	li	t5,0
8000003c:	4f81                	li	t6,0
8000003e:	62f9                	lui	t0,0x1e
80000040:	60028293          	add	t0,t0,1536 # 1e600 <buflen.1+0x1e5c0>
80000044:	3002a073          	csrs	mstatus,t0
80000048:	4285                	li	t0,1
8000004a:	02fe                	sll	t0,t0,0x1f
8000004c:	0002c863          	bltz	t0,8000005c <_start+0x5c>
80000050:	4505                	li	a0,1
80000052:	00001297          	auipc	t0,0x1
80000056:	faa2a723          	sw	a0,-82(t0) # 80001000 <tohost>
8000005a:	bfdd                	j	80000050 <_start+0x50>
8000005c:	00000297          	auipc	t0,0x0
80000060:	03c28293          	add	t0,t0,60 # 80000098 <trap_entry>
80000064:	30529073          	csrw	mtvec,t0
80000068:	00005197          	auipc	gp,0x5
8000006c:	ee818193          	add	gp,gp,-280 # 80004f50 <__global_pointer$>
80000070:	00007217          	auipc	tp,0x7
80000074:	f4f20213          	add	tp,tp,-177 # 80006fbf <_end+0x3f>
80000078:	fc027213          	and	tp,tp,-64
8000007c:	f1402573          	csrr	a0,mhartid
80000080:	4585                	li	a1,1
80000082:	00b57063          	bgeu	a0,a1,80000082 <_start+0x82>
80000086:	00150113          	add	sp,a0,1
8000008a:	0146                	sll	sp,sp,0x11
8000008c:	9112                	add	sp,sp,tp
8000008e:	01151613          	sll	a2,a0,0x11
80000092:	9232                	add	tp,tp,a2
80000094:	1070206f          	j	8000299a <_init>

80000098 <trap_entry>:
80000098:	716d                	add	sp,sp,-272
8000009a:	c206                	sw	ra,4(sp)
8000009c:	c40a                	sw	sp,8(sp)
8000009e:	c60e                	sw	gp,12(sp)
800000a0:	c812                	sw	tp,16(sp)
800000a2:	ca16                	sw	t0,20(sp)
800000a4:	cc1a                	sw	t1,24(sp)
800000a6:	ce1e                	sw	t2,28(sp)
800000a8:	d022                	sw	s0,32(sp)
800000aa:	d226                	sw	s1,36(sp)
800000ac:	d42a                	sw	a0,40(sp)
800000ae:	d62e                	sw	a1,44(sp)
800000b0:	d832                	sw	a2,48(sp)
800000b2:	da36                	sw	a3,52(sp)
800000b4:	dc3a                	sw	a4,56(sp)
800000b6:	de3e                	sw	a5,60(sp)
800000b8:	c0c2                	sw	a6,64(sp)
800000ba:	c2c6                	sw	a7,68(sp)
800000bc:	c4ca                	sw	s2,72(sp)
800000be:	c6ce                	sw	s3,76(sp)
800000c0:	c8d2                	sw	s4,80(sp)
800000c2:	cad6                	sw	s5,84(sp)
800000c4:	ccda                	sw	s6,88(sp)
800000c6:	cede                	sw	s7,92(sp)
800000c8:	d0e2                	sw	s8,96(sp)
800000ca:	d2e6                	sw	s9,100(sp)
800000cc:	d4ea                	sw	s10,104(sp)
800000ce:	d6ee                	sw	s11,108(sp)
800000d0:	d8f2                	sw	t3,112(sp)
800000d2:	daf6                	sw	t4,116(sp)
800000d4:	dcfa                	sw	t5,120(sp)
800000d6:	defe                	sw	t6,124(sp)
800000d8:	34202573          	csrr	a0,mcause
800000dc:	341025f3          	csrr	a1,mepc
800000e0:	860a                	mv	a2,sp
800000e2:	5ba020ef          	jal	8000269c <handle_trap>
800000e6:	34151073          	csrw	mepc,a0
800000ea:	6289                	lui	t0,0x2
800000ec:	80028293          	add	t0,t0,-2048 # 1800 <buflen.1+0x17c0>
800000f0:	3002a073          	csrs	mstatus,t0
800000f4:	4092                	lw	ra,4(sp)
800000f6:	4122                	lw	sp,8(sp)
800000f8:	41b2                	lw	gp,12(sp)
800000fa:	4242                	lw	tp,16(sp)
800000fc:	42d2                	lw	t0,20(sp)
800000fe:	4362                	lw	t1,24(sp)
80000100:	43f2                	lw	t2,28(sp)
80000102:	5402                	lw	s0,32(sp)
80000104:	5492                	lw	s1,36(sp)
80000106:	5522                	lw	a0,40(sp)
80000108:	55b2                	lw	a1,44(sp)
8000010a:	5642                	lw	a2,48(sp)
8000010c:	56d2                	lw	a3,52(sp)
8000010e:	5762                	lw	a4,56(sp)
80000110:	57f2                	lw	a5,60(sp)
80000112:	4806                	lw	a6,64(sp)
80000114:	4896                	lw	a7,68(sp)
80000116:	4926                	lw	s2,72(sp)
80000118:	49b6                	lw	s3,76(sp)
8000011a:	4a46                	lw	s4,80(sp)
8000011c:	4ad6                	lw	s5,84(sp)
8000011e:	4b66                	lw	s6,88(sp)
80000120:	4bf6                	lw	s7,92(sp)
80000122:	5c06                	lw	s8,96(sp)
80000124:	5c96                	lw	s9,100(sp)
80000126:	5d26                	lw	s10,104(sp)
80000128:	5db6                	lw	s11,108(sp)
8000012a:	5e46                	lw	t3,112(sp)
8000012c:	5ed6                	lw	t4,116(sp)
8000012e:	5f66                	lw	t5,120(sp)
80000130:	5ff6                	lw	t6,124(sp)
80000132:	6151                	add	sp,sp,272
80000134:	30200073          	mret
80000138:	0000                	unimp

Disassembly of section .text:

80002000 <Proc_7>:
80002000:	0509                	add	a0,a0,2
80002002:	95aa                	add	a1,a1,a0
80002004:	c20c                	sw	a1,0(a2)
80002006:	8082                	ret

80002008 <Proc_8>:
80002008:	00560813          	add	a6,a2,5
8000200c:	060a                	sll	a2,a2,0x2
8000200e:	20a84533          	sh2add	a0,a6,a0
80002012:	210847b3          	sh2add	a5,a6,a6
80002016:	c114                	sw	a3,0(a0)
80002018:	c154                	sw	a3,4(a0)
8000201a:	07052c23          	sw	a6,120(a0)
8000201e:	20f7c7b3          	sh2add	a5,a5,a5
80002022:	20c7e733          	sh3add	a4,a5,a2
80002026:	972e                	add	a4,a4,a1
80002028:	4b14                	lw	a3,16(a4)
8000202a:	01072a23          	sw	a6,20(a4)
8000202e:	01072c23          	sw	a6,24(a4)
80002032:	0685                	add	a3,a3,1
80002034:	cb14                	sw	a3,16(a4)
80002036:	4114                	lw	a3,0(a0)
80002038:	6705                	lui	a4,0x1
8000203a:	20b7e7b3          	sh3add	a5,a5,a1
8000203e:	97b2                	add	a5,a5,a2
80002040:	97ba                	add	a5,a5,a4
80002042:	fad7aa23          	sw	a3,-76(a5)
80002046:	4795                	li	a5,5
80002048:	82f1a223          	sw	a5,-2012(gp) # 80004774 <Int_Glob>
8000204c:	8082                	ret

8000204e <Func_1>:
8000204e:	0ff57513          	zext.b	a0,a0
80002052:	0ff5f593          	zext.b	a1,a1
80002056:	00b50463          	beq	a0,a1,8000205e <Func_1+0x10>
8000205a:	4501                	li	a0,0
8000205c:	8082                	ret
8000205e:	80a18ea3          	sb	a0,-2019(gp) # 8000476d <Ch_1_Glob>
80002062:	4505                	li	a0,1
80002064:	8082                	ret

80002066 <Func_2>:
80002066:	1141                	add	sp,sp,-16
80002068:	c422                	sw	s0,8(sp)
8000206a:	c226                	sw	s1,4(sp)
8000206c:	c606                	sw	ra,12(sp)
8000206e:	842a                	mv	s0,a0
80002070:	84ae                	mv	s1,a1
80002072:	0034c583          	lbu	a1,3(s1)
80002076:	00244503          	lbu	a0,2(s0)
8000207a:	3fd1                	jal	8000204e <Func_1>
8000207c:	f97d                	bnez	a0,80002072 <Func_2+0xc>
8000207e:	85a6                	mv	a1,s1
80002080:	8522                	mv	a0,s0
80002082:	243000ef          	jal	80002ac4 <strcmp>
80002086:	4781                	li	a5,0
80002088:	00a05663          	blez	a0,80002094 <Func_2+0x2e>
8000208c:	47a9                	li	a5,10
8000208e:	82f1a223          	sw	a5,-2012(gp) # 80004774 <Int_Glob>
80002092:	4785                	li	a5,1
80002094:	40b2                	lw	ra,12(sp)
80002096:	4422                	lw	s0,8(sp)
80002098:	4492                	lw	s1,4(sp)
8000209a:	853e                	mv	a0,a5
8000209c:	0141                	add	sp,sp,16
8000209e:	8082                	ret

800020a0 <Func_3>:
800020a0:	1579                	add	a0,a0,-2
800020a2:	00153513          	seqz	a0,a0
800020a6:	8082                	ret

800020a8 <Proc_6>:
800020a8:	1141                	add	sp,sp,-16
800020aa:	c422                	sw	s0,8(sp)
800020ac:	c226                	sw	s1,4(sp)
800020ae:	c606                	sw	ra,12(sp)
800020b0:	842a                	mv	s0,a0
800020b2:	84ae                	mv	s1,a1
800020b4:	37f5                	jal	800020a0 <Func_3>
800020b6:	478d                	li	a5,3
800020b8:	c111                	beqz	a0,800020bc <Proc_6+0x14>
800020ba:	87a2                	mv	a5,s0
800020bc:	c09c                	sw	a5,0(s1)
800020be:	4789                	li	a5,2
800020c0:	02f40b63          	beq	s0,a5,800020f6 <Proc_6+0x4e>
800020c4:	0287e063          	bltu	a5,s0,800020e4 <Proc_6+0x3c>
800020c8:	c419                	beqz	s0,800020d6 <Proc_6+0x2e>
800020ca:	8241a703          	lw	a4,-2012(gp) # 80004774 <Int_Glob>
800020ce:	06400793          	li	a5,100
800020d2:	02e7d963          	bge	a5,a4,80002104 <Proc_6+0x5c>
800020d6:	40b2                	lw	ra,12(sp)
800020d8:	4422                	lw	s0,8(sp)
800020da:	0004a023          	sw	zero,0(s1)
800020de:	4492                	lw	s1,4(sp)
800020e0:	0141                	add	sp,sp,16
800020e2:	8082                	ret
800020e4:	4711                	li	a4,4
800020e6:	00e41363          	bne	s0,a4,800020ec <Proc_6+0x44>
800020ea:	c09c                	sw	a5,0(s1)
800020ec:	40b2                	lw	ra,12(sp)
800020ee:	4422                	lw	s0,8(sp)
800020f0:	4492                	lw	s1,4(sp)
800020f2:	0141                	add	sp,sp,16
800020f4:	8082                	ret
800020f6:	40b2                	lw	ra,12(sp)
800020f8:	4422                	lw	s0,8(sp)
800020fa:	4785                	li	a5,1
800020fc:	c09c                	sw	a5,0(s1)
800020fe:	4492                	lw	s1,4(sp)
80002100:	0141                	add	sp,sp,16
80002102:	8082                	ret
80002104:	40b2                	lw	ra,12(sp)
80002106:	4422                	lw	s0,8(sp)
80002108:	478d                	li	a5,3
8000210a:	c09c                	sw	a5,0(s1)
8000210c:	4492                	lw	s1,4(sp)
8000210e:	0141                	add	sp,sp,16
80002110:	8082                	ret

80002112 <debug_printf>:
80002112:	1101                	add	sp,sp,-32
80002114:	c22e                	sw	a1,4(sp)
80002116:	c432                	sw	a2,8(sp)
80002118:	c636                	sw	a3,12(sp)
8000211a:	c83a                	sw	a4,16(sp)
8000211c:	ca3e                	sw	a5,20(sp)
8000211e:	cc42                	sw	a6,24(sp)
80002120:	ce46                	sw	a7,28(sp)
80002122:	6105                	add	sp,sp,32
80002124:	8082                	ret

80002126 <Proc_2>:
80002126:	81d1c703          	lbu	a4,-2019(gp) # 8000476d <Ch_1_Glob>
8000212a:	04100793          	li	a5,65
8000212e:	00f70363          	beq	a4,a5,80002134 <Proc_2+0xe>
80002132:	8082                	ret
80002134:	411c                	lw	a5,0(a0)
80002136:	8241a703          	lw	a4,-2012(gp) # 80004774 <Int_Glob>
8000213a:	07a5                	add	a5,a5,9
8000213c:	8f99                	sub	a5,a5,a4
8000213e:	c11c                	sw	a5,0(a0)
80002140:	8082                	ret

80002142 <Proc_3>:
80002142:	82c18793          	add	a5,gp,-2004 # 8000477c <Ptr_Glob>
80002146:	4390                	lw	a2,0(a5)
80002148:	c601                	beqz	a2,80002150 <Proc_3+0xe>
8000214a:	4218                	lw	a4,0(a2)
8000214c:	c118                	sw	a4,0(a0)
8000214e:	4390                	lw	a2,0(a5)
80002150:	0631                	add	a2,a2,12
80002152:	8241a583          	lw	a1,-2012(gp) # 80004774 <Int_Glob>
80002156:	4529                	li	a0,10
80002158:	b565                	j	80002000 <Proc_7>

8000215a <Proc_1>:
8000215a:	1141                	add	sp,sp,-16
8000215c:	c04a                	sw	s2,0(sp)
8000215e:	82c18913          	add	s2,gp,-2004 # 8000477c <Ptr_Glob>
80002162:	00092783          	lw	a5,0(s2)
80002166:	c422                	sw	s0,8(sp)
80002168:	4100                	lw	s0,0(a0)
8000216a:	4398                	lw	a4,0(a5)
8000216c:	0047af03          	lw	t5,4(a5)
80002170:	0087ae83          	lw	t4,8(a5)
80002174:	0107ae03          	lw	t3,16(a5)
80002178:	0147a303          	lw	t1,20(a5)
8000217c:	0187a883          	lw	a7,24(a5)
80002180:	01c7a803          	lw	a6,28(a5)
80002184:	53cc                	lw	a1,36(a5)
80002186:	5790                	lw	a2,40(a5)
80002188:	57d4                	lw	a3,44(a5)
8000218a:	c226                	sw	s1,4(sp)
8000218c:	c606                	sw	ra,12(sp)
8000218e:	84aa                	mv	s1,a0
80002190:	5388                	lw	a0,32(a5)
80002192:	c018                	sw	a4,0(s0)
80002194:	4098                	lw	a4,0(s1)
80002196:	4795                	li	a5,5
80002198:	d008                	sw	a0,32(s0)
8000219a:	01e42223          	sw	t5,4(s0)
8000219e:	01d42423          	sw	t4,8(s0)
800021a2:	01c42823          	sw	t3,16(s0)
800021a6:	00642a23          	sw	t1,20(s0)
800021aa:	01142c23          	sw	a7,24(s0)
800021ae:	01042e23          	sw	a6,28(s0)
800021b2:	d04c                	sw	a1,36(s0)
800021b4:	d410                	sw	a2,40(s0)
800021b6:	d454                	sw	a3,44(s0)
800021b8:	c4dc                	sw	a5,12(s1)
800021ba:	c45c                	sw	a5,12(s0)
800021bc:	c018                	sw	a4,0(s0)
800021be:	8522                	mv	a0,s0
800021c0:	3749                	jal	80002142 <Proc_3>
800021c2:	405c                	lw	a5,4(s0)
800021c4:	cfb1                	beqz	a5,80002220 <Proc_1+0xc6>
800021c6:	409c                	lw	a5,0(s1)
800021c8:	40b2                	lw	ra,12(sp)
800021ca:	4422                	lw	s0,8(sp)
800021cc:	0007af83          	lw	t6,0(a5)
800021d0:	0047af03          	lw	t5,4(a5)
800021d4:	0087ae83          	lw	t4,8(a5)
800021d8:	00c7ae03          	lw	t3,12(a5)
800021dc:	0107a303          	lw	t1,16(a5)
800021e0:	0147a883          	lw	a7,20(a5)
800021e4:	0187a803          	lw	a6,24(a5)
800021e8:	4fcc                	lw	a1,28(a5)
800021ea:	5390                	lw	a2,32(a5)
800021ec:	53d4                	lw	a3,36(a5)
800021ee:	5798                	lw	a4,40(a5)
800021f0:	57dc                	lw	a5,44(a5)
800021f2:	01f4a023          	sw	t6,0(s1)
800021f6:	01e4a223          	sw	t5,4(s1)
800021fa:	01d4a423          	sw	t4,8(s1)
800021fe:	01c4a623          	sw	t3,12(s1)
80002202:	0064a823          	sw	t1,16(s1)
80002206:	0114aa23          	sw	a7,20(s1)
8000220a:	0104ac23          	sw	a6,24(s1)
8000220e:	cccc                	sw	a1,28(s1)
80002210:	d090                	sw	a2,32(s1)
80002212:	d0d4                	sw	a3,36(s1)
80002214:	d498                	sw	a4,40(s1)
80002216:	d4dc                	sw	a5,44(s1)
80002218:	4902                	lw	s2,0(sp)
8000221a:	4492                	lw	s1,4(sp)
8000221c:	0141                	add	sp,sp,16
8000221e:	8082                	ret
80002220:	4488                	lw	a0,8(s1)
80002222:	4799                	li	a5,6
80002224:	c45c                	sw	a5,12(s0)
80002226:	00840593          	add	a1,s0,8
8000222a:	3dbd                	jal	800020a8 <Proc_6>
8000222c:	00092783          	lw	a5,0(s2)
80002230:	4448                	lw	a0,12(s0)
80002232:	00c40613          	add	a2,s0,12
80002236:	439c                	lw	a5,0(a5)
80002238:	40b2                	lw	ra,12(sp)
8000223a:	4492                	lw	s1,4(sp)
8000223c:	c01c                	sw	a5,0(s0)
8000223e:	4422                	lw	s0,8(sp)
80002240:	4902                	lw	s2,0(sp)
80002242:	45a9                	li	a1,10
80002244:	0141                	add	sp,sp,16
80002246:	bb6d                	j	80002000 <Proc_7>

80002248 <Proc_4>:
80002248:	82018713          	add	a4,gp,-2016 # 80004770 <Bool_Glob>
8000224c:	4314                	lw	a3,0(a4)
8000224e:	81d1c783          	lbu	a5,-2019(gp) # 8000476d <Ch_1_Glob>
80002252:	fbf78793          	add	a5,a5,-65
80002256:	0017b793          	seqz	a5,a5
8000225a:	8fd5                	or	a5,a5,a3
8000225c:	c31c                	sw	a5,0(a4)
8000225e:	04200793          	li	a5,66
80002262:	80f18e23          	sb	a5,-2020(gp) # 8000476c <Ch_2_Glob>
80002266:	8082                	ret

80002268 <Proc_5>:
80002268:	04100793          	li	a5,65
8000226c:	80f18ea3          	sb	a5,-2019(gp) # 8000476d <Ch_1_Glob>
80002270:	8201a023          	sw	zero,-2016(gp) # 80004770 <Bool_Glob>
80002274:	8082                	ret

80002276 <cputchar>:
80002276:	fffff697          	auipc	a3,0xfffff
8000227a:	d8a68693          	add	a3,a3,-630 # 80001000 <tohost>
8000227e:	0ff57713          	zext.b	a4,a0
80002282:	010107b7          	lui	a5,0x1010
80002286:	c298                	sw	a4,0(a3)
80002288:	c2dc                	sw	a5,4(a3)
8000228a:	0000100f          	fence.i
8000228e:	8082                	ret

80002290 <vprintfmt>:
80002290:	714d                	add	sp,sp,-336
80002292:	14812423          	sw	s0,328(sp)
80002296:	15212023          	sw	s2,320(sp)
8000229a:	13312e23          	sw	s3,316(sp)
8000229e:	13512a23          	sw	s5,308(sp)
800022a2:	14112623          	sw	ra,332(sp)
800022a6:	14912223          	sw	s1,324(sp)
800022aa:	13412c23          	sw	s4,312(sp)
800022ae:	13712623          	sw	s7,300(sp)
800022b2:	13812423          	sw	s8,296(sp)
800022b6:	13a12023          	sw	s10,288(sp)
800022ba:	11b12e23          	sw	s11,284(sp)
800022be:	89aa                	mv	s3,a0
800022c0:	892e                	mv	s2,a1
800022c2:	8432                	mv	s0,a2
800022c4:	c636                	sw	a3,12(sp)
800022c6:	02500a93          	li	s5,37
800022ca:	a029                	j	800022d4 <vprintfmt+0x44>
800022cc:	c531                	beqz	a0,80002318 <vprintfmt+0x88>
800022ce:	85ca                	mv	a1,s2
800022d0:	0405                	add	s0,s0,1
800022d2:	9982                	jalr	s3
800022d4:	00044503          	lbu	a0,0(s0)
800022d8:	ff551ae3          	bne	a0,s5,800022cc <vprintfmt+0x3c>
800022dc:	00144683          	lbu	a3,1(s0)
800022e0:	00140a13          	add	s4,s0,1
800022e4:	02000793          	li	a5,32
800022e8:	8752                	mv	a4,s4
800022ea:	c43e                	sw	a5,8(sp)
800022ec:	54fd                	li	s1,-1
800022ee:	5c7d                	li	s8,-1
800022f0:	4601                	li	a2,0
800022f2:	fdd68793          	add	a5,a3,-35
800022f6:	0ff7f793          	zext.b	a5,a5
800022fa:	05500593          	li	a1,85
800022fe:	00170413          	add	s0,a4,1 # 1001 <buflen.1+0xfc1>
80002302:	06f5e163          	bltu	a1,a5,80002364 <vprintfmt+0xd4>
80002306:	00002597          	auipc	a1,0x2
8000230a:	1a258593          	add	a1,a1,418 # 800044a8 <main+0xd10>
8000230e:	20b7c7b3          	sh2add	a5,a5,a1
80002312:	439c                	lw	a5,0(a5)
80002314:	97ae                	add	a5,a5,a1
80002316:	8782                	jr	a5
80002318:	14c12083          	lw	ra,332(sp)
8000231c:	14812403          	lw	s0,328(sp)
80002320:	14412483          	lw	s1,324(sp)
80002324:	14012903          	lw	s2,320(sp)
80002328:	13c12983          	lw	s3,316(sp)
8000232c:	13812a03          	lw	s4,312(sp)
80002330:	13412a83          	lw	s5,308(sp)
80002334:	12c12b83          	lw	s7,300(sp)
80002338:	12812c03          	lw	s8,296(sp)
8000233c:	12012d03          	lw	s10,288(sp)
80002340:	11c12d83          	lw	s11,284(sp)
80002344:	6171                	add	sp,sp,336
80002346:	8082                	ret
80002348:	c436                	sw	a3,8(sp)
8000234a:	00174683          	lbu	a3,1(a4)
8000234e:	05500593          	li	a1,85
80002352:	8722                	mv	a4,s0
80002354:	fdd68793          	add	a5,a3,-35
80002358:	0ff7f793          	zext.b	a5,a5
8000235c:	00170413          	add	s0,a4,1
80002360:	faf5f3e3          	bgeu	a1,a5,80002306 <vprintfmt+0x76>
80002364:	85ca                	mv	a1,s2
80002366:	02500513          	li	a0,37
8000236a:	9982                	jalr	s3
8000236c:	8452                	mv	s0,s4
8000236e:	b79d                	j	800022d4 <vprintfmt+0x44>
80002370:	00174783          	lbu	a5,1(a4)
80002374:	4725                	li	a4,9
80002376:	fd068493          	add	s1,a3,-48
8000237a:	fd078593          	add	a1,a5,-48 # 100ffd0 <buflen.1+0x100ff90>
8000237e:	86be                	mv	a3,a5
80002380:	2ab76863          	bltu	a4,a1,80002630 <vprintfmt+0x3a0>
80002384:	8722                	mv	a4,s0
80002386:	4525                	li	a0,9
80002388:	0705                	add	a4,a4,1
8000238a:	2094c4b3          	sh2add	s1,s1,s1
8000238e:	20f4a4b3          	sh1add	s1,s1,a5
80002392:	00074783          	lbu	a5,0(a4)
80002396:	fd048493          	add	s1,s1,-48
8000239a:	fd078593          	add	a1,a5,-48
8000239e:	86be                	mv	a3,a5
800023a0:	feb574e3          	bgeu	a0,a1,80002388 <vprintfmt+0xf8>
800023a4:	f40c57e3          	bgez	s8,800022f2 <vprintfmt+0x62>
800023a8:	8c26                	mv	s8,s1
800023aa:	54fd                	li	s1,-1
800023ac:	b799                	j	800022f2 <vprintfmt+0x62>
800023ae:	00174683          	lbu	a3,1(a4)
800023b2:	8722                	mv	a4,s0
800023b4:	bf3d                	j	800022f2 <vprintfmt+0x62>
800023b6:	85ca                	mv	a1,s2
800023b8:	02500513          	li	a0,37
800023bc:	9982                	jalr	s3
800023be:	bf19                	j	800022d4 <vprintfmt+0x44>
800023c0:	47b2                	lw	a5,12(sp)
800023c2:	00174683          	lbu	a3,1(a4)
800023c6:	8722                	mv	a4,s0
800023c8:	4384                	lw	s1,0(a5)
800023ca:	0791                	add	a5,a5,4
800023cc:	c63e                	sw	a5,12(sp)
800023ce:	bfd9                	j	800023a4 <vprintfmt+0x114>
800023d0:	85ca                	mv	a1,s2
800023d2:	03000513          	li	a0,48
800023d6:	13612823          	sw	s6,304(sp)
800023da:	9982                	jalr	s3
800023dc:	85ca                	mv	a1,s2
800023de:	07800513          	li	a0,120
800023e2:	9982                	jalr	s3
800023e4:	47b2                	lw	a5,12(sp)
800023e6:	4bc1                	li	s7,16
800023e8:	4d81                	li	s11,0
800023ea:	00478713          	add	a4,a5,4
800023ee:	47b2                	lw	a5,12(sp)
800023f0:	4d01                	li	s10,0
800023f2:	4384                	lw	s1,0(a5)
800023f4:	c63a                	sw	a4,12(sp)
800023f6:	865e                	mv	a2,s7
800023f8:	4681                	li	a3,0
800023fa:	8526                	mv	a0,s1
800023fc:	85ea                	mv	a1,s10
800023fe:	7b7000ef          	jal	800033b4 <__umoddi3>
80002402:	c82a                	sw	a0,16(sp)
80002404:	1dad8c63          	beq	s11,s10,800025dc <vprintfmt+0x34c>
80002408:	13912223          	sw	s9,292(sp)
8000240c:	4b05                	li	s6,1
8000240e:	01410c93          	add	s9,sp,20
80002412:	865e                	mv	a2,s7
80002414:	4681                	li	a3,0
80002416:	8526                	mv	a0,s1
80002418:	85ea                	mv	a1,s10
8000241a:	36b000ef          	jal	80002f84 <__udivdi3>
8000241e:	865e                	mv	a2,s7
80002420:	4681                	li	a3,0
80002422:	84aa                	mv	s1,a0
80002424:	8d2e                	mv	s10,a1
80002426:	78f000ef          	jal	800033b4 <__umoddi3>
8000242a:	00aca023          	sw	a0,0(s9)
8000242e:	8a5a                	mv	s4,s6
80002430:	0c91                	add	s9,s9,4
80002432:	0b05                	add	s6,s6,1
80002434:	fdad9fe3          	bne	s11,s10,80002412 <vprintfmt+0x182>
80002438:	fd74fde3          	bgeu	s1,s7,80002412 <vprintfmt+0x182>
8000243c:	12412c83          	lw	s9,292(sp)
80002440:	fffc0b93          	add	s7,s8,-1
80002444:	fffb0493          	add	s1,s6,-1
80002448:	018b5863          	bge	s6,s8,80002458 <vprintfmt+0x1c8>
8000244c:	4522                	lw	a0,8(sp)
8000244e:	85ca                	mv	a1,s2
80002450:	1bfd                	add	s7,s7,-1
80002452:	9982                	jalr	s3
80002454:	fe9b9ce3          	bne	s7,s1,8000244c <vprintfmt+0x1bc>
80002458:	0804                	add	s1,sp,16
8000245a:	4b25                	li	s6,9
8000245c:	209a4a33          	sh2add	s4,s4,s1
80002460:	a011                	j	80002464 <vprintfmt+0x1d4>
80002462:	8a3e                	mv	s4,a5
80002464:	000a2783          	lw	a5,0(s4)
80002468:	03000513          	li	a0,48
8000246c:	00fb7463          	bgeu	s6,a5,80002474 <vprintfmt+0x1e4>
80002470:	05700513          	li	a0,87
80002474:	953e                	add	a0,a0,a5
80002476:	85ca                	mv	a1,s2
80002478:	9982                	jalr	s3
8000247a:	ffca0793          	add	a5,s4,-4
8000247e:	ff4492e3          	bne	s1,s4,80002462 <vprintfmt+0x1d2>
80002482:	13012b03          	lw	s6,304(sp)
80002486:	b5b9                	j	800022d4 <vprintfmt+0x44>
80002488:	13612823          	sw	s6,304(sp)
8000248c:	4785                	li	a5,1
8000248e:	14c7cc63          	blt	a5,a2,800025e6 <vprintfmt+0x356>
80002492:	47b2                	lw	a5,12(sp)
80002494:	4384                	lw	s1,0(a5)
80002496:	0791                	add	a5,a5,4
80002498:	c63e                	sw	a5,12(sp)
8000249a:	41f4dd13          	sra	s10,s1,0x1f
8000249e:	000d5e63          	bgez	s10,800024ba <vprintfmt+0x22a>
800024a2:	85ca                	mv	a1,s2
800024a4:	02d00513          	li	a0,45
800024a8:	9982                	jalr	s3
800024aa:	00903733          	snez	a4,s1
800024ae:	41a007b3          	neg	a5,s10
800024b2:	409004b3          	neg	s1,s1
800024b6:	40e78d33          	sub	s10,a5,a4
800024ba:	4ba9                	li	s7,10
800024bc:	4d81                	li	s11,0
800024be:	bf25                	j	800023f6 <vprintfmt+0x166>
800024c0:	00174683          	lbu	a3,1(a4)
800024c4:	0605                	add	a2,a2,1
800024c6:	8722                	mv	a4,s0
800024c8:	b52d                	j	800022f2 <vprintfmt+0x62>
800024ca:	13612823          	sw	s6,304(sp)
800024ce:	4bc1                	li	s7,16
800024d0:	4d81                	li	s11,0
800024d2:	4785                	li	a5,1
800024d4:	0ec7c363          	blt	a5,a2,800025ba <vprintfmt+0x32a>
800024d8:	47b2                	lw	a5,12(sp)
800024da:	00478713          	add	a4,a5,4
800024de:	bf01                	j	800023ee <vprintfmt+0x15e>
800024e0:	47b2                	lw	a5,12(sp)
800024e2:	13912223          	sw	s9,292(sp)
800024e6:	0007aa03          	lw	s4,0(a5)
800024ea:	00478c93          	add	s9,a5,4
800024ee:	040a0a63          	beqz	s4,80002542 <vprintfmt+0x2b2>
800024f2:	09805c63          	blez	s8,8000258a <vprintfmt+0x2fa>
800024f6:	4722                	lw	a4,8(sp)
800024f8:	02d00793          	li	a5,45
800024fc:	06f71063          	bne	a4,a5,8000255c <vprintfmt+0x2cc>
80002500:	000a4503          	lbu	a0,0(s4)
80002504:	c505                	beqz	a0,8000252c <vprintfmt+0x29c>
80002506:	13612823          	sw	s6,304(sp)
8000250a:	5b7d                	li	s6,-1
8000250c:	0004c563          	bltz	s1,80002516 <vprintfmt+0x286>
80002510:	14fd                	add	s1,s1,-1
80002512:	01648963          	beq	s1,s6,80002524 <vprintfmt+0x294>
80002516:	85ca                	mv	a1,s2
80002518:	9982                	jalr	s3
8000251a:	001a4503          	lbu	a0,1(s4)
8000251e:	1c7d                	add	s8,s8,-1
80002520:	0a05                	add	s4,s4,1
80002522:	f56d                	bnez	a0,8000250c <vprintfmt+0x27c>
80002524:	13012b03          	lw	s6,304(sp)
80002528:	01805963          	blez	s8,8000253a <vprintfmt+0x2aa>
8000252c:	85ca                	mv	a1,s2
8000252e:	02000513          	li	a0,32
80002532:	1c7d                	add	s8,s8,-1
80002534:	9982                	jalr	s3
80002536:	fe0c1be3          	bnez	s8,8000252c <vprintfmt+0x29c>
8000253a:	c666                	sw	s9,12(sp)
8000253c:	12412c83          	lw	s9,292(sp)
80002540:	bb51                	j	800022d4 <vprintfmt+0x44>
80002542:	0d805d63          	blez	s8,8000261c <vprintfmt+0x38c>
80002546:	4722                	lw	a4,8(sp)
80002548:	02d00793          	li	a5,45
8000254c:	00002a17          	auipc	s4,0x2
80002550:	ee0a0a13          	add	s4,s4,-288 # 8000442c <main+0xc94>
80002554:	02800513          	li	a0,40
80002558:	faf707e3          	beq	a4,a5,80002506 <vprintfmt+0x276>
8000255c:	87d2                	mv	a5,s4
8000255e:	009a06b3          	add	a3,s4,s1
80002562:	e489                	bnez	s1,8000256c <vprintfmt+0x2dc>
80002564:	a829                	j	8000257e <vprintfmt+0x2ee>
80002566:	0785                	add	a5,a5,1
80002568:	00d78563          	beq	a5,a3,80002572 <vprintfmt+0x2e2>
8000256c:	0007c703          	lbu	a4,0(a5)
80002570:	fb7d                	bnez	a4,80002566 <vprintfmt+0x2d6>
80002572:	414787b3          	sub	a5,a5,s4
80002576:	40fc0c33          	sub	s8,s8,a5
8000257a:	01805863          	blez	s8,8000258a <vprintfmt+0x2fa>
8000257e:	4522                	lw	a0,8(sp)
80002580:	85ca                	mv	a1,s2
80002582:	1c7d                	add	s8,s8,-1
80002584:	9982                	jalr	s3
80002586:	fe0c1ce3          	bnez	s8,8000257e <vprintfmt+0x2ee>
8000258a:	000a4503          	lbu	a0,0(s4)
8000258e:	d555                	beqz	a0,8000253a <vprintfmt+0x2aa>
80002590:	13612823          	sw	s6,304(sp)
80002594:	bf9d                	j	8000250a <vprintfmt+0x27a>
80002596:	00174683          	lbu	a3,1(a4)
8000259a:	0a0c6c33          	max	s8,s8,zero
8000259e:	8722                	mv	a4,s0
800025a0:	bb89                	j	800022f2 <vprintfmt+0x62>
800025a2:	47b2                	lw	a5,12(sp)
800025a4:	13912223          	sw	s9,292(sp)
800025a8:	85ca                	mv	a1,s2
800025aa:	4388                	lw	a0,0(a5)
800025ac:	00478c93          	add	s9,a5,4
800025b0:	9982                	jalr	s3
800025b2:	c666                	sw	s9,12(sp)
800025b4:	12412c83          	lw	s9,292(sp)
800025b8:	bb31                	j	800022d4 <vprintfmt+0x44>
800025ba:	47b2                	lw	a5,12(sp)
800025bc:	13912223          	sw	s9,292(sp)
800025c0:	00778c93          	add	s9,a5,7
800025c4:	ff8cfc93          	and	s9,s9,-8
800025c8:	008c8793          	add	a5,s9,8
800025cc:	000ca483          	lw	s1,0(s9)
800025d0:	004cad03          	lw	s10,4(s9)
800025d4:	c63e                	sw	a5,12(sp)
800025d6:	12412c83          	lw	s9,292(sp)
800025da:	bd31                	j	800023f6 <vprintfmt+0x166>
800025dc:	e374f6e3          	bgeu	s1,s7,80002408 <vprintfmt+0x178>
800025e0:	4a01                	li	s4,0
800025e2:	4b05                	li	s6,1
800025e4:	bdb1                	j	80002440 <vprintfmt+0x1b0>
800025e6:	47b2                	lw	a5,12(sp)
800025e8:	13912223          	sw	s9,292(sp)
800025ec:	00778c93          	add	s9,a5,7
800025f0:	ff8cfc93          	and	s9,s9,-8
800025f4:	008c8793          	add	a5,s9,8
800025f8:	000ca483          	lw	s1,0(s9)
800025fc:	004cad03          	lw	s10,4(s9)
80002600:	c63e                	sw	a5,12(sp)
80002602:	12412c83          	lw	s9,292(sp)
80002606:	bd61                	j	8000249e <vprintfmt+0x20e>
80002608:	13612823          	sw	s6,304(sp)
8000260c:	4ba9                	li	s7,10
8000260e:	4d81                	li	s11,0
80002610:	b5c9                	j	800024d2 <vprintfmt+0x242>
80002612:	13612823          	sw	s6,304(sp)
80002616:	4ba1                	li	s7,8
80002618:	4d81                	li	s11,0
8000261a:	bd65                	j	800024d2 <vprintfmt+0x242>
8000261c:	13612823          	sw	s6,304(sp)
80002620:	00002a17          	auipc	s4,0x2
80002624:	e0ca0a13          	add	s4,s4,-500 # 8000442c <main+0xc94>
80002628:	02800513          	li	a0,40
8000262c:	5b7d                	li	s6,-1
8000262e:	bdf9                	j	8000250c <vprintfmt+0x27c>
80002630:	8722                	mv	a4,s0
80002632:	bb8d                	j	800023a4 <vprintfmt+0x114>

80002634 <sprintf_putch.0>:
80002634:	419c                	lw	a5,0(a1)
80002636:	00a78023          	sb	a0,0(a5)
8000263a:	419c                	lw	a5,0(a1)
8000263c:	0785                	add	a5,a5,1
8000263e:	c19c                	sw	a5,0(a1)
80002640:	8082                	ret

80002642 <setStats>:
80002642:	b0002773          	csrr	a4,mcycle
80002646:	83818793          	add	a5,gp,-1992 # 80004788 <counters>
8000264a:	c511                	beqz	a0,80002656 <setStats+0x14>
8000264c:	c398                	sw	a4,0(a5)
8000264e:	b0202773          	csrr	a4,minstret
80002652:	c3d8                	sw	a4,4(a5)
80002654:	8082                	ret
80002656:	4390                	lw	a2,0(a5)
80002658:	83018693          	add	a3,gp,-2000 # 80004780 <counter_names>
8000265c:	8f11                	sub	a4,a4,a2
8000265e:	00002617          	auipc	a2,0x2
80002662:	dd660613          	add	a2,a2,-554 # 80004434 <main+0xc9c>
80002666:	c290                	sw	a2,0(a3)
80002668:	c398                	sw	a4,0(a5)
8000266a:	b0202773          	csrr	a4,minstret
8000266e:	43d0                	lw	a2,4(a5)
80002670:	00002597          	auipc	a1,0x2
80002674:	dcc58593          	add	a1,a1,-564 # 8000443c <main+0xca4>
80002678:	c2cc                	sw	a1,4(a3)
8000267a:	8f11                	sub	a4,a4,a2
8000267c:	c3d8                	sw	a4,4(a5)
8000267e:	8082                	ret

80002680 <tohost_exit>:
80002680:	00151693          	sll	a3,a0,0x1
80002684:	0016e713          	or	a4,a3,1
80002688:	fffff697          	auipc	a3,0xfffff
8000268c:	97868693          	add	a3,a3,-1672 # 80001000 <tohost>
80002690:	4781                	li	a5,0
80002692:	c298                	sw	a4,0(a3)
80002694:	c2dc                	sw	a5,4(a3)
80002696:	0000100f          	fence.i
8000269a:	a001                	j	8000269a <tohost_exit+0x1a>

8000269c <handle_trap>:
8000269c:	1141                	add	sp,sp,-16
8000269e:	53900513          	li	a0,1337
800026a2:	c606                	sw	ra,12(sp)
800026a4:	3ff1                	jal	80002680 <tohost_exit>

800026a6 <exit>:
800026a6:	1141                	add	sp,sp,-16
800026a8:	c606                	sw	ra,12(sp)
800026aa:	3fd9                	jal	80002680 <tohost_exit>

800026ac <abort>:
800026ac:	1141                	add	sp,sp,-16
800026ae:	08600513          	li	a0,134
800026b2:	c606                	sw	ra,12(sp)
800026b4:	37f1                	jal	80002680 <tohost_exit>

800026b6 <printstr>:
800026b6:	00054783          	lbu	a5,0(a0)
800026ba:	7119                	add	sp,sp,-128
800026bc:	03f10613          	add	a2,sp,63
800026c0:	882a                	mv	a6,a0
800026c2:	fc067613          	and	a2,a2,-64
800026c6:	4881                	li	a7,0
800026c8:	cba5                	beqz	a5,80002738 <printstr+0x82>
800026ca:	87aa                	mv	a5,a0
800026cc:	0017c703          	lbu	a4,1(a5)
800026d0:	0785                	add	a5,a5,1
800026d2:	ff6d                	bnez	a4,800026cc <printstr+0x16>
800026d4:	40a78333          	sub	t1,a5,a0
800026d8:	4381                	li	t2,0
800026da:	04000713          	li	a4,64
800026de:	c218                	sw	a4,0(a2)
800026e0:	4781                	li	a5,0
800026e2:	c25c                	sw	a5,4(a2)
800026e4:	4705                	li	a4,1
800026e6:	c618                	sw	a4,8(a2)
800026e8:	4781                	li	a5,0
800026ea:	c65c                	sw	a5,12(a2)
800026ec:	01062823          	sw	a6,16(a2)
800026f0:	01162a23          	sw	a7,20(a2)
800026f4:	00662c23          	sw	t1,24(a2)
800026f8:	00762e23          	sw	t2,28(a2)
800026fc:	0ff0000f          	fence
80002700:	fffff697          	auipc	a3,0xfffff
80002704:	90068693          	add	a3,a3,-1792 # 80001000 <tohost>
80002708:	4781                	li	a5,0
8000270a:	c290                	sw	a2,0(a3)
8000270c:	c2dc                	sw	a5,4(a3)
8000270e:	0000100f          	fence.i
80002712:	fffff697          	auipc	a3,0xfffff
80002716:	92e68693          	add	a3,a3,-1746 # 80001040 <fromhost>
8000271a:	4298                	lw	a4,0(a3)
8000271c:	42dc                	lw	a5,4(a3)
8000271e:	8f5d                	or	a4,a4,a5
80002720:	df6d                	beqz	a4,8000271a <printstr+0x64>
80002722:	4781                	li	a5,0
80002724:	c29c                	sw	a5,0(a3)
80002726:	4801                	li	a6,0
80002728:	0106a223          	sw	a6,4(a3)
8000272c:	0ff0000f          	fence
80002730:	4218                	lw	a4,0(a2)
80002732:	425c                	lw	a5,4(a2)
80002734:	6109                	add	sp,sp,128
80002736:	8082                	ret
80002738:	4301                	li	t1,0
8000273a:	4381                	li	t2,0
8000273c:	bf79                	j	800026da <printstr+0x24>

8000273e <thread_entry>:
8000273e:	c111                	beqz	a0,80002742 <thread_entry+0x4>
80002740:	a001                	j	80002740 <thread_entry+0x2>
80002742:	8082                	ret

80002744 <putchar>:
80002744:	04022803          	lw	a6,64(tp) # 40 <buflen.1>
80002748:	00020793          	mv	a5,tp
8000274c:	97c2                	add	a5,a5,a6
8000274e:	7119                	add	sp,sp,-128
80002750:	00180713          	add	a4,a6,1
80002754:	04e22023          	sw	a4,64(tp) # 40 <buflen.1>
80002758:	00a78023          	sb	a0,0(a5)
8000275c:	03f10693          	add	a3,sp,63
80002760:	47a9                	li	a5,10
80002762:	fc06f693          	and	a3,a3,-64
80002766:	00f50963          	beq	a0,a5,80002778 <putchar+0x34>
8000276a:	04000793          	li	a5,64
8000276e:	00f70563          	beq	a4,a5,80002778 <putchar+0x34>
80002772:	4501                	li	a0,0
80002774:	6109                	add	sp,sp,128
80002776:	8082                	ret
80002778:	04000813          	li	a6,64
8000277c:	0106a023          	sw	a6,0(a3)
80002780:	4881                	li	a7,0
80002782:	0116a223          	sw	a7,4(a3)
80002786:	4e05                	li	t3,1
80002788:	01c6a423          	sw	t3,8(a3)
8000278c:	4e81                	li	t4,0
8000278e:	01d6a623          	sw	t4,12(a3)
80002792:	00020313          	mv	t1,tp
80002796:	0066a823          	sw	t1,16(a3)
8000279a:	4381                	li	t2,0
8000279c:	0076aa23          	sw	t2,20(a3)
800027a0:	ce98                	sw	a4,24(a3)
800027a2:	41f75893          	sra	a7,a4,0x1f
800027a6:	0116ae23          	sw	a7,28(a3)
800027aa:	0ff0000f          	fence
800027ae:	fffff617          	auipc	a2,0xfffff
800027b2:	85260613          	add	a2,a2,-1966 # 80001000 <tohost>
800027b6:	4781                	li	a5,0
800027b8:	c214                	sw	a3,0(a2)
800027ba:	c25c                	sw	a5,4(a2)
800027bc:	0000100f          	fence.i
800027c0:	fffff617          	auipc	a2,0xfffff
800027c4:	88060613          	add	a2,a2,-1920 # 80001040 <fromhost>
800027c8:	4218                	lw	a4,0(a2)
800027ca:	425c                	lw	a5,4(a2)
800027cc:	8f5d                	or	a4,a4,a5
800027ce:	df6d                	beqz	a4,800027c8 <putchar+0x84>
800027d0:	4781                	li	a5,0
800027d2:	c21c                	sw	a5,0(a2)
800027d4:	4801                	li	a6,0
800027d6:	01062223          	sw	a6,4(a2)
800027da:	0ff0000f          	fence
800027de:	04022023          	sw	zero,64(tp) # 40 <buflen.1>
800027e2:	4298                	lw	a4,0(a3)
800027e4:	4501                	li	a0,0
800027e6:	42dc                	lw	a5,4(a3)
800027e8:	6109                	add	sp,sp,128
800027ea:	8082                	ret

800027ec <printhex>:
800027ec:	7179                	add	sp,sp,-48
800027ee:	872a                	mv	a4,a0
800027f0:	d606                	sw	ra,44(sp)
800027f2:	0068                	add	a0,sp,12
800027f4:	01b10693          	add	a3,sp,27
800027f8:	4825                	li	a6,9
800027fa:	a011                	j	800027fe <printhex+0x12>
800027fc:	86be                	mv	a3,a5
800027fe:	00f77793          	and	a5,a4,15
80002802:	00f837b3          	sltu	a5,a6,a5
80002806:	40f007b3          	neg	a5,a5
8000280a:	0277f793          	and	a5,a5,39
8000280e:	00f77613          	and	a2,a4,15
80002812:	03078793          	add	a5,a5,48
80002816:	97b2                	add	a5,a5,a2
80002818:	00f68023          	sb	a5,0(a3)
8000281c:	01c59613          	sll	a2,a1,0x1c
80002820:	8311                	srl	a4,a4,0x4
80002822:	fff68793          	add	a5,a3,-1
80002826:	8f51                	or	a4,a4,a2
80002828:	8191                	srl	a1,a1,0x4
8000282a:	fcd519e3          	bne	a0,a3,800027fc <printhex+0x10>
8000282e:	00010e23          	sb	zero,28(sp)
80002832:	3551                	jal	800026b6 <printstr>
80002834:	50b2                	lw	ra,44(sp)
80002836:	6145                	add	sp,sp,48
80002838:	8082                	ret

8000283a <printf>:
8000283a:	7139                	add	sp,sp,-64
8000283c:	02410313          	add	t1,sp,36
80002840:	d22e                	sw	a1,36(sp)
80002842:	d432                	sw	a2,40(sp)
80002844:	d636                	sw	a3,44(sp)
80002846:	862a                	mv	a2,a0
80002848:	869a                	mv	a3,t1
8000284a:	00000517          	auipc	a0,0x0
8000284e:	a2c50513          	add	a0,a0,-1492 # 80002276 <cputchar>
80002852:	4581                	li	a1,0
80002854:	ce06                	sw	ra,28(sp)
80002856:	d83a                	sw	a4,48(sp)
80002858:	da3e                	sw	a5,52(sp)
8000285a:	dc42                	sw	a6,56(sp)
8000285c:	de46                	sw	a7,60(sp)
8000285e:	c61a                	sw	t1,12(sp)
80002860:	3c05                	jal	80002290 <vprintfmt>
80002862:	40f2                	lw	ra,28(sp)
80002864:	4501                	li	a0,0
80002866:	6121                	add	sp,sp,64
80002868:	8082                	ret

8000286a <sprintf>:
8000286a:	715d                	add	sp,sp,-80
8000286c:	03810e13          	add	t3,sp,56
80002870:	d422                	sw	s0,40(sp)
80002872:	c62a                	sw	a0,12(sp)
80002874:	842a                	mv	s0,a0
80002876:	dc32                	sw	a2,56(sp)
80002878:	de36                	sw	a3,60(sp)
8000287a:	862e                	mv	a2,a1
8000287c:	00000517          	auipc	a0,0x0
80002880:	db850513          	add	a0,a0,-584 # 80002634 <sprintf_putch.0>
80002884:	006c                	add	a1,sp,12
80002886:	86f2                	mv	a3,t3
80002888:	d606                	sw	ra,44(sp)
8000288a:	c2be                	sw	a5,68(sp)
8000288c:	c0ba                	sw	a4,64(sp)
8000288e:	c4c2                	sw	a6,72(sp)
80002890:	c6c6                	sw	a7,76(sp)
80002892:	ce72                	sw	t3,28(sp)
80002894:	3af5                	jal	80002290 <vprintfmt>
80002896:	47b2                	lw	a5,12(sp)
80002898:	00078023          	sb	zero,0(a5)
8000289c:	4532                	lw	a0,12(sp)
8000289e:	50b2                	lw	ra,44(sp)
800028a0:	8d01                	sub	a0,a0,s0
800028a2:	5422                	lw	s0,40(sp)
800028a4:	6161                	add	sp,sp,80
800028a6:	8082                	ret

800028a8 <memcpy>:
800028a8:	00c5e7b3          	or	a5,a1,a2
800028ac:	8fc9                	or	a5,a5,a0
800028ae:	8b8d                	and	a5,a5,3
800028b0:	00c50833          	add	a6,a0,a2
800028b4:	cf91                	beqz	a5,800028d0 <memcpy+0x28>
800028b6:	962e                	add	a2,a2,a1
800028b8:	87aa                	mv	a5,a0
800028ba:	09057b63          	bgeu	a0,a6,80002950 <memcpy+0xa8>
800028be:	0005c703          	lbu	a4,0(a1)
800028c2:	0585                	add	a1,a1,1
800028c4:	0785                	add	a5,a5,1
800028c6:	fee78fa3          	sb	a4,-1(a5)
800028ca:	fec59ae3          	bne	a1,a2,800028be <memcpy+0x16>
800028ce:	8082                	ret
800028d0:	02050693          	add	a3,a0,32
800028d4:	0706ff63          	bgeu	a3,a6,80002952 <memcpy+0xaa>
800028d8:	87b6                	mv	a5,a3
800028da:	872e                	mv	a4,a1
800028dc:	00072383          	lw	t2,0(a4)
800028e0:	00472283          	lw	t0,4(a4)
800028e4:	00872f83          	lw	t6,8(a4)
800028e8:	00c72f03          	lw	t5,12(a4)
800028ec:	01072e83          	lw	t4,16(a4)
800028f0:	01472e03          	lw	t3,20(a4)
800028f4:	01872303          	lw	t1,24(a4)
800028f8:	01c72883          	lw	a7,28(a4)
800028fc:	02078793          	add	a5,a5,32
80002900:	fc77a023          	sw	t2,-64(a5)
80002904:	fc57a223          	sw	t0,-60(a5)
80002908:	fdf7a423          	sw	t6,-56(a5)
8000290c:	fde7a623          	sw	t5,-52(a5)
80002910:	fdd7a823          	sw	t4,-48(a5)
80002914:	fdc7aa23          	sw	t3,-44(a5)
80002918:	fc67ac23          	sw	t1,-40(a5)
8000291c:	fd17ae23          	sw	a7,-36(a5)
80002920:	02070713          	add	a4,a4,32
80002924:	fb07ece3          	bltu	a5,a6,800028dc <memcpy+0x34>
80002928:	fdf60613          	add	a2,a2,-33
8000292c:	fe067793          	and	a5,a2,-32
80002930:	02078793          	add	a5,a5,32
80002934:	9a01                	and	a2,a2,-32
80002936:	95be                	add	a1,a1,a5
80002938:	00c687b3          	add	a5,a3,a2
8000293c:	f907f9e3          	bgeu	a5,a6,800028ce <memcpy+0x26>
80002940:	4198                	lw	a4,0(a1)
80002942:	0791                	add	a5,a5,4
80002944:	0591                	add	a1,a1,4
80002946:	fee7ae23          	sw	a4,-4(a5)
8000294a:	ff07ebe3          	bltu	a5,a6,80002940 <memcpy+0x98>
8000294e:	8082                	ret
80002950:	8082                	ret
80002952:	87aa                	mv	a5,a0
80002954:	b7e5                	j	8000293c <memcpy+0x94>

80002956 <memset>:
80002956:	00c567b3          	or	a5,a0,a2
8000295a:	8b8d                	and	a5,a5,3
8000295c:	962a                	add	a2,a2,a0
8000295e:	cf81                	beqz	a5,80002976 <memset+0x20>
80002960:	0ff5f593          	zext.b	a1,a1
80002964:	87aa                	mv	a5,a0
80002966:	02c57963          	bgeu	a0,a2,80002998 <memset+0x42>
8000296a:	0785                	add	a5,a5,1
8000296c:	feb78fa3          	sb	a1,-1(a5)
80002970:	fec79de3          	bne	a5,a2,8000296a <memset+0x14>
80002974:	8082                	ret
80002976:	0ff5f593          	zext.b	a1,a1
8000297a:	00859713          	sll	a4,a1,0x8
8000297e:	972e                	add	a4,a4,a1
80002980:	01071793          	sll	a5,a4,0x10
80002984:	973e                	add	a4,a4,a5
80002986:	fec577e3          	bgeu	a0,a2,80002974 <memset+0x1e>
8000298a:	87aa                	mv	a5,a0
8000298c:	0791                	add	a5,a5,4
8000298e:	fee7ae23          	sw	a4,-4(a5)
80002992:	fec7ede3          	bltu	a5,a2,8000298c <memset+0x36>
80002996:	8082                	ret
80002998:	8082                	ret

8000299a <_init>:
8000299a:	7135                	add	sp,sp,-160
8000299c:	00004797          	auipc	a5,0x4
800029a0:	5cc78793          	add	a5,a5,1484 # 80006f68 <_tdata_begin>
800029a4:	c552                	sw	s4,136(sp)
800029a6:	00004a17          	auipc	s4,0x4
800029aa:	5c2a0a13          	add	s4,s4,1474 # 80006f68 <_tdata_begin>
800029ae:	c74e                	sw	s3,140(sp)
800029b0:	40fa09b3          	sub	s3,s4,a5
800029b4:	cb26                	sw	s1,148(sp)
800029b6:	c94a                	sw	s2,144(sp)
800029b8:	84aa                	mv	s1,a0
800029ba:	892e                	mv	s2,a1
800029bc:	8512                	mv	a0,tp
800029be:	85be                	mv	a1,a5
800029c0:	864e                	mv	a2,s3
800029c2:	cf06                	sw	ra,156(sp)
800029c4:	cd22                	sw	s0,152(sp)
800029c6:	c356                	sw	s5,132(sp)
800029c8:	8a92                	mv	s5,tp
800029ca:	3df9                	jal	800028a8 <memcpy>
800029cc:	00004617          	auipc	a2,0x4
800029d0:	5f860613          	add	a2,a2,1528 # 80006fc4 <_tbss_end>
800029d4:	41460633          	sub	a2,a2,s4
800029d8:	4581                	li	a1,0
800029da:	013a8533          	add	a0,s5,s3
800029de:	3fa5                	jal	80002956 <memset>
800029e0:	85ca                	mv	a1,s2
800029e2:	8526                	mv	a0,s1
800029e4:	3ba9                	jal	8000273e <thread_entry>
800029e6:	03f10413          	add	s0,sp,63
800029ea:	00002517          	auipc	a0,0x2
800029ee:	a7650513          	add	a0,a0,-1418 # 80004460 <main+0xcc8>
800029f2:	35a1                	jal	8000283a <printf>
800029f4:	fc047413          	and	s0,s0,-64
800029f8:	b0002a73          	csrr	s4,mcycle
800029fc:	b0202973          	csrr	s2,minstret
80002a00:	4581                	li	a1,0
80002a02:	4501                	li	a0,0
80002a04:	595000ef          	jal	80003798 <main>
80002a08:	84aa                	mv	s1,a0
80002a0a:	b00025f3          	csrr	a1,mcycle
80002a0e:	b02029f3          	csrr	s3,minstret
80002a12:	00002517          	auipc	a0,0x2
80002a16:	a5e50513          	add	a0,a0,-1442 # 80004470 <main+0xcd8>
80002a1a:	414585b3          	sub	a1,a1,s4
80002a1e:	3d31                	jal	8000283a <printf>
80002a20:	412985b3          	sub	a1,s3,s2
80002a24:	00002517          	auipc	a0,0x2
80002a28:	a6050513          	add	a0,a0,-1440 # 80004484 <main+0xcec>
80002a2c:	3539                	jal	8000283a <printf>
80002a2e:	83818913          	add	s2,gp,-1992 # 80004788 <counters>
80002a32:	00092683          	lw	a3,0(s2)
80002a36:	e69d                	bnez	a3,80002a64 <_init+0xca>
80002a38:	00492683          	lw	a3,4(s2)
80002a3c:	e299                	bnez	a3,80002a42 <_init+0xa8>
80002a3e:	8526                	mv	a0,s1
80002a40:	3181                	jal	80002680 <tohost_exit>
80002a42:	8922                	mv	s2,s0
80002a44:	83018993          	add	s3,gp,-2000 # 80004780 <counter_names>
80002a48:	0049a603          	lw	a2,4(s3)
80002a4c:	854a                	mv	a0,s2
80002a4e:	00002597          	auipc	a1,0x2
80002a52:	a4e58593          	add	a1,a1,-1458 # 8000449c <main+0xd04>
80002a56:	3d11                	jal	8000286a <sprintf>
80002a58:	992a                	add	s2,s2,a0
80002a5a:	ff2402e3          	beq	s0,s2,80002a3e <_init+0xa4>
80002a5e:	8522                	mv	a0,s0
80002a60:	3999                	jal	800026b6 <printstr>
80002a62:	bff1                	j	80002a3e <_init+0xa4>
80002a64:	83018993          	add	s3,gp,-2000 # 80004780 <counter_names>
80002a68:	0009a603          	lw	a2,0(s3)
80002a6c:	00002597          	auipc	a1,0x2
80002a70:	a3058593          	add	a1,a1,-1488 # 8000449c <main+0xd04>
80002a74:	8522                	mv	a0,s0
80002a76:	3bd5                	jal	8000286a <sprintf>
80002a78:	00492683          	lw	a3,4(s2)
80002a7c:	00a40933          	add	s2,s0,a0
80002a80:	dee9                	beqz	a3,80002a5a <_init+0xc0>
80002a82:	b7d9                	j	80002a48 <_init+0xae>

80002a84 <strlen>:
80002a84:	00054783          	lbu	a5,0(a0)
80002a88:	cb89                	beqz	a5,80002a9a <strlen+0x16>
80002a8a:	87aa                	mv	a5,a0
80002a8c:	0017c703          	lbu	a4,1(a5)
80002a90:	0785                	add	a5,a5,1
80002a92:	ff6d                	bnez	a4,80002a8c <strlen+0x8>
80002a94:	40a78533          	sub	a0,a5,a0
80002a98:	8082                	ret
80002a9a:	4501                	li	a0,0
80002a9c:	8082                	ret

80002a9e <strnlen>:
80002a9e:	00b506b3          	add	a3,a0,a1
80002aa2:	87aa                	mv	a5,a0
80002aa4:	e589                	bnez	a1,80002aae <strnlen+0x10>
80002aa6:	a829                	j	80002ac0 <strnlen+0x22>
80002aa8:	0785                	add	a5,a5,1
80002aaa:	00f68863          	beq	a3,a5,80002aba <strnlen+0x1c>
80002aae:	0007c703          	lbu	a4,0(a5)
80002ab2:	fb7d                	bnez	a4,80002aa8 <strnlen+0xa>
80002ab4:	40a78533          	sub	a0,a5,a0
80002ab8:	8082                	ret
80002aba:	40a68533          	sub	a0,a3,a0
80002abe:	8082                	ret
80002ac0:	4501                	li	a0,0
80002ac2:	8082                	ret

80002ac4 <strcmp>:
80002ac4:	00054783          	lbu	a5,0(a0)
80002ac8:	0585                	add	a1,a1,1
80002aca:	0505                	add	a0,a0,1
80002acc:	fff5c703          	lbu	a4,-1(a1)
80002ad0:	c791                	beqz	a5,80002adc <strcmp+0x18>
80002ad2:	fee789e3          	beq	a5,a4,80002ac4 <strcmp>
80002ad6:	40e78533          	sub	a0,a5,a4
80002ada:	8082                	ret
80002adc:	4781                	li	a5,0
80002ade:	bfe5                	j	80002ad6 <strcmp+0x12>

80002ae0 <strcpy>:
80002ae0:	87aa                	mv	a5,a0
80002ae2:	0005c703          	lbu	a4,0(a1)
80002ae6:	0785                	add	a5,a5,1
80002ae8:	0585                	add	a1,a1,1
80002aea:	fee78fa3          	sb	a4,-1(a5)
80002aee:	fb75                	bnez	a4,80002ae2 <strcpy+0x2>
80002af0:	8082                	ret

80002af2 <atol>:
80002af2:	00054703          	lbu	a4,0(a0)
80002af6:	02000693          	li	a3,32
80002afa:	87aa                	mv	a5,a0
80002afc:	00d71763          	bne	a4,a3,80002b0a <atol+0x18>
80002b00:	0017c703          	lbu	a4,1(a5)
80002b04:	0785                	add	a5,a5,1
80002b06:	fed70de3          	beq	a4,a3,80002b00 <atol+0xe>
80002b0a:	02d00693          	li	a3,45
80002b0e:	02d70f63          	beq	a4,a3,80002b4c <atol+0x5a>
80002b12:	02b00693          	li	a3,43
80002b16:	02d70563          	beq	a4,a3,80002b40 <atol+0x4e>
80002b1a:	0007c703          	lbu	a4,0(a5)
80002b1e:	4601                	li	a2,0
80002b20:	cb1d                	beqz	a4,80002b56 <atol+0x64>
80002b22:	4501                	li	a0,0
80002b24:	0785                	add	a5,a5,1
80002b26:	fd070693          	add	a3,a4,-48
80002b2a:	0007c703          	lbu	a4,0(a5)
80002b2e:	20a54533          	sh2add	a0,a0,a0
80002b32:	20d52533          	sh1add	a0,a0,a3
80002b36:	f77d                	bnez	a4,80002b24 <atol+0x32>
80002b38:	c205                	beqz	a2,80002b58 <atol+0x66>
80002b3a:	40a00533          	neg	a0,a0
80002b3e:	8082                	ret
80002b40:	0017c703          	lbu	a4,1(a5)
80002b44:	0785                	add	a5,a5,1
80002b46:	cb01                	beqz	a4,80002b56 <atol+0x64>
80002b48:	4601                	li	a2,0
80002b4a:	bfe1                	j	80002b22 <atol+0x30>
80002b4c:	0017c703          	lbu	a4,1(a5)
80002b50:	4605                	li	a2,1
80002b52:	0785                	add	a5,a5,1
80002b54:	f779                	bnez	a4,80002b22 <atol+0x30>
80002b56:	4501                	li	a0,0
80002b58:	8082                	ret
80002b5a:	0000                	unimp

80002b5c <__moddi3>:
80002b5c:	00058e13          	mv	t3,a1
80002b60:	00000813          	li	a6,0
80002b64:	0005dc63          	bgez	a1,80002b7c <__moddi3+0x20>
80002b68:	00a037b3          	snez	a5,a0
80002b6c:	40b00e33          	neg	t3,a1
80002b70:	40fe0e33          	sub	t3,t3,a5
80002b74:	40a00533          	neg	a0,a0
80002b78:	fff00813          	li	a6,-1
80002b7c:	0006da63          	bgez	a3,80002b90 <__moddi3+0x34>
80002b80:	00c037b3          	snez	a5,a2
80002b84:	40d006b3          	neg	a3,a3
80002b88:	40f686b3          	sub	a3,a3,a5
80002b8c:	40c00633          	neg	a2,a2
80002b90:	00060893          	mv	a7,a2
80002b94:	00050793          	mv	a5,a0
80002b98:	000e0593          	mv	a1,t3
80002b9c:	22069063          	bnez	a3,80002dbc <__moddi3+0x260>
80002ba0:	80004737          	lui	a4,0x80004
80002ba4:	60070713          	add	a4,a4,1536 # 80004600 <__clz_tab>
80002ba8:	0ece7663          	bgeu	t3,a2,80002c94 <__moddi3+0x138>
80002bac:	000106b7          	lui	a3,0x10
80002bb0:	0cd67863          	bgeu	a2,a3,80002c80 <__moddi3+0x124>
80002bb4:	10063693          	sltiu	a3,a2,256
80002bb8:	0016b693          	seqz	a3,a3
80002bbc:	00369693          	sll	a3,a3,0x3
80002bc0:	00d65333          	srl	t1,a2,a3
80002bc4:	00670733          	add	a4,a4,t1
80002bc8:	00074703          	lbu	a4,0(a4)
80002bcc:	00d70733          	add	a4,a4,a3
80002bd0:	02000693          	li	a3,32
80002bd4:	40e68333          	sub	t1,a3,a4
80002bd8:	00e68c63          	beq	a3,a4,80002bf0 <__moddi3+0x94>
80002bdc:	006e15b3          	sll	a1,t3,t1
80002be0:	00e55733          	srl	a4,a0,a4
80002be4:	006618b3          	sll	a7,a2,t1
80002be8:	00b765b3          	or	a1,a4,a1
80002bec:	006517b3          	sll	a5,a0,t1
80002bf0:	0108d613          	srl	a2,a7,0x10
80002bf4:	02c5d6b3          	divu	a3,a1,a2
80002bf8:	01089513          	sll	a0,a7,0x10
80002bfc:	01055513          	srl	a0,a0,0x10
80002c00:	0107d713          	srl	a4,a5,0x10
80002c04:	02c5f5b3          	remu	a1,a1,a2
80002c08:	02a686b3          	mul	a3,a3,a0
80002c0c:	01059593          	sll	a1,a1,0x10
80002c10:	00b76733          	or	a4,a4,a1
80002c14:	00d77a63          	bgeu	a4,a3,80002c28 <__moddi3+0xcc>
80002c18:	00e88733          	add	a4,a7,a4
80002c1c:	01176663          	bltu	a4,a7,80002c28 <__moddi3+0xcc>
80002c20:	00d77463          	bgeu	a4,a3,80002c28 <__moddi3+0xcc>
80002c24:	01170733          	add	a4,a4,a7
80002c28:	40d70733          	sub	a4,a4,a3
80002c2c:	02c756b3          	divu	a3,a4,a2
80002c30:	02c77733          	remu	a4,a4,a2
80002c34:	02a686b3          	mul	a3,a3,a0
80002c38:	01079793          	sll	a5,a5,0x10
80002c3c:	01071713          	sll	a4,a4,0x10
80002c40:	0107d793          	srl	a5,a5,0x10
80002c44:	00e7e7b3          	or	a5,a5,a4
80002c48:	00d7fa63          	bgeu	a5,a3,80002c5c <__moddi3+0x100>
80002c4c:	00f887b3          	add	a5,a7,a5
80002c50:	0117e663          	bltu	a5,a7,80002c5c <__moddi3+0x100>
80002c54:	00d7f463          	bgeu	a5,a3,80002c5c <__moddi3+0x100>
80002c58:	011787b3          	add	a5,a5,a7
80002c5c:	40d787b3          	sub	a5,a5,a3
80002c60:	0067d533          	srl	a0,a5,t1
80002c64:	00000593          	li	a1,0
80002c68:	00080a63          	beqz	a6,80002c7c <__moddi3+0x120>
80002c6c:	00a037b3          	snez	a5,a0
80002c70:	40b005b3          	neg	a1,a1
80002c74:	40f585b3          	sub	a1,a1,a5
80002c78:	40a00533          	neg	a0,a0
80002c7c:	00008067          	ret
80002c80:	01000337          	lui	t1,0x1000
80002c84:	01800693          	li	a3,24
80002c88:	f2667ce3          	bgeu	a2,t1,80002bc0 <__moddi3+0x64>
80002c8c:	01000693          	li	a3,16
80002c90:	f31ff06f          	j	80002bc0 <__moddi3+0x64>
80002c94:	00000693          	li	a3,0
80002c98:	00060c63          	beqz	a2,80002cb0 <__moddi3+0x154>
80002c9c:	000106b7          	lui	a3,0x10
80002ca0:	06d67e63          	bgeu	a2,a3,80002d1c <__moddi3+0x1c0>
80002ca4:	10063693          	sltiu	a3,a2,256
80002ca8:	0016b693          	seqz	a3,a3
80002cac:	00369693          	sll	a3,a3,0x3
80002cb0:	00d655b3          	srl	a1,a2,a3
80002cb4:	00b70733          	add	a4,a4,a1
80002cb8:	00074703          	lbu	a4,0(a4)
80002cbc:	00d70733          	add	a4,a4,a3
80002cc0:	02000693          	li	a3,32
80002cc4:	40e68333          	sub	t1,a3,a4
80002cc8:	06e69463          	bne	a3,a4,80002d30 <__moddi3+0x1d4>
80002ccc:	40ce0733          	sub	a4,t3,a2
80002cd0:	0108d593          	srl	a1,a7,0x10
80002cd4:	02b75633          	divu	a2,a4,a1
80002cd8:	01089513          	sll	a0,a7,0x10
80002cdc:	01055513          	srl	a0,a0,0x10
80002ce0:	0107d693          	srl	a3,a5,0x10
80002ce4:	02b77733          	remu	a4,a4,a1
80002ce8:	02a60633          	mul	a2,a2,a0
80002cec:	01071713          	sll	a4,a4,0x10
80002cf0:	00e6e733          	or	a4,a3,a4
80002cf4:	00c77a63          	bgeu	a4,a2,80002d08 <__moddi3+0x1ac>
80002cf8:	00e88733          	add	a4,a7,a4
80002cfc:	01176663          	bltu	a4,a7,80002d08 <__moddi3+0x1ac>
80002d00:	00c77463          	bgeu	a4,a2,80002d08 <__moddi3+0x1ac>
80002d04:	01170733          	add	a4,a4,a7
80002d08:	40c70733          	sub	a4,a4,a2
80002d0c:	02b756b3          	divu	a3,a4,a1
80002d10:	02b77733          	remu	a4,a4,a1
80002d14:	02a686b3          	mul	a3,a3,a0
80002d18:	f21ff06f          	j	80002c38 <__moddi3+0xdc>
80002d1c:	010005b7          	lui	a1,0x1000
80002d20:	01800693          	li	a3,24
80002d24:	f8b676e3          	bgeu	a2,a1,80002cb0 <__moddi3+0x154>
80002d28:	01000693          	li	a3,16
80002d2c:	f85ff06f          	j	80002cb0 <__moddi3+0x154>
80002d30:	006618b3          	sll	a7,a2,t1
80002d34:	00ee56b3          	srl	a3,t3,a4
80002d38:	006517b3          	sll	a5,a0,t1
80002d3c:	00e55733          	srl	a4,a0,a4
80002d40:	0108d513          	srl	a0,a7,0x10
80002d44:	02a6d5b3          	divu	a1,a3,a0
80002d48:	006e1e33          	sll	t3,t3,t1
80002d4c:	01c76733          	or	a4,a4,t3
80002d50:	01089e13          	sll	t3,a7,0x10
80002d54:	010e5e13          	srl	t3,t3,0x10
80002d58:	02a6f6b3          	remu	a3,a3,a0
80002d5c:	03c585b3          	mul	a1,a1,t3
80002d60:	01069613          	sll	a2,a3,0x10
80002d64:	01075693          	srl	a3,a4,0x10
80002d68:	00c6e6b3          	or	a3,a3,a2
80002d6c:	00b6fa63          	bgeu	a3,a1,80002d80 <__moddi3+0x224>
80002d70:	00d886b3          	add	a3,a7,a3
80002d74:	0116e663          	bltu	a3,a7,80002d80 <__moddi3+0x224>
80002d78:	00b6f463          	bgeu	a3,a1,80002d80 <__moddi3+0x224>
80002d7c:	011686b3          	add	a3,a3,a7
80002d80:	40b686b3          	sub	a3,a3,a1
80002d84:	02a6d633          	divu	a2,a3,a0
80002d88:	01071713          	sll	a4,a4,0x10
80002d8c:	01075713          	srl	a4,a4,0x10
80002d90:	02a6f6b3          	remu	a3,a3,a0
80002d94:	03c60633          	mul	a2,a2,t3
80002d98:	01069693          	sll	a3,a3,0x10
80002d9c:	00d76733          	or	a4,a4,a3
80002da0:	00c77a63          	bgeu	a4,a2,80002db4 <__moddi3+0x258>
80002da4:	00e88733          	add	a4,a7,a4
80002da8:	01176663          	bltu	a4,a7,80002db4 <__moddi3+0x258>
80002dac:	00c77463          	bgeu	a4,a2,80002db4 <__moddi3+0x258>
80002db0:	01170733          	add	a4,a4,a7
80002db4:	40c70733          	sub	a4,a4,a2
80002db8:	f19ff06f          	j	80002cd0 <__moddi3+0x174>
80002dbc:	eade66e3          	bltu	t3,a3,80002c68 <__moddi3+0x10c>
80002dc0:	00010737          	lui	a4,0x10
80002dc4:	04e6fc63          	bgeu	a3,a4,80002e1c <__moddi3+0x2c0>
80002dc8:	1006b713          	sltiu	a4,a3,256
80002dcc:	00173713          	seqz	a4,a4
80002dd0:	00371713          	sll	a4,a4,0x3
80002dd4:	800048b7          	lui	a7,0x80004
80002dd8:	00e6d333          	srl	t1,a3,a4
80002ddc:	60088893          	add	a7,a7,1536 # 80004600 <__clz_tab>
80002de0:	006888b3          	add	a7,a7,t1
80002de4:	0008c883          	lbu	a7,0(a7)
80002de8:	02000313          	li	t1,32
80002dec:	00e888b3          	add	a7,a7,a4
80002df0:	41130733          	sub	a4,t1,a7
80002df4:	03131e63          	bne	t1,a7,80002e30 <__moddi3+0x2d4>
80002df8:	01c6e463          	bltu	a3,t3,80002e00 <__moddi3+0x2a4>
80002dfc:	00c56c63          	bltu	a0,a2,80002e14 <__moddi3+0x2b8>
80002e00:	40c50633          	sub	a2,a0,a2
80002e04:	40de06b3          	sub	a3,t3,a3
80002e08:	00c535b3          	sltu	a1,a0,a2
80002e0c:	00060793          	mv	a5,a2
80002e10:	40b685b3          	sub	a1,a3,a1
80002e14:	00078513          	mv	a0,a5
80002e18:	e51ff06f          	j	80002c68 <__moddi3+0x10c>
80002e1c:	010008b7          	lui	a7,0x1000
80002e20:	01800713          	li	a4,24
80002e24:	fb16f8e3          	bgeu	a3,a7,80002dd4 <__moddi3+0x278>
80002e28:	01000713          	li	a4,16
80002e2c:	fa9ff06f          	j	80002dd4 <__moddi3+0x278>
80002e30:	00e696b3          	sll	a3,a3,a4
80002e34:	01165333          	srl	t1,a2,a7
80002e38:	00d36333          	or	t1,t1,a3
80002e3c:	011e57b3          	srl	a5,t3,a7
80002e40:	01035e93          	srl	t4,t1,0x10
80002e44:	03d7dfb3          	divu	t6,a5,t4
80002e48:	00ee1e33          	sll	t3,t3,a4
80002e4c:	011555b3          	srl	a1,a0,a7
80002e50:	01c5e5b3          	or	a1,a1,t3
80002e54:	01031e13          	sll	t3,t1,0x10
80002e58:	010e5e13          	srl	t3,t3,0x10
80002e5c:	00e61633          	sll	a2,a2,a4
80002e60:	00e51533          	sll	a0,a0,a4
80002e64:	03d7f7b3          	remu	a5,a5,t4
80002e68:	03fe0f33          	mul	t5,t3,t6
80002e6c:	01079693          	sll	a3,a5,0x10
80002e70:	0105d793          	srl	a5,a1,0x10
80002e74:	00d7e7b3          	or	a5,a5,a3
80002e78:	000f8693          	mv	a3,t6
80002e7c:	01e7fe63          	bgeu	a5,t5,80002e98 <__moddi3+0x33c>
80002e80:	00f307b3          	add	a5,t1,a5
80002e84:	ffff8693          	add	a3,t6,-1
80002e88:	0067e863          	bltu	a5,t1,80002e98 <__moddi3+0x33c>
80002e8c:	01e7f663          	bgeu	a5,t5,80002e98 <__moddi3+0x33c>
80002e90:	ffef8693          	add	a3,t6,-2
80002e94:	006787b3          	add	a5,a5,t1
80002e98:	41e787b3          	sub	a5,a5,t5
80002e9c:	03d7df33          	divu	t5,a5,t4
80002ea0:	01059593          	sll	a1,a1,0x10
80002ea4:	0105d593          	srl	a1,a1,0x10
80002ea8:	03d7f7b3          	remu	a5,a5,t4
80002eac:	03ee0e33          	mul	t3,t3,t5
80002eb0:	01079793          	sll	a5,a5,0x10
80002eb4:	00f5e5b3          	or	a1,a1,a5
80002eb8:	000f0793          	mv	a5,t5
80002ebc:	01c5fe63          	bgeu	a1,t3,80002ed8 <__moddi3+0x37c>
80002ec0:	00b305b3          	add	a1,t1,a1
80002ec4:	ffff0793          	add	a5,t5,-1
80002ec8:	0065e863          	bltu	a1,t1,80002ed8 <__moddi3+0x37c>
80002ecc:	01c5f663          	bgeu	a1,t3,80002ed8 <__moddi3+0x37c>
80002ed0:	ffef0793          	add	a5,t5,-2
80002ed4:	006585b3          	add	a1,a1,t1
80002ed8:	01069693          	sll	a3,a3,0x10
80002edc:	00010fb7          	lui	t6,0x10
80002ee0:	00f6e6b3          	or	a3,a3,a5
80002ee4:	41c585b3          	sub	a1,a1,t3
80002ee8:	ffff8e13          	add	t3,t6,-1 # ffff <buflen.1+0xffbf>
80002eec:	01c6f7b3          	and	a5,a3,t3
80002ef0:	01065e93          	srl	t4,a2,0x10
80002ef4:	0106d693          	srl	a3,a3,0x10
80002ef8:	01c67e33          	and	t3,a2,t3
80002efc:	03c78f33          	mul	t5,a5,t3
80002f00:	03c68e33          	mul	t3,a3,t3
80002f04:	03d787b3          	mul	a5,a5,t4
80002f08:	03d686b3          	mul	a3,a3,t4
80002f0c:	01c78eb3          	add	t4,a5,t3
80002f10:	010f5793          	srl	a5,t5,0x10
80002f14:	01d787b3          	add	a5,a5,t4
80002f18:	01c7f463          	bgeu	a5,t3,80002f20 <__moddi3+0x3c4>
80002f1c:	01f686b3          	add	a3,a3,t6
80002f20:	0107de13          	srl	t3,a5,0x10
80002f24:	00de06b3          	add	a3,t3,a3
80002f28:	00010e37          	lui	t3,0x10
80002f2c:	fffe0e13          	add	t3,t3,-1 # ffff <buflen.1+0xffbf>
80002f30:	01c7f7b3          	and	a5,a5,t3
80002f34:	01079793          	sll	a5,a5,0x10
80002f38:	01cf7f33          	and	t5,t5,t3
80002f3c:	01e787b3          	add	a5,a5,t5
80002f40:	00d5e663          	bltu	a1,a3,80002f4c <__moddi3+0x3f0>
80002f44:	00d59e63          	bne	a1,a3,80002f60 <__moddi3+0x404>
80002f48:	00f57c63          	bgeu	a0,a5,80002f60 <__moddi3+0x404>
80002f4c:	40c78633          	sub	a2,a5,a2
80002f50:	00c7be33          	sltu	t3,a5,a2
80002f54:	00060793          	mv	a5,a2
80002f58:	006e0633          	add	a2,t3,t1
80002f5c:	40c686b3          	sub	a3,a3,a2
80002f60:	40f507b3          	sub	a5,a0,a5
80002f64:	00f53533          	sltu	a0,a0,a5
80002f68:	40d585b3          	sub	a1,a1,a3
80002f6c:	40a585b3          	sub	a1,a1,a0
80002f70:	011598b3          	sll	a7,a1,a7
80002f74:	00e7d7b3          	srl	a5,a5,a4
80002f78:	00f8e533          	or	a0,a7,a5
80002f7c:	00e5d5b3          	srl	a1,a1,a4
80002f80:	ce9ff06f          	j	80002c68 <__moddi3+0x10c>

80002f84 <__udivdi3>:
80002f84:	00050893          	mv	a7,a0
80002f88:	00058313          	mv	t1,a1
80002f8c:	00060713          	mv	a4,a2
80002f90:	00050813          	mv	a6,a0
80002f94:	00058793          	mv	a5,a1
80002f98:	28069263          	bnez	a3,8000321c <__udivdi3+0x298>
80002f9c:	800045b7          	lui	a1,0x80004
80002fa0:	60058593          	add	a1,a1,1536 # 80004600 <__clz_tab>
80002fa4:	0ec37663          	bgeu	t1,a2,80003090 <__udivdi3+0x10c>
80002fa8:	000106b7          	lui	a3,0x10
80002fac:	0cd67863          	bgeu	a2,a3,8000307c <__udivdi3+0xf8>
80002fb0:	10063693          	sltiu	a3,a2,256
80002fb4:	0016b693          	seqz	a3,a3
80002fb8:	00369693          	sll	a3,a3,0x3
80002fbc:	00d65533          	srl	a0,a2,a3
80002fc0:	00a585b3          	add	a1,a1,a0
80002fc4:	0005c583          	lbu	a1,0(a1)
80002fc8:	02000513          	li	a0,32
80002fcc:	00d586b3          	add	a3,a1,a3
80002fd0:	40d505b3          	sub	a1,a0,a3
80002fd4:	00d50c63          	beq	a0,a3,80002fec <__udivdi3+0x68>
80002fd8:	00b317b3          	sll	a5,t1,a1
80002fdc:	00d8d6b3          	srl	a3,a7,a3
80002fe0:	00b61733          	sll	a4,a2,a1
80002fe4:	00f6e7b3          	or	a5,a3,a5
80002fe8:	00b89833          	sll	a6,a7,a1
80002fec:	01075593          	srl	a1,a4,0x10
80002ff0:	02b7d333          	divu	t1,a5,a1
80002ff4:	01071613          	sll	a2,a4,0x10
80002ff8:	01065613          	srl	a2,a2,0x10
80002ffc:	02b7f7b3          	remu	a5,a5,a1
80003000:	00030513          	mv	a0,t1
80003004:	026608b3          	mul	a7,a2,t1
80003008:	01079693          	sll	a3,a5,0x10
8000300c:	01085793          	srl	a5,a6,0x10
80003010:	00d7e7b3          	or	a5,a5,a3
80003014:	0117fe63          	bgeu	a5,a7,80003030 <__udivdi3+0xac>
80003018:	00f707b3          	add	a5,a4,a5
8000301c:	fff30513          	add	a0,t1,-1 # ffffff <buflen.1+0xffffbf>
80003020:	00e7e863          	bltu	a5,a4,80003030 <__udivdi3+0xac>
80003024:	0117f663          	bgeu	a5,a7,80003030 <__udivdi3+0xac>
80003028:	ffe30513          	add	a0,t1,-2
8000302c:	00e787b3          	add	a5,a5,a4
80003030:	411787b3          	sub	a5,a5,a7
80003034:	02b7d8b3          	divu	a7,a5,a1
80003038:	01081813          	sll	a6,a6,0x10
8000303c:	01085813          	srl	a6,a6,0x10
80003040:	02b7f7b3          	remu	a5,a5,a1
80003044:	031606b3          	mul	a3,a2,a7
80003048:	01079793          	sll	a5,a5,0x10
8000304c:	00f86833          	or	a6,a6,a5
80003050:	00088793          	mv	a5,a7
80003054:	00d87c63          	bgeu	a6,a3,8000306c <__udivdi3+0xe8>
80003058:	01070833          	add	a6,a4,a6
8000305c:	fff88793          	add	a5,a7,-1 # ffffff <buflen.1+0xffffbf>
80003060:	00e86663          	bltu	a6,a4,8000306c <__udivdi3+0xe8>
80003064:	00d87463          	bgeu	a6,a3,8000306c <__udivdi3+0xe8>
80003068:	ffe88793          	add	a5,a7,-2
8000306c:	01051513          	sll	a0,a0,0x10
80003070:	00f56533          	or	a0,a0,a5
80003074:	00000593          	li	a1,0
80003078:	00008067          	ret
8000307c:	01000537          	lui	a0,0x1000
80003080:	01800693          	li	a3,24
80003084:	f2a67ce3          	bgeu	a2,a0,80002fbc <__udivdi3+0x38>
80003088:	01000693          	li	a3,16
8000308c:	f31ff06f          	j	80002fbc <__udivdi3+0x38>
80003090:	00000693          	li	a3,0
80003094:	00060c63          	beqz	a2,800030ac <__udivdi3+0x128>
80003098:	000107b7          	lui	a5,0x10
8000309c:	0cf67063          	bgeu	a2,a5,8000315c <__udivdi3+0x1d8>
800030a0:	10063693          	sltiu	a3,a2,256
800030a4:	0016b693          	seqz	a3,a3
800030a8:	00369693          	sll	a3,a3,0x3
800030ac:	00d657b3          	srl	a5,a2,a3
800030b0:	00f585b3          	add	a1,a1,a5
800030b4:	0005c783          	lbu	a5,0(a1)
800030b8:	00d787b3          	add	a5,a5,a3
800030bc:	02000693          	li	a3,32
800030c0:	40f685b3          	sub	a1,a3,a5
800030c4:	0af69663          	bne	a3,a5,80003170 <__udivdi3+0x1ec>
800030c8:	40c307b3          	sub	a5,t1,a2
800030cc:	00100593          	li	a1,1
800030d0:	01075893          	srl	a7,a4,0x10
800030d4:	0317de33          	divu	t3,a5,a7
800030d8:	01071613          	sll	a2,a4,0x10
800030dc:	01065613          	srl	a2,a2,0x10
800030e0:	01085693          	srl	a3,a6,0x10
800030e4:	0317f7b3          	remu	a5,a5,a7
800030e8:	000e0513          	mv	a0,t3
800030ec:	03c60333          	mul	t1,a2,t3
800030f0:	01079793          	sll	a5,a5,0x10
800030f4:	00f6e7b3          	or	a5,a3,a5
800030f8:	0067fe63          	bgeu	a5,t1,80003114 <__udivdi3+0x190>
800030fc:	00f707b3          	add	a5,a4,a5
80003100:	fffe0513          	add	a0,t3,-1
80003104:	00e7e863          	bltu	a5,a4,80003114 <__udivdi3+0x190>
80003108:	0067f663          	bgeu	a5,t1,80003114 <__udivdi3+0x190>
8000310c:	ffee0513          	add	a0,t3,-2
80003110:	00e787b3          	add	a5,a5,a4
80003114:	406787b3          	sub	a5,a5,t1
80003118:	0317d333          	divu	t1,a5,a7
8000311c:	01081813          	sll	a6,a6,0x10
80003120:	01085813          	srl	a6,a6,0x10
80003124:	0317f7b3          	remu	a5,a5,a7
80003128:	026606b3          	mul	a3,a2,t1
8000312c:	01079793          	sll	a5,a5,0x10
80003130:	00f86833          	or	a6,a6,a5
80003134:	00030793          	mv	a5,t1
80003138:	00d87c63          	bgeu	a6,a3,80003150 <__udivdi3+0x1cc>
8000313c:	01070833          	add	a6,a4,a6
80003140:	fff30793          	add	a5,t1,-1
80003144:	00e86663          	bltu	a6,a4,80003150 <__udivdi3+0x1cc>
80003148:	00d87463          	bgeu	a6,a3,80003150 <__udivdi3+0x1cc>
8000314c:	ffe30793          	add	a5,t1,-2
80003150:	01051513          	sll	a0,a0,0x10
80003154:	00f56533          	or	a0,a0,a5
80003158:	00008067          	ret
8000315c:	010007b7          	lui	a5,0x1000
80003160:	01800693          	li	a3,24
80003164:	f4f674e3          	bgeu	a2,a5,800030ac <__udivdi3+0x128>
80003168:	01000693          	li	a3,16
8000316c:	f41ff06f          	j	800030ac <__udivdi3+0x128>
80003170:	00b61733          	sll	a4,a2,a1
80003174:	00f356b3          	srl	a3,t1,a5
80003178:	01075513          	srl	a0,a4,0x10
8000317c:	00b31333          	sll	t1,t1,a1
80003180:	00f8d7b3          	srl	a5,a7,a5
80003184:	0067e7b3          	or	a5,a5,t1
80003188:	02a6d333          	divu	t1,a3,a0
8000318c:	01071613          	sll	a2,a4,0x10
80003190:	01065613          	srl	a2,a2,0x10
80003194:	00b89833          	sll	a6,a7,a1
80003198:	02a6f6b3          	remu	a3,a3,a0
8000319c:	026608b3          	mul	a7,a2,t1
800031a0:	01069593          	sll	a1,a3,0x10
800031a4:	0107d693          	srl	a3,a5,0x10
800031a8:	00b6e6b3          	or	a3,a3,a1
800031ac:	00030593          	mv	a1,t1
800031b0:	0116fe63          	bgeu	a3,a7,800031cc <__udivdi3+0x248>
800031b4:	00d706b3          	add	a3,a4,a3
800031b8:	fff30593          	add	a1,t1,-1
800031bc:	00e6e863          	bltu	a3,a4,800031cc <__udivdi3+0x248>
800031c0:	0116f663          	bgeu	a3,a7,800031cc <__udivdi3+0x248>
800031c4:	ffe30593          	add	a1,t1,-2
800031c8:	00e686b3          	add	a3,a3,a4
800031cc:	411686b3          	sub	a3,a3,a7
800031d0:	02a6d8b3          	divu	a7,a3,a0
800031d4:	01079793          	sll	a5,a5,0x10
800031d8:	0107d793          	srl	a5,a5,0x10
800031dc:	02a6f6b3          	remu	a3,a3,a0
800031e0:	03160633          	mul	a2,a2,a7
800031e4:	01069693          	sll	a3,a3,0x10
800031e8:	00d7e7b3          	or	a5,a5,a3
800031ec:	00088693          	mv	a3,a7
800031f0:	00c7fe63          	bgeu	a5,a2,8000320c <__udivdi3+0x288>
800031f4:	00f707b3          	add	a5,a4,a5
800031f8:	fff88693          	add	a3,a7,-1
800031fc:	00e7e863          	bltu	a5,a4,8000320c <__udivdi3+0x288>
80003200:	00c7f663          	bgeu	a5,a2,8000320c <__udivdi3+0x288>
80003204:	ffe88693          	add	a3,a7,-2
80003208:	00e787b3          	add	a5,a5,a4
8000320c:	01059593          	sll	a1,a1,0x10
80003210:	40c787b3          	sub	a5,a5,a2
80003214:	00d5e5b3          	or	a1,a1,a3
80003218:	eb9ff06f          	j	800030d0 <__udivdi3+0x14c>
8000321c:	18d5e663          	bltu	a1,a3,800033a8 <__udivdi3+0x424>
80003220:	000107b7          	lui	a5,0x10
80003224:	04f6f463          	bgeu	a3,a5,8000326c <__udivdi3+0x2e8>
80003228:	1006b713          	sltiu	a4,a3,256
8000322c:	00173713          	seqz	a4,a4
80003230:	00371713          	sll	a4,a4,0x3
80003234:	800047b7          	lui	a5,0x80004
80003238:	00e6d5b3          	srl	a1,a3,a4
8000323c:	60078793          	add	a5,a5,1536 # 80004600 <__clz_tab>
80003240:	00b787b3          	add	a5,a5,a1
80003244:	0007c783          	lbu	a5,0(a5)
80003248:	00e787b3          	add	a5,a5,a4
8000324c:	02000713          	li	a4,32
80003250:	40f705b3          	sub	a1,a4,a5
80003254:	02f71663          	bne	a4,a5,80003280 <__udivdi3+0x2fc>
80003258:	00100513          	li	a0,1
8000325c:	e066eee3          	bltu	a3,t1,80003078 <__udivdi3+0xf4>
80003260:	00c8b533          	sltu	a0,a7,a2
80003264:	00153513          	seqz	a0,a0
80003268:	00008067          	ret
8000326c:	010007b7          	lui	a5,0x1000
80003270:	01800713          	li	a4,24
80003274:	fcf6f0e3          	bgeu	a3,a5,80003234 <__udivdi3+0x2b0>
80003278:	01000713          	li	a4,16
8000327c:	fb9ff06f          	j	80003234 <__udivdi3+0x2b0>
80003280:	00f65733          	srl	a4,a2,a5
80003284:	00b696b3          	sll	a3,a3,a1
80003288:	00d766b3          	or	a3,a4,a3
8000328c:	00f35733          	srl	a4,t1,a5
80003290:	00b31333          	sll	t1,t1,a1
80003294:	00f8d7b3          	srl	a5,a7,a5
80003298:	0067e7b3          	or	a5,a5,t1
8000329c:	0106d313          	srl	t1,a3,0x10
800032a0:	02675eb3          	divu	t4,a4,t1
800032a4:	01069813          	sll	a6,a3,0x10
800032a8:	01085813          	srl	a6,a6,0x10
800032ac:	00b61633          	sll	a2,a2,a1
800032b0:	02677733          	remu	a4,a4,t1
800032b4:	03d80e33          	mul	t3,a6,t4
800032b8:	01071513          	sll	a0,a4,0x10
800032bc:	0107d713          	srl	a4,a5,0x10
800032c0:	00a76733          	or	a4,a4,a0
800032c4:	000e8513          	mv	a0,t4
800032c8:	01c77e63          	bgeu	a4,t3,800032e4 <__udivdi3+0x360>
800032cc:	00e68733          	add	a4,a3,a4
800032d0:	fffe8513          	add	a0,t4,-1
800032d4:	00d76863          	bltu	a4,a3,800032e4 <__udivdi3+0x360>
800032d8:	01c77663          	bgeu	a4,t3,800032e4 <__udivdi3+0x360>
800032dc:	ffee8513          	add	a0,t4,-2
800032e0:	00d70733          	add	a4,a4,a3
800032e4:	41c70733          	sub	a4,a4,t3
800032e8:	02675e33          	divu	t3,a4,t1
800032ec:	01079793          	sll	a5,a5,0x10
800032f0:	0107d793          	srl	a5,a5,0x10
800032f4:	02677733          	remu	a4,a4,t1
800032f8:	03c80833          	mul	a6,a6,t3
800032fc:	01071713          	sll	a4,a4,0x10
80003300:	00e7e7b3          	or	a5,a5,a4
80003304:	000e0713          	mv	a4,t3
80003308:	0107fe63          	bgeu	a5,a6,80003324 <__udivdi3+0x3a0>
8000330c:	00f687b3          	add	a5,a3,a5
80003310:	fffe0713          	add	a4,t3,-1
80003314:	00d7e863          	bltu	a5,a3,80003324 <__udivdi3+0x3a0>
80003318:	0107f663          	bgeu	a5,a6,80003324 <__udivdi3+0x3a0>
8000331c:	ffee0713          	add	a4,t3,-2
80003320:	00d787b3          	add	a5,a5,a3
80003324:	01051513          	sll	a0,a0,0x10
80003328:	00010e37          	lui	t3,0x10
8000332c:	00e56533          	or	a0,a0,a4
80003330:	fffe0693          	add	a3,t3,-1 # ffff <buflen.1+0xffbf>
80003334:	00d57733          	and	a4,a0,a3
80003338:	410787b3          	sub	a5,a5,a6
8000333c:	00d676b3          	and	a3,a2,a3
80003340:	01055813          	srl	a6,a0,0x10
80003344:	01065613          	srl	a2,a2,0x10
80003348:	02d70333          	mul	t1,a4,a3
8000334c:	02d806b3          	mul	a3,a6,a3
80003350:	02c70733          	mul	a4,a4,a2
80003354:	02c80833          	mul	a6,a6,a2
80003358:	00d70633          	add	a2,a4,a3
8000335c:	01035713          	srl	a4,t1,0x10
80003360:	00c70733          	add	a4,a4,a2
80003364:	00d77463          	bgeu	a4,a3,8000336c <__udivdi3+0x3e8>
80003368:	01c80833          	add	a6,a6,t3
8000336c:	01075693          	srl	a3,a4,0x10
80003370:	010686b3          	add	a3,a3,a6
80003374:	02d7e663          	bltu	a5,a3,800033a0 <__udivdi3+0x41c>
80003378:	ced79ee3          	bne	a5,a3,80003074 <__udivdi3+0xf0>
8000337c:	000107b7          	lui	a5,0x10
80003380:	fff78793          	add	a5,a5,-1 # ffff <buflen.1+0xffbf>
80003384:	00f77733          	and	a4,a4,a5
80003388:	01071713          	sll	a4,a4,0x10
8000338c:	00f37333          	and	t1,t1,a5
80003390:	00b898b3          	sll	a7,a7,a1
80003394:	00670733          	add	a4,a4,t1
80003398:	00000593          	li	a1,0
8000339c:	cce8fee3          	bgeu	a7,a4,80003078 <__udivdi3+0xf4>
800033a0:	fff50513          	add	a0,a0,-1 # ffffff <buflen.1+0xffffbf>
800033a4:	cd1ff06f          	j	80003074 <__udivdi3+0xf0>
800033a8:	00000593          	li	a1,0
800033ac:	00000513          	li	a0,0
800033b0:	00008067          	ret

800033b4 <__umoddi3>:
800033b4:	00060813          	mv	a6,a2
800033b8:	00050793          	mv	a5,a0
800033bc:	00058713          	mv	a4,a1
800033c0:	20069663          	bnez	a3,800035cc <__umoddi3+0x218>
800033c4:	800048b7          	lui	a7,0x80004
800033c8:	60088893          	add	a7,a7,1536 # 80004600 <__clz_tab>
800033cc:	0cc5fc63          	bgeu	a1,a2,800034a4 <__umoddi3+0xf0>
800033d0:	000106b7          	lui	a3,0x10
800033d4:	0ad67e63          	bgeu	a2,a3,80003490 <__umoddi3+0xdc>
800033d8:	10063693          	sltiu	a3,a2,256
800033dc:	0016b693          	seqz	a3,a3
800033e0:	00369693          	sll	a3,a3,0x3
800033e4:	00d65333          	srl	t1,a2,a3
800033e8:	006888b3          	add	a7,a7,t1
800033ec:	0008c883          	lbu	a7,0(a7)
800033f0:	02000313          	li	t1,32
800033f4:	00d886b3          	add	a3,a7,a3
800033f8:	40d308b3          	sub	a7,t1,a3
800033fc:	00d30c63          	beq	t1,a3,80003414 <__umoddi3+0x60>
80003400:	01159733          	sll	a4,a1,a7
80003404:	00d556b3          	srl	a3,a0,a3
80003408:	01161833          	sll	a6,a2,a7
8000340c:	00e6e733          	or	a4,a3,a4
80003410:	011517b3          	sll	a5,a0,a7
80003414:	01085613          	srl	a2,a6,0x10
80003418:	02c756b3          	divu	a3,a4,a2
8000341c:	01081513          	sll	a0,a6,0x10
80003420:	01055513          	srl	a0,a0,0x10
80003424:	02c77733          	remu	a4,a4,a2
80003428:	02a686b3          	mul	a3,a3,a0
8000342c:	01071593          	sll	a1,a4,0x10
80003430:	0107d713          	srl	a4,a5,0x10
80003434:	00b76733          	or	a4,a4,a1
80003438:	00d77a63          	bgeu	a4,a3,8000344c <__umoddi3+0x98>
8000343c:	00e80733          	add	a4,a6,a4
80003440:	01076663          	bltu	a4,a6,8000344c <__umoddi3+0x98>
80003444:	00d77463          	bgeu	a4,a3,8000344c <__umoddi3+0x98>
80003448:	01070733          	add	a4,a4,a6
8000344c:	40d70733          	sub	a4,a4,a3
80003450:	02c756b3          	divu	a3,a4,a2
80003454:	02c77733          	remu	a4,a4,a2
80003458:	02a686b3          	mul	a3,a3,a0
8000345c:	01079793          	sll	a5,a5,0x10
80003460:	01071713          	sll	a4,a4,0x10
80003464:	0107d793          	srl	a5,a5,0x10
80003468:	00e7e7b3          	or	a5,a5,a4
8000346c:	00d7fa63          	bgeu	a5,a3,80003480 <__umoddi3+0xcc>
80003470:	00f807b3          	add	a5,a6,a5
80003474:	0107e663          	bltu	a5,a6,80003480 <__umoddi3+0xcc>
80003478:	00d7f463          	bgeu	a5,a3,80003480 <__umoddi3+0xcc>
8000347c:	010787b3          	add	a5,a5,a6
80003480:	40d787b3          	sub	a5,a5,a3
80003484:	0117d533          	srl	a0,a5,a7
80003488:	00000593          	li	a1,0
8000348c:	00008067          	ret
80003490:	01000337          	lui	t1,0x1000
80003494:	01800693          	li	a3,24
80003498:	f46676e3          	bgeu	a2,t1,800033e4 <__umoddi3+0x30>
8000349c:	01000693          	li	a3,16
800034a0:	f45ff06f          	j	800033e4 <__umoddi3+0x30>
800034a4:	00000693          	li	a3,0
800034a8:	00060c63          	beqz	a2,800034c0 <__umoddi3+0x10c>
800034ac:	00010737          	lui	a4,0x10
800034b0:	06e67e63          	bgeu	a2,a4,8000352c <__umoddi3+0x178>
800034b4:	10063693          	sltiu	a3,a2,256
800034b8:	0016b693          	seqz	a3,a3
800034bc:	00369693          	sll	a3,a3,0x3
800034c0:	00d65733          	srl	a4,a2,a3
800034c4:	00e888b3          	add	a7,a7,a4
800034c8:	0008c703          	lbu	a4,0(a7)
800034cc:	00d70733          	add	a4,a4,a3
800034d0:	02000693          	li	a3,32
800034d4:	40e688b3          	sub	a7,a3,a4
800034d8:	06e69463          	bne	a3,a4,80003540 <__umoddi3+0x18c>
800034dc:	40c58733          	sub	a4,a1,a2
800034e0:	01085593          	srl	a1,a6,0x10
800034e4:	02b75633          	divu	a2,a4,a1
800034e8:	01081513          	sll	a0,a6,0x10
800034ec:	01055513          	srl	a0,a0,0x10
800034f0:	0107d693          	srl	a3,a5,0x10
800034f4:	02b77733          	remu	a4,a4,a1
800034f8:	02a60633          	mul	a2,a2,a0
800034fc:	01071713          	sll	a4,a4,0x10
80003500:	00e6e733          	or	a4,a3,a4
80003504:	00c77a63          	bgeu	a4,a2,80003518 <__umoddi3+0x164>
80003508:	00e80733          	add	a4,a6,a4
8000350c:	01076663          	bltu	a4,a6,80003518 <__umoddi3+0x164>
80003510:	00c77463          	bgeu	a4,a2,80003518 <__umoddi3+0x164>
80003514:	01070733          	add	a4,a4,a6
80003518:	40c70733          	sub	a4,a4,a2
8000351c:	02b756b3          	divu	a3,a4,a1
80003520:	02b77733          	remu	a4,a4,a1
80003524:	02a686b3          	mul	a3,a3,a0
80003528:	f35ff06f          	j	8000345c <__umoddi3+0xa8>
8000352c:	01000737          	lui	a4,0x1000
80003530:	01800693          	li	a3,24
80003534:	f8e676e3          	bgeu	a2,a4,800034c0 <__umoddi3+0x10c>
80003538:	01000693          	li	a3,16
8000353c:	f85ff06f          	j	800034c0 <__umoddi3+0x10c>
80003540:	01161833          	sll	a6,a2,a7
80003544:	00e5d6b3          	srl	a3,a1,a4
80003548:	011517b3          	sll	a5,a0,a7
8000354c:	011595b3          	sll	a1,a1,a7
80003550:	00e55733          	srl	a4,a0,a4
80003554:	01085513          	srl	a0,a6,0x10
80003558:	00b76733          	or	a4,a4,a1
8000355c:	02a6d5b3          	divu	a1,a3,a0
80003560:	01081313          	sll	t1,a6,0x10
80003564:	01035313          	srl	t1,t1,0x10
80003568:	02a6f6b3          	remu	a3,a3,a0
8000356c:	026585b3          	mul	a1,a1,t1
80003570:	01069613          	sll	a2,a3,0x10
80003574:	01075693          	srl	a3,a4,0x10
80003578:	00c6e6b3          	or	a3,a3,a2
8000357c:	00b6fa63          	bgeu	a3,a1,80003590 <__umoddi3+0x1dc>
80003580:	00d806b3          	add	a3,a6,a3
80003584:	0106e663          	bltu	a3,a6,80003590 <__umoddi3+0x1dc>
80003588:	00b6f463          	bgeu	a3,a1,80003590 <__umoddi3+0x1dc>
8000358c:	010686b3          	add	a3,a3,a6
80003590:	40b686b3          	sub	a3,a3,a1
80003594:	02a6d633          	divu	a2,a3,a0
80003598:	01071713          	sll	a4,a4,0x10
8000359c:	01075713          	srl	a4,a4,0x10
800035a0:	02a6f6b3          	remu	a3,a3,a0
800035a4:	02660633          	mul	a2,a2,t1
800035a8:	01069693          	sll	a3,a3,0x10
800035ac:	00d76733          	or	a4,a4,a3
800035b0:	00c77a63          	bgeu	a4,a2,800035c4 <__umoddi3+0x210>
800035b4:	00e80733          	add	a4,a6,a4
800035b8:	01076663          	bltu	a4,a6,800035c4 <__umoddi3+0x210>
800035bc:	00c77463          	bgeu	a4,a2,800035c4 <__umoddi3+0x210>
800035c0:	01070733          	add	a4,a4,a6
800035c4:	40c70733          	sub	a4,a4,a2
800035c8:	f19ff06f          	j	800034e0 <__umoddi3+0x12c>
800035cc:	1cd5e463          	bltu	a1,a3,80003794 <__umoddi3+0x3e0>
800035d0:	00010837          	lui	a6,0x10
800035d4:	0506fe63          	bgeu	a3,a6,80003630 <__umoddi3+0x27c>
800035d8:	1006b813          	sltiu	a6,a3,256
800035dc:	00183813          	seqz	a6,a6
800035e0:	00381813          	sll	a6,a6,0x3
800035e4:	800048b7          	lui	a7,0x80004
800035e8:	0106d333          	srl	t1,a3,a6
800035ec:	60088893          	add	a7,a7,1536 # 80004600 <__clz_tab>
800035f0:	006888b3          	add	a7,a7,t1
800035f4:	0008c883          	lbu	a7,0(a7)
800035f8:	02000313          	li	t1,32
800035fc:	010888b3          	add	a7,a7,a6
80003600:	41130833          	sub	a6,t1,a7
80003604:	05131063          	bne	t1,a7,80003644 <__umoddi3+0x290>
80003608:	00b6e463          	bltu	a3,a1,80003610 <__umoddi3+0x25c>
8000360c:	00c56c63          	bltu	a0,a2,80003624 <__umoddi3+0x270>
80003610:	40c50633          	sub	a2,a0,a2
80003614:	40d586b3          	sub	a3,a1,a3
80003618:	00c53733          	sltu	a4,a0,a2
8000361c:	00060793          	mv	a5,a2
80003620:	40e68733          	sub	a4,a3,a4
80003624:	00078513          	mv	a0,a5
80003628:	00070593          	mv	a1,a4
8000362c:	00008067          	ret
80003630:	010008b7          	lui	a7,0x1000
80003634:	01800813          	li	a6,24
80003638:	fb16f6e3          	bgeu	a3,a7,800035e4 <__umoddi3+0x230>
8000363c:	01000813          	li	a6,16
80003640:	fa5ff06f          	j	800035e4 <__umoddi3+0x230>
80003644:	011657b3          	srl	a5,a2,a7
80003648:	010696b3          	sll	a3,a3,a6
8000364c:	00d7e6b3          	or	a3,a5,a3
80003650:	0115d733          	srl	a4,a1,a7
80003654:	0106de13          	srl	t3,a3,0x10
80003658:	03c75f33          	divu	t5,a4,t3
8000365c:	01069313          	sll	t1,a3,0x10
80003660:	01035313          	srl	t1,t1,0x10
80003664:	010597b3          	sll	a5,a1,a6
80003668:	011555b3          	srl	a1,a0,a7
8000366c:	00f5e5b3          	or	a1,a1,a5
80003670:	0105d793          	srl	a5,a1,0x10
80003674:	01061633          	sll	a2,a2,a6
80003678:	01051533          	sll	a0,a0,a6
8000367c:	03c77733          	remu	a4,a4,t3
80003680:	03e30eb3          	mul	t4,t1,t5
80003684:	01071713          	sll	a4,a4,0x10
80003688:	00e7e7b3          	or	a5,a5,a4
8000368c:	000f0713          	mv	a4,t5
80003690:	01d7fe63          	bgeu	a5,t4,800036ac <__umoddi3+0x2f8>
80003694:	00f687b3          	add	a5,a3,a5
80003698:	ffff0713          	add	a4,t5,-1
8000369c:	00d7e863          	bltu	a5,a3,800036ac <__umoddi3+0x2f8>
800036a0:	01d7f663          	bgeu	a5,t4,800036ac <__umoddi3+0x2f8>
800036a4:	ffef0713          	add	a4,t5,-2
800036a8:	00d787b3          	add	a5,a5,a3
800036ac:	41d787b3          	sub	a5,a5,t4
800036b0:	03c7deb3          	divu	t4,a5,t3
800036b4:	01059593          	sll	a1,a1,0x10
800036b8:	0105d593          	srl	a1,a1,0x10
800036bc:	03c7f7b3          	remu	a5,a5,t3
800036c0:	000e8e13          	mv	t3,t4
800036c4:	03d30333          	mul	t1,t1,t4
800036c8:	01079793          	sll	a5,a5,0x10
800036cc:	00f5e5b3          	or	a1,a1,a5
800036d0:	0065fe63          	bgeu	a1,t1,800036ec <__umoddi3+0x338>
800036d4:	00b685b3          	add	a1,a3,a1
800036d8:	fffe8e13          	add	t3,t4,-1
800036dc:	00d5e863          	bltu	a1,a3,800036ec <__umoddi3+0x338>
800036e0:	0065f663          	bgeu	a1,t1,800036ec <__umoddi3+0x338>
800036e4:	ffee8e13          	add	t3,t4,-2
800036e8:	00d585b3          	add	a1,a1,a3
800036ec:	01071793          	sll	a5,a4,0x10
800036f0:	00010f37          	lui	t5,0x10
800036f4:	01c7e7b3          	or	a5,a5,t3
800036f8:	406585b3          	sub	a1,a1,t1
800036fc:	ffff0313          	add	t1,t5,-1 # ffff <buflen.1+0xffbf>
80003700:	0067f733          	and	a4,a5,t1
80003704:	01065e13          	srl	t3,a2,0x10
80003708:	0107d793          	srl	a5,a5,0x10
8000370c:	00667333          	and	t1,a2,t1
80003710:	02670eb3          	mul	t4,a4,t1
80003714:	02678333          	mul	t1,a5,t1
80003718:	03c70733          	mul	a4,a4,t3
8000371c:	03c787b3          	mul	a5,a5,t3
80003720:	00670e33          	add	t3,a4,t1
80003724:	010ed713          	srl	a4,t4,0x10
80003728:	01c70733          	add	a4,a4,t3
8000372c:	00677463          	bgeu	a4,t1,80003734 <__umoddi3+0x380>
80003730:	01e787b3          	add	a5,a5,t5
80003734:	01075313          	srl	t1,a4,0x10
80003738:	00f307b3          	add	a5,t1,a5
8000373c:	00010337          	lui	t1,0x10
80003740:	fff30313          	add	t1,t1,-1 # ffff <buflen.1+0xffbf>
80003744:	00677733          	and	a4,a4,t1
80003748:	01071713          	sll	a4,a4,0x10
8000374c:	006efeb3          	and	t4,t4,t1
80003750:	01d70733          	add	a4,a4,t4
80003754:	00f5e663          	bltu	a1,a5,80003760 <__umoddi3+0x3ac>
80003758:	00f59e63          	bne	a1,a5,80003774 <__umoddi3+0x3c0>
8000375c:	00e57c63          	bgeu	a0,a4,80003774 <__umoddi3+0x3c0>
80003760:	40c70633          	sub	a2,a4,a2
80003764:	00c73333          	sltu	t1,a4,a2
80003768:	00d306b3          	add	a3,t1,a3
8000376c:	00060713          	mv	a4,a2
80003770:	40d787b3          	sub	a5,a5,a3
80003774:	40e50733          	sub	a4,a0,a4
80003778:	00e53533          	sltu	a0,a0,a4
8000377c:	40f585b3          	sub	a1,a1,a5
80003780:	40a585b3          	sub	a1,a1,a0
80003784:	011598b3          	sll	a7,a1,a7
80003788:	01075733          	srl	a4,a4,a6
8000378c:	00e8e533          	or	a0,a7,a4
80003790:	0105d5b3          	srl	a1,a1,a6
80003794:	00008067          	ret

Disassembly of section .text.startup:

80003798 <main>:
80003798:	7135                	add	sp,sp,-160
8000379a:	cf06                	sw	ra,156(sp)
8000379c:	cd22                	sw	s0,152(sp)
8000379e:	cb26                	sw	s1,148(sp)
800037a0:	1100                	add	s0,sp,160
800037a2:	c94a                	sw	s2,144(sp)
800037a4:	c74e                	sw	s3,140(sp)
800037a6:	c552                	sw	s4,136(sp)
800037a8:	c356                	sw	s5,132(sp)
800037aa:	c15a                	sw	s6,128(sp)
800037ac:	dede                	sw	s7,124(sp)
800037ae:	dce2                	sw	s8,120(sp)
800037b0:	dae6                	sw	s9,116(sp)
800037b2:	d8ea                	sw	s10,112(sp)
800037b4:	d6ee                	sw	s11,108(sp)
800037b6:	7139                	add	sp,sp,-64
800037b8:	00000797          	auipc	a5,0x0
800037bc:	6c478793          	add	a5,a5,1732 # 80003e7c <main+0x6e4>
800037c0:	00f10693          	add	a3,sp,15
800037c4:	7139                	add	sp,sp,-64
800037c6:	00001717          	auipc	a4,0x1
800037ca:	c0670713          	add	a4,a4,-1018 # 800043cc <main+0xc34>
800037ce:	0007a283          	lw	t0,0(a5)
800037d2:	0047af03          	lw	t5,4(a5)
800037d6:	0087ae83          	lw	t4,8(a5)
800037da:	00c7ae03          	lw	t3,12(a5)
800037de:	0107a303          	lw	t1,16(a5)
800037e2:	0147a883          	lw	a7,20(a5)
800037e6:	0187a803          	lw	a6,24(a5)
800037ea:	01c7d583          	lhu	a1,28(a5)
800037ee:	01e7c603          	lbu	a2,30(a5)
800037f2:	00f10793          	add	a5,sp,15
800037f6:	9bc1                	and	a5,a5,-16
800037f8:	00072f83          	lw	t6,0(a4)
800037fc:	9ac1                	and	a3,a3,-16
800037fe:	4389                	li	t2,2
80003800:	82818493          	add	s1,gp,-2008 # 80004778 <Next_Ptr_Glob>
80003804:	c394                	sw	a3,0(a5)
80003806:	0077a423          	sw	t2,8(a5)
8000380a:	c094                	sw	a3,0(s1)
8000380c:	02800393          	li	t2,40
80003810:	82c18693          	add	a3,gp,-2004 # 8000477c <Ptr_Glob>
80003814:	0077a623          	sw	t2,12(a5)
80003818:	0057a823          	sw	t0,16(a5)
8000381c:	c29c                	sw	a5,0(a3)
8000381e:	0007a223          	sw	zero,4(a5)
80003822:	4348                	lw	a0,4(a4)
80003824:	f9f42023          	sw	t6,-128(s0)
80003828:	01e7aa23          	sw	t5,20(a5)
8000382c:	01d7ac23          	sw	t4,24(a5)
80003830:	01c7ae23          	sw	t3,28(a5)
80003834:	0267a023          	sw	t1,32(a5)
80003838:	0317a223          	sw	a7,36(a5)
8000383c:	0307a423          	sw	a6,40(a5)
80003840:	02b79623          	sh	a1,44(a5)
80003844:	02c78723          	sb	a2,46(a5)
80003848:	01e74783          	lbu	a5,30(a4)
8000384c:	00872303          	lw	t1,8(a4)
80003850:	00c72883          	lw	a7,12(a4)
80003854:	01072803          	lw	a6,16(a4)
80003858:	4b4c                	lw	a1,20(a4)
8000385a:	4f10                	lw	a2,24(a4)
8000385c:	01c75683          	lhu	a3,28(a4)
80003860:	f8a42223          	sw	a0,-124(s0)
80003864:	00001717          	auipc	a4,0x1
80003868:	ff470713          	add	a4,a4,-12 # 80004858 <Arr_2_Glob>
8000386c:	00000517          	auipc	a0,0x0
80003870:	63450513          	add	a0,a0,1588 # 80003ea0 <main+0x708>
80003874:	f8f40f23          	sb	a5,-98(s0)
80003878:	47a9                	li	a5,10
8000387a:	64f72e23          	sw	a5,1628(a4)
8000387e:	f8642423          	sw	t1,-120(s0)
80003882:	f9142623          	sw	a7,-116(s0)
80003886:	f9042823          	sw	a6,-112(s0)
8000388a:	f8b42a23          	sw	a1,-108(s0)
8000388e:	f8c42c23          	sw	a2,-104(s0)
80003892:	f8d41e23          	sh	a3,-100(s0)
80003896:	87dfe0ef          	jal	80002112 <debug_printf>
8000389a:	00000597          	auipc	a1,0x0
8000389e:	60a58593          	add	a1,a1,1546 # 80003ea4 <main+0x70c>
800038a2:	00000517          	auipc	a0,0x0
800038a6:	61250513          	add	a0,a0,1554 # 80003eb4 <main+0x71c>
800038aa:	869fe0ef          	jal	80002112 <debug_printf>
800038ae:	8181a783          	lw	a5,-2024(gp) # 80004768 <Reg>
800038b2:	5a078163          	beqz	a5,80003e54 <main+0x6bc>
800038b6:	00000517          	auipc	a0,0x0
800038ba:	62250513          	add	a0,a0,1570 # 80003ed8 <main+0x740>
800038be:	855fe0ef          	jal	80002112 <debug_printf>
800038c2:	000f4637          	lui	a2,0xf4
800038c6:	24060613          	add	a2,a2,576 # f4240 <buflen.1+0xf4200>
800038ca:	00000597          	auipc	a1,0x0
800038ce:	66a58593          	add	a1,a1,1642 # 80003f34 <main+0x79c>
800038d2:	00000517          	auipc	a0,0x0
800038d6:	66e50513          	add	a0,a0,1646 # 80003f40 <main+0x7a8>
800038da:	839fe0ef          	jal	80002112 <debug_printf>
800038de:	00000517          	auipc	a0,0x0
800038e2:	5c250513          	add	a0,a0,1474 # 80003ea0 <main+0x708>
800038e6:	82dfe0ef          	jal	80002112 <debug_printf>
800038ea:	1f400793          	li	a5,500
800038ee:	f6f42623          	sw	a5,-148(s0)
800038f2:	81c18493          	add	s1,gp,-2020 # 8000476c <Ch_2_Glob>
800038f6:	8001aa23          	sw	zero,-2028(gp) # 80004764 <Done>
800038fa:	82418a13          	add	s4,gp,-2012 # 80004774 <Int_Glob>
800038fe:	00001917          	auipc	s2,0x1
80003902:	aee90913          	add	s2,s2,-1298 # 800043ec <main+0xc54>
80003906:	00001a97          	auipc	s5,0x1
8000390a:	b06a8a93          	add	s5,s5,-1274 # 8000440c <main+0xc74>
8000390e:	f6c42b03          	lw	s6,-148(s0)
80003912:	00000517          	auipc	a0,0x0
80003916:	64250513          	add	a0,a0,1602 # 80003f54 <main+0x7bc>
8000391a:	85da                	mv	a1,s6
8000391c:	ff6fe0ef          	jal	80002112 <debug_printf>
80003920:	4505                	li	a0,1
80003922:	d21fe0ef          	jal	80002642 <setStats>
80003926:	b00027f3          	csrr	a5,mcycle
8000392a:	81018713          	add	a4,gp,-2032 # 80004760 <Begin_Time>
8000392e:	c31c                	sw	a5,0(a4)
80003930:	17605b63          	blez	s6,80003aa6 <main+0x30e>
80003934:	001b0d13          	add	s10,s6,1
80003938:	4985                	li	s3,1
8000393a:	4c85                	li	s9,1
8000393c:	4c1d                	li	s8,7
8000393e:	92bfe0ef          	jal	80002268 <Proc_5>
80003942:	907fe0ef          	jal	80002248 <Proc_4>
80003946:	00092e83          	lw	t4,0(s2)
8000394a:	00492e03          	lw	t3,4(s2)
8000394e:	00892303          	lw	t1,8(s2)
80003952:	00c92883          	lw	a7,12(s2)
80003956:	01092803          	lw	a6,16(s2)
8000395a:	01892683          	lw	a3,24(s2)
8000395e:	01492603          	lw	a2,20(s2)
80003962:	01c95703          	lhu	a4,28(s2)
80003966:	01e94783          	lbu	a5,30(s2)
8000396a:	fa040593          	add	a1,s0,-96
8000396e:	f8040513          	add	a0,s0,-128
80003972:	fbd42023          	sw	t4,-96(s0)
80003976:	fbc42223          	sw	t3,-92(s0)
8000397a:	fa642423          	sw	t1,-88(s0)
8000397e:	fb142623          	sw	a7,-84(s0)
80003982:	fb042823          	sw	a6,-80(s0)
80003986:	fad42c23          	sw	a3,-72(s0)
8000398a:	fac42a23          	sw	a2,-76(s0)
8000398e:	fae41e23          	sh	a4,-68(s0)
80003992:	faf40f23          	sb	a5,-66(s0)
80003996:	f7942e23          	sw	s9,-132(s0)
8000399a:	eccfe0ef          	jal	80002066 <Func_2>
8000399e:	82018713          	add	a4,gp,-2016 # 80004770 <Bool_Glob>
800039a2:	00153793          	seqz	a5,a0
800039a6:	f7840613          	add	a2,s0,-136
800039aa:	458d                	li	a1,3
800039ac:	4509                	li	a0,2
800039ae:	c31c                	sw	a5,0(a4)
800039b0:	f7842c23          	sw	s8,-136(s0)
800039b4:	e4cfe0ef          	jal	80002000 <Proc_7>
800039b8:	f7842683          	lw	a3,-136(s0)
800039bc:	478d                	li	a5,3
800039be:	460d                	li	a2,3
800039c0:	00001597          	auipc	a1,0x1
800039c4:	e9858593          	add	a1,a1,-360 # 80004858 <Arr_2_Glob>
800039c8:	84018513          	add	a0,gp,-1984 # 80004790 <Arr_1_Glob>
800039cc:	f6f42a23          	sw	a5,-140(s0)
800039d0:	e38fe0ef          	jal	80002008 <Proc_8>
800039d4:	82c18793          	add	a5,gp,-2004 # 8000477c <Ptr_Glob>
800039d8:	4388                	lw	a0,0(a5)
800039da:	f80fe0ef          	jal	8000215a <Proc_1>
800039de:	0004c703          	lbu	a4,0(s1)
800039e2:	04000793          	li	a5,64
800039e6:	42e7fb63          	bgeu	a5,a4,80003e1c <main+0x684>
800039ea:	04100b13          	li	s6,65
800039ee:	4b8d                	li	s7,3
800039f0:	a801                	j	80003a00 <main+0x268>
800039f2:	0004c783          	lbu	a5,0(s1)
800039f6:	0b05                	add	s6,s6,1
800039f8:	0ffb7b13          	zext.b	s6,s6
800039fc:	0767ee63          	bltu	a5,s6,80003a78 <main+0x2e0>
80003a00:	04300593          	li	a1,67
80003a04:	855a                	mv	a0,s6
80003a06:	e48fe0ef          	jal	8000204e <Func_1>
80003a0a:	f7c42783          	lw	a5,-132(s0)
80003a0e:	fef512e3          	bne	a0,a5,800039f2 <main+0x25a>
80003a12:	f7c40593          	add	a1,s0,-132
80003a16:	4501                	li	a0,0
80003a18:	e90fe0ef          	jal	800020a8 <Proc_6>
80003a1c:	01eac783          	lbu	a5,30(s5)
80003a20:	000aa303          	lw	t1,0(s5)
80003a24:	004aa883          	lw	a7,4(s5)
80003a28:	008aa803          	lw	a6,8(s5)
80003a2c:	00caa503          	lw	a0,12(s5)
80003a30:	010aa583          	lw	a1,16(s5)
80003a34:	014aa603          	lw	a2,20(s5)
80003a38:	018aa683          	lw	a3,24(s5)
80003a3c:	01cad703          	lhu	a4,28(s5)
80003a40:	faf40f23          	sb	a5,-66(s0)
80003a44:	0004c783          	lbu	a5,0(s1)
80003a48:	0b05                	add	s6,s6,1
80003a4a:	fa642023          	sw	t1,-96(s0)
80003a4e:	fb142223          	sw	a7,-92(s0)
80003a52:	fb042423          	sw	a6,-88(s0)
80003a56:	faa42623          	sw	a0,-84(s0)
80003a5a:	fab42823          	sw	a1,-80(s0)
80003a5e:	fac42a23          	sw	a2,-76(s0)
80003a62:	fad42c23          	sw	a3,-72(s0)
80003a66:	fae41e23          	sh	a4,-68(s0)
80003a6a:	013a2023          	sw	s3,0(s4)
80003a6e:	0ffb7b13          	zext.b	s6,s6
80003a72:	8bce                	mv	s7,s3
80003a74:	f967f6e3          	bgeu	a5,s6,80003a00 <main+0x268>
80003a78:	217babb3          	sh1add	s7,s7,s7
80003a7c:	f7842b03          	lw	s6,-136(s0)
80003a80:	f7440513          	add	a0,s0,-140
80003a84:	0985                	add	s3,s3,1
80003a86:	036bcdb3          	div	s11,s7,s6
80003a8a:	f7b42a23          	sw	s11,-140(s0)
80003a8e:	e98fe0ef          	jal	80002126 <Proc_2>
80003a92:	eb3d16e3          	bne	s10,s3,8000393e <main+0x1a6>
80003a96:	416b8733          	sub	a4,s7,s6
80003a9a:	00371693          	sll	a3,a4,0x3
80003a9e:	40e68733          	sub	a4,a3,a4
80003aa2:	41b709b3          	sub	s3,a4,s11
80003aa6:	b00027f3          	csrr	a5,mcycle
80003aaa:	80c18713          	add	a4,gp,-2036 # 8000475c <End_Time>
80003aae:	4501                	li	a0,0
80003ab0:	8b3a                	mv	s6,a4
80003ab2:	c31c                	sw	a5,0(a4)
80003ab4:	b8ffe0ef          	jal	80002642 <setStats>
80003ab8:	81018713          	add	a4,gp,-2032 # 80004760 <Begin_Time>
80003abc:	4318                	lw	a4,0(a4)
80003abe:	000b2783          	lw	a5,0(s6)
80003ac2:	8f99                	sub	a5,a5,a4
80003ac4:	80818713          	add	a4,gp,-2040 # 80004758 <User_Time>
80003ac8:	c31c                	sw	a5,0(a4)
80003aca:	34f05b63          	blez	a5,80003e20 <main+0x688>
80003ace:	4785                	li	a5,1
80003ad0:	81418713          	add	a4,gp,-2028 # 80004764 <Done>
80003ad4:	c31c                	sw	a5,0(a4)
80003ad6:	00000517          	auipc	a0,0x0
80003ada:	4da50513          	add	a0,a0,1242 # 80003fb0 <main+0x818>
80003ade:	e34fe0ef          	jal	80002112 <debug_printf>
80003ae2:	00000517          	auipc	a0,0x0
80003ae6:	3be50513          	add	a0,a0,958 # 80003ea0 <main+0x708>
80003aea:	e28fe0ef          	jal	80002112 <debug_printf>
80003aee:	000a2583          	lw	a1,0(s4)
80003af2:	00000517          	auipc	a0,0x0
80003af6:	4f650513          	add	a0,a0,1270 # 80003fe8 <main+0x850>
80003afa:	e18fe0ef          	jal	80002112 <debug_printf>
80003afe:	4595                	li	a1,5
80003b00:	00000517          	auipc	a0,0x0
80003b04:	50450513          	add	a0,a0,1284 # 80004004 <main+0x86c>
80003b08:	e0afe0ef          	jal	80002112 <debug_printf>
80003b0c:	82018793          	add	a5,gp,-2016 # 80004770 <Bool_Glob>
80003b10:	438c                	lw	a1,0(a5)
80003b12:	00000517          	auipc	a0,0x0
80003b16:	50e50513          	add	a0,a0,1294 # 80004020 <main+0x888>
80003b1a:	df8fe0ef          	jal	80002112 <debug_printf>
80003b1e:	4585                	li	a1,1
80003b20:	00000517          	auipc	a0,0x0
80003b24:	4e450513          	add	a0,a0,1252 # 80004004 <main+0x86c>
80003b28:	deafe0ef          	jal	80002112 <debug_printf>
80003b2c:	81d1c583          	lbu	a1,-2019(gp) # 8000476d <Ch_1_Glob>
80003b30:	00000517          	auipc	a0,0x0
80003b34:	50c50513          	add	a0,a0,1292 # 8000403c <main+0x8a4>
80003b38:	ddafe0ef          	jal	80002112 <debug_printf>
80003b3c:	04100593          	li	a1,65
80003b40:	00000517          	auipc	a0,0x0
80003b44:	51850513          	add	a0,a0,1304 # 80004058 <main+0x8c0>
80003b48:	dcafe0ef          	jal	80002112 <debug_printf>
80003b4c:	0004c583          	lbu	a1,0(s1)
80003b50:	00000517          	auipc	a0,0x0
80003b54:	52450513          	add	a0,a0,1316 # 80004074 <main+0x8dc>
80003b58:	82c18493          	add	s1,gp,-2004 # 8000477c <Ptr_Glob>
80003b5c:	db6fe0ef          	jal	80002112 <debug_printf>
80003b60:	04200593          	li	a1,66
80003b64:	00000517          	auipc	a0,0x0
80003b68:	4f450513          	add	a0,a0,1268 # 80004058 <main+0x8c0>
80003b6c:	da6fe0ef          	jal	80002112 <debug_printf>
80003b70:	8601a583          	lw	a1,-1952(gp) # 800047b0 <Arr_1_Glob+0x20>
80003b74:	00000517          	auipc	a0,0x0
80003b78:	51c50513          	add	a0,a0,1308 # 80004090 <main+0x8f8>
80003b7c:	d96fe0ef          	jal	80002112 <debug_printf>
80003b80:	459d                	li	a1,7
80003b82:	00000517          	auipc	a0,0x0
80003b86:	48250513          	add	a0,a0,1154 # 80004004 <main+0x86c>
80003b8a:	d88fe0ef          	jal	80002112 <debug_printf>
80003b8e:	00001797          	auipc	a5,0x1
80003b92:	cca78793          	add	a5,a5,-822 # 80004858 <Arr_2_Glob>
80003b96:	65c7a583          	lw	a1,1628(a5)
80003b9a:	00000517          	auipc	a0,0x0
80003b9e:	51250513          	add	a0,a0,1298 # 800040ac <main+0x914>
80003ba2:	d70fe0ef          	jal	80002112 <debug_printf>
80003ba6:	00000517          	auipc	a0,0x0
80003baa:	52250513          	add	a0,a0,1314 # 800040c8 <main+0x930>
80003bae:	d64fe0ef          	jal	80002112 <debug_printf>
80003bb2:	00000517          	auipc	a0,0x0
80003bb6:	54250513          	add	a0,a0,1346 # 800040f4 <main+0x95c>
80003bba:	d58fe0ef          	jal	80002112 <debug_printf>
80003bbe:	409c                	lw	a5,0(s1)
80003bc0:	00000517          	auipc	a0,0x0
80003bc4:	54050513          	add	a0,a0,1344 # 80004100 <main+0x968>
80003bc8:	438c                	lw	a1,0(a5)
80003bca:	d48fe0ef          	jal	80002112 <debug_printf>
80003bce:	00000517          	auipc	a0,0x0
80003bd2:	54e50513          	add	a0,a0,1358 # 8000411c <main+0x984>
80003bd6:	d3cfe0ef          	jal	80002112 <debug_printf>
80003bda:	409c                	lw	a5,0(s1)
80003bdc:	00000517          	auipc	a0,0x0
80003be0:	57450513          	add	a0,a0,1396 # 80004150 <main+0x9b8>
80003be4:	43cc                	lw	a1,4(a5)
80003be6:	d2cfe0ef          	jal	80002112 <debug_printf>
80003bea:	4581                	li	a1,0
80003bec:	00000517          	auipc	a0,0x0
80003bf0:	41850513          	add	a0,a0,1048 # 80004004 <main+0x86c>
80003bf4:	d1efe0ef          	jal	80002112 <debug_printf>
80003bf8:	409c                	lw	a5,0(s1)
80003bfa:	00000517          	auipc	a0,0x0
80003bfe:	57250513          	add	a0,a0,1394 # 8000416c <main+0x9d4>
80003c02:	478c                	lw	a1,8(a5)
80003c04:	d0efe0ef          	jal	80002112 <debug_printf>
80003c08:	4589                	li	a1,2
80003c0a:	00000517          	auipc	a0,0x0
80003c0e:	3fa50513          	add	a0,a0,1018 # 80004004 <main+0x86c>
80003c12:	d00fe0ef          	jal	80002112 <debug_printf>
80003c16:	409c                	lw	a5,0(s1)
80003c18:	00000517          	auipc	a0,0x0
80003c1c:	57050513          	add	a0,a0,1392 # 80004188 <main+0x9f0>
80003c20:	47cc                	lw	a1,12(a5)
80003c22:	cf0fe0ef          	jal	80002112 <debug_printf>
80003c26:	45c5                	li	a1,17
80003c28:	00000517          	auipc	a0,0x0
80003c2c:	3dc50513          	add	a0,a0,988 # 80004004 <main+0x86c>
80003c30:	ce2fe0ef          	jal	80002112 <debug_printf>
80003c34:	408c                	lw	a1,0(s1)
80003c36:	00000517          	auipc	a0,0x0
80003c3a:	56e50513          	add	a0,a0,1390 # 800041a4 <main+0xa0c>
80003c3e:	82818493          	add	s1,gp,-2008 # 80004778 <Next_Ptr_Glob>
80003c42:	05c1                	add	a1,a1,16
80003c44:	ccefe0ef          	jal	80002112 <debug_printf>
80003c48:	00000517          	auipc	a0,0x0
80003c4c:	57850513          	add	a0,a0,1400 # 800041c0 <main+0xa28>
80003c50:	cc2fe0ef          	jal	80002112 <debug_printf>
80003c54:	00000517          	auipc	a0,0x0
80003c58:	5a450513          	add	a0,a0,1444 # 800041f8 <main+0xa60>
80003c5c:	cb6fe0ef          	jal	80002112 <debug_printf>
80003c60:	409c                	lw	a5,0(s1)
80003c62:	00000517          	auipc	a0,0x0
80003c66:	49e50513          	add	a0,a0,1182 # 80004100 <main+0x968>
80003c6a:	438c                	lw	a1,0(a5)
80003c6c:	ca6fe0ef          	jal	80002112 <debug_printf>
80003c70:	00000517          	auipc	a0,0x0
80003c74:	59c50513          	add	a0,a0,1436 # 8000420c <main+0xa74>
80003c78:	c9afe0ef          	jal	80002112 <debug_printf>
80003c7c:	409c                	lw	a5,0(s1)
80003c7e:	00000517          	auipc	a0,0x0
80003c82:	4d250513          	add	a0,a0,1234 # 80004150 <main+0x9b8>
80003c86:	43cc                	lw	a1,4(a5)
80003c88:	c8afe0ef          	jal	80002112 <debug_printf>
80003c8c:	4581                	li	a1,0
80003c8e:	00000517          	auipc	a0,0x0
80003c92:	37650513          	add	a0,a0,886 # 80004004 <main+0x86c>
80003c96:	c7cfe0ef          	jal	80002112 <debug_printf>
80003c9a:	409c                	lw	a5,0(s1)
80003c9c:	00000517          	auipc	a0,0x0
80003ca0:	4d050513          	add	a0,a0,1232 # 8000416c <main+0x9d4>
80003ca4:	478c                	lw	a1,8(a5)
80003ca6:	c6cfe0ef          	jal	80002112 <debug_printf>
80003caa:	4585                	li	a1,1
80003cac:	00000517          	auipc	a0,0x0
80003cb0:	35850513          	add	a0,a0,856 # 80004004 <main+0x86c>
80003cb4:	c5efe0ef          	jal	80002112 <debug_printf>
80003cb8:	409c                	lw	a5,0(s1)
80003cba:	00000517          	auipc	a0,0x0
80003cbe:	4ce50513          	add	a0,a0,1230 # 80004188 <main+0x9f0>
80003cc2:	47cc                	lw	a1,12(a5)
80003cc4:	c4efe0ef          	jal	80002112 <debug_printf>
80003cc8:	45c9                	li	a1,18
80003cca:	00000517          	auipc	a0,0x0
80003cce:	33a50513          	add	a0,a0,826 # 80004004 <main+0x86c>
80003cd2:	c40fe0ef          	jal	80002112 <debug_printf>
80003cd6:	408c                	lw	a1,0(s1)
80003cd8:	00000517          	auipc	a0,0x0
80003cdc:	4cc50513          	add	a0,a0,1228 # 800041a4 <main+0xa0c>
80003ce0:	00001497          	auipc	s1,0x1
80003ce4:	a7048493          	add	s1,s1,-1424 # 80004750 <Dhrystones_Per_Second>
80003ce8:	05c1                	add	a1,a1,16
80003cea:	c28fe0ef          	jal	80002112 <debug_printf>
80003cee:	00000517          	auipc	a0,0x0
80003cf2:	4d250513          	add	a0,a0,1234 # 800041c0 <main+0xa28>
80003cf6:	c1cfe0ef          	jal	80002112 <debug_printf>
80003cfa:	f7442583          	lw	a1,-140(s0)
80003cfe:	00000517          	auipc	a0,0x0
80003d02:	54e50513          	add	a0,a0,1358 # 8000424c <main+0xab4>
80003d06:	c0cfe0ef          	jal	80002112 <debug_printf>
80003d0a:	4595                	li	a1,5
80003d0c:	00000517          	auipc	a0,0x0
80003d10:	2f850513          	add	a0,a0,760 # 80004004 <main+0x86c>
80003d14:	bfefe0ef          	jal	80002112 <debug_printf>
80003d18:	85ce                	mv	a1,s3
80003d1a:	00000517          	auipc	a0,0x0
80003d1e:	54e50513          	add	a0,a0,1358 # 80004268 <main+0xad0>
80003d22:	bf0fe0ef          	jal	80002112 <debug_printf>
80003d26:	45b5                	li	a1,13
80003d28:	00000517          	auipc	a0,0x0
80003d2c:	2dc50513          	add	a0,a0,732 # 80004004 <main+0x86c>
80003d30:	be2fe0ef          	jal	80002112 <debug_printf>
80003d34:	f7842583          	lw	a1,-136(s0)
80003d38:	00000517          	auipc	a0,0x0
80003d3c:	54c50513          	add	a0,a0,1356 # 80004284 <main+0xaec>
80003d40:	bd2fe0ef          	jal	80002112 <debug_printf>
80003d44:	459d                	li	a1,7
80003d46:	00000517          	auipc	a0,0x0
80003d4a:	2be50513          	add	a0,a0,702 # 80004004 <main+0x86c>
80003d4e:	bc4fe0ef          	jal	80002112 <debug_printf>
80003d52:	f7c42583          	lw	a1,-132(s0)
80003d56:	00000517          	auipc	a0,0x0
80003d5a:	54a50513          	add	a0,a0,1354 # 800042a0 <main+0xb08>
80003d5e:	bb4fe0ef          	jal	80002112 <debug_printf>
80003d62:	4585                	li	a1,1
80003d64:	00000517          	auipc	a0,0x0
80003d68:	2a050513          	add	a0,a0,672 # 80004004 <main+0x86c>
80003d6c:	ba6fe0ef          	jal	80002112 <debug_printf>
80003d70:	f8040593          	add	a1,s0,-128
80003d74:	00000517          	auipc	a0,0x0
80003d78:	54850513          	add	a0,a0,1352 # 800042bc <main+0xb24>
80003d7c:	b96fe0ef          	jal	80002112 <debug_printf>
80003d80:	00000517          	auipc	a0,0x0
80003d84:	55850513          	add	a0,a0,1368 # 800042d8 <main+0xb40>
80003d88:	b8afe0ef          	jal	80002112 <debug_printf>
80003d8c:	fa040593          	add	a1,s0,-96
80003d90:	00000517          	auipc	a0,0x0
80003d94:	58050513          	add	a0,a0,1408 # 80004310 <main+0xb78>
80003d98:	b7afe0ef          	jal	80002112 <debug_printf>
80003d9c:	00000517          	auipc	a0,0x0
80003da0:	59050513          	add	a0,a0,1424 # 8000432c <main+0xb94>
80003da4:	b6efe0ef          	jal	80002112 <debug_printf>
80003da8:	00000517          	auipc	a0,0x0
80003dac:	0f850513          	add	a0,a0,248 # 80003ea0 <main+0x708>
80003db0:	b62fe0ef          	jal	80002112 <debug_printf>
80003db4:	f6c42603          	lw	a2,-148(s0)
80003db8:	000f47b7          	lui	a5,0xf4
80003dbc:	24078793          	add	a5,a5,576 # f4240 <buflen.1+0xf4200>
80003dc0:	02f60733          	mul	a4,a2,a5
80003dc4:	80818793          	add	a5,gp,-2040 # 80004758 <User_Time>
80003dc8:	4394                	lw	a3,0(a5)
80003dca:	00000517          	auipc	a0,0x0
80003dce:	59a50513          	add	a0,a0,1434 # 80004364 <main+0xbcc>
80003dd2:	02c6c7b3          	div	a5,a3,a2
80003dd6:	02d74733          	div	a4,a4,a3
80003dda:	85be                	mv	a1,a5
80003ddc:	00001697          	auipc	a3,0x1
80003de0:	96f6ac23          	sw	a5,-1672(a3) # 80004754 <Microseconds>
80003de4:	c098                	sw	a4,0(s1)
80003de6:	a55fe0ef          	jal	8000283a <printf>
80003dea:	408c                	lw	a1,0(s1)
80003dec:	00000517          	auipc	a0,0x0
80003df0:	5ac50513          	add	a0,a0,1452 # 80004398 <main+0xc00>
80003df4:	a47fe0ef          	jal	8000283a <printf>
80003df8:	f6040113          	add	sp,s0,-160
80003dfc:	40fa                	lw	ra,156(sp)
80003dfe:	446a                	lw	s0,152(sp)
80003e00:	44da                	lw	s1,148(sp)
80003e02:	494a                	lw	s2,144(sp)
80003e04:	49ba                	lw	s3,140(sp)
80003e06:	4a2a                	lw	s4,136(sp)
80003e08:	4a9a                	lw	s5,132(sp)
80003e0a:	4b0a                	lw	s6,128(sp)
80003e0c:	5bf6                	lw	s7,124(sp)
80003e0e:	5c66                	lw	s8,120(sp)
80003e10:	5cd6                	lw	s9,116(sp)
80003e12:	5d46                	lw	s10,112(sp)
80003e14:	5db6                	lw	s11,108(sp)
80003e16:	4501                	li	a0,0
80003e18:	610d                	add	sp,sp,160
80003e1a:	8082                	ret
80003e1c:	4ba5                	li	s7,9
80003e1e:	b9b9                	j	80003a7c <main+0x2e4>
80003e20:	00000517          	auipc	a0,0x0
80003e24:	15850513          	add	a0,a0,344 # 80003f78 <main+0x7e0>
80003e28:	a13fe0ef          	jal	8000283a <printf>
80003e2c:	f6c42783          	lw	a5,-148(s0)
80003e30:	00000517          	auipc	a0,0x0
80003e34:	07050513          	add	a0,a0,112 # 80003ea0 <main+0x708>
80003e38:	20f7cdb3          	sh2add	s11,a5,a5
80003e3c:	001d9793          	sll	a5,s11,0x1
80003e40:	f6f42623          	sw	a5,-148(s0)
80003e44:	9f7fe0ef          	jal	8000283a <printf>
80003e48:	81418793          	add	a5,gp,-2028 # 80004764 <Done>
80003e4c:	439c                	lw	a5,0(a5)
80003e4e:	ac0780e3          	beqz	a5,8000390e <main+0x176>
80003e52:	b151                	j	80003ad6 <main+0x33e>
80003e54:	00000517          	auipc	a0,0x0
80003e58:	0b050513          	add	a0,a0,176 # 80003f04 <main+0x76c>
80003e5c:	ab6fe0ef          	jal	80002112 <debug_printf>
80003e60:	b48d                	j	800038c2 <main+0x12a>
80003e62:	1141                	add	sp,sp,-16
80003e64:	00000517          	auipc	a0,0x0
80003e68:	5e450513          	add	a0,a0,1508 # 80004448 <main+0xcb0>
80003e6c:	c606                	sw	ra,12(sp)
80003e6e:	849fe0ef          	jal	800026b6 <printstr>
80003e72:	40b2                	lw	ra,12(sp)
80003e74:	557d                	li	a0,-1
80003e76:	0141                	add	sp,sp,16
80003e78:	8082                	ret
