
median.riscv:     file format elf32-littleriscv


Disassembly of section .text.init:

80000000 <_start>:
80000000:	4081                	li	ra,0
80000002:	4101                	li	sp,0
80000004:	4181                	li	gp,0
80000006:	4201                	li	tp,0
80000008:	4281                	li	t0,0
8000000a:	4301                	li	t1,0
8000000c:	4381                	li	t2,0
8000000e:	4401                	li	s0,0
80000010:	4481                	li	s1,0
80000012:	4501                	li	a0,0
80000014:	4581                	li	a1,0
80000016:	4601                	li	a2,0
80000018:	4681                	li	a3,0
8000001a:	4701                	li	a4,0
8000001c:	4781                	li	a5,0
8000001e:	4801                	li	a6,0
80000020:	4881                	li	a7,0
80000022:	4901                	li	s2,0
80000024:	4981                	li	s3,0
80000026:	4a01                	li	s4,0
80000028:	4a81                	li	s5,0
8000002a:	4b01                	li	s6,0
8000002c:	4b81                	li	s7,0
8000002e:	4c01                	li	s8,0
80000030:	4c81                	li	s9,0
80000032:	4d01                	li	s10,0
80000034:	4d81                	li	s11,0
80000036:	4e01                	li	t3,0
80000038:	4e81                	li	t4,0
8000003a:	4f01                	li	t5,0
8000003c:	4f81                	li	t6,0
8000003e:	62f9                	lui	t0,0x1e
80000040:	60028293          	add	t0,t0,1536 # 1e600 <buflen.1+0x1e5c0>
80000044:	3002a073          	csrs	mstatus,t0
80000048:	4285                	li	t0,1
8000004a:	02fe                	sll	t0,t0,0x1f
8000004c:	0002c863          	bltz	t0,8000005c <_start+0x5c>
80000050:	4505                	li	a0,1
80000052:	00001297          	auipc	t0,0x1
80000056:	faa2a723          	sw	a0,-82(t0) # 80001000 <tohost>
8000005a:	bfdd                	j	80000050 <_start+0x50>
8000005c:	00000297          	auipc	t0,0x0
80000060:	03828293          	add	t0,t0,56 # 80000094 <trap_entry>
80000064:	30529073          	csrw	mtvec,t0
80000068:	00005197          	auipc	gp,0x5
8000006c:	d5418193          	add	gp,gp,-684 # 80004dbc <__global_pointer$>
80000070:	88318213          	add	tp,gp,-1917 # 8000463f <_end+0x3f>
80000074:	fc027213          	and	tp,tp,-64
80000078:	f1402573          	csrr	a0,mhartid
8000007c:	4585                	li	a1,1
8000007e:	00b57063          	bgeu	a0,a1,8000007e <_start+0x7e>
80000082:	00150113          	add	sp,a0,1
80000086:	0146                	sll	sp,sp,0x11
80000088:	9112                	add	sp,sp,tp
8000008a:	01151613          	sll	a2,a0,0x11
8000008e:	9232                	add	tp,tp,a2
80000090:	6f00206f          	j	80002780 <_init>

80000094 <trap_entry>:
80000094:	716d                	add	sp,sp,-272
80000096:	c206                	sw	ra,4(sp)
80000098:	c40a                	sw	sp,8(sp)
8000009a:	c60e                	sw	gp,12(sp)
8000009c:	c812                	sw	tp,16(sp)
8000009e:	ca16                	sw	t0,20(sp)
800000a0:	cc1a                	sw	t1,24(sp)
800000a2:	ce1e                	sw	t2,28(sp)
800000a4:	d022                	sw	s0,32(sp)
800000a6:	d226                	sw	s1,36(sp)
800000a8:	d42a                	sw	a0,40(sp)
800000aa:	d62e                	sw	a1,44(sp)
800000ac:	d832                	sw	a2,48(sp)
800000ae:	da36                	sw	a3,52(sp)
800000b0:	dc3a                	sw	a4,56(sp)
800000b2:	de3e                	sw	a5,60(sp)
800000b4:	c0c2                	sw	a6,64(sp)
800000b6:	c2c6                	sw	a7,68(sp)
800000b8:	c4ca                	sw	s2,72(sp)
800000ba:	c6ce                	sw	s3,76(sp)
800000bc:	c8d2                	sw	s4,80(sp)
800000be:	cad6                	sw	s5,84(sp)
800000c0:	ccda                	sw	s6,88(sp)
800000c2:	cede                	sw	s7,92(sp)
800000c4:	d0e2                	sw	s8,96(sp)
800000c6:	d2e6                	sw	s9,100(sp)
800000c8:	d4ea                	sw	s10,104(sp)
800000ca:	d6ee                	sw	s11,108(sp)
800000cc:	d8f2                	sw	t3,112(sp)
800000ce:	daf6                	sw	t4,116(sp)
800000d0:	dcfa                	sw	t5,120(sp)
800000d2:	defe                	sw	t6,124(sp)
800000d4:	34202573          	csrr	a0,mcause
800000d8:	341025f3          	csrr	a1,mepc
800000dc:	860a                	mv	a2,sp
800000de:	3a4020ef          	jal	80002482 <handle_trap>
800000e2:	34151073          	csrw	mepc,a0
800000e6:	6289                	lui	t0,0x2
800000e8:	80028293          	add	t0,t0,-2048 # 1800 <buflen.1+0x17c0>
800000ec:	3002a073          	csrs	mstatus,t0
800000f0:	4092                	lw	ra,4(sp)
800000f2:	4122                	lw	sp,8(sp)
800000f4:	41b2                	lw	gp,12(sp)
800000f6:	4242                	lw	tp,16(sp)
800000f8:	42d2                	lw	t0,20(sp)
800000fa:	4362                	lw	t1,24(sp)
800000fc:	43f2                	lw	t2,28(sp)
800000fe:	5402                	lw	s0,32(sp)
80000100:	5492                	lw	s1,36(sp)
80000102:	5522                	lw	a0,40(sp)
80000104:	55b2                	lw	a1,44(sp)
80000106:	5642                	lw	a2,48(sp)
80000108:	56d2                	lw	a3,52(sp)
8000010a:	5762                	lw	a4,56(sp)
8000010c:	57f2                	lw	a5,60(sp)
8000010e:	4806                	lw	a6,64(sp)
80000110:	4896                	lw	a7,68(sp)
80000112:	4926                	lw	s2,72(sp)
80000114:	49b6                	lw	s3,76(sp)
80000116:	4a46                	lw	s4,80(sp)
80000118:	4ad6                	lw	s5,84(sp)
8000011a:	4b66                	lw	s6,88(sp)
8000011c:	4bf6                	lw	s7,92(sp)
8000011e:	5c06                	lw	s8,96(sp)
80000120:	5c96                	lw	s9,100(sp)
80000122:	5d26                	lw	s10,104(sp)
80000124:	5db6                	lw	s11,108(sp)
80000126:	5e46                	lw	t3,112(sp)
80000128:	5ed6                	lw	t4,116(sp)
8000012a:	5f66                	lw	t5,120(sp)
8000012c:	5ff6                	lw	t6,124(sp)
8000012e:	6151                	add	sp,sp,272
80000130:	30200073          	mret
80000134:	0000                	unimp

Disassembly of section .text:

80002000 <median>:
80002000:	00251793          	sll	a5,a0,0x2
80002004:	17f1                	add	a5,a5,-4
80002006:	00f60733          	add	a4,a2,a5
8000200a:	00062023          	sw	zero,0(a2)
8000200e:	00072023          	sw	zero,0(a4)
80002012:	4709                	li	a4,2
80002014:	02a75f63          	bge	a4,a0,80002052 <median+0x52>
80002018:	00b78533          	add	a0,a5,a1
8000201c:	0611                	add	a2,a2,4
8000201e:	1571                	add	a0,a0,-4
80002020:	a811                	j	80002034 <median+0x34>
80002022:	00d7c463          	blt	a5,a3,8000202a <median+0x2a>
80002026:	0ad767b3          	max	a5,a4,a3
8000202a:	c21c                	sw	a5,0(a2)
8000202c:	0591                	add	a1,a1,4
8000202e:	0611                	add	a2,a2,4
80002030:	02a58163          	beq	a1,a0,80002052 <median+0x52>
80002034:	41dc                	lw	a5,4(a1)
80002036:	4198                	lw	a4,0(a1)
80002038:	4594                	lw	a3,8(a1)
8000203a:	fef744e3          	blt	a4,a5,80002022 <median+0x22>
8000203e:	0ad7e7b3          	max	a5,a5,a3
80002042:	fed754e3          	bge	a4,a3,8000202a <median+0x2a>
80002046:	87ba                	mv	a5,a4
80002048:	c21c                	sw	a5,0(a2)
8000204a:	0591                	add	a1,a1,4
8000204c:	0611                	add	a2,a2,4
8000204e:	fea593e3          	bne	a1,a0,80002034 <median+0x34>
80002052:	8082                	ret

80002054 <cputchar>:
80002054:	fffff697          	auipc	a3,0xfffff
80002058:	fac68693          	add	a3,a3,-84 # 80001000 <tohost>
8000205c:	0ff57713          	zext.b	a4,a0
80002060:	010107b7          	lui	a5,0x1010
80002064:	c298                	sw	a4,0(a3)
80002066:	c2dc                	sw	a5,4(a3)
80002068:	0000100f          	fence.i
8000206c:	8082                	ret

8000206e <vprintfmt>:
8000206e:	714d                	add	sp,sp,-336
80002070:	14812423          	sw	s0,328(sp)
80002074:	15212023          	sw	s2,320(sp)
80002078:	13312e23          	sw	s3,316(sp)
8000207c:	13512a23          	sw	s5,308(sp)
80002080:	14112623          	sw	ra,332(sp)
80002084:	14912223          	sw	s1,324(sp)
80002088:	13412c23          	sw	s4,312(sp)
8000208c:	13712623          	sw	s7,300(sp)
80002090:	13812423          	sw	s8,296(sp)
80002094:	13a12023          	sw	s10,288(sp)
80002098:	11b12e23          	sw	s11,284(sp)
8000209c:	89aa                	mv	s3,a0
8000209e:	892e                	mv	s2,a1
800020a0:	8432                	mv	s0,a2
800020a2:	c636                	sw	a3,12(sp)
800020a4:	02500a93          	li	s5,37
800020a8:	a029                	j	800020b2 <vprintfmt+0x44>
800020aa:	c531                	beqz	a0,800020f6 <vprintfmt+0x88>
800020ac:	85ca                	mv	a1,s2
800020ae:	0405                	add	s0,s0,1
800020b0:	9982                	jalr	s3
800020b2:	00044503          	lbu	a0,0(s0)
800020b6:	ff551ae3          	bne	a0,s5,800020aa <vprintfmt+0x3c>
800020ba:	00144683          	lbu	a3,1(s0)
800020be:	00140a13          	add	s4,s0,1
800020c2:	02000793          	li	a5,32
800020c6:	8752                	mv	a4,s4
800020c8:	c43e                	sw	a5,8(sp)
800020ca:	54fd                	li	s1,-1
800020cc:	5c7d                	li	s8,-1
800020ce:	4601                	li	a2,0
800020d0:	fdd68793          	add	a5,a3,-35
800020d4:	0ff7f793          	zext.b	a5,a5
800020d8:	05500593          	li	a1,85
800020dc:	00170413          	add	s0,a4,1
800020e0:	06f5e163          	bltu	a1,a5,80002142 <vprintfmt+0xd4>
800020e4:	00001597          	auipc	a1,0x1
800020e8:	5b058593          	add	a1,a1,1456 # 80003694 <main+0x110>
800020ec:	20b7c7b3          	sh2add	a5,a5,a1
800020f0:	439c                	lw	a5,0(a5)
800020f2:	97ae                	add	a5,a5,a1
800020f4:	8782                	jr	a5
800020f6:	14c12083          	lw	ra,332(sp)
800020fa:	14812403          	lw	s0,328(sp)
800020fe:	14412483          	lw	s1,324(sp)
80002102:	14012903          	lw	s2,320(sp)
80002106:	13c12983          	lw	s3,316(sp)
8000210a:	13812a03          	lw	s4,312(sp)
8000210e:	13412a83          	lw	s5,308(sp)
80002112:	12c12b83          	lw	s7,300(sp)
80002116:	12812c03          	lw	s8,296(sp)
8000211a:	12012d03          	lw	s10,288(sp)
8000211e:	11c12d83          	lw	s11,284(sp)
80002122:	6171                	add	sp,sp,336
80002124:	8082                	ret
80002126:	c436                	sw	a3,8(sp)
80002128:	00174683          	lbu	a3,1(a4)
8000212c:	05500593          	li	a1,85
80002130:	8722                	mv	a4,s0
80002132:	fdd68793          	add	a5,a3,-35
80002136:	0ff7f793          	zext.b	a5,a5
8000213a:	00170413          	add	s0,a4,1
8000213e:	faf5f3e3          	bgeu	a1,a5,800020e4 <vprintfmt+0x76>
80002142:	85ca                	mv	a1,s2
80002144:	02500513          	li	a0,37
80002148:	9982                	jalr	s3
8000214a:	8452                	mv	s0,s4
8000214c:	b79d                	j	800020b2 <vprintfmt+0x44>
8000214e:	00174783          	lbu	a5,1(a4)
80002152:	4725                	li	a4,9
80002154:	fd068493          	add	s1,a3,-48
80002158:	fd078593          	add	a1,a5,-48 # 100ffd0 <buflen.1+0x100ff90>
8000215c:	86be                	mv	a3,a5
8000215e:	2ab76863          	bltu	a4,a1,8000240e <vprintfmt+0x3a0>
80002162:	8722                	mv	a4,s0
80002164:	4525                	li	a0,9
80002166:	0705                	add	a4,a4,1
80002168:	2094c4b3          	sh2add	s1,s1,s1
8000216c:	20f4a4b3          	sh1add	s1,s1,a5
80002170:	00074783          	lbu	a5,0(a4)
80002174:	fd048493          	add	s1,s1,-48
80002178:	fd078593          	add	a1,a5,-48
8000217c:	86be                	mv	a3,a5
8000217e:	feb574e3          	bgeu	a0,a1,80002166 <vprintfmt+0xf8>
80002182:	f40c57e3          	bgez	s8,800020d0 <vprintfmt+0x62>
80002186:	8c26                	mv	s8,s1
80002188:	54fd                	li	s1,-1
8000218a:	b799                	j	800020d0 <vprintfmt+0x62>
8000218c:	00174683          	lbu	a3,1(a4)
80002190:	8722                	mv	a4,s0
80002192:	bf3d                	j	800020d0 <vprintfmt+0x62>
80002194:	85ca                	mv	a1,s2
80002196:	02500513          	li	a0,37
8000219a:	9982                	jalr	s3
8000219c:	bf19                	j	800020b2 <vprintfmt+0x44>
8000219e:	47b2                	lw	a5,12(sp)
800021a0:	00174683          	lbu	a3,1(a4)
800021a4:	8722                	mv	a4,s0
800021a6:	4384                	lw	s1,0(a5)
800021a8:	0791                	add	a5,a5,4
800021aa:	c63e                	sw	a5,12(sp)
800021ac:	bfd9                	j	80002182 <vprintfmt+0x114>
800021ae:	85ca                	mv	a1,s2
800021b0:	03000513          	li	a0,48
800021b4:	13612823          	sw	s6,304(sp)
800021b8:	9982                	jalr	s3
800021ba:	85ca                	mv	a1,s2
800021bc:	07800513          	li	a0,120
800021c0:	9982                	jalr	s3
800021c2:	47b2                	lw	a5,12(sp)
800021c4:	4bc1                	li	s7,16
800021c6:	4d81                	li	s11,0
800021c8:	00478713          	add	a4,a5,4
800021cc:	47b2                	lw	a5,12(sp)
800021ce:	4d01                	li	s10,0
800021d0:	4384                	lw	s1,0(a5)
800021d2:	c63a                	sw	a4,12(sp)
800021d4:	865e                	mv	a2,s7
800021d6:	4681                	li	a3,0
800021d8:	8526                	mv	a0,s1
800021da:	85ea                	mv	a1,s10
800021dc:	7c5000ef          	jal	800031a0 <__umoddi3>
800021e0:	c82a                	sw	a0,16(sp)
800021e2:	1dad8c63          	beq	s11,s10,800023ba <vprintfmt+0x34c>
800021e6:	13912223          	sw	s9,292(sp)
800021ea:	4b05                	li	s6,1
800021ec:	01410c93          	add	s9,sp,20
800021f0:	865e                	mv	a2,s7
800021f2:	4681                	li	a3,0
800021f4:	8526                	mv	a0,s1
800021f6:	85ea                	mv	a1,s10
800021f8:	379000ef          	jal	80002d70 <__udivdi3>
800021fc:	865e                	mv	a2,s7
800021fe:	4681                	li	a3,0
80002200:	84aa                	mv	s1,a0
80002202:	8d2e                	mv	s10,a1
80002204:	79d000ef          	jal	800031a0 <__umoddi3>
80002208:	00aca023          	sw	a0,0(s9)
8000220c:	8a5a                	mv	s4,s6
8000220e:	0c91                	add	s9,s9,4
80002210:	0b05                	add	s6,s6,1
80002212:	fdad9fe3          	bne	s11,s10,800021f0 <vprintfmt+0x182>
80002216:	fd74fde3          	bgeu	s1,s7,800021f0 <vprintfmt+0x182>
8000221a:	12412c83          	lw	s9,292(sp)
8000221e:	fffc0b93          	add	s7,s8,-1
80002222:	fffb0493          	add	s1,s6,-1
80002226:	018b5863          	bge	s6,s8,80002236 <vprintfmt+0x1c8>
8000222a:	4522                	lw	a0,8(sp)
8000222c:	85ca                	mv	a1,s2
8000222e:	1bfd                	add	s7,s7,-1
80002230:	9982                	jalr	s3
80002232:	fe9b9ce3          	bne	s7,s1,8000222a <vprintfmt+0x1bc>
80002236:	0804                	add	s1,sp,16
80002238:	4b25                	li	s6,9
8000223a:	209a4a33          	sh2add	s4,s4,s1
8000223e:	a011                	j	80002242 <vprintfmt+0x1d4>
80002240:	8a3e                	mv	s4,a5
80002242:	000a2783          	lw	a5,0(s4)
80002246:	03000513          	li	a0,48
8000224a:	00fb7463          	bgeu	s6,a5,80002252 <vprintfmt+0x1e4>
8000224e:	05700513          	li	a0,87
80002252:	953e                	add	a0,a0,a5
80002254:	85ca                	mv	a1,s2
80002256:	9982                	jalr	s3
80002258:	ffca0793          	add	a5,s4,-4
8000225c:	ff4492e3          	bne	s1,s4,80002240 <vprintfmt+0x1d2>
80002260:	13012b03          	lw	s6,304(sp)
80002264:	b5b9                	j	800020b2 <vprintfmt+0x44>
80002266:	13612823          	sw	s6,304(sp)
8000226a:	4785                	li	a5,1
8000226c:	14c7cc63          	blt	a5,a2,800023c4 <vprintfmt+0x356>
80002270:	47b2                	lw	a5,12(sp)
80002272:	4384                	lw	s1,0(a5)
80002274:	0791                	add	a5,a5,4
80002276:	c63e                	sw	a5,12(sp)
80002278:	41f4dd13          	sra	s10,s1,0x1f
8000227c:	000d5e63          	bgez	s10,80002298 <vprintfmt+0x22a>
80002280:	85ca                	mv	a1,s2
80002282:	02d00513          	li	a0,45
80002286:	9982                	jalr	s3
80002288:	00903733          	snez	a4,s1
8000228c:	41a007b3          	neg	a5,s10
80002290:	409004b3          	neg	s1,s1
80002294:	40e78d33          	sub	s10,a5,a4
80002298:	4ba9                	li	s7,10
8000229a:	4d81                	li	s11,0
8000229c:	bf25                	j	800021d4 <vprintfmt+0x166>
8000229e:	00174683          	lbu	a3,1(a4)
800022a2:	0605                	add	a2,a2,1
800022a4:	8722                	mv	a4,s0
800022a6:	b52d                	j	800020d0 <vprintfmt+0x62>
800022a8:	13612823          	sw	s6,304(sp)
800022ac:	4bc1                	li	s7,16
800022ae:	4d81                	li	s11,0
800022b0:	4785                	li	a5,1
800022b2:	0ec7c363          	blt	a5,a2,80002398 <vprintfmt+0x32a>
800022b6:	47b2                	lw	a5,12(sp)
800022b8:	00478713          	add	a4,a5,4
800022bc:	bf01                	j	800021cc <vprintfmt+0x15e>
800022be:	47b2                	lw	a5,12(sp)
800022c0:	13912223          	sw	s9,292(sp)
800022c4:	0007aa03          	lw	s4,0(a5)
800022c8:	00478c93          	add	s9,a5,4
800022cc:	040a0a63          	beqz	s4,80002320 <vprintfmt+0x2b2>
800022d0:	09805c63          	blez	s8,80002368 <vprintfmt+0x2fa>
800022d4:	4722                	lw	a4,8(sp)
800022d6:	02d00793          	li	a5,45
800022da:	06f71063          	bne	a4,a5,8000233a <vprintfmt+0x2cc>
800022de:	000a4503          	lbu	a0,0(s4)
800022e2:	c505                	beqz	a0,8000230a <vprintfmt+0x29c>
800022e4:	13612823          	sw	s6,304(sp)
800022e8:	5b7d                	li	s6,-1
800022ea:	0004c563          	bltz	s1,800022f4 <vprintfmt+0x286>
800022ee:	14fd                	add	s1,s1,-1
800022f0:	01648963          	beq	s1,s6,80002302 <vprintfmt+0x294>
800022f4:	85ca                	mv	a1,s2
800022f6:	9982                	jalr	s3
800022f8:	001a4503          	lbu	a0,1(s4)
800022fc:	1c7d                	add	s8,s8,-1
800022fe:	0a05                	add	s4,s4,1
80002300:	f56d                	bnez	a0,800022ea <vprintfmt+0x27c>
80002302:	13012b03          	lw	s6,304(sp)
80002306:	01805963          	blez	s8,80002318 <vprintfmt+0x2aa>
8000230a:	85ca                	mv	a1,s2
8000230c:	02000513          	li	a0,32
80002310:	1c7d                	add	s8,s8,-1
80002312:	9982                	jalr	s3
80002314:	fe0c1be3          	bnez	s8,8000230a <vprintfmt+0x29c>
80002318:	c666                	sw	s9,12(sp)
8000231a:	12412c83          	lw	s9,292(sp)
8000231e:	bb51                	j	800020b2 <vprintfmt+0x44>
80002320:	0d805d63          	blez	s8,800023fa <vprintfmt+0x38c>
80002324:	4722                	lw	a4,8(sp)
80002326:	02d00793          	li	a5,45
8000232a:	00001a17          	auipc	s4,0x1
8000232e:	2eaa0a13          	add	s4,s4,746 # 80003614 <main+0x90>
80002332:	02800513          	li	a0,40
80002336:	faf707e3          	beq	a4,a5,800022e4 <vprintfmt+0x276>
8000233a:	87d2                	mv	a5,s4
8000233c:	009a06b3          	add	a3,s4,s1
80002340:	e489                	bnez	s1,8000234a <vprintfmt+0x2dc>
80002342:	a829                	j	8000235c <vprintfmt+0x2ee>
80002344:	0785                	add	a5,a5,1
80002346:	00d78563          	beq	a5,a3,80002350 <vprintfmt+0x2e2>
8000234a:	0007c703          	lbu	a4,0(a5)
8000234e:	fb7d                	bnez	a4,80002344 <vprintfmt+0x2d6>
80002350:	414787b3          	sub	a5,a5,s4
80002354:	40fc0c33          	sub	s8,s8,a5
80002358:	01805863          	blez	s8,80002368 <vprintfmt+0x2fa>
8000235c:	4522                	lw	a0,8(sp)
8000235e:	85ca                	mv	a1,s2
80002360:	1c7d                	add	s8,s8,-1
80002362:	9982                	jalr	s3
80002364:	fe0c1ce3          	bnez	s8,8000235c <vprintfmt+0x2ee>
80002368:	000a4503          	lbu	a0,0(s4)
8000236c:	d555                	beqz	a0,80002318 <vprintfmt+0x2aa>
8000236e:	13612823          	sw	s6,304(sp)
80002372:	bf9d                	j	800022e8 <vprintfmt+0x27a>
80002374:	00174683          	lbu	a3,1(a4)
80002378:	0a0c6c33          	max	s8,s8,zero
8000237c:	8722                	mv	a4,s0
8000237e:	bb89                	j	800020d0 <vprintfmt+0x62>
80002380:	47b2                	lw	a5,12(sp)
80002382:	13912223          	sw	s9,292(sp)
80002386:	85ca                	mv	a1,s2
80002388:	4388                	lw	a0,0(a5)
8000238a:	00478c93          	add	s9,a5,4
8000238e:	9982                	jalr	s3
80002390:	c666                	sw	s9,12(sp)
80002392:	12412c83          	lw	s9,292(sp)
80002396:	bb31                	j	800020b2 <vprintfmt+0x44>
80002398:	47b2                	lw	a5,12(sp)
8000239a:	13912223          	sw	s9,292(sp)
8000239e:	00778c93          	add	s9,a5,7
800023a2:	ff8cfc93          	and	s9,s9,-8
800023a6:	008c8793          	add	a5,s9,8
800023aa:	000ca483          	lw	s1,0(s9)
800023ae:	004cad03          	lw	s10,4(s9)
800023b2:	c63e                	sw	a5,12(sp)
800023b4:	12412c83          	lw	s9,292(sp)
800023b8:	bd31                	j	800021d4 <vprintfmt+0x166>
800023ba:	e374f6e3          	bgeu	s1,s7,800021e6 <vprintfmt+0x178>
800023be:	4a01                	li	s4,0
800023c0:	4b05                	li	s6,1
800023c2:	bdb1                	j	8000221e <vprintfmt+0x1b0>
800023c4:	47b2                	lw	a5,12(sp)
800023c6:	13912223          	sw	s9,292(sp)
800023ca:	00778c93          	add	s9,a5,7
800023ce:	ff8cfc93          	and	s9,s9,-8
800023d2:	008c8793          	add	a5,s9,8
800023d6:	000ca483          	lw	s1,0(s9)
800023da:	004cad03          	lw	s10,4(s9)
800023de:	c63e                	sw	a5,12(sp)
800023e0:	12412c83          	lw	s9,292(sp)
800023e4:	bd61                	j	8000227c <vprintfmt+0x20e>
800023e6:	13612823          	sw	s6,304(sp)
800023ea:	4ba9                	li	s7,10
800023ec:	4d81                	li	s11,0
800023ee:	b5c9                	j	800022b0 <vprintfmt+0x242>
800023f0:	13612823          	sw	s6,304(sp)
800023f4:	4ba1                	li	s7,8
800023f6:	4d81                	li	s11,0
800023f8:	bd65                	j	800022b0 <vprintfmt+0x242>
800023fa:	13612823          	sw	s6,304(sp)
800023fe:	00001a17          	auipc	s4,0x1
80002402:	216a0a13          	add	s4,s4,534 # 80003614 <main+0x90>
80002406:	02800513          	li	a0,40
8000240a:	5b7d                	li	s6,-1
8000240c:	bdf9                	j	800022ea <vprintfmt+0x27c>
8000240e:	8722                	mv	a4,s0
80002410:	bb8d                	j	80002182 <vprintfmt+0x114>

80002412 <sprintf_putch.0>:
80002412:	419c                	lw	a5,0(a1)
80002414:	00a78023          	sb	a0,0(a5)
80002418:	419c                	lw	a5,0(a1)
8000241a:	0785                	add	a5,a5,1
8000241c:	c19c                	sw	a5,0(a1)
8000241e:	8082                	ret

80002420 <setStats>:
80002420:	b0002773          	csrr	a4,mcycle
80002424:	00002797          	auipc	a5,0x2
80002428:	1a078793          	add	a5,a5,416 # 800045c4 <counters>
8000242c:	c511                	beqz	a0,80002438 <setStats+0x18>
8000242e:	c398                	sw	a4,0(a5)
80002430:	b0202773          	csrr	a4,minstret
80002434:	c3d8                	sw	a4,4(a5)
80002436:	8082                	ret
80002438:	4390                	lw	a2,0(a5)
8000243a:	00002697          	auipc	a3,0x2
8000243e:	18268693          	add	a3,a3,386 # 800045bc <counter_names>
80002442:	8f11                	sub	a4,a4,a2
80002444:	00001617          	auipc	a2,0x1
80002448:	1dc60613          	add	a2,a2,476 # 80003620 <main+0x9c>
8000244c:	c290                	sw	a2,0(a3)
8000244e:	c398                	sw	a4,0(a5)
80002450:	b0202773          	csrr	a4,minstret
80002454:	43d0                	lw	a2,4(a5)
80002456:	00001597          	auipc	a1,0x1
8000245a:	1d258593          	add	a1,a1,466 # 80003628 <main+0xa4>
8000245e:	c2cc                	sw	a1,4(a3)
80002460:	8f11                	sub	a4,a4,a2
80002462:	c3d8                	sw	a4,4(a5)
80002464:	8082                	ret

80002466 <tohost_exit>:
80002466:	00151693          	sll	a3,a0,0x1
8000246a:	0016e713          	or	a4,a3,1
8000246e:	fffff697          	auipc	a3,0xfffff
80002472:	b9268693          	add	a3,a3,-1134 # 80001000 <tohost>
80002476:	4781                	li	a5,0
80002478:	c298                	sw	a4,0(a3)
8000247a:	c2dc                	sw	a5,4(a3)
8000247c:	0000100f          	fence.i
80002480:	a001                	j	80002480 <tohost_exit+0x1a>

80002482 <handle_trap>:
80002482:	1141                	add	sp,sp,-16
80002484:	53900513          	li	a0,1337
80002488:	c606                	sw	ra,12(sp)
8000248a:	3ff1                	jal	80002466 <tohost_exit>

8000248c <exit>:
8000248c:	1141                	add	sp,sp,-16
8000248e:	c606                	sw	ra,12(sp)
80002490:	3fd9                	jal	80002466 <tohost_exit>

80002492 <abort>:
80002492:	1141                	add	sp,sp,-16
80002494:	08600513          	li	a0,134
80002498:	c606                	sw	ra,12(sp)
8000249a:	37f1                	jal	80002466 <tohost_exit>

8000249c <printstr>:
8000249c:	00054783          	lbu	a5,0(a0)
800024a0:	7119                	add	sp,sp,-128
800024a2:	03f10613          	add	a2,sp,63
800024a6:	882a                	mv	a6,a0
800024a8:	fc067613          	and	a2,a2,-64
800024ac:	4881                	li	a7,0
800024ae:	cba5                	beqz	a5,8000251e <printstr+0x82>
800024b0:	87aa                	mv	a5,a0
800024b2:	0017c703          	lbu	a4,1(a5)
800024b6:	0785                	add	a5,a5,1
800024b8:	ff6d                	bnez	a4,800024b2 <printstr+0x16>
800024ba:	40a78333          	sub	t1,a5,a0
800024be:	4381                	li	t2,0
800024c0:	04000713          	li	a4,64
800024c4:	c218                	sw	a4,0(a2)
800024c6:	4781                	li	a5,0
800024c8:	c25c                	sw	a5,4(a2)
800024ca:	4705                	li	a4,1
800024cc:	c618                	sw	a4,8(a2)
800024ce:	4781                	li	a5,0
800024d0:	c65c                	sw	a5,12(a2)
800024d2:	01062823          	sw	a6,16(a2)
800024d6:	01162a23          	sw	a7,20(a2)
800024da:	00662c23          	sw	t1,24(a2)
800024de:	00762e23          	sw	t2,28(a2)
800024e2:	0ff0000f          	fence
800024e6:	fffff697          	auipc	a3,0xfffff
800024ea:	b1a68693          	add	a3,a3,-1254 # 80001000 <tohost>
800024ee:	4781                	li	a5,0
800024f0:	c290                	sw	a2,0(a3)
800024f2:	c2dc                	sw	a5,4(a3)
800024f4:	0000100f          	fence.i
800024f8:	fffff697          	auipc	a3,0xfffff
800024fc:	b4868693          	add	a3,a3,-1208 # 80001040 <fromhost>
80002500:	4298                	lw	a4,0(a3)
80002502:	42dc                	lw	a5,4(a3)
80002504:	8f5d                	or	a4,a4,a5
80002506:	df6d                	beqz	a4,80002500 <printstr+0x64>
80002508:	4781                	li	a5,0
8000250a:	c29c                	sw	a5,0(a3)
8000250c:	4801                	li	a6,0
8000250e:	0106a223          	sw	a6,4(a3)
80002512:	0ff0000f          	fence
80002516:	4218                	lw	a4,0(a2)
80002518:	425c                	lw	a5,4(a2)
8000251a:	6109                	add	sp,sp,128
8000251c:	8082                	ret
8000251e:	4301                	li	t1,0
80002520:	4381                	li	t2,0
80002522:	bf79                	j	800024c0 <printstr+0x24>

80002524 <thread_entry>:
80002524:	c111                	beqz	a0,80002528 <thread_entry+0x4>
80002526:	a001                	j	80002526 <thread_entry+0x2>
80002528:	8082                	ret

8000252a <putchar>:
8000252a:	04022803          	lw	a6,64(tp) # 40 <buflen.1>
8000252e:	00020793          	mv	a5,tp
80002532:	97c2                	add	a5,a5,a6
80002534:	7119                	add	sp,sp,-128
80002536:	00180713          	add	a4,a6,1
8000253a:	04e22023          	sw	a4,64(tp) # 40 <buflen.1>
8000253e:	00a78023          	sb	a0,0(a5)
80002542:	03f10693          	add	a3,sp,63
80002546:	47a9                	li	a5,10
80002548:	fc06f693          	and	a3,a3,-64
8000254c:	00f50963          	beq	a0,a5,8000255e <putchar+0x34>
80002550:	04000793          	li	a5,64
80002554:	00f70563          	beq	a4,a5,8000255e <putchar+0x34>
80002558:	4501                	li	a0,0
8000255a:	6109                	add	sp,sp,128
8000255c:	8082                	ret
8000255e:	04000813          	li	a6,64
80002562:	0106a023          	sw	a6,0(a3)
80002566:	4881                	li	a7,0
80002568:	0116a223          	sw	a7,4(a3)
8000256c:	4e05                	li	t3,1
8000256e:	01c6a423          	sw	t3,8(a3)
80002572:	4e81                	li	t4,0
80002574:	01d6a623          	sw	t4,12(a3)
80002578:	00020313          	mv	t1,tp
8000257c:	0066a823          	sw	t1,16(a3)
80002580:	4381                	li	t2,0
80002582:	0076aa23          	sw	t2,20(a3)
80002586:	ce98                	sw	a4,24(a3)
80002588:	41f75893          	sra	a7,a4,0x1f
8000258c:	0116ae23          	sw	a7,28(a3)
80002590:	0ff0000f          	fence
80002594:	fffff617          	auipc	a2,0xfffff
80002598:	a6c60613          	add	a2,a2,-1428 # 80001000 <tohost>
8000259c:	4781                	li	a5,0
8000259e:	c214                	sw	a3,0(a2)
800025a0:	c25c                	sw	a5,4(a2)
800025a2:	0000100f          	fence.i
800025a6:	fffff617          	auipc	a2,0xfffff
800025aa:	a9a60613          	add	a2,a2,-1382 # 80001040 <fromhost>
800025ae:	4218                	lw	a4,0(a2)
800025b0:	425c                	lw	a5,4(a2)
800025b2:	8f5d                	or	a4,a4,a5
800025b4:	df6d                	beqz	a4,800025ae <putchar+0x84>
800025b6:	4781                	li	a5,0
800025b8:	c21c                	sw	a5,0(a2)
800025ba:	4801                	li	a6,0
800025bc:	01062223          	sw	a6,4(a2)
800025c0:	0ff0000f          	fence
800025c4:	04022023          	sw	zero,64(tp) # 40 <buflen.1>
800025c8:	4298                	lw	a4,0(a3)
800025ca:	4501                	li	a0,0
800025cc:	42dc                	lw	a5,4(a3)
800025ce:	6109                	add	sp,sp,128
800025d0:	8082                	ret

800025d2 <printhex>:
800025d2:	7179                	add	sp,sp,-48
800025d4:	872a                	mv	a4,a0
800025d6:	d606                	sw	ra,44(sp)
800025d8:	0068                	add	a0,sp,12
800025da:	01b10693          	add	a3,sp,27
800025de:	4825                	li	a6,9
800025e0:	a011                	j	800025e4 <printhex+0x12>
800025e2:	86be                	mv	a3,a5
800025e4:	00f77793          	and	a5,a4,15
800025e8:	00f837b3          	sltu	a5,a6,a5
800025ec:	40f007b3          	neg	a5,a5
800025f0:	0277f793          	and	a5,a5,39
800025f4:	00f77613          	and	a2,a4,15
800025f8:	03078793          	add	a5,a5,48
800025fc:	97b2                	add	a5,a5,a2
800025fe:	00f68023          	sb	a5,0(a3)
80002602:	01c59613          	sll	a2,a1,0x1c
80002606:	8311                	srl	a4,a4,0x4
80002608:	fff68793          	add	a5,a3,-1
8000260c:	8f51                	or	a4,a4,a2
8000260e:	8191                	srl	a1,a1,0x4
80002610:	fcd519e3          	bne	a0,a3,800025e2 <printhex+0x10>
80002614:	00010e23          	sb	zero,28(sp)
80002618:	3551                	jal	8000249c <printstr>
8000261a:	50b2                	lw	ra,44(sp)
8000261c:	6145                	add	sp,sp,48
8000261e:	8082                	ret

80002620 <printf>:
80002620:	7139                	add	sp,sp,-64
80002622:	02410313          	add	t1,sp,36
80002626:	d22e                	sw	a1,36(sp)
80002628:	d432                	sw	a2,40(sp)
8000262a:	d636                	sw	a3,44(sp)
8000262c:	862a                	mv	a2,a0
8000262e:	869a                	mv	a3,t1
80002630:	00000517          	auipc	a0,0x0
80002634:	a2450513          	add	a0,a0,-1500 # 80002054 <cputchar>
80002638:	4581                	li	a1,0
8000263a:	ce06                	sw	ra,28(sp)
8000263c:	d83a                	sw	a4,48(sp)
8000263e:	da3e                	sw	a5,52(sp)
80002640:	dc42                	sw	a6,56(sp)
80002642:	de46                	sw	a7,60(sp)
80002644:	c61a                	sw	t1,12(sp)
80002646:	3425                	jal	8000206e <vprintfmt>
80002648:	40f2                	lw	ra,28(sp)
8000264a:	4501                	li	a0,0
8000264c:	6121                	add	sp,sp,64
8000264e:	8082                	ret

80002650 <sprintf>:
80002650:	715d                	add	sp,sp,-80
80002652:	03810e13          	add	t3,sp,56
80002656:	d422                	sw	s0,40(sp)
80002658:	c62a                	sw	a0,12(sp)
8000265a:	842a                	mv	s0,a0
8000265c:	dc32                	sw	a2,56(sp)
8000265e:	de36                	sw	a3,60(sp)
80002660:	862e                	mv	a2,a1
80002662:	00000517          	auipc	a0,0x0
80002666:	db050513          	add	a0,a0,-592 # 80002412 <sprintf_putch.0>
8000266a:	006c                	add	a1,sp,12
8000266c:	86f2                	mv	a3,t3
8000266e:	d606                	sw	ra,44(sp)
80002670:	c2be                	sw	a5,68(sp)
80002672:	c0ba                	sw	a4,64(sp)
80002674:	c4c2                	sw	a6,72(sp)
80002676:	c6c6                	sw	a7,76(sp)
80002678:	ce72                	sw	t3,28(sp)
8000267a:	3ad5                	jal	8000206e <vprintfmt>
8000267c:	47b2                	lw	a5,12(sp)
8000267e:	00078023          	sb	zero,0(a5)
80002682:	4532                	lw	a0,12(sp)
80002684:	50b2                	lw	ra,44(sp)
80002686:	8d01                	sub	a0,a0,s0
80002688:	5422                	lw	s0,40(sp)
8000268a:	6161                	add	sp,sp,80
8000268c:	8082                	ret

8000268e <memcpy>:
8000268e:	00c5e7b3          	or	a5,a1,a2
80002692:	8fc9                	or	a5,a5,a0
80002694:	8b8d                	and	a5,a5,3
80002696:	00c50833          	add	a6,a0,a2
8000269a:	cf91                	beqz	a5,800026b6 <memcpy+0x28>
8000269c:	962e                	add	a2,a2,a1
8000269e:	87aa                	mv	a5,a0
800026a0:	09057b63          	bgeu	a0,a6,80002736 <memcpy+0xa8>
800026a4:	0005c703          	lbu	a4,0(a1)
800026a8:	0585                	add	a1,a1,1
800026aa:	0785                	add	a5,a5,1
800026ac:	fee78fa3          	sb	a4,-1(a5)
800026b0:	fec59ae3          	bne	a1,a2,800026a4 <memcpy+0x16>
800026b4:	8082                	ret
800026b6:	02050693          	add	a3,a0,32
800026ba:	0706ff63          	bgeu	a3,a6,80002738 <memcpy+0xaa>
800026be:	87b6                	mv	a5,a3
800026c0:	872e                	mv	a4,a1
800026c2:	00072383          	lw	t2,0(a4)
800026c6:	00472283          	lw	t0,4(a4)
800026ca:	00872f83          	lw	t6,8(a4)
800026ce:	00c72f03          	lw	t5,12(a4)
800026d2:	01072e83          	lw	t4,16(a4)
800026d6:	01472e03          	lw	t3,20(a4)
800026da:	01872303          	lw	t1,24(a4)
800026de:	01c72883          	lw	a7,28(a4)
800026e2:	02078793          	add	a5,a5,32
800026e6:	fc77a023          	sw	t2,-64(a5)
800026ea:	fc57a223          	sw	t0,-60(a5)
800026ee:	fdf7a423          	sw	t6,-56(a5)
800026f2:	fde7a623          	sw	t5,-52(a5)
800026f6:	fdd7a823          	sw	t4,-48(a5)
800026fa:	fdc7aa23          	sw	t3,-44(a5)
800026fe:	fc67ac23          	sw	t1,-40(a5)
80002702:	fd17ae23          	sw	a7,-36(a5)
80002706:	02070713          	add	a4,a4,32
8000270a:	fb07ece3          	bltu	a5,a6,800026c2 <memcpy+0x34>
8000270e:	fdf60613          	add	a2,a2,-33
80002712:	fe067793          	and	a5,a2,-32
80002716:	02078793          	add	a5,a5,32
8000271a:	9a01                	and	a2,a2,-32
8000271c:	95be                	add	a1,a1,a5
8000271e:	00c687b3          	add	a5,a3,a2
80002722:	f907f9e3          	bgeu	a5,a6,800026b4 <memcpy+0x26>
80002726:	4198                	lw	a4,0(a1)
80002728:	0791                	add	a5,a5,4
8000272a:	0591                	add	a1,a1,4
8000272c:	fee7ae23          	sw	a4,-4(a5)
80002730:	ff07ebe3          	bltu	a5,a6,80002726 <memcpy+0x98>
80002734:	8082                	ret
80002736:	8082                	ret
80002738:	87aa                	mv	a5,a0
8000273a:	b7e5                	j	80002722 <memcpy+0x94>

8000273c <memset>:
8000273c:	00c567b3          	or	a5,a0,a2
80002740:	8b8d                	and	a5,a5,3
80002742:	962a                	add	a2,a2,a0
80002744:	cf81                	beqz	a5,8000275c <memset+0x20>
80002746:	0ff5f593          	zext.b	a1,a1
8000274a:	87aa                	mv	a5,a0
8000274c:	02c57963          	bgeu	a0,a2,8000277e <memset+0x42>
80002750:	0785                	add	a5,a5,1
80002752:	feb78fa3          	sb	a1,-1(a5)
80002756:	fec79de3          	bne	a5,a2,80002750 <memset+0x14>
8000275a:	8082                	ret
8000275c:	0ff5f593          	zext.b	a1,a1
80002760:	00859713          	sll	a4,a1,0x8
80002764:	972e                	add	a4,a4,a1
80002766:	01071793          	sll	a5,a4,0x10
8000276a:	973e                	add	a4,a4,a5
8000276c:	fec577e3          	bgeu	a0,a2,8000275a <memset+0x1e>
80002770:	87aa                	mv	a5,a0
80002772:	0791                	add	a5,a5,4
80002774:	fee7ae23          	sw	a4,-4(a5)
80002778:	fec7ede3          	bltu	a5,a2,80002772 <memset+0x36>
8000277c:	8082                	ret
8000277e:	8082                	ret

80002780 <_init>:
80002780:	7135                	add	sp,sp,-160
80002782:	00002797          	auipc	a5,0x2
80002786:	e4a78793          	add	a5,a5,-438 # 800045cc <_tdata_begin>
8000278a:	c552                	sw	s4,136(sp)
8000278c:	00002a17          	auipc	s4,0x2
80002790:	e40a0a13          	add	s4,s4,-448 # 800045cc <_tdata_begin>
80002794:	c74e                	sw	s3,140(sp)
80002796:	40fa09b3          	sub	s3,s4,a5
8000279a:	cb26                	sw	s1,148(sp)
8000279c:	c94a                	sw	s2,144(sp)
8000279e:	84aa                	mv	s1,a0
800027a0:	892e                	mv	s2,a1
800027a2:	8512                	mv	a0,tp
800027a4:	85be                	mv	a1,a5
800027a6:	864e                	mv	a2,s3
800027a8:	cf06                	sw	ra,156(sp)
800027aa:	cd22                	sw	s0,152(sp)
800027ac:	c356                	sw	s5,132(sp)
800027ae:	8a92                	mv	s5,tp
800027b0:	3df9                	jal	8000268e <memcpy>
800027b2:	88818613          	add	a2,gp,-1912 # 80004644 <_tbss_end>
800027b6:	41460633          	sub	a2,a2,s4
800027ba:	4581                	li	a1,0
800027bc:	013a8533          	add	a0,s5,s3
800027c0:	3fb5                	jal	8000273c <memset>
800027c2:	85ca                	mv	a1,s2
800027c4:	8526                	mv	a0,s1
800027c6:	3bb9                	jal	80002524 <thread_entry>
800027c8:	03f10413          	add	s0,sp,63
800027cc:	00001517          	auipc	a0,0x1
800027d0:	e8050513          	add	a0,a0,-384 # 8000364c <main+0xc8>
800027d4:	35b1                	jal	80002620 <printf>
800027d6:	fc047413          	and	s0,s0,-64
800027da:	b0002a73          	csrr	s4,mcycle
800027de:	b0202973          	csrr	s2,minstret
800027e2:	4581                	li	a1,0
800027e4:	4501                	li	a0,0
800027e6:	59f000ef          	jal	80003584 <main>
800027ea:	84aa                	mv	s1,a0
800027ec:	b00025f3          	csrr	a1,mcycle
800027f0:	b02029f3          	csrr	s3,minstret
800027f4:	00001517          	auipc	a0,0x1
800027f8:	e6850513          	add	a0,a0,-408 # 8000365c <main+0xd8>
800027fc:	414585b3          	sub	a1,a1,s4
80002800:	3505                	jal	80002620 <printf>
80002802:	412985b3          	sub	a1,s3,s2
80002806:	00001517          	auipc	a0,0x1
8000280a:	e6a50513          	add	a0,a0,-406 # 80003670 <main+0xec>
8000280e:	3d09                	jal	80002620 <printf>
80002810:	00002917          	auipc	s2,0x2
80002814:	db490913          	add	s2,s2,-588 # 800045c4 <counters>
80002818:	00092683          	lw	a3,0(s2)
8000281c:	ea8d                	bnez	a3,8000284e <_init+0xce>
8000281e:	00492683          	lw	a3,4(s2)
80002822:	e299                	bnez	a3,80002828 <_init+0xa8>
80002824:	8526                	mv	a0,s1
80002826:	3181                	jal	80002466 <tohost_exit>
80002828:	8922                	mv	s2,s0
8000282a:	00002997          	auipc	s3,0x2
8000282e:	d9298993          	add	s3,s3,-622 # 800045bc <counter_names>
80002832:	0049a603          	lw	a2,4(s3)
80002836:	854a                	mv	a0,s2
80002838:	00001597          	auipc	a1,0x1
8000283c:	e5058593          	add	a1,a1,-432 # 80003688 <main+0x104>
80002840:	3d01                	jal	80002650 <sprintf>
80002842:	992a                	add	s2,s2,a0
80002844:	ff2400e3          	beq	s0,s2,80002824 <_init+0xa4>
80002848:	8522                	mv	a0,s0
8000284a:	3989                	jal	8000249c <printstr>
8000284c:	bfe1                	j	80002824 <_init+0xa4>
8000284e:	00002997          	auipc	s3,0x2
80002852:	d6e98993          	add	s3,s3,-658 # 800045bc <counter_names>
80002856:	0009a603          	lw	a2,0(s3)
8000285a:	00001597          	auipc	a1,0x1
8000285e:	e2e58593          	add	a1,a1,-466 # 80003688 <main+0x104>
80002862:	8522                	mv	a0,s0
80002864:	33f5                	jal	80002650 <sprintf>
80002866:	00492683          	lw	a3,4(s2)
8000286a:	00a40933          	add	s2,s0,a0
8000286e:	daf9                	beqz	a3,80002844 <_init+0xc4>
80002870:	b7c9                	j	80002832 <_init+0xb2>

80002872 <strlen>:
80002872:	00054783          	lbu	a5,0(a0)
80002876:	cb89                	beqz	a5,80002888 <strlen+0x16>
80002878:	87aa                	mv	a5,a0
8000287a:	0017c703          	lbu	a4,1(a5)
8000287e:	0785                	add	a5,a5,1
80002880:	ff6d                	bnez	a4,8000287a <strlen+0x8>
80002882:	40a78533          	sub	a0,a5,a0
80002886:	8082                	ret
80002888:	4501                	li	a0,0
8000288a:	8082                	ret

8000288c <strnlen>:
8000288c:	00b506b3          	add	a3,a0,a1
80002890:	87aa                	mv	a5,a0
80002892:	e589                	bnez	a1,8000289c <strnlen+0x10>
80002894:	a829                	j	800028ae <strnlen+0x22>
80002896:	0785                	add	a5,a5,1
80002898:	00f68863          	beq	a3,a5,800028a8 <strnlen+0x1c>
8000289c:	0007c703          	lbu	a4,0(a5)
800028a0:	fb7d                	bnez	a4,80002896 <strnlen+0xa>
800028a2:	40a78533          	sub	a0,a5,a0
800028a6:	8082                	ret
800028a8:	40a68533          	sub	a0,a3,a0
800028ac:	8082                	ret
800028ae:	4501                	li	a0,0
800028b0:	8082                	ret

800028b2 <strcmp>:
800028b2:	00054783          	lbu	a5,0(a0)
800028b6:	0585                	add	a1,a1,1
800028b8:	0505                	add	a0,a0,1
800028ba:	fff5c703          	lbu	a4,-1(a1)
800028be:	c791                	beqz	a5,800028ca <strcmp+0x18>
800028c0:	fee789e3          	beq	a5,a4,800028b2 <strcmp>
800028c4:	40e78533          	sub	a0,a5,a4
800028c8:	8082                	ret
800028ca:	4781                	li	a5,0
800028cc:	bfe5                	j	800028c4 <strcmp+0x12>

800028ce <strcpy>:
800028ce:	87aa                	mv	a5,a0
800028d0:	0005c703          	lbu	a4,0(a1)
800028d4:	0785                	add	a5,a5,1
800028d6:	0585                	add	a1,a1,1
800028d8:	fee78fa3          	sb	a4,-1(a5)
800028dc:	fb75                	bnez	a4,800028d0 <strcpy+0x2>
800028de:	8082                	ret

800028e0 <atol>:
800028e0:	00054703          	lbu	a4,0(a0)
800028e4:	02000693          	li	a3,32
800028e8:	87aa                	mv	a5,a0
800028ea:	00d71763          	bne	a4,a3,800028f8 <atol+0x18>
800028ee:	0017c703          	lbu	a4,1(a5)
800028f2:	0785                	add	a5,a5,1
800028f4:	fed70de3          	beq	a4,a3,800028ee <atol+0xe>
800028f8:	02d00693          	li	a3,45
800028fc:	02d70f63          	beq	a4,a3,8000293a <atol+0x5a>
80002900:	02b00693          	li	a3,43
80002904:	02d70563          	beq	a4,a3,8000292e <atol+0x4e>
80002908:	0007c703          	lbu	a4,0(a5)
8000290c:	4601                	li	a2,0
8000290e:	cb1d                	beqz	a4,80002944 <atol+0x64>
80002910:	4501                	li	a0,0
80002912:	0785                	add	a5,a5,1
80002914:	fd070693          	add	a3,a4,-48
80002918:	0007c703          	lbu	a4,0(a5)
8000291c:	20a54533          	sh2add	a0,a0,a0
80002920:	20d52533          	sh1add	a0,a0,a3
80002924:	f77d                	bnez	a4,80002912 <atol+0x32>
80002926:	c205                	beqz	a2,80002946 <atol+0x66>
80002928:	40a00533          	neg	a0,a0
8000292c:	8082                	ret
8000292e:	0017c703          	lbu	a4,1(a5)
80002932:	0785                	add	a5,a5,1
80002934:	cb01                	beqz	a4,80002944 <atol+0x64>
80002936:	4601                	li	a2,0
80002938:	bfe1                	j	80002910 <atol+0x30>
8000293a:	0017c703          	lbu	a4,1(a5)
8000293e:	4605                	li	a2,1
80002940:	0785                	add	a5,a5,1
80002942:	f779                	bnez	a4,80002910 <atol+0x30>
80002944:	4501                	li	a0,0
80002946:	8082                	ret

80002948 <__moddi3>:
80002948:	00058e13          	mv	t3,a1
8000294c:	00000813          	li	a6,0
80002950:	0005dc63          	bgez	a1,80002968 <__moddi3+0x20>
80002954:	00a037b3          	snez	a5,a0
80002958:	40b00e33          	neg	t3,a1
8000295c:	40fe0e33          	sub	t3,t3,a5
80002960:	40a00533          	neg	a0,a0
80002964:	fff00813          	li	a6,-1
80002968:	0006da63          	bgez	a3,8000297c <__moddi3+0x34>
8000296c:	00c037b3          	snez	a5,a2
80002970:	40d006b3          	neg	a3,a3
80002974:	40f686b3          	sub	a3,a3,a5
80002978:	40c00633          	neg	a2,a2
8000297c:	00060893          	mv	a7,a2
80002980:	00050793          	mv	a5,a0
80002984:	000e0593          	mv	a1,t3
80002988:	22069063          	bnez	a3,80002ba8 <__moddi3+0x260>
8000298c:	80003737          	lui	a4,0x80003
80002990:	7ec70713          	add	a4,a4,2028 # 800037ec <__clz_tab>
80002994:	0ece7663          	bgeu	t3,a2,80002a80 <__moddi3+0x138>
80002998:	000106b7          	lui	a3,0x10
8000299c:	0cd67863          	bgeu	a2,a3,80002a6c <__moddi3+0x124>
800029a0:	10063693          	sltiu	a3,a2,256
800029a4:	0016b693          	seqz	a3,a3
800029a8:	00369693          	sll	a3,a3,0x3
800029ac:	00d65333          	srl	t1,a2,a3
800029b0:	00670733          	add	a4,a4,t1
800029b4:	00074703          	lbu	a4,0(a4)
800029b8:	00d70733          	add	a4,a4,a3
800029bc:	02000693          	li	a3,32
800029c0:	40e68333          	sub	t1,a3,a4
800029c4:	00e68c63          	beq	a3,a4,800029dc <__moddi3+0x94>
800029c8:	006e15b3          	sll	a1,t3,t1
800029cc:	00e55733          	srl	a4,a0,a4
800029d0:	006618b3          	sll	a7,a2,t1
800029d4:	00b765b3          	or	a1,a4,a1
800029d8:	006517b3          	sll	a5,a0,t1
800029dc:	0108d613          	srl	a2,a7,0x10
800029e0:	02c5d6b3          	divu	a3,a1,a2
800029e4:	01089513          	sll	a0,a7,0x10
800029e8:	01055513          	srl	a0,a0,0x10
800029ec:	0107d713          	srl	a4,a5,0x10
800029f0:	02c5f5b3          	remu	a1,a1,a2
800029f4:	02a686b3          	mul	a3,a3,a0
800029f8:	01059593          	sll	a1,a1,0x10
800029fc:	00b76733          	or	a4,a4,a1
80002a00:	00d77a63          	bgeu	a4,a3,80002a14 <__moddi3+0xcc>
80002a04:	00e88733          	add	a4,a7,a4
80002a08:	01176663          	bltu	a4,a7,80002a14 <__moddi3+0xcc>
80002a0c:	00d77463          	bgeu	a4,a3,80002a14 <__moddi3+0xcc>
80002a10:	01170733          	add	a4,a4,a7
80002a14:	40d70733          	sub	a4,a4,a3
80002a18:	02c756b3          	divu	a3,a4,a2
80002a1c:	02c77733          	remu	a4,a4,a2
80002a20:	02a686b3          	mul	a3,a3,a0
80002a24:	01079793          	sll	a5,a5,0x10
80002a28:	01071713          	sll	a4,a4,0x10
80002a2c:	0107d793          	srl	a5,a5,0x10
80002a30:	00e7e7b3          	or	a5,a5,a4
80002a34:	00d7fa63          	bgeu	a5,a3,80002a48 <__moddi3+0x100>
80002a38:	00f887b3          	add	a5,a7,a5
80002a3c:	0117e663          	bltu	a5,a7,80002a48 <__moddi3+0x100>
80002a40:	00d7f463          	bgeu	a5,a3,80002a48 <__moddi3+0x100>
80002a44:	011787b3          	add	a5,a5,a7
80002a48:	40d787b3          	sub	a5,a5,a3
80002a4c:	0067d533          	srl	a0,a5,t1
80002a50:	00000593          	li	a1,0
80002a54:	00080a63          	beqz	a6,80002a68 <__moddi3+0x120>
80002a58:	00a037b3          	snez	a5,a0
80002a5c:	40b005b3          	neg	a1,a1
80002a60:	40f585b3          	sub	a1,a1,a5
80002a64:	40a00533          	neg	a0,a0
80002a68:	00008067          	ret
80002a6c:	01000337          	lui	t1,0x1000
80002a70:	01800693          	li	a3,24
80002a74:	f2667ce3          	bgeu	a2,t1,800029ac <__moddi3+0x64>
80002a78:	01000693          	li	a3,16
80002a7c:	f31ff06f          	j	800029ac <__moddi3+0x64>
80002a80:	00000693          	li	a3,0
80002a84:	00060c63          	beqz	a2,80002a9c <__moddi3+0x154>
80002a88:	000106b7          	lui	a3,0x10
80002a8c:	06d67e63          	bgeu	a2,a3,80002b08 <__moddi3+0x1c0>
80002a90:	10063693          	sltiu	a3,a2,256
80002a94:	0016b693          	seqz	a3,a3
80002a98:	00369693          	sll	a3,a3,0x3
80002a9c:	00d655b3          	srl	a1,a2,a3
80002aa0:	00b70733          	add	a4,a4,a1
80002aa4:	00074703          	lbu	a4,0(a4)
80002aa8:	00d70733          	add	a4,a4,a3
80002aac:	02000693          	li	a3,32
80002ab0:	40e68333          	sub	t1,a3,a4
80002ab4:	06e69463          	bne	a3,a4,80002b1c <__moddi3+0x1d4>
80002ab8:	40ce0733          	sub	a4,t3,a2
80002abc:	0108d593          	srl	a1,a7,0x10
80002ac0:	02b75633          	divu	a2,a4,a1
80002ac4:	01089513          	sll	a0,a7,0x10
80002ac8:	01055513          	srl	a0,a0,0x10
80002acc:	0107d693          	srl	a3,a5,0x10
80002ad0:	02b77733          	remu	a4,a4,a1
80002ad4:	02a60633          	mul	a2,a2,a0
80002ad8:	01071713          	sll	a4,a4,0x10
80002adc:	00e6e733          	or	a4,a3,a4
80002ae0:	00c77a63          	bgeu	a4,a2,80002af4 <__moddi3+0x1ac>
80002ae4:	00e88733          	add	a4,a7,a4
80002ae8:	01176663          	bltu	a4,a7,80002af4 <__moddi3+0x1ac>
80002aec:	00c77463          	bgeu	a4,a2,80002af4 <__moddi3+0x1ac>
80002af0:	01170733          	add	a4,a4,a7
80002af4:	40c70733          	sub	a4,a4,a2
80002af8:	02b756b3          	divu	a3,a4,a1
80002afc:	02b77733          	remu	a4,a4,a1
80002b00:	02a686b3          	mul	a3,a3,a0
80002b04:	f21ff06f          	j	80002a24 <__moddi3+0xdc>
80002b08:	010005b7          	lui	a1,0x1000
80002b0c:	01800693          	li	a3,24
80002b10:	f8b676e3          	bgeu	a2,a1,80002a9c <__moddi3+0x154>
80002b14:	01000693          	li	a3,16
80002b18:	f85ff06f          	j	80002a9c <__moddi3+0x154>
80002b1c:	006618b3          	sll	a7,a2,t1
80002b20:	00ee56b3          	srl	a3,t3,a4
80002b24:	006517b3          	sll	a5,a0,t1
80002b28:	00e55733          	srl	a4,a0,a4
80002b2c:	0108d513          	srl	a0,a7,0x10
80002b30:	02a6d5b3          	divu	a1,a3,a0
80002b34:	006e1e33          	sll	t3,t3,t1
80002b38:	01c76733          	or	a4,a4,t3
80002b3c:	01089e13          	sll	t3,a7,0x10
80002b40:	010e5e13          	srl	t3,t3,0x10
80002b44:	02a6f6b3          	remu	a3,a3,a0
80002b48:	03c585b3          	mul	a1,a1,t3
80002b4c:	01069613          	sll	a2,a3,0x10
80002b50:	01075693          	srl	a3,a4,0x10
80002b54:	00c6e6b3          	or	a3,a3,a2
80002b58:	00b6fa63          	bgeu	a3,a1,80002b6c <__moddi3+0x224>
80002b5c:	00d886b3          	add	a3,a7,a3
80002b60:	0116e663          	bltu	a3,a7,80002b6c <__moddi3+0x224>
80002b64:	00b6f463          	bgeu	a3,a1,80002b6c <__moddi3+0x224>
80002b68:	011686b3          	add	a3,a3,a7
80002b6c:	40b686b3          	sub	a3,a3,a1
80002b70:	02a6d633          	divu	a2,a3,a0
80002b74:	01071713          	sll	a4,a4,0x10
80002b78:	01075713          	srl	a4,a4,0x10
80002b7c:	02a6f6b3          	remu	a3,a3,a0
80002b80:	03c60633          	mul	a2,a2,t3
80002b84:	01069693          	sll	a3,a3,0x10
80002b88:	00d76733          	or	a4,a4,a3
80002b8c:	00c77a63          	bgeu	a4,a2,80002ba0 <__moddi3+0x258>
80002b90:	00e88733          	add	a4,a7,a4
80002b94:	01176663          	bltu	a4,a7,80002ba0 <__moddi3+0x258>
80002b98:	00c77463          	bgeu	a4,a2,80002ba0 <__moddi3+0x258>
80002b9c:	01170733          	add	a4,a4,a7
80002ba0:	40c70733          	sub	a4,a4,a2
80002ba4:	f19ff06f          	j	80002abc <__moddi3+0x174>
80002ba8:	eade66e3          	bltu	t3,a3,80002a54 <__moddi3+0x10c>
80002bac:	00010737          	lui	a4,0x10
80002bb0:	04e6fc63          	bgeu	a3,a4,80002c08 <__moddi3+0x2c0>
80002bb4:	1006b713          	sltiu	a4,a3,256
80002bb8:	00173713          	seqz	a4,a4
80002bbc:	00371713          	sll	a4,a4,0x3
80002bc0:	800038b7          	lui	a7,0x80003
80002bc4:	00e6d333          	srl	t1,a3,a4
80002bc8:	7ec88893          	add	a7,a7,2028 # 800037ec <__clz_tab>
80002bcc:	006888b3          	add	a7,a7,t1
80002bd0:	0008c883          	lbu	a7,0(a7)
80002bd4:	02000313          	li	t1,32
80002bd8:	00e888b3          	add	a7,a7,a4
80002bdc:	41130733          	sub	a4,t1,a7
80002be0:	03131e63          	bne	t1,a7,80002c1c <__moddi3+0x2d4>
80002be4:	01c6e463          	bltu	a3,t3,80002bec <__moddi3+0x2a4>
80002be8:	00c56c63          	bltu	a0,a2,80002c00 <__moddi3+0x2b8>
80002bec:	40c50633          	sub	a2,a0,a2
80002bf0:	40de06b3          	sub	a3,t3,a3
80002bf4:	00c535b3          	sltu	a1,a0,a2
80002bf8:	00060793          	mv	a5,a2
80002bfc:	40b685b3          	sub	a1,a3,a1
80002c00:	00078513          	mv	a0,a5
80002c04:	e51ff06f          	j	80002a54 <__moddi3+0x10c>
80002c08:	010008b7          	lui	a7,0x1000
80002c0c:	01800713          	li	a4,24
80002c10:	fb16f8e3          	bgeu	a3,a7,80002bc0 <__moddi3+0x278>
80002c14:	01000713          	li	a4,16
80002c18:	fa9ff06f          	j	80002bc0 <__moddi3+0x278>
80002c1c:	00e696b3          	sll	a3,a3,a4
80002c20:	01165333          	srl	t1,a2,a7
80002c24:	00d36333          	or	t1,t1,a3
80002c28:	011e57b3          	srl	a5,t3,a7
80002c2c:	01035e93          	srl	t4,t1,0x10
80002c30:	03d7dfb3          	divu	t6,a5,t4
80002c34:	00ee1e33          	sll	t3,t3,a4
80002c38:	011555b3          	srl	a1,a0,a7
80002c3c:	01c5e5b3          	or	a1,a1,t3
80002c40:	01031e13          	sll	t3,t1,0x10
80002c44:	010e5e13          	srl	t3,t3,0x10
80002c48:	00e61633          	sll	a2,a2,a4
80002c4c:	00e51533          	sll	a0,a0,a4
80002c50:	03d7f7b3          	remu	a5,a5,t4
80002c54:	03fe0f33          	mul	t5,t3,t6
80002c58:	01079693          	sll	a3,a5,0x10
80002c5c:	0105d793          	srl	a5,a1,0x10
80002c60:	00d7e7b3          	or	a5,a5,a3
80002c64:	000f8693          	mv	a3,t6
80002c68:	01e7fe63          	bgeu	a5,t5,80002c84 <__moddi3+0x33c>
80002c6c:	00f307b3          	add	a5,t1,a5
80002c70:	ffff8693          	add	a3,t6,-1
80002c74:	0067e863          	bltu	a5,t1,80002c84 <__moddi3+0x33c>
80002c78:	01e7f663          	bgeu	a5,t5,80002c84 <__moddi3+0x33c>
80002c7c:	ffef8693          	add	a3,t6,-2
80002c80:	006787b3          	add	a5,a5,t1
80002c84:	41e787b3          	sub	a5,a5,t5
80002c88:	03d7df33          	divu	t5,a5,t4
80002c8c:	01059593          	sll	a1,a1,0x10
80002c90:	0105d593          	srl	a1,a1,0x10
80002c94:	03d7f7b3          	remu	a5,a5,t4
80002c98:	03ee0e33          	mul	t3,t3,t5
80002c9c:	01079793          	sll	a5,a5,0x10
80002ca0:	00f5e5b3          	or	a1,a1,a5
80002ca4:	000f0793          	mv	a5,t5
80002ca8:	01c5fe63          	bgeu	a1,t3,80002cc4 <__moddi3+0x37c>
80002cac:	00b305b3          	add	a1,t1,a1
80002cb0:	ffff0793          	add	a5,t5,-1
80002cb4:	0065e863          	bltu	a1,t1,80002cc4 <__moddi3+0x37c>
80002cb8:	01c5f663          	bgeu	a1,t3,80002cc4 <__moddi3+0x37c>
80002cbc:	ffef0793          	add	a5,t5,-2
80002cc0:	006585b3          	add	a1,a1,t1
80002cc4:	01069693          	sll	a3,a3,0x10
80002cc8:	00010fb7          	lui	t6,0x10
80002ccc:	00f6e6b3          	or	a3,a3,a5
80002cd0:	41c585b3          	sub	a1,a1,t3
80002cd4:	ffff8e13          	add	t3,t6,-1 # ffff <buflen.1+0xffbf>
80002cd8:	01c6f7b3          	and	a5,a3,t3
80002cdc:	01065e93          	srl	t4,a2,0x10
80002ce0:	0106d693          	srl	a3,a3,0x10
80002ce4:	01c67e33          	and	t3,a2,t3
80002ce8:	03c78f33          	mul	t5,a5,t3
80002cec:	03c68e33          	mul	t3,a3,t3
80002cf0:	03d787b3          	mul	a5,a5,t4
80002cf4:	03d686b3          	mul	a3,a3,t4
80002cf8:	01c78eb3          	add	t4,a5,t3
80002cfc:	010f5793          	srl	a5,t5,0x10
80002d00:	01d787b3          	add	a5,a5,t4
80002d04:	01c7f463          	bgeu	a5,t3,80002d0c <__moddi3+0x3c4>
80002d08:	01f686b3          	add	a3,a3,t6
80002d0c:	0107de13          	srl	t3,a5,0x10
80002d10:	00de06b3          	add	a3,t3,a3
80002d14:	00010e37          	lui	t3,0x10
80002d18:	fffe0e13          	add	t3,t3,-1 # ffff <buflen.1+0xffbf>
80002d1c:	01c7f7b3          	and	a5,a5,t3
80002d20:	01079793          	sll	a5,a5,0x10
80002d24:	01cf7f33          	and	t5,t5,t3
80002d28:	01e787b3          	add	a5,a5,t5
80002d2c:	00d5e663          	bltu	a1,a3,80002d38 <__moddi3+0x3f0>
80002d30:	00d59e63          	bne	a1,a3,80002d4c <__moddi3+0x404>
80002d34:	00f57c63          	bgeu	a0,a5,80002d4c <__moddi3+0x404>
80002d38:	40c78633          	sub	a2,a5,a2
80002d3c:	00c7be33          	sltu	t3,a5,a2
80002d40:	00060793          	mv	a5,a2
80002d44:	006e0633          	add	a2,t3,t1
80002d48:	40c686b3          	sub	a3,a3,a2
80002d4c:	40f507b3          	sub	a5,a0,a5
80002d50:	00f53533          	sltu	a0,a0,a5
80002d54:	40d585b3          	sub	a1,a1,a3
80002d58:	40a585b3          	sub	a1,a1,a0
80002d5c:	011598b3          	sll	a7,a1,a7
80002d60:	00e7d7b3          	srl	a5,a5,a4
80002d64:	00f8e533          	or	a0,a7,a5
80002d68:	00e5d5b3          	srl	a1,a1,a4
80002d6c:	ce9ff06f          	j	80002a54 <__moddi3+0x10c>

80002d70 <__udivdi3>:
80002d70:	00050893          	mv	a7,a0
80002d74:	00058313          	mv	t1,a1
80002d78:	00060713          	mv	a4,a2
80002d7c:	00050813          	mv	a6,a0
80002d80:	00058793          	mv	a5,a1
80002d84:	28069263          	bnez	a3,80003008 <__udivdi3+0x298>
80002d88:	800035b7          	lui	a1,0x80003
80002d8c:	7ec58593          	add	a1,a1,2028 # 800037ec <__clz_tab>
80002d90:	0ec37663          	bgeu	t1,a2,80002e7c <__udivdi3+0x10c>
80002d94:	000106b7          	lui	a3,0x10
80002d98:	0cd67863          	bgeu	a2,a3,80002e68 <__udivdi3+0xf8>
80002d9c:	10063693          	sltiu	a3,a2,256
80002da0:	0016b693          	seqz	a3,a3
80002da4:	00369693          	sll	a3,a3,0x3
80002da8:	00d65533          	srl	a0,a2,a3
80002dac:	00a585b3          	add	a1,a1,a0
80002db0:	0005c583          	lbu	a1,0(a1)
80002db4:	02000513          	li	a0,32
80002db8:	00d586b3          	add	a3,a1,a3
80002dbc:	40d505b3          	sub	a1,a0,a3
80002dc0:	00d50c63          	beq	a0,a3,80002dd8 <__udivdi3+0x68>
80002dc4:	00b317b3          	sll	a5,t1,a1
80002dc8:	00d8d6b3          	srl	a3,a7,a3
80002dcc:	00b61733          	sll	a4,a2,a1
80002dd0:	00f6e7b3          	or	a5,a3,a5
80002dd4:	00b89833          	sll	a6,a7,a1
80002dd8:	01075593          	srl	a1,a4,0x10
80002ddc:	02b7d333          	divu	t1,a5,a1
80002de0:	01071613          	sll	a2,a4,0x10
80002de4:	01065613          	srl	a2,a2,0x10
80002de8:	02b7f7b3          	remu	a5,a5,a1
80002dec:	00030513          	mv	a0,t1
80002df0:	026608b3          	mul	a7,a2,t1
80002df4:	01079693          	sll	a3,a5,0x10
80002df8:	01085793          	srl	a5,a6,0x10
80002dfc:	00d7e7b3          	or	a5,a5,a3
80002e00:	0117fe63          	bgeu	a5,a7,80002e1c <__udivdi3+0xac>
80002e04:	00f707b3          	add	a5,a4,a5
80002e08:	fff30513          	add	a0,t1,-1 # ffffff <buflen.1+0xffffbf>
80002e0c:	00e7e863          	bltu	a5,a4,80002e1c <__udivdi3+0xac>
80002e10:	0117f663          	bgeu	a5,a7,80002e1c <__udivdi3+0xac>
80002e14:	ffe30513          	add	a0,t1,-2
80002e18:	00e787b3          	add	a5,a5,a4
80002e1c:	411787b3          	sub	a5,a5,a7
80002e20:	02b7d8b3          	divu	a7,a5,a1
80002e24:	01081813          	sll	a6,a6,0x10
80002e28:	01085813          	srl	a6,a6,0x10
80002e2c:	02b7f7b3          	remu	a5,a5,a1
80002e30:	031606b3          	mul	a3,a2,a7
80002e34:	01079793          	sll	a5,a5,0x10
80002e38:	00f86833          	or	a6,a6,a5
80002e3c:	00088793          	mv	a5,a7
80002e40:	00d87c63          	bgeu	a6,a3,80002e58 <__udivdi3+0xe8>
80002e44:	01070833          	add	a6,a4,a6
80002e48:	fff88793          	add	a5,a7,-1 # ffffff <buflen.1+0xffffbf>
80002e4c:	00e86663          	bltu	a6,a4,80002e58 <__udivdi3+0xe8>
80002e50:	00d87463          	bgeu	a6,a3,80002e58 <__udivdi3+0xe8>
80002e54:	ffe88793          	add	a5,a7,-2
80002e58:	01051513          	sll	a0,a0,0x10
80002e5c:	00f56533          	or	a0,a0,a5
80002e60:	00000593          	li	a1,0
80002e64:	00008067          	ret
80002e68:	01000537          	lui	a0,0x1000
80002e6c:	01800693          	li	a3,24
80002e70:	f2a67ce3          	bgeu	a2,a0,80002da8 <__udivdi3+0x38>
80002e74:	01000693          	li	a3,16
80002e78:	f31ff06f          	j	80002da8 <__udivdi3+0x38>
80002e7c:	00000693          	li	a3,0
80002e80:	00060c63          	beqz	a2,80002e98 <__udivdi3+0x128>
80002e84:	000107b7          	lui	a5,0x10
80002e88:	0cf67063          	bgeu	a2,a5,80002f48 <__udivdi3+0x1d8>
80002e8c:	10063693          	sltiu	a3,a2,256
80002e90:	0016b693          	seqz	a3,a3
80002e94:	00369693          	sll	a3,a3,0x3
80002e98:	00d657b3          	srl	a5,a2,a3
80002e9c:	00f585b3          	add	a1,a1,a5
80002ea0:	0005c783          	lbu	a5,0(a1)
80002ea4:	00d787b3          	add	a5,a5,a3
80002ea8:	02000693          	li	a3,32
80002eac:	40f685b3          	sub	a1,a3,a5
80002eb0:	0af69663          	bne	a3,a5,80002f5c <__udivdi3+0x1ec>
80002eb4:	40c307b3          	sub	a5,t1,a2
80002eb8:	00100593          	li	a1,1
80002ebc:	01075893          	srl	a7,a4,0x10
80002ec0:	0317de33          	divu	t3,a5,a7
80002ec4:	01071613          	sll	a2,a4,0x10
80002ec8:	01065613          	srl	a2,a2,0x10
80002ecc:	01085693          	srl	a3,a6,0x10
80002ed0:	0317f7b3          	remu	a5,a5,a7
80002ed4:	000e0513          	mv	a0,t3
80002ed8:	03c60333          	mul	t1,a2,t3
80002edc:	01079793          	sll	a5,a5,0x10
80002ee0:	00f6e7b3          	or	a5,a3,a5
80002ee4:	0067fe63          	bgeu	a5,t1,80002f00 <__udivdi3+0x190>
80002ee8:	00f707b3          	add	a5,a4,a5
80002eec:	fffe0513          	add	a0,t3,-1
80002ef0:	00e7e863          	bltu	a5,a4,80002f00 <__udivdi3+0x190>
80002ef4:	0067f663          	bgeu	a5,t1,80002f00 <__udivdi3+0x190>
80002ef8:	ffee0513          	add	a0,t3,-2
80002efc:	00e787b3          	add	a5,a5,a4
80002f00:	406787b3          	sub	a5,a5,t1
80002f04:	0317d333          	divu	t1,a5,a7
80002f08:	01081813          	sll	a6,a6,0x10
80002f0c:	01085813          	srl	a6,a6,0x10
80002f10:	0317f7b3          	remu	a5,a5,a7
80002f14:	026606b3          	mul	a3,a2,t1
80002f18:	01079793          	sll	a5,a5,0x10
80002f1c:	00f86833          	or	a6,a6,a5
80002f20:	00030793          	mv	a5,t1
80002f24:	00d87c63          	bgeu	a6,a3,80002f3c <__udivdi3+0x1cc>
80002f28:	01070833          	add	a6,a4,a6
80002f2c:	fff30793          	add	a5,t1,-1
80002f30:	00e86663          	bltu	a6,a4,80002f3c <__udivdi3+0x1cc>
80002f34:	00d87463          	bgeu	a6,a3,80002f3c <__udivdi3+0x1cc>
80002f38:	ffe30793          	add	a5,t1,-2
80002f3c:	01051513          	sll	a0,a0,0x10
80002f40:	00f56533          	or	a0,a0,a5
80002f44:	00008067          	ret
80002f48:	010007b7          	lui	a5,0x1000
80002f4c:	01800693          	li	a3,24
80002f50:	f4f674e3          	bgeu	a2,a5,80002e98 <__udivdi3+0x128>
80002f54:	01000693          	li	a3,16
80002f58:	f41ff06f          	j	80002e98 <__udivdi3+0x128>
80002f5c:	00b61733          	sll	a4,a2,a1
80002f60:	00f356b3          	srl	a3,t1,a5
80002f64:	01075513          	srl	a0,a4,0x10
80002f68:	00b31333          	sll	t1,t1,a1
80002f6c:	00f8d7b3          	srl	a5,a7,a5
80002f70:	0067e7b3          	or	a5,a5,t1
80002f74:	02a6d333          	divu	t1,a3,a0
80002f78:	01071613          	sll	a2,a4,0x10
80002f7c:	01065613          	srl	a2,a2,0x10
80002f80:	00b89833          	sll	a6,a7,a1
80002f84:	02a6f6b3          	remu	a3,a3,a0
80002f88:	026608b3          	mul	a7,a2,t1
80002f8c:	01069593          	sll	a1,a3,0x10
80002f90:	0107d693          	srl	a3,a5,0x10
80002f94:	00b6e6b3          	or	a3,a3,a1
80002f98:	00030593          	mv	a1,t1
80002f9c:	0116fe63          	bgeu	a3,a7,80002fb8 <__udivdi3+0x248>
80002fa0:	00d706b3          	add	a3,a4,a3
80002fa4:	fff30593          	add	a1,t1,-1
80002fa8:	00e6e863          	bltu	a3,a4,80002fb8 <__udivdi3+0x248>
80002fac:	0116f663          	bgeu	a3,a7,80002fb8 <__udivdi3+0x248>
80002fb0:	ffe30593          	add	a1,t1,-2
80002fb4:	00e686b3          	add	a3,a3,a4
80002fb8:	411686b3          	sub	a3,a3,a7
80002fbc:	02a6d8b3          	divu	a7,a3,a0
80002fc0:	01079793          	sll	a5,a5,0x10
80002fc4:	0107d793          	srl	a5,a5,0x10
80002fc8:	02a6f6b3          	remu	a3,a3,a0
80002fcc:	03160633          	mul	a2,a2,a7
80002fd0:	01069693          	sll	a3,a3,0x10
80002fd4:	00d7e7b3          	or	a5,a5,a3
80002fd8:	00088693          	mv	a3,a7
80002fdc:	00c7fe63          	bgeu	a5,a2,80002ff8 <__udivdi3+0x288>
80002fe0:	00f707b3          	add	a5,a4,a5
80002fe4:	fff88693          	add	a3,a7,-1
80002fe8:	00e7e863          	bltu	a5,a4,80002ff8 <__udivdi3+0x288>
80002fec:	00c7f663          	bgeu	a5,a2,80002ff8 <__udivdi3+0x288>
80002ff0:	ffe88693          	add	a3,a7,-2
80002ff4:	00e787b3          	add	a5,a5,a4
80002ff8:	01059593          	sll	a1,a1,0x10
80002ffc:	40c787b3          	sub	a5,a5,a2
80003000:	00d5e5b3          	or	a1,a1,a3
80003004:	eb9ff06f          	j	80002ebc <__udivdi3+0x14c>
80003008:	18d5e663          	bltu	a1,a3,80003194 <__udivdi3+0x424>
8000300c:	000107b7          	lui	a5,0x10
80003010:	04f6f463          	bgeu	a3,a5,80003058 <__udivdi3+0x2e8>
80003014:	1006b713          	sltiu	a4,a3,256
80003018:	00173713          	seqz	a4,a4
8000301c:	00371713          	sll	a4,a4,0x3
80003020:	800037b7          	lui	a5,0x80003
80003024:	00e6d5b3          	srl	a1,a3,a4
80003028:	7ec78793          	add	a5,a5,2028 # 800037ec <__clz_tab>
8000302c:	00b787b3          	add	a5,a5,a1
80003030:	0007c783          	lbu	a5,0(a5)
80003034:	00e787b3          	add	a5,a5,a4
80003038:	02000713          	li	a4,32
8000303c:	40f705b3          	sub	a1,a4,a5
80003040:	02f71663          	bne	a4,a5,8000306c <__udivdi3+0x2fc>
80003044:	00100513          	li	a0,1
80003048:	e066eee3          	bltu	a3,t1,80002e64 <__udivdi3+0xf4>
8000304c:	00c8b533          	sltu	a0,a7,a2
80003050:	00153513          	seqz	a0,a0
80003054:	00008067          	ret
80003058:	010007b7          	lui	a5,0x1000
8000305c:	01800713          	li	a4,24
80003060:	fcf6f0e3          	bgeu	a3,a5,80003020 <__udivdi3+0x2b0>
80003064:	01000713          	li	a4,16
80003068:	fb9ff06f          	j	80003020 <__udivdi3+0x2b0>
8000306c:	00f65733          	srl	a4,a2,a5
80003070:	00b696b3          	sll	a3,a3,a1
80003074:	00d766b3          	or	a3,a4,a3
80003078:	00f35733          	srl	a4,t1,a5
8000307c:	00b31333          	sll	t1,t1,a1
80003080:	00f8d7b3          	srl	a5,a7,a5
80003084:	0067e7b3          	or	a5,a5,t1
80003088:	0106d313          	srl	t1,a3,0x10
8000308c:	02675eb3          	divu	t4,a4,t1
80003090:	01069813          	sll	a6,a3,0x10
80003094:	01085813          	srl	a6,a6,0x10
80003098:	00b61633          	sll	a2,a2,a1
8000309c:	02677733          	remu	a4,a4,t1
800030a0:	03d80e33          	mul	t3,a6,t4
800030a4:	01071513          	sll	a0,a4,0x10
800030a8:	0107d713          	srl	a4,a5,0x10
800030ac:	00a76733          	or	a4,a4,a0
800030b0:	000e8513          	mv	a0,t4
800030b4:	01c77e63          	bgeu	a4,t3,800030d0 <__udivdi3+0x360>
800030b8:	00e68733          	add	a4,a3,a4
800030bc:	fffe8513          	add	a0,t4,-1
800030c0:	00d76863          	bltu	a4,a3,800030d0 <__udivdi3+0x360>
800030c4:	01c77663          	bgeu	a4,t3,800030d0 <__udivdi3+0x360>
800030c8:	ffee8513          	add	a0,t4,-2
800030cc:	00d70733          	add	a4,a4,a3
800030d0:	41c70733          	sub	a4,a4,t3
800030d4:	02675e33          	divu	t3,a4,t1
800030d8:	01079793          	sll	a5,a5,0x10
800030dc:	0107d793          	srl	a5,a5,0x10
800030e0:	02677733          	remu	a4,a4,t1
800030e4:	03c80833          	mul	a6,a6,t3
800030e8:	01071713          	sll	a4,a4,0x10
800030ec:	00e7e7b3          	or	a5,a5,a4
800030f0:	000e0713          	mv	a4,t3
800030f4:	0107fe63          	bgeu	a5,a6,80003110 <__udivdi3+0x3a0>
800030f8:	00f687b3          	add	a5,a3,a5
800030fc:	fffe0713          	add	a4,t3,-1
80003100:	00d7e863          	bltu	a5,a3,80003110 <__udivdi3+0x3a0>
80003104:	0107f663          	bgeu	a5,a6,80003110 <__udivdi3+0x3a0>
80003108:	ffee0713          	add	a4,t3,-2
8000310c:	00d787b3          	add	a5,a5,a3
80003110:	01051513          	sll	a0,a0,0x10
80003114:	00010e37          	lui	t3,0x10
80003118:	00e56533          	or	a0,a0,a4
8000311c:	fffe0693          	add	a3,t3,-1 # ffff <buflen.1+0xffbf>
80003120:	00d57733          	and	a4,a0,a3
80003124:	410787b3          	sub	a5,a5,a6
80003128:	00d676b3          	and	a3,a2,a3
8000312c:	01055813          	srl	a6,a0,0x10
80003130:	01065613          	srl	a2,a2,0x10
80003134:	02d70333          	mul	t1,a4,a3
80003138:	02d806b3          	mul	a3,a6,a3
8000313c:	02c70733          	mul	a4,a4,a2
80003140:	02c80833          	mul	a6,a6,a2
80003144:	00d70633          	add	a2,a4,a3
80003148:	01035713          	srl	a4,t1,0x10
8000314c:	00c70733          	add	a4,a4,a2
80003150:	00d77463          	bgeu	a4,a3,80003158 <__udivdi3+0x3e8>
80003154:	01c80833          	add	a6,a6,t3
80003158:	01075693          	srl	a3,a4,0x10
8000315c:	010686b3          	add	a3,a3,a6
80003160:	02d7e663          	bltu	a5,a3,8000318c <__udivdi3+0x41c>
80003164:	ced79ee3          	bne	a5,a3,80002e60 <__udivdi3+0xf0>
80003168:	000107b7          	lui	a5,0x10
8000316c:	fff78793          	add	a5,a5,-1 # ffff <buflen.1+0xffbf>
80003170:	00f77733          	and	a4,a4,a5
80003174:	01071713          	sll	a4,a4,0x10
80003178:	00f37333          	and	t1,t1,a5
8000317c:	00b898b3          	sll	a7,a7,a1
80003180:	00670733          	add	a4,a4,t1
80003184:	00000593          	li	a1,0
80003188:	cce8fee3          	bgeu	a7,a4,80002e64 <__udivdi3+0xf4>
8000318c:	fff50513          	add	a0,a0,-1 # ffffff <buflen.1+0xffffbf>
80003190:	cd1ff06f          	j	80002e60 <__udivdi3+0xf0>
80003194:	00000593          	li	a1,0
80003198:	00000513          	li	a0,0
8000319c:	00008067          	ret

800031a0 <__umoddi3>:
800031a0:	00060813          	mv	a6,a2
800031a4:	00050793          	mv	a5,a0
800031a8:	00058713          	mv	a4,a1
800031ac:	20069663          	bnez	a3,800033b8 <__umoddi3+0x218>
800031b0:	800038b7          	lui	a7,0x80003
800031b4:	7ec88893          	add	a7,a7,2028 # 800037ec <__clz_tab>
800031b8:	0cc5fc63          	bgeu	a1,a2,80003290 <__umoddi3+0xf0>
800031bc:	000106b7          	lui	a3,0x10
800031c0:	0ad67e63          	bgeu	a2,a3,8000327c <__umoddi3+0xdc>
800031c4:	10063693          	sltiu	a3,a2,256
800031c8:	0016b693          	seqz	a3,a3
800031cc:	00369693          	sll	a3,a3,0x3
800031d0:	00d65333          	srl	t1,a2,a3
800031d4:	006888b3          	add	a7,a7,t1
800031d8:	0008c883          	lbu	a7,0(a7)
800031dc:	02000313          	li	t1,32
800031e0:	00d886b3          	add	a3,a7,a3
800031e4:	40d308b3          	sub	a7,t1,a3
800031e8:	00d30c63          	beq	t1,a3,80003200 <__umoddi3+0x60>
800031ec:	01159733          	sll	a4,a1,a7
800031f0:	00d556b3          	srl	a3,a0,a3
800031f4:	01161833          	sll	a6,a2,a7
800031f8:	00e6e733          	or	a4,a3,a4
800031fc:	011517b3          	sll	a5,a0,a7
80003200:	01085613          	srl	a2,a6,0x10
80003204:	02c756b3          	divu	a3,a4,a2
80003208:	01081513          	sll	a0,a6,0x10
8000320c:	01055513          	srl	a0,a0,0x10
80003210:	02c77733          	remu	a4,a4,a2
80003214:	02a686b3          	mul	a3,a3,a0
80003218:	01071593          	sll	a1,a4,0x10
8000321c:	0107d713          	srl	a4,a5,0x10
80003220:	00b76733          	or	a4,a4,a1
80003224:	00d77a63          	bgeu	a4,a3,80003238 <__umoddi3+0x98>
80003228:	00e80733          	add	a4,a6,a4
8000322c:	01076663          	bltu	a4,a6,80003238 <__umoddi3+0x98>
80003230:	00d77463          	bgeu	a4,a3,80003238 <__umoddi3+0x98>
80003234:	01070733          	add	a4,a4,a6
80003238:	40d70733          	sub	a4,a4,a3
8000323c:	02c756b3          	divu	a3,a4,a2
80003240:	02c77733          	remu	a4,a4,a2
80003244:	02a686b3          	mul	a3,a3,a0
80003248:	01079793          	sll	a5,a5,0x10
8000324c:	01071713          	sll	a4,a4,0x10
80003250:	0107d793          	srl	a5,a5,0x10
80003254:	00e7e7b3          	or	a5,a5,a4
80003258:	00d7fa63          	bgeu	a5,a3,8000326c <__umoddi3+0xcc>
8000325c:	00f807b3          	add	a5,a6,a5
80003260:	0107e663          	bltu	a5,a6,8000326c <__umoddi3+0xcc>
80003264:	00d7f463          	bgeu	a5,a3,8000326c <__umoddi3+0xcc>
80003268:	010787b3          	add	a5,a5,a6
8000326c:	40d787b3          	sub	a5,a5,a3
80003270:	0117d533          	srl	a0,a5,a7
80003274:	00000593          	li	a1,0
80003278:	00008067          	ret
8000327c:	01000337          	lui	t1,0x1000
80003280:	01800693          	li	a3,24
80003284:	f46676e3          	bgeu	a2,t1,800031d0 <__umoddi3+0x30>
80003288:	01000693          	li	a3,16
8000328c:	f45ff06f          	j	800031d0 <__umoddi3+0x30>
80003290:	00000693          	li	a3,0
80003294:	00060c63          	beqz	a2,800032ac <__umoddi3+0x10c>
80003298:	00010737          	lui	a4,0x10
8000329c:	06e67e63          	bgeu	a2,a4,80003318 <__umoddi3+0x178>
800032a0:	10063693          	sltiu	a3,a2,256
800032a4:	0016b693          	seqz	a3,a3
800032a8:	00369693          	sll	a3,a3,0x3
800032ac:	00d65733          	srl	a4,a2,a3
800032b0:	00e888b3          	add	a7,a7,a4
800032b4:	0008c703          	lbu	a4,0(a7)
800032b8:	00d70733          	add	a4,a4,a3
800032bc:	02000693          	li	a3,32
800032c0:	40e688b3          	sub	a7,a3,a4
800032c4:	06e69463          	bne	a3,a4,8000332c <__umoddi3+0x18c>
800032c8:	40c58733          	sub	a4,a1,a2
800032cc:	01085593          	srl	a1,a6,0x10
800032d0:	02b75633          	divu	a2,a4,a1
800032d4:	01081513          	sll	a0,a6,0x10
800032d8:	01055513          	srl	a0,a0,0x10
800032dc:	0107d693          	srl	a3,a5,0x10
800032e0:	02b77733          	remu	a4,a4,a1
800032e4:	02a60633          	mul	a2,a2,a0
800032e8:	01071713          	sll	a4,a4,0x10
800032ec:	00e6e733          	or	a4,a3,a4
800032f0:	00c77a63          	bgeu	a4,a2,80003304 <__umoddi3+0x164>
800032f4:	00e80733          	add	a4,a6,a4
800032f8:	01076663          	bltu	a4,a6,80003304 <__umoddi3+0x164>
800032fc:	00c77463          	bgeu	a4,a2,80003304 <__umoddi3+0x164>
80003300:	01070733          	add	a4,a4,a6
80003304:	40c70733          	sub	a4,a4,a2
80003308:	02b756b3          	divu	a3,a4,a1
8000330c:	02b77733          	remu	a4,a4,a1
80003310:	02a686b3          	mul	a3,a3,a0
80003314:	f35ff06f          	j	80003248 <__umoddi3+0xa8>
80003318:	01000737          	lui	a4,0x1000
8000331c:	01800693          	li	a3,24
80003320:	f8e676e3          	bgeu	a2,a4,800032ac <__umoddi3+0x10c>
80003324:	01000693          	li	a3,16
80003328:	f85ff06f          	j	800032ac <__umoddi3+0x10c>
8000332c:	01161833          	sll	a6,a2,a7
80003330:	00e5d6b3          	srl	a3,a1,a4
80003334:	011517b3          	sll	a5,a0,a7
80003338:	011595b3          	sll	a1,a1,a7
8000333c:	00e55733          	srl	a4,a0,a4
80003340:	01085513          	srl	a0,a6,0x10
80003344:	00b76733          	or	a4,a4,a1
80003348:	02a6d5b3          	divu	a1,a3,a0
8000334c:	01081313          	sll	t1,a6,0x10
80003350:	01035313          	srl	t1,t1,0x10
80003354:	02a6f6b3          	remu	a3,a3,a0
80003358:	026585b3          	mul	a1,a1,t1
8000335c:	01069613          	sll	a2,a3,0x10
80003360:	01075693          	srl	a3,a4,0x10
80003364:	00c6e6b3          	or	a3,a3,a2
80003368:	00b6fa63          	bgeu	a3,a1,8000337c <__umoddi3+0x1dc>
8000336c:	00d806b3          	add	a3,a6,a3
80003370:	0106e663          	bltu	a3,a6,8000337c <__umoddi3+0x1dc>
80003374:	00b6f463          	bgeu	a3,a1,8000337c <__umoddi3+0x1dc>
80003378:	010686b3          	add	a3,a3,a6
8000337c:	40b686b3          	sub	a3,a3,a1
80003380:	02a6d633          	divu	a2,a3,a0
80003384:	01071713          	sll	a4,a4,0x10
80003388:	01075713          	srl	a4,a4,0x10
8000338c:	02a6f6b3          	remu	a3,a3,a0
80003390:	02660633          	mul	a2,a2,t1
80003394:	01069693          	sll	a3,a3,0x10
80003398:	00d76733          	or	a4,a4,a3
8000339c:	00c77a63          	bgeu	a4,a2,800033b0 <__umoddi3+0x210>
800033a0:	00e80733          	add	a4,a6,a4
800033a4:	01076663          	bltu	a4,a6,800033b0 <__umoddi3+0x210>
800033a8:	00c77463          	bgeu	a4,a2,800033b0 <__umoddi3+0x210>
800033ac:	01070733          	add	a4,a4,a6
800033b0:	40c70733          	sub	a4,a4,a2
800033b4:	f19ff06f          	j	800032cc <__umoddi3+0x12c>
800033b8:	1cd5e463          	bltu	a1,a3,80003580 <__umoddi3+0x3e0>
800033bc:	00010837          	lui	a6,0x10
800033c0:	0506fe63          	bgeu	a3,a6,8000341c <__umoddi3+0x27c>
800033c4:	1006b813          	sltiu	a6,a3,256
800033c8:	00183813          	seqz	a6,a6
800033cc:	00381813          	sll	a6,a6,0x3
800033d0:	800038b7          	lui	a7,0x80003
800033d4:	0106d333          	srl	t1,a3,a6
800033d8:	7ec88893          	add	a7,a7,2028 # 800037ec <__clz_tab>
800033dc:	006888b3          	add	a7,a7,t1
800033e0:	0008c883          	lbu	a7,0(a7)
800033e4:	02000313          	li	t1,32
800033e8:	010888b3          	add	a7,a7,a6
800033ec:	41130833          	sub	a6,t1,a7
800033f0:	05131063          	bne	t1,a7,80003430 <__umoddi3+0x290>
800033f4:	00b6e463          	bltu	a3,a1,800033fc <__umoddi3+0x25c>
800033f8:	00c56c63          	bltu	a0,a2,80003410 <__umoddi3+0x270>
800033fc:	40c50633          	sub	a2,a0,a2
80003400:	40d586b3          	sub	a3,a1,a3
80003404:	00c53733          	sltu	a4,a0,a2
80003408:	00060793          	mv	a5,a2
8000340c:	40e68733          	sub	a4,a3,a4
80003410:	00078513          	mv	a0,a5
80003414:	00070593          	mv	a1,a4
80003418:	00008067          	ret
8000341c:	010008b7          	lui	a7,0x1000
80003420:	01800813          	li	a6,24
80003424:	fb16f6e3          	bgeu	a3,a7,800033d0 <__umoddi3+0x230>
80003428:	01000813          	li	a6,16
8000342c:	fa5ff06f          	j	800033d0 <__umoddi3+0x230>
80003430:	011657b3          	srl	a5,a2,a7
80003434:	010696b3          	sll	a3,a3,a6
80003438:	00d7e6b3          	or	a3,a5,a3
8000343c:	0115d733          	srl	a4,a1,a7
80003440:	0106de13          	srl	t3,a3,0x10
80003444:	03c75f33          	divu	t5,a4,t3
80003448:	01069313          	sll	t1,a3,0x10
8000344c:	01035313          	srl	t1,t1,0x10
80003450:	010597b3          	sll	a5,a1,a6
80003454:	011555b3          	srl	a1,a0,a7
80003458:	00f5e5b3          	or	a1,a1,a5
8000345c:	0105d793          	srl	a5,a1,0x10
80003460:	01061633          	sll	a2,a2,a6
80003464:	01051533          	sll	a0,a0,a6
80003468:	03c77733          	remu	a4,a4,t3
8000346c:	03e30eb3          	mul	t4,t1,t5
80003470:	01071713          	sll	a4,a4,0x10
80003474:	00e7e7b3          	or	a5,a5,a4
80003478:	000f0713          	mv	a4,t5
8000347c:	01d7fe63          	bgeu	a5,t4,80003498 <__umoddi3+0x2f8>
80003480:	00f687b3          	add	a5,a3,a5
80003484:	ffff0713          	add	a4,t5,-1
80003488:	00d7e863          	bltu	a5,a3,80003498 <__umoddi3+0x2f8>
8000348c:	01d7f663          	bgeu	a5,t4,80003498 <__umoddi3+0x2f8>
80003490:	ffef0713          	add	a4,t5,-2
80003494:	00d787b3          	add	a5,a5,a3
80003498:	41d787b3          	sub	a5,a5,t4
8000349c:	03c7deb3          	divu	t4,a5,t3
800034a0:	01059593          	sll	a1,a1,0x10
800034a4:	0105d593          	srl	a1,a1,0x10
800034a8:	03c7f7b3          	remu	a5,a5,t3
800034ac:	000e8e13          	mv	t3,t4
800034b0:	03d30333          	mul	t1,t1,t4
800034b4:	01079793          	sll	a5,a5,0x10
800034b8:	00f5e5b3          	or	a1,a1,a5
800034bc:	0065fe63          	bgeu	a1,t1,800034d8 <__umoddi3+0x338>
800034c0:	00b685b3          	add	a1,a3,a1
800034c4:	fffe8e13          	add	t3,t4,-1
800034c8:	00d5e863          	bltu	a1,a3,800034d8 <__umoddi3+0x338>
800034cc:	0065f663          	bgeu	a1,t1,800034d8 <__umoddi3+0x338>
800034d0:	ffee8e13          	add	t3,t4,-2
800034d4:	00d585b3          	add	a1,a1,a3
800034d8:	01071793          	sll	a5,a4,0x10
800034dc:	00010f37          	lui	t5,0x10
800034e0:	01c7e7b3          	or	a5,a5,t3
800034e4:	406585b3          	sub	a1,a1,t1
800034e8:	ffff0313          	add	t1,t5,-1 # ffff <buflen.1+0xffbf>
800034ec:	0067f733          	and	a4,a5,t1
800034f0:	01065e13          	srl	t3,a2,0x10
800034f4:	0107d793          	srl	a5,a5,0x10
800034f8:	00667333          	and	t1,a2,t1
800034fc:	02670eb3          	mul	t4,a4,t1
80003500:	02678333          	mul	t1,a5,t1
80003504:	03c70733          	mul	a4,a4,t3
80003508:	03c787b3          	mul	a5,a5,t3
8000350c:	00670e33          	add	t3,a4,t1
80003510:	010ed713          	srl	a4,t4,0x10
80003514:	01c70733          	add	a4,a4,t3
80003518:	00677463          	bgeu	a4,t1,80003520 <__umoddi3+0x380>
8000351c:	01e787b3          	add	a5,a5,t5
80003520:	01075313          	srl	t1,a4,0x10
80003524:	00f307b3          	add	a5,t1,a5
80003528:	00010337          	lui	t1,0x10
8000352c:	fff30313          	add	t1,t1,-1 # ffff <buflen.1+0xffbf>
80003530:	00677733          	and	a4,a4,t1
80003534:	01071713          	sll	a4,a4,0x10
80003538:	006efeb3          	and	t4,t4,t1
8000353c:	01d70733          	add	a4,a4,t4
80003540:	00f5e663          	bltu	a1,a5,8000354c <__umoddi3+0x3ac>
80003544:	00f59e63          	bne	a1,a5,80003560 <__umoddi3+0x3c0>
80003548:	00e57c63          	bgeu	a0,a4,80003560 <__umoddi3+0x3c0>
8000354c:	40c70633          	sub	a2,a4,a2
80003550:	00c73333          	sltu	t1,a4,a2
80003554:	00d306b3          	add	a3,t1,a3
80003558:	00060713          	mv	a4,a2
8000355c:	40d787b3          	sub	a5,a5,a3
80003560:	40e50733          	sub	a4,a0,a4
80003564:	00e53533          	sltu	a0,a0,a4
80003568:	40f585b3          	sub	a1,a1,a5
8000356c:	40a585b3          	sub	a1,a1,a0
80003570:	011598b3          	sll	a7,a1,a7
80003574:	01075733          	srl	a4,a4,a6
80003578:	00e8e533          	or	a0,a7,a4
8000357c:	0105d5b3          	srl	a1,a1,a6
80003580:	00008067          	ret

Disassembly of section .text.startup:

80003584 <main>:
80003584:	9b010113          	add	sp,sp,-1616
80003588:	860a                	mv	a2,sp
8000358a:	00000597          	auipc	a1,0x0
8000358e:	3b258593          	add	a1,a1,946 # 8000393c <input_data>
80003592:	19000513          	li	a0,400
80003596:	64112623          	sw	ra,1612(sp)
8000359a:	a67fe0ef          	jal	80002000 <median>
8000359e:	4505                	li	a0,1
800035a0:	e81fe0ef          	jal	80002420 <setStats>
800035a4:	860a                	mv	a2,sp
800035a6:	00000597          	auipc	a1,0x0
800035aa:	39658593          	add	a1,a1,918 # 8000393c <input_data>
800035ae:	19000513          	li	a0,400
800035b2:	a4ffe0ef          	jal	80002000 <median>
800035b6:	4501                	li	a0,0
800035b8:	e69fe0ef          	jal	80002420 <setStats>
800035bc:	878a                	mv	a5,sp
800035be:	00001717          	auipc	a4,0x1
800035c2:	9be70713          	add	a4,a4,-1602 # 80003f7c <verify_data>
800035c6:	4501                	li	a0,0
800035c8:	19000893          	li	a7,400
800035cc:	a801                	j	800035dc <main+0x58>
800035ce:	0509                	add	a0,a0,2
800035d0:	00b81e63          	bne	a6,a1,800035ec <main+0x68>
800035d4:	07a1                	add	a5,a5,8
800035d6:	0721                	add	a4,a4,8
800035d8:	01150f63          	beq	a0,a7,800035f6 <main+0x72>
800035dc:	4390                	lw	a2,0(a5)
800035de:	4314                	lw	a3,0(a4)
800035e0:	0047a803          	lw	a6,4(a5)
800035e4:	434c                	lw	a1,4(a4)
800035e6:	fed604e3          	beq	a2,a3,800035ce <main+0x4a>
800035ea:	0505                	add	a0,a0,1
800035ec:	64c12083          	lw	ra,1612(sp)
800035f0:	65010113          	add	sp,sp,1616
800035f4:	8082                	ret
800035f6:	4501                	li	a0,0
800035f8:	bfd5                	j	800035ec <main+0x68>
800035fa:	1141                	add	sp,sp,-16
800035fc:	00000517          	auipc	a0,0x0
80003600:	03850513          	add	a0,a0,56 # 80003634 <main+0xb0>
80003604:	c606                	sw	ra,12(sp)
80003606:	e97fe0ef          	jal	8000249c <printstr>
8000360a:	40b2                	lw	ra,12(sp)
8000360c:	557d                	li	a0,-1
8000360e:	0141                	add	sp,sp,16
80003610:	8082                	ret

Disassembly of section .data:

8000393c <input_data>:
8000393c:	0029                	c.nop	10
8000393e:	0000                	unimp
80003940:	01c6                	sll	gp,gp,0x11
80003942:	0000                	unimp
80003944:	0341                	add	t1,t1,16
80003946:	0000                	unimp
80003948:	0000014f          	.insn	4, 0x014f
8000394c:	0234                	add	a3,sp,264
8000394e:	0000                	unimp
80003950:	0001                	nop
80003952:	0000                	unimp
80003954:	000000bb          	.insn	4, 0x00bb
80003958:	03dd                	add	t2,t2,23
8000395a:	0000                	unimp
8000395c:	02ed                	add	t0,t0,27
8000395e:	0000                	unimp
80003960:	016d                	add	sp,sp,27
80003962:	0000                	unimp
80003964:	015e                	sll	sp,sp,0x17
80003966:	0000                	unimp
80003968:	023c                	add	a5,sp,264
8000396a:	0000                	unimp
8000396c:	0084                	add	s1,sp,64
8000396e:	0000                	unimp
80003970:	0040                	add	s0,sp,4
80003972:	0000                	unimp
80003974:	03b5                	add	t2,t2,13
80003976:	0000                	unimp
80003978:	0099                	add	ra,ra,6
8000397a:	0000                	unimp
8000397c:	0248                	add	a0,sp,260
8000397e:	0000                	unimp
80003980:	00d8                	add	a4,sp,68
80003982:	0000                	unimp
80003984:	0325                	add	t1,t1,9
80003986:	0000                	unimp
80003988:	008c                	add	a1,sp,64
8000398a:	0000                	unimp
8000398c:	026d                	add	tp,tp,27 # 1b <buf.2+0x1b>
8000398e:	0000                	unimp
80003990:	00d2                	sll	ra,ra,0x14
80003992:	0000                	unimp
80003994:	0006                	c.slli	zero,0x1
80003996:	0000                	unimp
80003998:	023c                	add	a5,sp,264
8000399a:	0000                	unimp
8000399c:	000003a3          	sb	zero,7(zero) # 7 <buf.2+0x7>
800039a0:	00000153          	.insn	4, 0x0153
800039a4:	037a                	sll	t1,t1,0x1e
800039a6:	0000                	unimp
800039a8:	0251                	add	tp,tp,20 # 14 <buf.2+0x14>
800039aa:	0000                	unimp
800039ac:	0188                	add	a0,sp,192
800039ae:	0000                	unimp
800039b0:	0382                	c.slli64	t2
800039b2:	0000                	unimp
800039b4:	02b6                	sll	t0,t0,0xd
800039b6:	0000                	unimp
800039b8:	00e4                	add	s1,sp,76
800039ba:	0000                	unimp
800039bc:	03c1                	add	t2,t2,16
800039be:	0000                	unimp
800039c0:	000c                	.insn	2, 0x000c
800039c2:	0000                	unimp
800039c4:	006e                	c.slli	zero,0x1b
800039c6:	0000                	unimp
800039c8:	00000373          	.insn	4, 0x0373
800039cc:	0074                	add	a3,sp,12
800039ce:	0000                	unimp
800039d0:	02ee                	sll	t0,t0,0x1b
800039d2:	0000                	unimp
800039d4:	0128                	add	a0,sp,136
800039d6:	0000                	unimp
800039d8:	0286                	sll	t0,t0,0x1
800039da:	0000                	unimp
800039dc:	01aa                	sll	gp,gp,0xa
800039de:	0000                	unimp
800039e0:	01f4                	add	a3,sp,204
800039e2:	0000                	unimp
800039e4:	013a                	sll	sp,sp,0xe
800039e6:	0000                	unimp
800039e8:	01b4                	add	a3,sp,200
800039ea:	0000                	unimp
800039ec:	00000293          	li	t0,0
800039f0:	02bd                	add	t0,t0,15
800039f2:	0000                	unimp
800039f4:	0306                	sll	t1,t1,0x1
800039f6:	0000                	unimp
800039f8:	032c                	add	a1,sp,392
800039fa:	0000                	unimp
800039fc:	0000013f 000003d5 	.insn	8, 0x03d50000013f
80003a04:	02a6                	sll	t0,t0,0x9
80003a06:	0000                	unimp
80003a08:	0096                	sll	ra,ra,0x5
80003a0a:	0000                	unimp
80003a0c:	0000036b          	.insn	4, 0x036b
80003a10:	02b8                	add	a4,sp,328
80003a12:	0000                	unimp
80003a14:	0178                	add	a4,sp,140
80003a16:	0000                	unimp
80003a18:	0234                	add	a3,sp,264
80003a1a:	0000                	unimp
80003a1c:	01da                	sll	gp,gp,0x16
80003a1e:	0000                	unimp
80003a20:	0110                	add	a2,sp,128
80003a22:	0000                	unimp
80003a24:	03aa                	sll	t2,t2,0xa
80003a26:	0000                	unimp
80003a28:	0102                	c.slli64	sp
80003a2a:	0000                	unimp
80003a2c:	0000021b          	.insn	4, 0x021b
80003a30:	00000287          	.insn	4, 0x0287
80003a34:	0239                	add	tp,tp,14 # e <buf.2+0xe>
80003a36:	0000                	unimp
80003a38:	01fd                	add	gp,gp,31 # 80004ddb <__global_pointer$+0x1f>
80003a3a:	0000                	unimp
80003a3c:	000000cb          	.insn	4, 0x00cb
80003a40:	0058                	add	a4,sp,4
80003a42:	0000                	unimp
80003a44:	0118                	add	a4,sp,128
80003a46:	0000                	unimp
80003a48:	000002bf 000002f7 	.insn	8, 0x02f7000002bf
80003a50:	029d                	add	t0,t0,7
80003a52:	0000                	unimp
80003a54:	025e                	sll	tp,tp,0x17
80003a56:	0000                	unimp
80003a58:	00000177          	.insn	4, 0x0177
80003a5c:	01ff 0000 0227 0000 	.insn	10, 0x029100000227000001ff
80003a64:	0291 
80003a66:	0000                	unimp
80003a68:	03a8                	add	a0,sp,456
80003a6a:	0000                	unimp
80003a6c:	000000c3          	.insn	4, 0x00c3
80003a70:	0250                	add	a2,sp,260
80003a72:	0000                	unimp
80003a74:	0051                	c.nop	20
80003a76:	0000                	unimp
80003a78:	0239                	add	tp,tp,14 # e <buf.2+0xe>
80003a7a:	0000                	unimp
80003a7c:	0000010b          	.insn	4, 0x010b
80003a80:	03b8                	add	a4,sp,456
80003a82:	0000                	unimp
80003a84:	00e5                	add	ra,ra,25
80003a86:	0000                	unimp
80003a88:	0320                	add	s0,sp,392
80003a8a:	0000                	unimp
80003a8c:	0151                	add	sp,sp,20
80003a8e:	0000                	unimp
80003a90:	0248                	add	a0,sp,260
80003a92:	0000                	unimp
80003a94:	03b0                	add	a2,sp,456
80003a96:	0000                	unimp
80003a98:	00000283          	lb	t0,0(zero) # 0 <buf.2>
80003a9c:	0386                	sll	t2,t2,0x1
80003a9e:	0000                	unimp
80003aa0:	0170                	add	a2,sp,140
80003aa2:	0000                	unimp
80003aa4:	00f1                	add	ra,ra,28
80003aa6:	0000                	unimp
80003aa8:	01e9                	add	gp,gp,26 # 80004dd6 <__global_pointer$+0x1a>
80003aaa:	0000                	unimp
80003aac:	0391                	add	t2,t2,4
80003aae:	0000                	unimp
80003ab0:	0148                	add	a0,sp,132
80003ab2:	0000                	unimp
80003ab4:	033a                	sll	t1,t1,0xe
80003ab6:	0000                	unimp
80003ab8:	0139                	add	sp,sp,14
80003aba:	0000                	unimp
80003abc:	03a5                	add	t2,t2,9
80003abe:	0000                	unimp
80003ac0:	0250                	add	a2,sp,260
80003ac2:	0000                	unimp
80003ac4:	03d9                	add	t2,t2,22
80003ac6:	0000                	unimp
80003ac8:	0184                	add	s1,sp,192
80003aca:	0000                	unimp
80003acc:	000000c3          	.insn	4, 0x00c3
80003ad0:	021f 0000 03c0      	.insn	6, 0x03c00000021f
80003ad6:	0000                	unimp
80003ad8:	0289                	add	t0,t0,2
80003ada:	0000                	unimp
80003adc:	0236                	sll	tp,tp,0xd
80003ade:	0000                	unimp
80003ae0:	000003d3          	.insn	4, 0x03d3
80003ae4:	015e                	sll	sp,sp,0x17
80003ae6:	0000                	unimp
80003ae8:	03e5                	add	t2,t2,25
80003aea:	0000                	unimp
80003aec:	0289                	add	t0,t0,2
80003aee:	0000                	unimp
80003af0:	032e                	sll	t1,t1,0xb
80003af2:	0000                	unimp
80003af4:	0291                	add	t0,t0,4
80003af6:	0000                	unimp
80003af8:	0000004f          	.insn	4, 0x004f
80003afc:	00b5                	add	ra,ra,13
80003afe:	0000                	unimp
80003b00:	00d0                	add	a2,sp,68
80003b02:	0000                	unimp
80003b04:	0000006f          	j	80003b04 <input_data+0x1c8>
80003b08:	03e6                	sll	t2,t2,0x19
80003b0a:	0000                	unimp
80003b0c:	0000035b          	.insn	4, 0x035b
80003b10:	0275                	add	tp,tp,29 # 1d <buf.2+0x1d>
80003b12:	0000                	unimp
80003b14:	0041                	c.nop	16
80003b16:	0000                	unimp
80003b18:	0000034f          	.insn	4, 0x034f
80003b1c:	0120                	add	s0,sp,136
80003b1e:	0000                	unimp
80003b20:	02c0                	add	s0,sp,324
80003b22:	0000                	unimp
80003b24:	015d                	add	sp,sp,23
80003b26:	0000                	unimp
80003b28:	03e5                	add	t2,t2,25
80003b2a:	0000                	unimp
80003b2c:	008d                	add	ra,ra,3
80003b2e:	0000                	unimp
80003b30:	00fd                	add	ra,ra,31
80003b32:	0000                	unimp
80003b34:	0389                	add	t2,t2,2
80003b36:	0000                	unimp
80003b38:	000002cb          	.insn	4, 0x02cb
80003b3c:	0376                	sll	t1,t1,0x1d
80003b3e:	0000                	unimp
80003b40:	01ae                	sll	gp,gp,0xb
80003b42:	0000                	unimp
80003b44:	0108                	add	a0,sp,128
80003b46:	0000                	unimp
80003b48:	019f 0000 0240      	.insn	6, 0x02400000019f
80003b4e:	0000                	unimp
80003b50:	021a                	sll	tp,tp,0x6
80003b52:	0000                	unimp
80003b54:	000003d3          	.insn	4, 0x03d3
80003b58:	02bc                	add	a5,sp,328
80003b5a:	0000                	unimp
80003b5c:	02f9                	add	t0,t0,30
80003b5e:	0000                	unimp
80003b60:	0004                	.insn	2, 0x0004
80003b62:	0000                	unimp
80003b64:	00f1                	add	ra,ra,28
80003b66:	0000                	unimp
80003b68:	01ee                	sll	gp,gp,0x1b
80003b6a:	0000                	unimp
80003b6c:	01de                	sll	gp,gp,0x17
80003b6e:	0000                	unimp
80003b70:	0064                	add	s1,sp,12
80003b72:	0000                	unimp
80003b74:	000001f3          	.insn	4, 0x01f3
80003b78:	0360                	add	s0,sp,396
80003b7a:	0000                	unimp
80003b7c:	00000193          	li	gp,0
80003b80:	02b5                	add	t0,t0,13
80003b82:	0000                	unimp
80003b84:	00de                	sll	ra,ra,0x17
80003b86:	0000                	unimp
80003b88:	01a0                	add	s0,sp,200
80003b8a:	0000                	unimp
80003b8c:	01bc                	add	a5,sp,200
80003b8e:	0000                	unimp
80003b90:	0128                	add	a0,sp,136
80003b92:	0000                	unimp
80003b94:	02d1                	add	t0,t0,20
80003b96:	0000                	unimp
80003b98:	011d                	add	sp,sp,7
80003b9a:	0000                	unimp
80003b9c:	02a4                	add	s1,sp,328
80003b9e:	0000                	unimp
80003ba0:	026c                	add	a1,sp,268
80003ba2:	0000                	unimp
80003ba4:	013d                	add	sp,sp,15
80003ba6:	0000                	unimp
80003ba8:	004e                	c.slli	zero,0x13
80003baa:	0000                	unimp
80003bac:	00e0                	add	s0,sp,76
80003bae:	0000                	unimp
80003bb0:	015f 0000 03a9      	.insn	6, 0x03a90000015f
80003bb6:	0000                	unimp
80003bb8:	021c                	add	a5,sp,256
80003bba:	0000                	unimp
80003bbc:	0120                	add	s0,sp,136
80003bbe:	0000                	unimp
80003bc0:	0286                	sll	t0,t0,0x1
80003bc2:	0000                	unimp
80003bc4:	00000077          	.insn	4, 0x0077
80003bc8:	00a9                	add	ra,ra,10
80003bca:	0000                	unimp
80003bcc:	00000267          	jalr	tp,zero # 0 <buf.2>
80003bd0:	0000020f          	.insn	4, 0x020f
80003bd4:	025e                	sll	tp,tp,0x17
80003bd6:	0000                	unimp
80003bd8:	0121                	add	sp,sp,8
80003bda:	0000                	unimp
80003bdc:	0185                	add	gp,gp,1 # 80004dbd <__global_pointer$+0x1>
80003bde:	0000                	unimp
80003be0:	031c                	add	a5,sp,384
80003be2:	0000                	unimp
80003be4:	015f 0000 0321      	.insn	6, 0x03210000015f
80003bea:	0000                	unimp
80003bec:	000001c7          	.insn	4, 0x01c7
80003bf0:	02d0                	add	a2,sp,324
80003bf2:	0000                	unimp
80003bf4:	0116                	sll	sp,sp,0x5
80003bf6:	0000                	unimp
80003bf8:	02f6                	sll	t0,t0,0x1d
80003bfa:	0000                	unimp
80003bfc:	0000016f          	jal	sp,80003bfc <input_data+0x2c0>
80003c00:	02e9                	add	t0,t0,26
80003c02:	0000                	unimp
80003c04:	0166                	sll	sp,sp,0x19
80003c06:	0000                	unimp
80003c08:	005c                	add	a5,sp,4
80003c0a:	0000                	unimp
80003c0c:	0248                	add	a0,sp,260
80003c0e:	0000                	unimp
80003c10:	03dd                	add	t2,t2,23
80003c12:	0000                	unimp
80003c14:	003e                	c.slli	zero,0xf
80003c16:	0000                	unimp
80003c18:	0000010f          	.insn	4, 0x010f
80003c1c:	03d9                	add	t2,t2,22
80003c1e:	0000                	unimp
80003c20:	0355                	add	t1,t1,21
80003c22:	0000                	unimp
80003c24:	00000193          	li	gp,0
80003c28:	0314                	add	a3,sp,384
80003c2a:	0000                	unimp
80003c2c:	015a                	sll	sp,sp,0x16
80003c2e:	0000                	unimp
80003c30:	00000213          	li	tp,0
80003c34:	0205                	add	tp,tp,1 # 1 <buf.2+0x1>
80003c36:	0000                	unimp
80003c38:	00de                	sll	ra,ra,0x17
80003c3a:	0000                	unimp
80003c3c:	0000022f          	.insn	4, 0x022f
80003c40:	01cd                	add	gp,gp,19 # 80004dcf <__global_pointer$+0x13>
80003c42:	0000                	unimp
80003c44:	038c                	add	a1,sp,448
80003c46:	0000                	unimp
80003c48:	00f1                	add	ra,ra,28
80003c4a:	0000                	unimp
80003c4c:	00000307          	.insn	4, 0x0307
80003c50:	0166                	sll	sp,sp,0x19
80003c52:	0000                	unimp
80003c54:	00ff 0000 014c 0000 	.insn	10, 0x030a0000014c000000ff
80003c5c:	030a 
80003c5e:	0000                	unimp
80003c60:	02ac                	add	a1,sp,328
80003c62:	0000                	unimp
80003c64:	0256                	sll	tp,tp,0x15
80003c66:	0000                	unimp
80003c68:	02e4                	add	s1,sp,332
80003c6a:	0000                	unimp
80003c6c:	0000008f          	.insn	4, 0x008f
80003c70:	01be                	sll	gp,gp,0xf
80003c72:	0000                	unimp
80003c74:	0021                	c.nop	8
80003c76:	0000                	unimp
80003c78:	00000137          	lui	sp,0x0
80003c7c:	007d                	c.nop	31
80003c7e:	0000                	unimp
80003c80:	000002e7          	jalr	t0,zero # 0 <buf.2>
80003c84:	03ad                	add	t2,t2,11
80003c86:	0000                	unimp
80003c88:	022d                	add	tp,tp,11 # b <buf.2+0xb>
80003c8a:	0000                	unimp
80003c8c:	03a5                	add	t2,t2,9
80003c8e:	0000                	unimp
80003c90:	01df 0000 031f      	.insn	6, 0x031f000001df
80003c96:	0000                	unimp
80003c98:	022d                	add	tp,tp,11 # b <buf.2+0xb>
80003c9a:	0000                	unimp
80003c9c:	0229                	add	tp,tp,10 # a <buf.2+0xa>
80003c9e:	0000                	unimp
80003ca0:	039d                	add	t2,t2,7
80003ca2:	0000                	unimp
80003ca4:	000001af          	.insn	4, 0x01af
80003ca8:	031c                	add	a5,sp,384
80003caa:	0000                	unimp
80003cac:	0288                	add	a0,sp,320
80003cae:	0000                	unimp
80003cb0:	0165                	add	sp,sp,25 # 19 <buf.2+0x19>
80003cb2:	0000                	unimp
80003cb4:	03b8                	add	a4,sp,456
80003cb6:	0000                	unimp
80003cb8:	0000037b          	.insn	4, 0x037b
80003cbc:	011f 0000 029a      	.insn	6, 0x029a0000011f
80003cc2:	0000                	unimp
80003cc4:	00000013          	nop
80003cc8:	0202                	c.slli64	tp
80003cca:	0000                	unimp
80003ccc:	0031                	c.nop	12
80003cce:	0000                	unimp
80003cd0:	022d                	add	tp,tp,11 # b <buf.2+0xb>
80003cd2:	0000                	unimp
80003cd4:	0056                	c.slli	zero,0x15
80003cd6:	0000                	unimp
80003cd8:	0366                	sll	t1,t1,0x19
80003cda:	0000                	unimp
80003cdc:	005f 0000 0355      	.insn	6, 0x03550000005f
80003ce2:	0000                	unimp
80003ce4:	01b9                	add	gp,gp,14 # 80004dca <__global_pointer$+0xe>
80003ce6:	0000                	unimp
80003ce8:	01b8                	add	a4,sp,200
80003cea:	0000                	unimp
80003cec:	0000024b          	.insn	4, 0x024b
80003cf0:	003d                	c.nop	15
80003cf2:	0000                	unimp
80003cf4:	0266                	sll	tp,tp,0x19
80003cf6:	0000                	unimp
80003cf8:	02a6                	sll	t0,t0,0x9
80003cfa:	0000                	unimp
80003cfc:	017e                	sll	sp,sp,0x1f
80003cfe:	0000                	unimp
80003d00:	018c                	add	a1,sp,192
80003d02:	0000                	unimp
80003d04:	0118                	add	a4,sp,128
80003d06:	0000                	unimp
80003d08:	0009                	c.nop	2
80003d0a:	0000                	unimp
80003d0c:	0328                	add	a0,sp,392
80003d0e:	0000                	unimp
80003d10:	0011                	c.nop	4
80003d12:	0000                	unimp
80003d14:	000003cb          	.insn	4, 0x03cb
80003d18:	00aa                	sll	ra,ra,0xa
80003d1a:	0000                	unimp
80003d1c:	00000333          	add	t1,zero,zero
80003d20:	00000123          	sb	zero,2(zero) # 2 <buf.2+0x2>
80003d24:	0158                	add	a4,sp,132
80003d26:	0000                	unimp
80003d28:	017c                	add	a5,sp,140
80003d2a:	0000                	unimp
80003d2c:	01c2                	sll	gp,gp,0x10
80003d2e:	0000                	unimp
80003d30:	0218                	add	a4,sp,256
80003d32:	0000                	unimp
80003d34:	0200                	add	s0,sp,256
80003d36:	0000                	unimp
80003d38:	00b9                	add	ra,ra,14
80003d3a:	0000                	unimp
80003d3c:	03c5                	add	t2,t2,17
80003d3e:	0000                	unimp
80003d40:	0395                	add	t2,t2,5
80003d42:	0000                	unimp
80003d44:	0000015b          	.insn	4, 0x015b
80003d48:	0000021b          	.insn	4, 0x021b
80003d4c:	0328                	add	a0,sp,392
80003d4e:	0000                	unimp
80003d50:	000003d7          	.insn	4, 0x03d7
80003d54:	0372                	sll	t1,t1,0x1c
80003d56:	0000                	unimp
80003d58:	00000377          	.insn	4, 0x0377
80003d5c:	0219                	add	tp,tp,6 # 6 <buf.2+0x6>
80003d5e:	0000                	unimp
80003d60:	0036                	c.slli	zero,0xd
80003d62:	0000                	unimp
80003d64:	03b2                	sll	t2,t2,0xc
80003d66:	0000                	unimp
80003d68:	0264                	add	s1,sp,268
80003d6a:	0000                	unimp
80003d6c:	02bd                	add	t0,t0,15
80003d6e:	0000                	unimp
80003d70:	000003b7          	lui	t2,0x0
80003d74:	0164                	add	s1,sp,140
80003d76:	0000                	unimp
80003d78:	01df 0000 0237      	.insn	6, 0x0237000001df
80003d7e:	0000                	unimp
80003d80:	00000097          	auipc	ra,0x0
80003d84:	0000037b          	.insn	4, 0x037b
80003d88:	00000007          	.insn	4, 0x0007
80003d8c:	0016                	c.slli	zero,0x5
80003d8e:	0000                	unimp
80003d90:	0281                	add	t0,t0,0
80003d92:	0000                	unimp
80003d94:	0238                	add	a4,sp,264
80003d96:	0000                	unimp
80003d98:	0000014f          	.insn	4, 0x014f
80003d9c:	0299                	add	t0,t0,6
80003d9e:	0000                	unimp
80003da0:	02da                	sll	t0,t0,0x16
80003da2:	0000                	unimp
80003da4:	000001a7          	.insn	4, 0x01a7
80003da8:	005f 0000 01b2      	.insn	6, 0x01b20000005f
80003dae:	0000                	unimp
80003db0:	02d8                	add	a4,sp,324
80003db2:	0000                	unimp
80003db4:	009e                	sll	ra,ra,0x7
80003db6:	0000                	unimp
80003db8:	0118                	add	a4,sp,128
80003dba:	0000                	unimp
80003dbc:	0002                	c.slli64	zero
80003dbe:	0000                	unimp
80003dc0:	0000018b          	.insn	4, 0x018b
80003dc4:	0054                	add	a3,sp,4
80003dc6:	0000                	unimp
80003dc8:	02b0                	add	a2,sp,328
80003dca:	0000                	unimp
80003dcc:	000000f7          	.insn	4, 0x00f7
80003dd0:	0000038f          	.insn	4, 0x038f
80003dd4:	0031                	c.nop	12
80003dd6:	0000                	unimp
80003dd8:	01dc                	add	a5,sp,196
80003dda:	0000                	unimp
80003ddc:	000001b3          	add	gp,zero,zero
80003de0:	0000032f          	.insn	4, 0x032f
80003de4:	0318                	add	a4,sp,384
80003de6:	0000                	unimp
80003de8:	02d9                	add	t0,t0,22
80003dea:	0000                	unimp
80003dec:	0365                	add	t1,t1,25
80003dee:	0000                	unimp
80003df0:	0109                	add	sp,sp,2
80003df2:	0000                	unimp
80003df4:	01e6                	sll	gp,gp,0x19
80003df6:	0000                	unimp
80003df8:	007f 0000 019e 0000 	.insn	10, 0x00ec0000019e0000007f
80003e00:	00ec 
80003e02:	0000                	unimp
80003e04:	0171                	add	sp,sp,28
80003e06:	0000                	unimp
80003e08:	00d6                	sll	ra,ra,0x15
80003e0a:	0000                	unimp
80003e0c:	0224                	add	s1,sp,264
80003e0e:	0000                	unimp
80003e10:	00b4                	add	a3,sp,72
80003e12:	0000                	unimp
80003e14:	0206                	sll	tp,tp,0x1
80003e16:	0000                	unimp
80003e18:	0006                	c.slli	zero,0x1
80003e1a:	0000                	unimp
80003e1c:	0378                	add	a4,sp,396
80003e1e:	0000                	unimp
80003e20:	000001f7          	.insn	4, 0x01f7
80003e24:	02aa                	sll	t0,t0,0xa
80003e26:	0000                	unimp
80003e28:	0254                	add	a3,sp,260
80003e2a:	0000                	unimp
80003e2c:	011c                	add	a5,sp,128
80003e2e:	0000                	unimp
80003e30:	00ad                	add	ra,ra,11 # 80003d8b <input_data+0x44f>
80003e32:	0000                	unimp
80003e34:	0108                	add	a0,sp,128
80003e36:	0000                	unimp
80003e38:	00000283          	lb	t0,0(zero) # 0 <buf.2>
80003e3c:	000001f3          	.insn	4, 0x01f3
80003e40:	015a                	sll	sp,sp,0x16
80003e42:	0000                	unimp
80003e44:	0122                	sll	sp,sp,0x8
80003e46:	0000                	unimp
80003e48:	00000257          	.insn	4, 0x0257
80003e4c:	0381                	add	t2,t2,0 # 0 <buf.2>
80003e4e:	0000                	unimp
80003e50:	0044                	add	s1,sp,4
80003e52:	0000                	unimp
80003e54:	000000d7          	.insn	4, 0x00d7
80003e58:	0351                	add	t1,t1,20
80003e5a:	0000                	unimp
80003e5c:	000002db          	.insn	4, 0x02db
80003e60:	0292                	sll	t0,t0,0x4
80003e62:	0000                	unimp
80003e64:	02b0                	add	a2,sp,328
80003e66:	0000                	unimp
80003e68:	0000026b          	.insn	4, 0x026b
80003e6c:	000000fb          	.insn	4, 0x00fb
80003e70:	0079                	c.nop	30
80003e72:	0000                	unimp
80003e74:	0312                	sll	t1,t1,0x4
80003e76:	0000                	unimp
80003e78:	00000083          	lb	ra,0(zero) # 0 <buf.2>
80003e7c:	0000022b          	.insn	4, 0x022b
80003e80:	033c                	add	a5,sp,392
80003e82:	0000                	unimp
80003e84:	012e                	sll	sp,sp,0xb
80003e86:	0000                	unimp
80003e88:	0000029b          	.insn	4, 0x029b
80003e8c:	0210                	add	a2,sp,256
80003e8e:	0000                	unimp
80003e90:	01b1                	add	gp,gp,12 # 80004dc8 <__global_pointer$+0xc>
80003e92:	0000                	unimp
80003e94:	0220                	add	s0,sp,264
80003e96:	0000                	unimp
80003e98:	000001e7          	jalr	gp,zero # 0 <buf.2>
80003e9c:	0142                	sll	sp,sp,0x10
80003e9e:	0000                	unimp
80003ea0:	02f1                	add	t0,t0,28
80003ea2:	0000                	unimp
80003ea4:	000003b3          	add	t2,zero,zero
80003ea8:	007d                	c.nop	31
80003eaa:	0000                	unimp
80003eac:	011f 0000 0272      	.insn	6, 0x02720000011f
80003eb2:	0000                	unimp
80003eb4:	0338                	add	a4,sp,392
80003eb6:	0000                	unimp
80003eb8:	000e                	c.slli	zero,0x3
80003eba:	0000                	unimp
80003ebc:	0130                	add	a2,sp,136
80003ebe:	0000                	unimp
80003ec0:	000a                	c.slli	zero,0x2
80003ec2:	0000                	unimp
80003ec4:	0314                	add	a3,sp,384
80003ec6:	0000                	unimp
80003ec8:	00000193          	li	gp,0
80003ecc:	02dd                	add	t0,t0,23
80003ece:	0000                	unimp
80003ed0:	006a                	c.slli	zero,0x1a
80003ed2:	0000                	unimp
80003ed4:	000003bf 000002bf 	.insn	8, 0x02bf000003bf
80003edc:	016e                	sll	sp,sp,0x1b
80003ede:	0000                	unimp
80003ee0:	0332                	sll	t1,t1,0xc
80003ee2:	0000                	unimp
80003ee4:	02d2                	sll	t0,t0,0x14
80003ee6:	0000                	unimp
80003ee8:	03c4                	add	s1,sp,452
80003eea:	0000                	unimp
80003eec:	0126                	sll	sp,sp,0x9
80003eee:	0000                	unimp
80003ef0:	0196                	sll	gp,gp,0x5
80003ef2:	0000                	unimp
80003ef4:	000003cf          	.insn	4, 0x03cf
80003ef8:	036a                	sll	t1,t1,0x1a
80003efa:	0000                	unimp
80003efc:	028d                	add	t0,t0,3
80003efe:	0000                	unimp
80003f00:	0358                	add	a4,sp,388
80003f02:	0000                	unimp
80003f04:	02ec                	add	a1,sp,332
80003f06:	0000                	unimp
80003f08:	0056                	c.slli	zero,0x15
80003f0a:	0000                	unimp
80003f0c:	0000005b          	.insn	4, 0x005b
80003f10:	003c                	add	a5,sp,8
80003f12:	0000                	unimp
80003f14:	017a                	sll	sp,sp,0x1e
80003f16:	0000                	unimp
80003f18:	0294                	add	a3,sp,320
80003f1a:	0000                	unimp
80003f1c:	0069                	c.nop	26
80003f1e:	0000                	unimp
80003f20:	0000029b          	.insn	4, 0x029b
80003f24:	0066                	c.slli	zero,0x19
80003f26:	0000                	unimp
80003f28:	0099                	add	ra,ra,6
80003f2a:	0000                	unimp
80003f2c:	017d                	add	sp,sp,31
80003f2e:	0000                	unimp
80003f30:	0079                	c.nop	30
80003f32:	0000                	unimp
80003f34:	0000028b          	.insn	4, 0x028b
80003f38:	0062                	c.slli	zero,0x18
80003f3a:	0000                	unimp
80003f3c:	0339                	add	t1,t1,14
80003f3e:	0000                	unimp
80003f40:	019c                	add	a5,sp,192
80003f42:	0000                	unimp
80003f44:	0348                	add	a0,sp,388
80003f46:	0000                	unimp
80003f48:	00ec                	add	a1,sp,76
80003f4a:	0000                	unimp
80003f4c:	0164                	add	s1,sp,140
80003f4e:	0000                	unimp
80003f50:	000c                	.insn	2, 0x000c
80003f52:	0000                	unimp
80003f54:	0094                	add	a3,sp,64
80003f56:	0000                	unimp
80003f58:	000001a7          	.insn	4, 0x01a7
80003f5c:	0036                	c.slli	zero,0xd
80003f5e:	0000                	unimp
80003f60:	03c5                	add	t2,t2,17
80003f62:	0000                	unimp
80003f64:	008c                	add	a1,sp,64
80003f66:	0000                	unimp
80003f68:	00d8                	add	a4,sp,68
80003f6a:	0000                	unimp
80003f6c:	000003bb          	.insn	4, 0x03bb
80003f70:	026d                	add	tp,tp,27 # 1b <buf.2+0x1b>
80003f72:	0000                	unimp
80003f74:	00000157          	.insn	4, 0x0157
80003f78:	0169                	add	sp,sp,26
80003f7a:	0000                	unimp

80003f7c <verify_data>:
80003f7c:	0000                	unimp
80003f7e:	0000                	unimp
80003f80:	01c6                	sll	gp,gp,0x11
80003f82:	0000                	unimp
80003f84:	01c6                	sll	gp,gp,0x11
80003f86:	0000                	unimp
80003f88:	0234                	add	a3,sp,264
80003f8a:	0000                	unimp
80003f8c:	0000014f          	.insn	4, 0x014f
80003f90:	000000bb          	.insn	4, 0x00bb
80003f94:	000000bb          	.insn	4, 0x00bb
80003f98:	02ed                	add	t0,t0,27
80003f9a:	0000                	unimp
80003f9c:	02ed                	add	t0,t0,27
80003f9e:	0000                	unimp
80003fa0:	016d                	add	sp,sp,27
80003fa2:	0000                	unimp
80003fa4:	016d                	add	sp,sp,27
80003fa6:	0000                	unimp
80003fa8:	015e                	sll	sp,sp,0x17
80003faa:	0000                	unimp
80003fac:	0084                	add	s1,sp,64
80003fae:	0000                	unimp
80003fb0:	0084                	add	s1,sp,64
80003fb2:	0000                	unimp
80003fb4:	0099                	add	ra,ra,6
80003fb6:	0000                	unimp
80003fb8:	0248                	add	a0,sp,260
80003fba:	0000                	unimp
80003fbc:	00d8                	add	a4,sp,68
80003fbe:	0000                	unimp
80003fc0:	0248                	add	a0,sp,260
80003fc2:	0000                	unimp
80003fc4:	00d8                	add	a4,sp,68
80003fc6:	0000                	unimp
80003fc8:	026d                	add	tp,tp,27 # 1b <buf.2+0x1b>
80003fca:	0000                	unimp
80003fcc:	00d2                	sll	ra,ra,0x14
80003fce:	0000                	unimp
80003fd0:	00d2                	sll	ra,ra,0x14
80003fd2:	0000                	unimp
80003fd4:	00d2                	sll	ra,ra,0x14
80003fd6:	0000                	unimp
80003fd8:	023c                	add	a5,sp,264
80003fda:	0000                	unimp
80003fdc:	023c                	add	a5,sp,264
80003fde:	0000                	unimp
80003fe0:	037a                	sll	t1,t1,0x1e
80003fe2:	0000                	unimp
80003fe4:	0251                	add	tp,tp,20 # 14 <buf.2+0x14>
80003fe6:	0000                	unimp
80003fe8:	0251                	add	tp,tp,20 # 14 <buf.2+0x14>
80003fea:	0000                	unimp
80003fec:	0251                	add	tp,tp,20 # 14 <buf.2+0x14>
80003fee:	0000                	unimp
80003ff0:	02b6                	sll	t0,t0,0xd
80003ff2:	0000                	unimp
80003ff4:	02b6                	sll	t0,t0,0xd
80003ff6:	0000                	unimp
80003ff8:	02b6                	sll	t0,t0,0xd
80003ffa:	0000                	unimp
80003ffc:	00e4                	add	s1,sp,76
80003ffe:	0000                	unimp
80004000:	006e                	c.slli	zero,0x1b
80004002:	0000                	unimp
80004004:	006e                	c.slli	zero,0x1b
80004006:	0000                	unimp
80004008:	0074                	add	a3,sp,12
8000400a:	0000                	unimp
8000400c:	02ee                	sll	t0,t0,0x1b
8000400e:	0000                	unimp
80004010:	0128                	add	a0,sp,136
80004012:	0000                	unimp
80004014:	0286                	sll	t0,t0,0x1
80004016:	0000                	unimp
80004018:	01aa                	sll	gp,gp,0xa
8000401a:	0000                	unimp
8000401c:	01f4                	add	a3,sp,204
8000401e:	0000                	unimp
80004020:	01aa                	sll	gp,gp,0xa
80004022:	0000                	unimp
80004024:	01b4                	add	a3,sp,200
80004026:	0000                	unimp
80004028:	01b4                	add	a3,sp,200
8000402a:	0000                	unimp
8000402c:	00000293          	li	t0,0
80004030:	02bd                	add	t0,t0,15
80004032:	0000                	unimp
80004034:	0306                	sll	t1,t1,0x1
80004036:	0000                	unimp
80004038:	0306                	sll	t1,t1,0x1
8000403a:	0000                	unimp
8000403c:	032c                	add	a1,sp,392
8000403e:	0000                	unimp
80004040:	02a6                	sll	t0,t0,0x9
80004042:	0000                	unimp
80004044:	02a6                	sll	t0,t0,0x9
80004046:	0000                	unimp
80004048:	02a6                	sll	t0,t0,0x9
8000404a:	0000                	unimp
8000404c:	02b8                	add	a4,sp,328
8000404e:	0000                	unimp
80004050:	02b8                	add	a4,sp,328
80004052:	0000                	unimp
80004054:	0234                	add	a3,sp,264
80004056:	0000                	unimp
80004058:	01da                	sll	gp,gp,0x16
8000405a:	0000                	unimp
8000405c:	01da                	sll	gp,gp,0x16
8000405e:	0000                	unimp
80004060:	01da                	sll	gp,gp,0x16
80004062:	0000                	unimp
80004064:	0110                	add	a2,sp,128
80004066:	0000                	unimp
80004068:	0000021b          	.insn	4, 0x021b
8000406c:	0000021b          	.insn	4, 0x021b
80004070:	0239                	add	tp,tp,14 # e <buf.2+0xe>
80004072:	0000                	unimp
80004074:	0239                	add	tp,tp,14 # e <buf.2+0xe>
80004076:	0000                	unimp
80004078:	01fd                	add	gp,gp,31 # 80004ddb <__global_pointer$+0x1f>
8000407a:	0000                	unimp
8000407c:	000000cb          	.insn	4, 0x00cb
80004080:	000000cb          	.insn	4, 0x00cb
80004084:	0118                	add	a4,sp,128
80004086:	0000                	unimp
80004088:	000002bf 000002bf 	.insn	8, 0x02bf000002bf
80004090:	029d                	add	t0,t0,7
80004092:	0000                	unimp
80004094:	025e                	sll	tp,tp,0x17
80004096:	0000                	unimp
80004098:	01ff 0000 01ff 0000 	.insn	10, 0x0227000001ff000001ff
800040a0:	0227 
800040a2:	0000                	unimp
800040a4:	0291                	add	t0,t0,4
800040a6:	0000                	unimp
800040a8:	0291                	add	t0,t0,4
800040aa:	0000                	unimp
800040ac:	0250                	add	a2,sp,260
800040ae:	0000                	unimp
800040b0:	000000c3          	.insn	4, 0x00c3
800040b4:	0239                	add	tp,tp,14 # e <buf.2+0xe>
800040b6:	0000                	unimp
800040b8:	0000010b          	.insn	4, 0x010b
800040bc:	0239                	add	tp,tp,14 # e <buf.2+0xe>
800040be:	0000                	unimp
800040c0:	0000010b          	.insn	4, 0x010b
800040c4:	0320                	add	s0,sp,392
800040c6:	0000                	unimp
800040c8:	0151                	add	sp,sp,20
800040ca:	0000                	unimp
800040cc:	0248                	add	a0,sp,260
800040ce:	0000                	unimp
800040d0:	0248                	add	a0,sp,260
800040d2:	0000                	unimp
800040d4:	00000283          	lb	t0,0(zero) # 0 <buf.2>
800040d8:	0386                	sll	t2,t2,0x1
800040da:	0000                	unimp
800040dc:	00000283          	lb	t0,0(zero) # 0 <buf.2>
800040e0:	0170                	add	a2,sp,140
800040e2:	0000                	unimp
800040e4:	0170                	add	a2,sp,140
800040e6:	0000                	unimp
800040e8:	01e9                	add	gp,gp,26 # 80004dd6 <__global_pointer$+0x1a>
800040ea:	0000                	unimp
800040ec:	01e9                	add	gp,gp,26 # 80004dd6 <__global_pointer$+0x1a>
800040ee:	0000                	unimp
800040f0:	033a                	sll	t1,t1,0xe
800040f2:	0000                	unimp
800040f4:	0148                	add	a0,sp,132
800040f6:	0000                	unimp
800040f8:	033a                	sll	t1,t1,0xe
800040fa:	0000                	unimp
800040fc:	0250                	add	a2,sp,260
800040fe:	0000                	unimp
80004100:	03a5                	add	t2,t2,9
80004102:	0000                	unimp
80004104:	0250                	add	a2,sp,260
80004106:	0000                	unimp
80004108:	0184                	add	s1,sp,192
8000410a:	0000                	unimp
8000410c:	0184                	add	s1,sp,192
8000410e:	0000                	unimp
80004110:	021f 0000 0289      	.insn	6, 0x02890000021f
80004116:	0000                	unimp
80004118:	0289                	add	t0,t0,2
8000411a:	0000                	unimp
8000411c:	0289                	add	t0,t0,2
8000411e:	0000                	unimp
80004120:	0236                	sll	tp,tp,0xd
80004122:	0000                	unimp
80004124:	000003d3          	.insn	4, 0x03d3
80004128:	0289                	add	t0,t0,2
8000412a:	0000                	unimp
8000412c:	032e                	sll	t1,t1,0xb
8000412e:	0000                	unimp
80004130:	0291                	add	t0,t0,4
80004132:	0000                	unimp
80004134:	0291                	add	t0,t0,4
80004136:	0000                	unimp
80004138:	00b5                	add	ra,ra,13
8000413a:	0000                	unimp
8000413c:	00b5                	add	ra,ra,13
8000413e:	0000                	unimp
80004140:	00b5                	add	ra,ra,13
80004142:	0000                	unimp
80004144:	00d0                	add	a2,sp,68
80004146:	0000                	unimp
80004148:	0000035b          	.insn	4, 0x035b
8000414c:	0000035b          	.insn	4, 0x035b
80004150:	0275                	add	tp,tp,29 # 1d <buf.2+0x1d>
80004152:	0000                	unimp
80004154:	0275                	add	tp,tp,29 # 1d <buf.2+0x1d>
80004156:	0000                	unimp
80004158:	0120                	add	s0,sp,136
8000415a:	0000                	unimp
8000415c:	02c0                	add	s0,sp,324
8000415e:	0000                	unimp
80004160:	015d                	add	sp,sp,23
80004162:	0000                	unimp
80004164:	02c0                	add	s0,sp,324
80004166:	0000                	unimp
80004168:	015d                	add	sp,sp,23
8000416a:	0000                	unimp
8000416c:	00fd                	add	ra,ra,31
8000416e:	0000                	unimp
80004170:	00fd                	add	ra,ra,31
80004172:	0000                	unimp
80004174:	000002cb          	.insn	4, 0x02cb
80004178:	0376                	sll	t1,t1,0x1d
8000417a:	0000                	unimp
8000417c:	000002cb          	.insn	4, 0x02cb
80004180:	01ae                	sll	gp,gp,0xb
80004182:	0000                	unimp
80004184:	019f 0000 019f      	.insn	6, 0x019f0000019f
8000418a:	0000                	unimp
8000418c:	021a                	sll	tp,tp,0x6
8000418e:	0000                	unimp
80004190:	0240                	add	s0,sp,260
80004192:	0000                	unimp
80004194:	02bc                	add	a5,sp,328
80004196:	0000                	unimp
80004198:	02f9                	add	t0,t0,30
8000419a:	0000                	unimp
8000419c:	02bc                	add	a5,sp,328
8000419e:	0000                	unimp
800041a0:	00f1                	add	ra,ra,28
800041a2:	0000                	unimp
800041a4:	00f1                	add	ra,ra,28
800041a6:	0000                	unimp
800041a8:	01de                	sll	gp,gp,0x17
800041aa:	0000                	unimp
800041ac:	01de                	sll	gp,gp,0x17
800041ae:	0000                	unimp
800041b0:	01de                	sll	gp,gp,0x17
800041b2:	0000                	unimp
800041b4:	000001f3          	.insn	4, 0x01f3
800041b8:	000001f3          	.insn	4, 0x01f3
800041bc:	02b5                	add	t0,t0,13
800041be:	0000                	unimp
800041c0:	00000193          	li	gp,0
800041c4:	01a0                	add	s0,sp,200
800041c6:	0000                	unimp
800041c8:	01a0                	add	s0,sp,200
800041ca:	0000                	unimp
800041cc:	01a0                	add	s0,sp,200
800041ce:	0000                	unimp
800041d0:	01bc                	add	a5,sp,200
800041d2:	0000                	unimp
800041d4:	0128                	add	a0,sp,136
800041d6:	0000                	unimp
800041d8:	02a4                	add	s1,sp,328
800041da:	0000                	unimp
800041dc:	026c                	add	a1,sp,268
800041de:	0000                	unimp
800041e0:	026c                	add	a1,sp,268
800041e2:	0000                	unimp
800041e4:	013d                	add	sp,sp,15
800041e6:	0000                	unimp
800041e8:	00e0                	add	s0,sp,76
800041ea:	0000                	unimp
800041ec:	00e0                	add	s0,sp,76
800041ee:	0000                	unimp
800041f0:	015f 0000 021c      	.insn	6, 0x021c0000015f
800041f6:	0000                	unimp
800041f8:	021c                	add	a5,sp,256
800041fa:	0000                	unimp
800041fc:	021c                	add	a5,sp,256
800041fe:	0000                	unimp
80004200:	0120                	add	s0,sp,136
80004202:	0000                	unimp
80004204:	00a9                	add	ra,ra,10
80004206:	0000                	unimp
80004208:	00a9                	add	ra,ra,10
8000420a:	0000                	unimp
8000420c:	0000020f          	.insn	4, 0x020f
80004210:	025e                	sll	tp,tp,0x17
80004212:	0000                	unimp
80004214:	0000020f          	.insn	4, 0x020f
80004218:	0185                	add	gp,gp,1 # 80004dbd <__global_pointer$+0x1>
8000421a:	0000                	unimp
8000421c:	0185                	add	gp,gp,1 # 80004dbd <__global_pointer$+0x1>
8000421e:	0000                	unimp
80004220:	0185                	add	gp,gp,1 # 80004dbd <__global_pointer$+0x1>
80004222:	0000                	unimp
80004224:	031c                	add	a5,sp,384
80004226:	0000                	unimp
80004228:	000001c7          	.insn	4, 0x01c7
8000422c:	02d0                	add	a2,sp,324
8000422e:	0000                	unimp
80004230:	000001c7          	.insn	4, 0x01c7
80004234:	02d0                	add	a2,sp,324
80004236:	0000                	unimp
80004238:	0000016f          	jal	sp,80004238 <verify_data+0x2bc>
8000423c:	02e9                	add	t0,t0,26
8000423e:	0000                	unimp
80004240:	0000016f          	jal	sp,80004240 <verify_data+0x2c4>
80004244:	0166                	sll	sp,sp,0x19
80004246:	0000                	unimp
80004248:	0166                	sll	sp,sp,0x19
8000424a:	0000                	unimp
8000424c:	0248                	add	a0,sp,260
8000424e:	0000                	unimp
80004250:	0248                	add	a0,sp,260
80004252:	0000                	unimp
80004254:	0000010f          	.insn	4, 0x010f
80004258:	0000010f          	.insn	4, 0x010f
8000425c:	0355                	add	t1,t1,21
8000425e:	0000                	unimp
80004260:	0355                	add	t1,t1,21
80004262:	0000                	unimp
80004264:	0314                	add	a3,sp,384
80004266:	0000                	unimp
80004268:	00000193          	li	gp,0
8000426c:	00000213          	li	tp,0
80004270:	0205                	add	tp,tp,1 # 1 <buf.2+0x1>
80004272:	0000                	unimp
80004274:	0205                	add	tp,tp,1 # 1 <buf.2+0x1>
80004276:	0000                	unimp
80004278:	0205                	add	tp,tp,1 # 1 <buf.2+0x1>
8000427a:	0000                	unimp
8000427c:	01cd                	add	gp,gp,19 # 80004dcf <__global_pointer$+0x13>
8000427e:	0000                	unimp
80004280:	0000022f          	.insn	4, 0x022f
80004284:	01cd                	add	gp,gp,19 # 80004dcf <__global_pointer$+0x13>
80004286:	0000                	unimp
80004288:	00000307          	.insn	4, 0x0307
8000428c:	0166                	sll	sp,sp,0x19
8000428e:	0000                	unimp
80004290:	0166                	sll	sp,sp,0x19
80004292:	0000                	unimp
80004294:	014c                	add	a1,sp,132
80004296:	0000                	unimp
80004298:	014c                	add	a1,sp,132
8000429a:	0000                	unimp
8000429c:	02ac                	add	a1,sp,328
8000429e:	0000                	unimp
800042a0:	02ac                	add	a1,sp,328
800042a2:	0000                	unimp
800042a4:	02ac                	add	a1,sp,328
800042a6:	0000                	unimp
800042a8:	0256                	sll	tp,tp,0x15
800042aa:	0000                	unimp
800042ac:	01be                	sll	gp,gp,0xf
800042ae:	0000                	unimp
800042b0:	0000008f          	.insn	4, 0x008f
800042b4:	00000137          	lui	sp,0x0
800042b8:	007d                	c.nop	31
800042ba:	0000                	unimp
800042bc:	00000137          	lui	sp,0x0
800042c0:	000002e7          	jalr	t0,zero # 0 <buf.2>
800042c4:	000002e7          	jalr	t0,zero # 0 <buf.2>
800042c8:	03a5                	add	t2,t2,9
800042ca:	0000                	unimp
800042cc:	022d                	add	tp,tp,11 # b <buf.2+0xb>
800042ce:	0000                	unimp
800042d0:	031f 0000 022d      	.insn	6, 0x022d0000031f
800042d6:	0000                	unimp
800042d8:	022d                	add	tp,tp,11 # b <buf.2+0xb>
800042da:	0000                	unimp
800042dc:	022d                	add	tp,tp,11 # b <buf.2+0xb>
800042de:	0000                	unimp
800042e0:	0229                	add	tp,tp,10 # a <buf.2+0xa>
800042e2:	0000                	unimp
800042e4:	031c                	add	a5,sp,384
800042e6:	0000                	unimp
800042e8:	0288                	add	a0,sp,320
800042ea:	0000                	unimp
800042ec:	0288                	add	a0,sp,320
800042ee:	0000                	unimp
800042f0:	0288                	add	a0,sp,320
800042f2:	0000                	unimp
800042f4:	0000037b          	.insn	4, 0x037b
800042f8:	0000037b          	.insn	4, 0x037b
800042fc:	029a                	sll	t0,t0,0x6
800042fe:	0000                	unimp
80004300:	011f 0000 0202      	.insn	6, 0x02020000011f
80004306:	0000                	unimp
80004308:	0031                	c.nop	12
8000430a:	0000                	unimp
8000430c:	0202                	c.slli64	tp
8000430e:	0000                	unimp
80004310:	0056                	c.slli	zero,0x15
80004312:	0000                	unimp
80004314:	022d                	add	tp,tp,11 # b <buf.2+0xb>
80004316:	0000                	unimp
80004318:	005f 0000 0355      	.insn	6, 0x03550000005f
8000431e:	0000                	unimp
80004320:	01b9                	add	gp,gp,14 # 80004dca <__global_pointer$+0xe>
80004322:	0000                	unimp
80004324:	01b9                	add	gp,gp,14 # 80004dca <__global_pointer$+0xe>
80004326:	0000                	unimp
80004328:	01b9                	add	gp,gp,14 # 80004dca <__global_pointer$+0xe>
8000432a:	0000                	unimp
8000432c:	01b8                	add	a4,sp,200
8000432e:	0000                	unimp
80004330:	0000024b          	.insn	4, 0x024b
80004334:	0266                	sll	tp,tp,0x19
80004336:	0000                	unimp
80004338:	0266                	sll	tp,tp,0x19
8000433a:	0000                	unimp
8000433c:	018c                	add	a1,sp,192
8000433e:	0000                	unimp
80004340:	017e                	sll	sp,sp,0x1f
80004342:	0000                	unimp
80004344:	0118                	add	a4,sp,128
80004346:	0000                	unimp
80004348:	0118                	add	a4,sp,128
8000434a:	0000                	unimp
8000434c:	0011                	c.nop	4
8000434e:	0000                	unimp
80004350:	0328                	add	a0,sp,392
80004352:	0000                	unimp
80004354:	00aa                	sll	ra,ra,0xa
80004356:	0000                	unimp
80004358:	00000333          	add	t1,zero,zero
8000435c:	00000123          	sb	zero,2(zero) # 2 <buf.2+0x2>
80004360:	0158                	add	a4,sp,132
80004362:	0000                	unimp
80004364:	0158                	add	a4,sp,132
80004366:	0000                	unimp
80004368:	017c                	add	a5,sp,140
8000436a:	0000                	unimp
8000436c:	01c2                	sll	gp,gp,0x10
8000436e:	0000                	unimp
80004370:	0200                	add	s0,sp,256
80004372:	0000                	unimp
80004374:	0200                	add	s0,sp,256
80004376:	0000                	unimp
80004378:	0200                	add	s0,sp,256
8000437a:	0000                	unimp
8000437c:	0395                	add	t2,t2,5
8000437e:	0000                	unimp
80004380:	0395                	add	t2,t2,5
80004382:	0000                	unimp
80004384:	0000021b          	.insn	4, 0x021b
80004388:	0000021b          	.insn	4, 0x021b
8000438c:	0328                	add	a0,sp,392
8000438e:	0000                	unimp
80004390:	0372                	sll	t1,t1,0x1c
80004392:	0000                	unimp
80004394:	00000377          	.insn	4, 0x0377
80004398:	0372                	sll	t1,t1,0x1c
8000439a:	0000                	unimp
8000439c:	0219                	add	tp,tp,6 # 6 <buf.2+0x6>
8000439e:	0000                	unimp
800043a0:	0219                	add	tp,tp,6 # 6 <buf.2+0x6>
800043a2:	0000                	unimp
800043a4:	0264                	add	s1,sp,268
800043a6:	0000                	unimp
800043a8:	02bd                	add	t0,t0,15
800043aa:	0000                	unimp
800043ac:	02bd                	add	t0,t0,15
800043ae:	0000                	unimp
800043b0:	02bd                	add	t0,t0,15
800043b2:	0000                	unimp
800043b4:	01df 0000 01df      	.insn	6, 0x01df000001df
800043ba:	0000                	unimp
800043bc:	01df 0000 0237      	.insn	6, 0x0237000001df
800043c2:	0000                	unimp
800043c4:	00000097          	auipc	ra,0x0
800043c8:	0016                	c.slli	zero,0x5
800043ca:	0000                	unimp
800043cc:	0016                	c.slli	zero,0x5
800043ce:	0000                	unimp
800043d0:	0238                	add	a4,sp,264
800043d2:	0000                	unimp
800043d4:	0238                	add	a4,sp,264
800043d6:	0000                	unimp
800043d8:	0238                	add	a4,sp,264
800043da:	0000                	unimp
800043dc:	0299                	add	t0,t0,6
800043de:	0000                	unimp
800043e0:	0299                	add	t0,t0,6
800043e2:	0000                	unimp
800043e4:	000001a7          	.insn	4, 0x01a7
800043e8:	000001a7          	.insn	4, 0x01a7
800043ec:	01b2                	sll	gp,gp,0xc
800043ee:	0000                	unimp
800043f0:	01b2                	sll	gp,gp,0xc
800043f2:	0000                	unimp
800043f4:	0118                	add	a4,sp,128
800043f6:	0000                	unimp
800043f8:	009e                	sll	ra,ra,0x7
800043fa:	0000                	unimp
800043fc:	0118                	add	a4,sp,128
800043fe:	0000                	unimp
80004400:	0054                	add	a3,sp,4
80004402:	0000                	unimp
80004404:	0000018b          	.insn	4, 0x018b
80004408:	000000f7          	.insn	4, 0x00f7
8000440c:	02b0                	add	a2,sp,328
8000440e:	0000                	unimp
80004410:	000000f7          	.insn	4, 0x00f7
80004414:	01dc                	add	a5,sp,196
80004416:	0000                	unimp
80004418:	000001b3          	add	gp,zero,zero
8000441c:	01dc                	add	a5,sp,196
8000441e:	0000                	unimp
80004420:	0318                	add	a4,sp,384
80004422:	0000                	unimp
80004424:	0318                	add	a4,sp,384
80004426:	0000                	unimp
80004428:	0318                	add	a4,sp,384
8000442a:	0000                	unimp
8000442c:	02d9                	add	t0,t0,22
8000442e:	0000                	unimp
80004430:	01e6                	sll	gp,gp,0x19
80004432:	0000                	unimp
80004434:	0109                	add	sp,sp,2 # 2 <buf.2+0x2>
80004436:	0000                	unimp
80004438:	019e                	sll	gp,gp,0x7
8000443a:	0000                	unimp
8000443c:	00ec                	add	a1,sp,76
8000443e:	0000                	unimp
80004440:	0171                	add	sp,sp,28
80004442:	0000                	unimp
80004444:	00ec                	add	a1,sp,76
80004446:	0000                	unimp
80004448:	0171                	add	sp,sp,28
8000444a:	0000                	unimp
8000444c:	00d6                	sll	ra,ra,0x15
8000444e:	0000                	unimp
80004450:	0206                	sll	tp,tp,0x1
80004452:	0000                	unimp
80004454:	00b4                	add	a3,sp,72
80004456:	0000                	unimp
80004458:	0206                	sll	tp,tp,0x1
8000445a:	0000                	unimp
8000445c:	000001f7          	.insn	4, 0x01f7
80004460:	02aa                	sll	t0,t0,0xa
80004462:	0000                	unimp
80004464:	0254                	add	a3,sp,260
80004466:	0000                	unimp
80004468:	0254                	add	a3,sp,260
8000446a:	0000                	unimp
8000446c:	011c                	add	a5,sp,128
8000446e:	0000                	unimp
80004470:	0108                	add	a0,sp,128
80004472:	0000                	unimp
80004474:	0108                	add	a0,sp,128
80004476:	0000                	unimp
80004478:	000001f3          	.insn	4, 0x01f3
8000447c:	000001f3          	.insn	4, 0x01f3
80004480:	015a                	sll	sp,sp,0x16
80004482:	0000                	unimp
80004484:	015a                	sll	sp,sp,0x16
80004486:	0000                	unimp
80004488:	00000257          	.insn	4, 0x0257
8000448c:	00000257          	.insn	4, 0x0257
80004490:	000000d7          	.insn	4, 0x00d7
80004494:	000000d7          	.insn	4, 0x00d7
80004498:	000002db          	.insn	4, 0x02db
8000449c:	000002db          	.insn	4, 0x02db
800044a0:	02b0                	add	a2,sp,328
800044a2:	0000                	unimp
800044a4:	0292                	sll	t0,t0,0x4
800044a6:	0000                	unimp
800044a8:	0000026b          	.insn	4, 0x026b
800044ac:	000000fb          	.insn	4, 0x00fb
800044b0:	000000fb          	.insn	4, 0x00fb
800044b4:	00000083          	lb	ra,0(zero) # 0 <buf.2>
800044b8:	0000022b          	.insn	4, 0x022b
800044bc:	0000022b          	.insn	4, 0x022b
800044c0:	0000022b          	.insn	4, 0x022b
800044c4:	0000029b          	.insn	4, 0x029b
800044c8:	0210                	add	a2,sp,256
800044ca:	0000                	unimp
800044cc:	0210                	add	a2,sp,256
800044ce:	0000                	unimp
800044d0:	0210                	add	a2,sp,256
800044d2:	0000                	unimp
800044d4:	000001e7          	jalr	gp,zero # 0 <buf.2>
800044d8:	000001e7          	jalr	gp,zero # 0 <buf.2>
800044dc:	000001e7          	jalr	gp,zero # 0 <buf.2>
800044e0:	02f1                	add	t0,t0,28
800044e2:	0000                	unimp
800044e4:	02f1                	add	t0,t0,28
800044e6:	0000                	unimp
800044e8:	011f 0000 011f      	.insn	6, 0x011f0000011f
800044ee:	0000                	unimp
800044f0:	0272                	sll	tp,tp,0x1c
800044f2:	0000                	unimp
800044f4:	0272                	sll	tp,tp,0x1c
800044f6:	0000                	unimp
800044f8:	0130                	add	a2,sp,136
800044fa:	0000                	unimp
800044fc:	000e                	c.slli	zero,0x3
800044fe:	0000                	unimp
80004500:	0130                	add	a2,sp,136
80004502:	0000                	unimp
80004504:	00000193          	li	gp,0
80004508:	02dd                	add	t0,t0,23
8000450a:	0000                	unimp
8000450c:	00000193          	li	gp,0
80004510:	02dd                	add	t0,t0,23
80004512:	0000                	unimp
80004514:	000002bf 000002bf 	.insn	8, 0x02bf000002bf
8000451c:	000002bf 000002d2 	.insn	8, 0x02d2000002bf
80004524:	0332                	sll	t1,t1,0xc
80004526:	0000                	unimp
80004528:	02d2                	sll	t0,t0,0x14
8000452a:	0000                	unimp
8000452c:	0196                	sll	gp,gp,0x5
8000452e:	0000                	unimp
80004530:	0196                	sll	gp,gp,0x5
80004532:	0000                	unimp
80004534:	036a                	sll	t1,t1,0x1a
80004536:	0000                	unimp
80004538:	036a                	sll	t1,t1,0x1a
8000453a:	0000                	unimp
8000453c:	0358                	add	a4,sp,388
8000453e:	0000                	unimp
80004540:	02ec                	add	a1,sp,332
80004542:	0000                	unimp
80004544:	02ec                	add	a1,sp,332
80004546:	0000                	unimp
80004548:	0000005b          	.insn	4, 0x005b
8000454c:	0056                	c.slli	zero,0x15
8000454e:	0000                	unimp
80004550:	0000005b          	.insn	4, 0x005b
80004554:	017a                	sll	sp,sp,0x1e
80004556:	0000                	unimp
80004558:	017a                	sll	sp,sp,0x1e
8000455a:	0000                	unimp
8000455c:	0294                	add	a3,sp,320
8000455e:	0000                	unimp
80004560:	0069                	c.nop	26
80004562:	0000                	unimp
80004564:	0099                	add	ra,ra,6 # 800043ca <verify_data+0x44e>
80004566:	0000                	unimp
80004568:	0099                	add	ra,ra,6
8000456a:	0000                	unimp
8000456c:	0099                	add	ra,ra,6
8000456e:	0000                	unimp
80004570:	017d                	add	sp,sp,31
80004572:	0000                	unimp
80004574:	0079                	c.nop	30
80004576:	0000                	unimp
80004578:	0000028b          	.insn	4, 0x028b
8000457c:	019c                	add	a5,sp,192
8000457e:	0000                	unimp
80004580:	0339                	add	t1,t1,14
80004582:	0000                	unimp
80004584:	019c                	add	a5,sp,192
80004586:	0000                	unimp
80004588:	0164                	add	s1,sp,140
8000458a:	0000                	unimp
8000458c:	00ec                	add	a1,sp,76
8000458e:	0000                	unimp
80004590:	0094                	add	a3,sp,64
80004592:	0000                	unimp
80004594:	0094                	add	a3,sp,64
80004596:	0000                	unimp
80004598:	0094                	add	a3,sp,64
8000459a:	0000                	unimp
8000459c:	000001a7          	.insn	4, 0x01a7
800045a0:	008c                	add	a1,sp,64
800045a2:	0000                	unimp
800045a4:	00d8                	add	a4,sp,68
800045a6:	0000                	unimp
800045a8:	00d8                	add	a4,sp,68
800045aa:	0000                	unimp
800045ac:	026d                	add	tp,tp,27 # 1b <buf.2+0x1b>
800045ae:	0000                	unimp
800045b0:	026d                	add	tp,tp,27 # 1b <buf.2+0x1b>
800045b2:	0000                	unimp
800045b4:	0169                	add	sp,sp,26
800045b6:	0000                	unimp
800045b8:	0000                	unimp
800045ba:	0000                	unimp
