
memcpy.riscv:     file format elf32-littleriscv


Disassembly of section .text.init:

80000000 <_start>:
80000000:	4081                	li	ra,0
80000002:	4101                	li	sp,0
80000004:	4181                	li	gp,0
80000006:	4201                	li	tp,0
80000008:	4281                	li	t0,0
8000000a:	4301                	li	t1,0
8000000c:	4381                	li	t2,0
8000000e:	4401                	li	s0,0
80000010:	4481                	li	s1,0
80000012:	4501                	li	a0,0
80000014:	4581                	li	a1,0
80000016:	4601                	li	a2,0
80000018:	4681                	li	a3,0
8000001a:	4701                	li	a4,0
8000001c:	4781                	li	a5,0
8000001e:	4801                	li	a6,0
80000020:	4881                	li	a7,0
80000022:	4901                	li	s2,0
80000024:	4981                	li	s3,0
80000026:	4a01                	li	s4,0
80000028:	4a81                	li	s5,0
8000002a:	4b01                	li	s6,0
8000002c:	4b81                	li	s7,0
8000002e:	4c01                	li	s8,0
80000030:	4c81                	li	s9,0
80000032:	4d01                	li	s10,0
80000034:	4d81                	li	s11,0
80000036:	4e01                	li	t3,0
80000038:	4e81                	li	t4,0
8000003a:	4f01                	li	t5,0
8000003c:	4f81                	li	t6,0
8000003e:	62f9                	lui	t0,0x1e
80000040:	60028293          	add	t0,t0,1536 # 1e600 <buflen.1+0x1e5c0>
80000044:	3002a073          	csrs	mstatus,t0
80000048:	4285                	li	t0,1
8000004a:	02fe                	sll	t0,t0,0x1f
8000004c:	0002c863          	bltz	t0,8000005c <_start+0x5c>
80000050:	4505                	li	a0,1
80000052:	00001297          	auipc	t0,0x1
80000056:	faa2a723          	sw	a0,-82(t0) # 80001000 <tohost>
8000005a:	bfdd                	j	80000050 <_start+0x50>
8000005c:	00000297          	auipc	t0,0x0
80000060:	03828293          	add	t0,t0,56 # 80000094 <trap_entry>
80000064:	30529073          	csrw	mtvec,t0
80000068:	00008197          	auipc	gp,0x8
8000006c:	f3018193          	add	gp,gp,-208 # 80007f98 <__global_pointer$>
80000070:	86718213          	add	tp,gp,-1945 # 800077ff <_end+0x3f>
80000074:	fc027213          	and	tp,tp,-64
80000078:	f1402573          	csrr	a0,mhartid
8000007c:	4585                	li	a1,1
8000007e:	00b57063          	bgeu	a0,a1,8000007e <_start+0x7e>
80000082:	00150113          	add	sp,a0,1
80000086:	0146                	sll	sp,sp,0x11
80000088:	9112                	add	sp,sp,tp
8000008a:	01151613          	sll	a2,a0,0x11
8000008e:	9232                	add	tp,tp,a2
80000090:	69c0206f          	j	8000272c <_init>

80000094 <trap_entry>:
80000094:	716d                	add	sp,sp,-272
80000096:	c206                	sw	ra,4(sp)
80000098:	c40a                	sw	sp,8(sp)
8000009a:	c60e                	sw	gp,12(sp)
8000009c:	c812                	sw	tp,16(sp)
8000009e:	ca16                	sw	t0,20(sp)
800000a0:	cc1a                	sw	t1,24(sp)
800000a2:	ce1e                	sw	t2,28(sp)
800000a4:	d022                	sw	s0,32(sp)
800000a6:	d226                	sw	s1,36(sp)
800000a8:	d42a                	sw	a0,40(sp)
800000aa:	d62e                	sw	a1,44(sp)
800000ac:	d832                	sw	a2,48(sp)
800000ae:	da36                	sw	a3,52(sp)
800000b0:	dc3a                	sw	a4,56(sp)
800000b2:	de3e                	sw	a5,60(sp)
800000b4:	c0c2                	sw	a6,64(sp)
800000b6:	c2c6                	sw	a7,68(sp)
800000b8:	c4ca                	sw	s2,72(sp)
800000ba:	c6ce                	sw	s3,76(sp)
800000bc:	c8d2                	sw	s4,80(sp)
800000be:	cad6                	sw	s5,84(sp)
800000c0:	ccda                	sw	s6,88(sp)
800000c2:	cede                	sw	s7,92(sp)
800000c4:	d0e2                	sw	s8,96(sp)
800000c6:	d2e6                	sw	s9,100(sp)
800000c8:	d4ea                	sw	s10,104(sp)
800000ca:	d6ee                	sw	s11,108(sp)
800000cc:	d8f2                	sw	t3,112(sp)
800000ce:	daf6                	sw	t4,116(sp)
800000d0:	dcfa                	sw	t5,120(sp)
800000d2:	defe                	sw	t6,124(sp)
800000d4:	34202573          	csrr	a0,mcause
800000d8:	341025f3          	csrr	a1,mepc
800000dc:	860a                	mv	a2,sp
800000de:	350020ef          	jal	8000242e <handle_trap>
800000e2:	34151073          	csrw	mepc,a0
800000e6:	6289                	lui	t0,0x2
800000e8:	80028293          	add	t0,t0,-2048 # 1800 <buflen.1+0x17c0>
800000ec:	3002a073          	csrs	mstatus,t0
800000f0:	4092                	lw	ra,4(sp)
800000f2:	4122                	lw	sp,8(sp)
800000f4:	41b2                	lw	gp,12(sp)
800000f6:	4242                	lw	tp,16(sp)
800000f8:	42d2                	lw	t0,20(sp)
800000fa:	4362                	lw	t1,24(sp)
800000fc:	43f2                	lw	t2,28(sp)
800000fe:	5402                	lw	s0,32(sp)
80000100:	5492                	lw	s1,36(sp)
80000102:	5522                	lw	a0,40(sp)
80000104:	55b2                	lw	a1,44(sp)
80000106:	5642                	lw	a2,48(sp)
80000108:	56d2                	lw	a3,52(sp)
8000010a:	5762                	lw	a4,56(sp)
8000010c:	57f2                	lw	a5,60(sp)
8000010e:	4806                	lw	a6,64(sp)
80000110:	4896                	lw	a7,68(sp)
80000112:	4926                	lw	s2,72(sp)
80000114:	49b6                	lw	s3,76(sp)
80000116:	4a46                	lw	s4,80(sp)
80000118:	4ad6                	lw	s5,84(sp)
8000011a:	4b66                	lw	s6,88(sp)
8000011c:	4bf6                	lw	s7,92(sp)
8000011e:	5c06                	lw	s8,96(sp)
80000120:	5c96                	lw	s9,100(sp)
80000122:	5d26                	lw	s10,104(sp)
80000124:	5db6                	lw	s11,108(sp)
80000126:	5e46                	lw	t3,112(sp)
80000128:	5ed6                	lw	t4,116(sp)
8000012a:	5f66                	lw	t5,120(sp)
8000012c:	5ff6                	lw	t6,124(sp)
8000012e:	6151                	add	sp,sp,272
80000130:	30200073          	mret
80000134:	0000                	unimp

Disassembly of section .text:

80002000 <cputchar>:
80002000:	fffff697          	auipc	a3,0xfffff
80002004:	00068693          	mv	a3,a3
80002008:	0ff57713          	zext.b	a4,a0
8000200c:	010107b7          	lui	a5,0x1010
80002010:	c298                	sw	a4,0(a3)
80002012:	c2dc                	sw	a5,4(a3)
80002014:	0000100f          	fence.i
80002018:	8082                	ret

8000201a <vprintfmt>:
8000201a:	714d                	add	sp,sp,-336
8000201c:	14812423          	sw	s0,328(sp)
80002020:	15212023          	sw	s2,320(sp)
80002024:	13312e23          	sw	s3,316(sp)
80002028:	13512a23          	sw	s5,308(sp)
8000202c:	14112623          	sw	ra,332(sp)
80002030:	14912223          	sw	s1,324(sp)
80002034:	13412c23          	sw	s4,312(sp)
80002038:	13712623          	sw	s7,300(sp)
8000203c:	13812423          	sw	s8,296(sp)
80002040:	13a12023          	sw	s10,288(sp)
80002044:	11b12e23          	sw	s11,284(sp)
80002048:	89aa                	mv	s3,a0
8000204a:	892e                	mv	s2,a1
8000204c:	8432                	mv	s0,a2
8000204e:	c636                	sw	a3,12(sp)
80002050:	02500a93          	li	s5,37
80002054:	a029                	j	8000205e <vprintfmt+0x44>
80002056:	c531                	beqz	a0,800020a2 <vprintfmt+0x88>
80002058:	85ca                	mv	a1,s2
8000205a:	0405                	add	s0,s0,1
8000205c:	9982                	jalr	s3
8000205e:	00044503          	lbu	a0,0(s0)
80002062:	ff551ae3          	bne	a0,s5,80002056 <vprintfmt+0x3c>
80002066:	00144683          	lbu	a3,1(s0)
8000206a:	00140a13          	add	s4,s0,1
8000206e:	02000793          	li	a5,32
80002072:	8752                	mv	a4,s4
80002074:	c43e                	sw	a5,8(sp)
80002076:	54fd                	li	s1,-1
80002078:	5c7d                	li	s8,-1
8000207a:	4601                	li	a2,0
8000207c:	fdd68793          	add	a5,a3,-35 # 80000fdd <trap_entry+0xf49>
80002080:	0ff7f793          	zext.b	a5,a5
80002084:	05500593          	li	a1,85
80002088:	00170413          	add	s0,a4,1
8000208c:	06f5e163          	bltu	a1,a5,800020ee <vprintfmt+0xd4>
80002090:	00001597          	auipc	a1,0x1
80002094:	5e058593          	add	a1,a1,1504 # 80003670 <main+0x140>
80002098:	20b7c7b3          	sh2add	a5,a5,a1
8000209c:	439c                	lw	a5,0(a5)
8000209e:	97ae                	add	a5,a5,a1
800020a0:	8782                	jr	a5
800020a2:	14c12083          	lw	ra,332(sp)
800020a6:	14812403          	lw	s0,328(sp)
800020aa:	14412483          	lw	s1,324(sp)
800020ae:	14012903          	lw	s2,320(sp)
800020b2:	13c12983          	lw	s3,316(sp)
800020b6:	13812a03          	lw	s4,312(sp)
800020ba:	13412a83          	lw	s5,308(sp)
800020be:	12c12b83          	lw	s7,300(sp)
800020c2:	12812c03          	lw	s8,296(sp)
800020c6:	12012d03          	lw	s10,288(sp)
800020ca:	11c12d83          	lw	s11,284(sp)
800020ce:	6171                	add	sp,sp,336
800020d0:	8082                	ret
800020d2:	c436                	sw	a3,8(sp)
800020d4:	00174683          	lbu	a3,1(a4)
800020d8:	05500593          	li	a1,85
800020dc:	8722                	mv	a4,s0
800020de:	fdd68793          	add	a5,a3,-35
800020e2:	0ff7f793          	zext.b	a5,a5
800020e6:	00170413          	add	s0,a4,1
800020ea:	faf5f3e3          	bgeu	a1,a5,80002090 <vprintfmt+0x76>
800020ee:	85ca                	mv	a1,s2
800020f0:	02500513          	li	a0,37
800020f4:	9982                	jalr	s3
800020f6:	8452                	mv	s0,s4
800020f8:	b79d                	j	8000205e <vprintfmt+0x44>
800020fa:	00174783          	lbu	a5,1(a4)
800020fe:	4725                	li	a4,9
80002100:	fd068493          	add	s1,a3,-48
80002104:	fd078593          	add	a1,a5,-48 # 100ffd0 <buflen.1+0x100ff90>
80002108:	86be                	mv	a3,a5
8000210a:	2ab76863          	bltu	a4,a1,800023ba <vprintfmt+0x3a0>
8000210e:	8722                	mv	a4,s0
80002110:	4525                	li	a0,9
80002112:	0705                	add	a4,a4,1
80002114:	2094c4b3          	sh2add	s1,s1,s1
80002118:	20f4a4b3          	sh1add	s1,s1,a5
8000211c:	00074783          	lbu	a5,0(a4)
80002120:	fd048493          	add	s1,s1,-48
80002124:	fd078593          	add	a1,a5,-48
80002128:	86be                	mv	a3,a5
8000212a:	feb574e3          	bgeu	a0,a1,80002112 <vprintfmt+0xf8>
8000212e:	f40c57e3          	bgez	s8,8000207c <vprintfmt+0x62>
80002132:	8c26                	mv	s8,s1
80002134:	54fd                	li	s1,-1
80002136:	b799                	j	8000207c <vprintfmt+0x62>
80002138:	00174683          	lbu	a3,1(a4)
8000213c:	8722                	mv	a4,s0
8000213e:	bf3d                	j	8000207c <vprintfmt+0x62>
80002140:	85ca                	mv	a1,s2
80002142:	02500513          	li	a0,37
80002146:	9982                	jalr	s3
80002148:	bf19                	j	8000205e <vprintfmt+0x44>
8000214a:	47b2                	lw	a5,12(sp)
8000214c:	00174683          	lbu	a3,1(a4)
80002150:	8722                	mv	a4,s0
80002152:	4384                	lw	s1,0(a5)
80002154:	0791                	add	a5,a5,4
80002156:	c63e                	sw	a5,12(sp)
80002158:	bfd9                	j	8000212e <vprintfmt+0x114>
8000215a:	85ca                	mv	a1,s2
8000215c:	03000513          	li	a0,48
80002160:	13612823          	sw	s6,304(sp)
80002164:	9982                	jalr	s3
80002166:	85ca                	mv	a1,s2
80002168:	07800513          	li	a0,120
8000216c:	9982                	jalr	s3
8000216e:	47b2                	lw	a5,12(sp)
80002170:	4bc1                	li	s7,16
80002172:	4d81                	li	s11,0
80002174:	00478713          	add	a4,a5,4
80002178:	47b2                	lw	a5,12(sp)
8000217a:	4d01                	li	s10,0
8000217c:	4384                	lw	s1,0(a5)
8000217e:	c63a                	sw	a4,12(sp)
80002180:	865e                	mv	a2,s7
80002182:	4681                	li	a3,0
80002184:	8526                	mv	a0,s1
80002186:	85ea                	mv	a1,s10
80002188:	7c5000ef          	jal	8000314c <__umoddi3>
8000218c:	c82a                	sw	a0,16(sp)
8000218e:	1dad8c63          	beq	s11,s10,80002366 <vprintfmt+0x34c>
80002192:	13912223          	sw	s9,292(sp)
80002196:	4b05                	li	s6,1
80002198:	01410c93          	add	s9,sp,20
8000219c:	865e                	mv	a2,s7
8000219e:	4681                	li	a3,0
800021a0:	8526                	mv	a0,s1
800021a2:	85ea                	mv	a1,s10
800021a4:	379000ef          	jal	80002d1c <__udivdi3>
800021a8:	865e                	mv	a2,s7
800021aa:	4681                	li	a3,0
800021ac:	84aa                	mv	s1,a0
800021ae:	8d2e                	mv	s10,a1
800021b0:	79d000ef          	jal	8000314c <__umoddi3>
800021b4:	00aca023          	sw	a0,0(s9)
800021b8:	8a5a                	mv	s4,s6
800021ba:	0c91                	add	s9,s9,4
800021bc:	0b05                	add	s6,s6,1
800021be:	fdad9fe3          	bne	s11,s10,8000219c <vprintfmt+0x182>
800021c2:	fd74fde3          	bgeu	s1,s7,8000219c <vprintfmt+0x182>
800021c6:	12412c83          	lw	s9,292(sp)
800021ca:	fffc0b93          	add	s7,s8,-1
800021ce:	fffb0493          	add	s1,s6,-1
800021d2:	018b5863          	bge	s6,s8,800021e2 <vprintfmt+0x1c8>
800021d6:	4522                	lw	a0,8(sp)
800021d8:	85ca                	mv	a1,s2
800021da:	1bfd                	add	s7,s7,-1
800021dc:	9982                	jalr	s3
800021de:	fe9b9ce3          	bne	s7,s1,800021d6 <vprintfmt+0x1bc>
800021e2:	0804                	add	s1,sp,16
800021e4:	4b25                	li	s6,9
800021e6:	209a4a33          	sh2add	s4,s4,s1
800021ea:	a011                	j	800021ee <vprintfmt+0x1d4>
800021ec:	8a3e                	mv	s4,a5
800021ee:	000a2783          	lw	a5,0(s4)
800021f2:	03000513          	li	a0,48
800021f6:	00fb7463          	bgeu	s6,a5,800021fe <vprintfmt+0x1e4>
800021fa:	05700513          	li	a0,87
800021fe:	953e                	add	a0,a0,a5
80002200:	85ca                	mv	a1,s2
80002202:	9982                	jalr	s3
80002204:	ffca0793          	add	a5,s4,-4
80002208:	ff4492e3          	bne	s1,s4,800021ec <vprintfmt+0x1d2>
8000220c:	13012b03          	lw	s6,304(sp)
80002210:	b5b9                	j	8000205e <vprintfmt+0x44>
80002212:	13612823          	sw	s6,304(sp)
80002216:	4785                	li	a5,1
80002218:	14c7cc63          	blt	a5,a2,80002370 <vprintfmt+0x356>
8000221c:	47b2                	lw	a5,12(sp)
8000221e:	4384                	lw	s1,0(a5)
80002220:	0791                	add	a5,a5,4
80002222:	c63e                	sw	a5,12(sp)
80002224:	41f4dd13          	sra	s10,s1,0x1f
80002228:	000d5e63          	bgez	s10,80002244 <vprintfmt+0x22a>
8000222c:	85ca                	mv	a1,s2
8000222e:	02d00513          	li	a0,45
80002232:	9982                	jalr	s3
80002234:	00903733          	snez	a4,s1
80002238:	41a007b3          	neg	a5,s10
8000223c:	409004b3          	neg	s1,s1
80002240:	40e78d33          	sub	s10,a5,a4
80002244:	4ba9                	li	s7,10
80002246:	4d81                	li	s11,0
80002248:	bf25                	j	80002180 <vprintfmt+0x166>
8000224a:	00174683          	lbu	a3,1(a4)
8000224e:	0605                	add	a2,a2,1
80002250:	8722                	mv	a4,s0
80002252:	b52d                	j	8000207c <vprintfmt+0x62>
80002254:	13612823          	sw	s6,304(sp)
80002258:	4bc1                	li	s7,16
8000225a:	4d81                	li	s11,0
8000225c:	4785                	li	a5,1
8000225e:	0ec7c363          	blt	a5,a2,80002344 <vprintfmt+0x32a>
80002262:	47b2                	lw	a5,12(sp)
80002264:	00478713          	add	a4,a5,4
80002268:	bf01                	j	80002178 <vprintfmt+0x15e>
8000226a:	47b2                	lw	a5,12(sp)
8000226c:	13912223          	sw	s9,292(sp)
80002270:	0007aa03          	lw	s4,0(a5)
80002274:	00478c93          	add	s9,a5,4
80002278:	040a0a63          	beqz	s4,800022cc <vprintfmt+0x2b2>
8000227c:	09805c63          	blez	s8,80002314 <vprintfmt+0x2fa>
80002280:	4722                	lw	a4,8(sp)
80002282:	02d00793          	li	a5,45
80002286:	06f71063          	bne	a4,a5,800022e6 <vprintfmt+0x2cc>
8000228a:	000a4503          	lbu	a0,0(s4)
8000228e:	c505                	beqz	a0,800022b6 <vprintfmt+0x29c>
80002290:	13612823          	sw	s6,304(sp)
80002294:	5b7d                	li	s6,-1
80002296:	0004c563          	bltz	s1,800022a0 <vprintfmt+0x286>
8000229a:	14fd                	add	s1,s1,-1
8000229c:	01648963          	beq	s1,s6,800022ae <vprintfmt+0x294>
800022a0:	85ca                	mv	a1,s2
800022a2:	9982                	jalr	s3
800022a4:	001a4503          	lbu	a0,1(s4)
800022a8:	1c7d                	add	s8,s8,-1
800022aa:	0a05                	add	s4,s4,1
800022ac:	f56d                	bnez	a0,80002296 <vprintfmt+0x27c>
800022ae:	13012b03          	lw	s6,304(sp)
800022b2:	01805963          	blez	s8,800022c4 <vprintfmt+0x2aa>
800022b6:	85ca                	mv	a1,s2
800022b8:	02000513          	li	a0,32
800022bc:	1c7d                	add	s8,s8,-1
800022be:	9982                	jalr	s3
800022c0:	fe0c1be3          	bnez	s8,800022b6 <vprintfmt+0x29c>
800022c4:	c666                	sw	s9,12(sp)
800022c6:	12412c83          	lw	s9,292(sp)
800022ca:	bb51                	j	8000205e <vprintfmt+0x44>
800022cc:	0d805d63          	blez	s8,800023a6 <vprintfmt+0x38c>
800022d0:	4722                	lw	a4,8(sp)
800022d2:	02d00793          	li	a5,45
800022d6:	00001a17          	auipc	s4,0x1
800022da:	31aa0a13          	add	s4,s4,794 # 800035f0 <main+0xc0>
800022de:	02800513          	li	a0,40
800022e2:	faf707e3          	beq	a4,a5,80002290 <vprintfmt+0x276>
800022e6:	87d2                	mv	a5,s4
800022e8:	009a06b3          	add	a3,s4,s1
800022ec:	e489                	bnez	s1,800022f6 <vprintfmt+0x2dc>
800022ee:	a829                	j	80002308 <vprintfmt+0x2ee>
800022f0:	0785                	add	a5,a5,1
800022f2:	00d78563          	beq	a5,a3,800022fc <vprintfmt+0x2e2>
800022f6:	0007c703          	lbu	a4,0(a5)
800022fa:	fb7d                	bnez	a4,800022f0 <vprintfmt+0x2d6>
800022fc:	414787b3          	sub	a5,a5,s4
80002300:	40fc0c33          	sub	s8,s8,a5
80002304:	01805863          	blez	s8,80002314 <vprintfmt+0x2fa>
80002308:	4522                	lw	a0,8(sp)
8000230a:	85ca                	mv	a1,s2
8000230c:	1c7d                	add	s8,s8,-1
8000230e:	9982                	jalr	s3
80002310:	fe0c1ce3          	bnez	s8,80002308 <vprintfmt+0x2ee>
80002314:	000a4503          	lbu	a0,0(s4)
80002318:	d555                	beqz	a0,800022c4 <vprintfmt+0x2aa>
8000231a:	13612823          	sw	s6,304(sp)
8000231e:	bf9d                	j	80002294 <vprintfmt+0x27a>
80002320:	00174683          	lbu	a3,1(a4)
80002324:	0a0c6c33          	max	s8,s8,zero
80002328:	8722                	mv	a4,s0
8000232a:	bb89                	j	8000207c <vprintfmt+0x62>
8000232c:	47b2                	lw	a5,12(sp)
8000232e:	13912223          	sw	s9,292(sp)
80002332:	85ca                	mv	a1,s2
80002334:	4388                	lw	a0,0(a5)
80002336:	00478c93          	add	s9,a5,4
8000233a:	9982                	jalr	s3
8000233c:	c666                	sw	s9,12(sp)
8000233e:	12412c83          	lw	s9,292(sp)
80002342:	bb31                	j	8000205e <vprintfmt+0x44>
80002344:	47b2                	lw	a5,12(sp)
80002346:	13912223          	sw	s9,292(sp)
8000234a:	00778c93          	add	s9,a5,7
8000234e:	ff8cfc93          	and	s9,s9,-8
80002352:	008c8793          	add	a5,s9,8
80002356:	000ca483          	lw	s1,0(s9)
8000235a:	004cad03          	lw	s10,4(s9)
8000235e:	c63e                	sw	a5,12(sp)
80002360:	12412c83          	lw	s9,292(sp)
80002364:	bd31                	j	80002180 <vprintfmt+0x166>
80002366:	e374f6e3          	bgeu	s1,s7,80002192 <vprintfmt+0x178>
8000236a:	4a01                	li	s4,0
8000236c:	4b05                	li	s6,1
8000236e:	bdb1                	j	800021ca <vprintfmt+0x1b0>
80002370:	47b2                	lw	a5,12(sp)
80002372:	13912223          	sw	s9,292(sp)
80002376:	00778c93          	add	s9,a5,7
8000237a:	ff8cfc93          	and	s9,s9,-8
8000237e:	008c8793          	add	a5,s9,8
80002382:	000ca483          	lw	s1,0(s9)
80002386:	004cad03          	lw	s10,4(s9)
8000238a:	c63e                	sw	a5,12(sp)
8000238c:	12412c83          	lw	s9,292(sp)
80002390:	bd61                	j	80002228 <vprintfmt+0x20e>
80002392:	13612823          	sw	s6,304(sp)
80002396:	4ba9                	li	s7,10
80002398:	4d81                	li	s11,0
8000239a:	b5c9                	j	8000225c <vprintfmt+0x242>
8000239c:	13612823          	sw	s6,304(sp)
800023a0:	4ba1                	li	s7,8
800023a2:	4d81                	li	s11,0
800023a4:	bd65                	j	8000225c <vprintfmt+0x242>
800023a6:	13612823          	sw	s6,304(sp)
800023aa:	00001a17          	auipc	s4,0x1
800023ae:	246a0a13          	add	s4,s4,582 # 800035f0 <main+0xc0>
800023b2:	02800513          	li	a0,40
800023b6:	5b7d                	li	s6,-1
800023b8:	bdf9                	j	80002296 <vprintfmt+0x27c>
800023ba:	8722                	mv	a4,s0
800023bc:	bb8d                	j	8000212e <vprintfmt+0x114>

800023be <sprintf_putch.0>:
800023be:	419c                	lw	a5,0(a1)
800023c0:	00a78023          	sb	a0,0(a5)
800023c4:	419c                	lw	a5,0(a1)
800023c6:	0785                	add	a5,a5,1
800023c8:	c19c                	sw	a5,0(a1)
800023ca:	8082                	ret

800023cc <setStats>:
800023cc:	b0002773          	csrr	a4,mcycle
800023d0:	00005797          	auipc	a5,0x5
800023d4:	3d078793          	add	a5,a5,976 # 800077a0 <counters>
800023d8:	c511                	beqz	a0,800023e4 <setStats+0x18>
800023da:	c398                	sw	a4,0(a5)
800023dc:	b0202773          	csrr	a4,minstret
800023e0:	c3d8                	sw	a4,4(a5)
800023e2:	8082                	ret
800023e4:	4390                	lw	a2,0(a5)
800023e6:	00005697          	auipc	a3,0x5
800023ea:	3b268693          	add	a3,a3,946 # 80007798 <counter_names>
800023ee:	8f11                	sub	a4,a4,a2
800023f0:	00001617          	auipc	a2,0x1
800023f4:	20c60613          	add	a2,a2,524 # 800035fc <main+0xcc>
800023f8:	c290                	sw	a2,0(a3)
800023fa:	c398                	sw	a4,0(a5)
800023fc:	b0202773          	csrr	a4,minstret
80002400:	43d0                	lw	a2,4(a5)
80002402:	00001597          	auipc	a1,0x1
80002406:	20258593          	add	a1,a1,514 # 80003604 <main+0xd4>
8000240a:	c2cc                	sw	a1,4(a3)
8000240c:	8f11                	sub	a4,a4,a2
8000240e:	c3d8                	sw	a4,4(a5)
80002410:	8082                	ret

80002412 <tohost_exit>:
80002412:	00151693          	sll	a3,a0,0x1
80002416:	0016e713          	or	a4,a3,1
8000241a:	fffff697          	auipc	a3,0xfffff
8000241e:	be668693          	add	a3,a3,-1050 # 80001000 <tohost>
80002422:	4781                	li	a5,0
80002424:	c298                	sw	a4,0(a3)
80002426:	c2dc                	sw	a5,4(a3)
80002428:	0000100f          	fence.i
8000242c:	a001                	j	8000242c <tohost_exit+0x1a>

8000242e <handle_trap>:
8000242e:	1141                	add	sp,sp,-16
80002430:	53900513          	li	a0,1337
80002434:	c606                	sw	ra,12(sp)
80002436:	3ff1                	jal	80002412 <tohost_exit>

80002438 <exit>:
80002438:	1141                	add	sp,sp,-16
8000243a:	c606                	sw	ra,12(sp)
8000243c:	3fd9                	jal	80002412 <tohost_exit>

8000243e <abort>:
8000243e:	1141                	add	sp,sp,-16
80002440:	08600513          	li	a0,134
80002444:	c606                	sw	ra,12(sp)
80002446:	37f1                	jal	80002412 <tohost_exit>

80002448 <printstr>:
80002448:	00054783          	lbu	a5,0(a0)
8000244c:	7119                	add	sp,sp,-128
8000244e:	03f10613          	add	a2,sp,63
80002452:	882a                	mv	a6,a0
80002454:	fc067613          	and	a2,a2,-64
80002458:	4881                	li	a7,0
8000245a:	cba5                	beqz	a5,800024ca <printstr+0x82>
8000245c:	87aa                	mv	a5,a0
8000245e:	0017c703          	lbu	a4,1(a5)
80002462:	0785                	add	a5,a5,1
80002464:	ff6d                	bnez	a4,8000245e <printstr+0x16>
80002466:	40a78333          	sub	t1,a5,a0
8000246a:	4381                	li	t2,0
8000246c:	04000713          	li	a4,64
80002470:	c218                	sw	a4,0(a2)
80002472:	4781                	li	a5,0
80002474:	c25c                	sw	a5,4(a2)
80002476:	4705                	li	a4,1
80002478:	c618                	sw	a4,8(a2)
8000247a:	4781                	li	a5,0
8000247c:	c65c                	sw	a5,12(a2)
8000247e:	01062823          	sw	a6,16(a2)
80002482:	01162a23          	sw	a7,20(a2)
80002486:	00662c23          	sw	t1,24(a2)
8000248a:	00762e23          	sw	t2,28(a2)
8000248e:	0ff0000f          	fence
80002492:	fffff697          	auipc	a3,0xfffff
80002496:	b6e68693          	add	a3,a3,-1170 # 80001000 <tohost>
8000249a:	4781                	li	a5,0
8000249c:	c290                	sw	a2,0(a3)
8000249e:	c2dc                	sw	a5,4(a3)
800024a0:	0000100f          	fence.i
800024a4:	fffff697          	auipc	a3,0xfffff
800024a8:	b9c68693          	add	a3,a3,-1124 # 80001040 <fromhost>
800024ac:	4298                	lw	a4,0(a3)
800024ae:	42dc                	lw	a5,4(a3)
800024b0:	8f5d                	or	a4,a4,a5
800024b2:	df6d                	beqz	a4,800024ac <printstr+0x64>
800024b4:	4781                	li	a5,0
800024b6:	c29c                	sw	a5,0(a3)
800024b8:	4801                	li	a6,0
800024ba:	0106a223          	sw	a6,4(a3)
800024be:	0ff0000f          	fence
800024c2:	4218                	lw	a4,0(a2)
800024c4:	425c                	lw	a5,4(a2)
800024c6:	6109                	add	sp,sp,128
800024c8:	8082                	ret
800024ca:	4301                	li	t1,0
800024cc:	4381                	li	t2,0
800024ce:	bf79                	j	8000246c <printstr+0x24>

800024d0 <thread_entry>:
800024d0:	c111                	beqz	a0,800024d4 <thread_entry+0x4>
800024d2:	a001                	j	800024d2 <thread_entry+0x2>
800024d4:	8082                	ret

800024d6 <putchar>:
800024d6:	04022803          	lw	a6,64(tp) # 40 <buflen.1>
800024da:	00020793          	mv	a5,tp
800024de:	97c2                	add	a5,a5,a6
800024e0:	7119                	add	sp,sp,-128
800024e2:	00180713          	add	a4,a6,1
800024e6:	04e22023          	sw	a4,64(tp) # 40 <buflen.1>
800024ea:	00a78023          	sb	a0,0(a5)
800024ee:	03f10693          	add	a3,sp,63
800024f2:	47a9                	li	a5,10
800024f4:	fc06f693          	and	a3,a3,-64
800024f8:	00f50963          	beq	a0,a5,8000250a <putchar+0x34>
800024fc:	04000793          	li	a5,64
80002500:	00f70563          	beq	a4,a5,8000250a <putchar+0x34>
80002504:	4501                	li	a0,0
80002506:	6109                	add	sp,sp,128
80002508:	8082                	ret
8000250a:	04000813          	li	a6,64
8000250e:	0106a023          	sw	a6,0(a3)
80002512:	4881                	li	a7,0
80002514:	0116a223          	sw	a7,4(a3)
80002518:	4e05                	li	t3,1
8000251a:	01c6a423          	sw	t3,8(a3)
8000251e:	4e81                	li	t4,0
80002520:	01d6a623          	sw	t4,12(a3)
80002524:	00020313          	mv	t1,tp
80002528:	0066a823          	sw	t1,16(a3)
8000252c:	4381                	li	t2,0
8000252e:	0076aa23          	sw	t2,20(a3)
80002532:	ce98                	sw	a4,24(a3)
80002534:	41f75893          	sra	a7,a4,0x1f
80002538:	0116ae23          	sw	a7,28(a3)
8000253c:	0ff0000f          	fence
80002540:	fffff617          	auipc	a2,0xfffff
80002544:	ac060613          	add	a2,a2,-1344 # 80001000 <tohost>
80002548:	4781                	li	a5,0
8000254a:	c214                	sw	a3,0(a2)
8000254c:	c25c                	sw	a5,4(a2)
8000254e:	0000100f          	fence.i
80002552:	fffff617          	auipc	a2,0xfffff
80002556:	aee60613          	add	a2,a2,-1298 # 80001040 <fromhost>
8000255a:	4218                	lw	a4,0(a2)
8000255c:	425c                	lw	a5,4(a2)
8000255e:	8f5d                	or	a4,a4,a5
80002560:	df6d                	beqz	a4,8000255a <putchar+0x84>
80002562:	4781                	li	a5,0
80002564:	c21c                	sw	a5,0(a2)
80002566:	4801                	li	a6,0
80002568:	01062223          	sw	a6,4(a2)
8000256c:	0ff0000f          	fence
80002570:	04022023          	sw	zero,64(tp) # 40 <buflen.1>
80002574:	4298                	lw	a4,0(a3)
80002576:	4501                	li	a0,0
80002578:	42dc                	lw	a5,4(a3)
8000257a:	6109                	add	sp,sp,128
8000257c:	8082                	ret

8000257e <printhex>:
8000257e:	7179                	add	sp,sp,-48
80002580:	872a                	mv	a4,a0
80002582:	d606                	sw	ra,44(sp)
80002584:	0068                	add	a0,sp,12
80002586:	01b10693          	add	a3,sp,27
8000258a:	4825                	li	a6,9
8000258c:	a011                	j	80002590 <printhex+0x12>
8000258e:	86be                	mv	a3,a5
80002590:	00f77793          	and	a5,a4,15
80002594:	00f837b3          	sltu	a5,a6,a5
80002598:	40f007b3          	neg	a5,a5
8000259c:	0277f793          	and	a5,a5,39
800025a0:	00f77613          	and	a2,a4,15
800025a4:	03078793          	add	a5,a5,48
800025a8:	97b2                	add	a5,a5,a2
800025aa:	00f68023          	sb	a5,0(a3)
800025ae:	01c59613          	sll	a2,a1,0x1c
800025b2:	8311                	srl	a4,a4,0x4
800025b4:	fff68793          	add	a5,a3,-1
800025b8:	8f51                	or	a4,a4,a2
800025ba:	8191                	srl	a1,a1,0x4
800025bc:	fcd519e3          	bne	a0,a3,8000258e <printhex+0x10>
800025c0:	00010e23          	sb	zero,28(sp)
800025c4:	3551                	jal	80002448 <printstr>
800025c6:	50b2                	lw	ra,44(sp)
800025c8:	6145                	add	sp,sp,48
800025ca:	8082                	ret

800025cc <printf>:
800025cc:	7139                	add	sp,sp,-64
800025ce:	02410313          	add	t1,sp,36
800025d2:	d22e                	sw	a1,36(sp)
800025d4:	d432                	sw	a2,40(sp)
800025d6:	d636                	sw	a3,44(sp)
800025d8:	862a                	mv	a2,a0
800025da:	869a                	mv	a3,t1
800025dc:	00000517          	auipc	a0,0x0
800025e0:	a2450513          	add	a0,a0,-1500 # 80002000 <cputchar>
800025e4:	4581                	li	a1,0
800025e6:	ce06                	sw	ra,28(sp)
800025e8:	d83a                	sw	a4,48(sp)
800025ea:	da3e                	sw	a5,52(sp)
800025ec:	dc42                	sw	a6,56(sp)
800025ee:	de46                	sw	a7,60(sp)
800025f0:	c61a                	sw	t1,12(sp)
800025f2:	3425                	jal	8000201a <vprintfmt>
800025f4:	40f2                	lw	ra,28(sp)
800025f6:	4501                	li	a0,0
800025f8:	6121                	add	sp,sp,64
800025fa:	8082                	ret

800025fc <sprintf>:
800025fc:	715d                	add	sp,sp,-80
800025fe:	03810e13          	add	t3,sp,56
80002602:	d422                	sw	s0,40(sp)
80002604:	c62a                	sw	a0,12(sp)
80002606:	842a                	mv	s0,a0
80002608:	dc32                	sw	a2,56(sp)
8000260a:	de36                	sw	a3,60(sp)
8000260c:	862e                	mv	a2,a1
8000260e:	00000517          	auipc	a0,0x0
80002612:	db050513          	add	a0,a0,-592 # 800023be <sprintf_putch.0>
80002616:	006c                	add	a1,sp,12
80002618:	86f2                	mv	a3,t3
8000261a:	d606                	sw	ra,44(sp)
8000261c:	c2be                	sw	a5,68(sp)
8000261e:	c0ba                	sw	a4,64(sp)
80002620:	c4c2                	sw	a6,72(sp)
80002622:	c6c6                	sw	a7,76(sp)
80002624:	ce72                	sw	t3,28(sp)
80002626:	3ad5                	jal	8000201a <vprintfmt>
80002628:	47b2                	lw	a5,12(sp)
8000262a:	00078023          	sb	zero,0(a5)
8000262e:	4532                	lw	a0,12(sp)
80002630:	50b2                	lw	ra,44(sp)
80002632:	8d01                	sub	a0,a0,s0
80002634:	5422                	lw	s0,40(sp)
80002636:	6161                	add	sp,sp,80
80002638:	8082                	ret

8000263a <memcpy>:
8000263a:	00c5e7b3          	or	a5,a1,a2
8000263e:	8fc9                	or	a5,a5,a0
80002640:	8b8d                	and	a5,a5,3
80002642:	00c50833          	add	a6,a0,a2
80002646:	cf91                	beqz	a5,80002662 <memcpy+0x28>
80002648:	962e                	add	a2,a2,a1
8000264a:	87aa                	mv	a5,a0
8000264c:	09057b63          	bgeu	a0,a6,800026e2 <memcpy+0xa8>
80002650:	0005c703          	lbu	a4,0(a1)
80002654:	0585                	add	a1,a1,1
80002656:	0785                	add	a5,a5,1
80002658:	fee78fa3          	sb	a4,-1(a5)
8000265c:	fec59ae3          	bne	a1,a2,80002650 <memcpy+0x16>
80002660:	8082                	ret
80002662:	02050693          	add	a3,a0,32
80002666:	0706ff63          	bgeu	a3,a6,800026e4 <memcpy+0xaa>
8000266a:	87b6                	mv	a5,a3
8000266c:	872e                	mv	a4,a1
8000266e:	00072383          	lw	t2,0(a4)
80002672:	00472283          	lw	t0,4(a4)
80002676:	00872f83          	lw	t6,8(a4)
8000267a:	00c72f03          	lw	t5,12(a4)
8000267e:	01072e83          	lw	t4,16(a4)
80002682:	01472e03          	lw	t3,20(a4)
80002686:	01872303          	lw	t1,24(a4)
8000268a:	01c72883          	lw	a7,28(a4)
8000268e:	02078793          	add	a5,a5,32
80002692:	fc77a023          	sw	t2,-64(a5)
80002696:	fc57a223          	sw	t0,-60(a5)
8000269a:	fdf7a423          	sw	t6,-56(a5)
8000269e:	fde7a623          	sw	t5,-52(a5)
800026a2:	fdd7a823          	sw	t4,-48(a5)
800026a6:	fdc7aa23          	sw	t3,-44(a5)
800026aa:	fc67ac23          	sw	t1,-40(a5)
800026ae:	fd17ae23          	sw	a7,-36(a5)
800026b2:	02070713          	add	a4,a4,32
800026b6:	fb07ece3          	bltu	a5,a6,8000266e <memcpy+0x34>
800026ba:	fdf60613          	add	a2,a2,-33
800026be:	fe067793          	and	a5,a2,-32
800026c2:	02078793          	add	a5,a5,32
800026c6:	9a01                	and	a2,a2,-32
800026c8:	95be                	add	a1,a1,a5
800026ca:	00c687b3          	add	a5,a3,a2
800026ce:	f907f9e3          	bgeu	a5,a6,80002660 <memcpy+0x26>
800026d2:	4198                	lw	a4,0(a1)
800026d4:	0791                	add	a5,a5,4
800026d6:	0591                	add	a1,a1,4
800026d8:	fee7ae23          	sw	a4,-4(a5)
800026dc:	ff07ebe3          	bltu	a5,a6,800026d2 <memcpy+0x98>
800026e0:	8082                	ret
800026e2:	8082                	ret
800026e4:	87aa                	mv	a5,a0
800026e6:	b7e5                	j	800026ce <memcpy+0x94>

800026e8 <memset>:
800026e8:	00c567b3          	or	a5,a0,a2
800026ec:	8b8d                	and	a5,a5,3
800026ee:	962a                	add	a2,a2,a0
800026f0:	cf81                	beqz	a5,80002708 <memset+0x20>
800026f2:	0ff5f593          	zext.b	a1,a1
800026f6:	87aa                	mv	a5,a0
800026f8:	02c57963          	bgeu	a0,a2,8000272a <memset+0x42>
800026fc:	0785                	add	a5,a5,1
800026fe:	feb78fa3          	sb	a1,-1(a5)
80002702:	fec79de3          	bne	a5,a2,800026fc <memset+0x14>
80002706:	8082                	ret
80002708:	0ff5f593          	zext.b	a1,a1
8000270c:	00859713          	sll	a4,a1,0x8
80002710:	972e                	add	a4,a4,a1
80002712:	01071793          	sll	a5,a4,0x10
80002716:	973e                	add	a4,a4,a5
80002718:	fec577e3          	bgeu	a0,a2,80002706 <memset+0x1e>
8000271c:	87aa                	mv	a5,a0
8000271e:	0791                	add	a5,a5,4
80002720:	fee7ae23          	sw	a4,-4(a5)
80002724:	fec7ede3          	bltu	a5,a2,8000271e <memset+0x36>
80002728:	8082                	ret
8000272a:	8082                	ret

8000272c <_init>:
8000272c:	7135                	add	sp,sp,-160
8000272e:	00005797          	auipc	a5,0x5
80002732:	07a78793          	add	a5,a5,122 # 800077a8 <_tdata_begin>
80002736:	c552                	sw	s4,136(sp)
80002738:	00005a17          	auipc	s4,0x5
8000273c:	070a0a13          	add	s4,s4,112 # 800077a8 <_tdata_begin>
80002740:	c74e                	sw	s3,140(sp)
80002742:	40fa09b3          	sub	s3,s4,a5
80002746:	cb26                	sw	s1,148(sp)
80002748:	c94a                	sw	s2,144(sp)
8000274a:	84aa                	mv	s1,a0
8000274c:	892e                	mv	s2,a1
8000274e:	8512                	mv	a0,tp
80002750:	85be                	mv	a1,a5
80002752:	864e                	mv	a2,s3
80002754:	cf06                	sw	ra,156(sp)
80002756:	cd22                	sw	s0,152(sp)
80002758:	c356                	sw	s5,132(sp)
8000275a:	8a92                	mv	s5,tp
8000275c:	3df9                	jal	8000263a <memcpy>
8000275e:	86c18613          	add	a2,gp,-1940 # 80007804 <_tbss_end>
80002762:	41460633          	sub	a2,a2,s4
80002766:	4581                	li	a1,0
80002768:	013a8533          	add	a0,s5,s3
8000276c:	3fb5                	jal	800026e8 <memset>
8000276e:	85ca                	mv	a1,s2
80002770:	8526                	mv	a0,s1
80002772:	3bb9                	jal	800024d0 <thread_entry>
80002774:	03f10413          	add	s0,sp,63
80002778:	00001517          	auipc	a0,0x1
8000277c:	eb050513          	add	a0,a0,-336 # 80003628 <main+0xf8>
80002780:	35b1                	jal	800025cc <printf>
80002782:	fc047413          	and	s0,s0,-64
80002786:	b0002a73          	csrr	s4,mcycle
8000278a:	b0202973          	csrr	s2,minstret
8000278e:	4581                	li	a1,0
80002790:	4501                	li	a0,0
80002792:	59f000ef          	jal	80003530 <main>
80002796:	84aa                	mv	s1,a0
80002798:	b00025f3          	csrr	a1,mcycle
8000279c:	b02029f3          	csrr	s3,minstret
800027a0:	00001517          	auipc	a0,0x1
800027a4:	e9850513          	add	a0,a0,-360 # 80003638 <main+0x108>
800027a8:	414585b3          	sub	a1,a1,s4
800027ac:	3505                	jal	800025cc <printf>
800027ae:	412985b3          	sub	a1,s3,s2
800027b2:	00001517          	auipc	a0,0x1
800027b6:	e9a50513          	add	a0,a0,-358 # 8000364c <main+0x11c>
800027ba:	3d09                	jal	800025cc <printf>
800027bc:	00005917          	auipc	s2,0x5
800027c0:	fe490913          	add	s2,s2,-28 # 800077a0 <counters>
800027c4:	00092683          	lw	a3,0(s2)
800027c8:	ea8d                	bnez	a3,800027fa <_init+0xce>
800027ca:	00492683          	lw	a3,4(s2)
800027ce:	e299                	bnez	a3,800027d4 <_init+0xa8>
800027d0:	8526                	mv	a0,s1
800027d2:	3181                	jal	80002412 <tohost_exit>
800027d4:	8922                	mv	s2,s0
800027d6:	00005997          	auipc	s3,0x5
800027da:	fc298993          	add	s3,s3,-62 # 80007798 <counter_names>
800027de:	0049a603          	lw	a2,4(s3)
800027e2:	854a                	mv	a0,s2
800027e4:	00001597          	auipc	a1,0x1
800027e8:	e8058593          	add	a1,a1,-384 # 80003664 <main+0x134>
800027ec:	3d01                	jal	800025fc <sprintf>
800027ee:	992a                	add	s2,s2,a0
800027f0:	ff2400e3          	beq	s0,s2,800027d0 <_init+0xa4>
800027f4:	8522                	mv	a0,s0
800027f6:	3989                	jal	80002448 <printstr>
800027f8:	bfe1                	j	800027d0 <_init+0xa4>
800027fa:	00005997          	auipc	s3,0x5
800027fe:	f9e98993          	add	s3,s3,-98 # 80007798 <counter_names>
80002802:	0009a603          	lw	a2,0(s3)
80002806:	00001597          	auipc	a1,0x1
8000280a:	e5e58593          	add	a1,a1,-418 # 80003664 <main+0x134>
8000280e:	8522                	mv	a0,s0
80002810:	33f5                	jal	800025fc <sprintf>
80002812:	00492683          	lw	a3,4(s2)
80002816:	00a40933          	add	s2,s0,a0
8000281a:	daf9                	beqz	a3,800027f0 <_init+0xc4>
8000281c:	b7c9                	j	800027de <_init+0xb2>

8000281e <strlen>:
8000281e:	00054783          	lbu	a5,0(a0)
80002822:	cb89                	beqz	a5,80002834 <strlen+0x16>
80002824:	87aa                	mv	a5,a0
80002826:	0017c703          	lbu	a4,1(a5)
8000282a:	0785                	add	a5,a5,1
8000282c:	ff6d                	bnez	a4,80002826 <strlen+0x8>
8000282e:	40a78533          	sub	a0,a5,a0
80002832:	8082                	ret
80002834:	4501                	li	a0,0
80002836:	8082                	ret

80002838 <strnlen>:
80002838:	00b506b3          	add	a3,a0,a1
8000283c:	87aa                	mv	a5,a0
8000283e:	e589                	bnez	a1,80002848 <strnlen+0x10>
80002840:	a829                	j	8000285a <strnlen+0x22>
80002842:	0785                	add	a5,a5,1
80002844:	00f68863          	beq	a3,a5,80002854 <strnlen+0x1c>
80002848:	0007c703          	lbu	a4,0(a5)
8000284c:	fb7d                	bnez	a4,80002842 <strnlen+0xa>
8000284e:	40a78533          	sub	a0,a5,a0
80002852:	8082                	ret
80002854:	40a68533          	sub	a0,a3,a0
80002858:	8082                	ret
8000285a:	4501                	li	a0,0
8000285c:	8082                	ret

8000285e <strcmp>:
8000285e:	00054783          	lbu	a5,0(a0)
80002862:	0585                	add	a1,a1,1
80002864:	0505                	add	a0,a0,1
80002866:	fff5c703          	lbu	a4,-1(a1)
8000286a:	c791                	beqz	a5,80002876 <strcmp+0x18>
8000286c:	fee789e3          	beq	a5,a4,8000285e <strcmp>
80002870:	40e78533          	sub	a0,a5,a4
80002874:	8082                	ret
80002876:	4781                	li	a5,0
80002878:	bfe5                	j	80002870 <strcmp+0x12>

8000287a <strcpy>:
8000287a:	87aa                	mv	a5,a0
8000287c:	0005c703          	lbu	a4,0(a1)
80002880:	0785                	add	a5,a5,1
80002882:	0585                	add	a1,a1,1
80002884:	fee78fa3          	sb	a4,-1(a5)
80002888:	fb75                	bnez	a4,8000287c <strcpy+0x2>
8000288a:	8082                	ret

8000288c <atol>:
8000288c:	00054703          	lbu	a4,0(a0)
80002890:	02000693          	li	a3,32
80002894:	87aa                	mv	a5,a0
80002896:	00d71763          	bne	a4,a3,800028a4 <atol+0x18>
8000289a:	0017c703          	lbu	a4,1(a5)
8000289e:	0785                	add	a5,a5,1
800028a0:	fed70de3          	beq	a4,a3,8000289a <atol+0xe>
800028a4:	02d00693          	li	a3,45
800028a8:	02d70f63          	beq	a4,a3,800028e6 <atol+0x5a>
800028ac:	02b00693          	li	a3,43
800028b0:	02d70563          	beq	a4,a3,800028da <atol+0x4e>
800028b4:	0007c703          	lbu	a4,0(a5)
800028b8:	4601                	li	a2,0
800028ba:	cb1d                	beqz	a4,800028f0 <atol+0x64>
800028bc:	4501                	li	a0,0
800028be:	0785                	add	a5,a5,1
800028c0:	fd070693          	add	a3,a4,-48
800028c4:	0007c703          	lbu	a4,0(a5)
800028c8:	20a54533          	sh2add	a0,a0,a0
800028cc:	20d52533          	sh1add	a0,a0,a3
800028d0:	f77d                	bnez	a4,800028be <atol+0x32>
800028d2:	c205                	beqz	a2,800028f2 <atol+0x66>
800028d4:	40a00533          	neg	a0,a0
800028d8:	8082                	ret
800028da:	0017c703          	lbu	a4,1(a5)
800028de:	0785                	add	a5,a5,1
800028e0:	cb01                	beqz	a4,800028f0 <atol+0x64>
800028e2:	4601                	li	a2,0
800028e4:	bfe1                	j	800028bc <atol+0x30>
800028e6:	0017c703          	lbu	a4,1(a5)
800028ea:	4605                	li	a2,1
800028ec:	0785                	add	a5,a5,1
800028ee:	f779                	bnez	a4,800028bc <atol+0x30>
800028f0:	4501                	li	a0,0
800028f2:	8082                	ret

800028f4 <__moddi3>:
800028f4:	00058e13          	mv	t3,a1
800028f8:	00000813          	li	a6,0
800028fc:	0005dc63          	bgez	a1,80002914 <__moddi3+0x20>
80002900:	00a037b3          	snez	a5,a0
80002904:	40b00e33          	neg	t3,a1
80002908:	40fe0e33          	sub	t3,t3,a5
8000290c:	40a00533          	neg	a0,a0
80002910:	fff00813          	li	a6,-1
80002914:	0006da63          	bgez	a3,80002928 <__moddi3+0x34>
80002918:	00c037b3          	snez	a5,a2
8000291c:	40d006b3          	neg	a3,a3
80002920:	40f686b3          	sub	a3,a3,a5
80002924:	40c00633          	neg	a2,a2
80002928:	00060893          	mv	a7,a2
8000292c:	00050793          	mv	a5,a0
80002930:	000e0593          	mv	a1,t3
80002934:	22069063          	bnez	a3,80002b54 <__moddi3+0x260>
80002938:	80003737          	lui	a4,0x80003
8000293c:	7c870713          	add	a4,a4,1992 # 800037c8 <__clz_tab>
80002940:	0ece7663          	bgeu	t3,a2,80002a2c <__moddi3+0x138>
80002944:	000106b7          	lui	a3,0x10
80002948:	0cd67863          	bgeu	a2,a3,80002a18 <__moddi3+0x124>
8000294c:	10063693          	sltiu	a3,a2,256
80002950:	0016b693          	seqz	a3,a3
80002954:	00369693          	sll	a3,a3,0x3
80002958:	00d65333          	srl	t1,a2,a3
8000295c:	00670733          	add	a4,a4,t1
80002960:	00074703          	lbu	a4,0(a4)
80002964:	00d70733          	add	a4,a4,a3
80002968:	02000693          	li	a3,32
8000296c:	40e68333          	sub	t1,a3,a4
80002970:	00e68c63          	beq	a3,a4,80002988 <__moddi3+0x94>
80002974:	006e15b3          	sll	a1,t3,t1
80002978:	00e55733          	srl	a4,a0,a4
8000297c:	006618b3          	sll	a7,a2,t1
80002980:	00b765b3          	or	a1,a4,a1
80002984:	006517b3          	sll	a5,a0,t1
80002988:	0108d613          	srl	a2,a7,0x10
8000298c:	02c5d6b3          	divu	a3,a1,a2
80002990:	01089513          	sll	a0,a7,0x10
80002994:	01055513          	srl	a0,a0,0x10
80002998:	0107d713          	srl	a4,a5,0x10
8000299c:	02c5f5b3          	remu	a1,a1,a2
800029a0:	02a686b3          	mul	a3,a3,a0
800029a4:	01059593          	sll	a1,a1,0x10
800029a8:	00b76733          	or	a4,a4,a1
800029ac:	00d77a63          	bgeu	a4,a3,800029c0 <__moddi3+0xcc>
800029b0:	00e88733          	add	a4,a7,a4
800029b4:	01176663          	bltu	a4,a7,800029c0 <__moddi3+0xcc>
800029b8:	00d77463          	bgeu	a4,a3,800029c0 <__moddi3+0xcc>
800029bc:	01170733          	add	a4,a4,a7
800029c0:	40d70733          	sub	a4,a4,a3
800029c4:	02c756b3          	divu	a3,a4,a2
800029c8:	02c77733          	remu	a4,a4,a2
800029cc:	02a686b3          	mul	a3,a3,a0
800029d0:	01079793          	sll	a5,a5,0x10
800029d4:	01071713          	sll	a4,a4,0x10
800029d8:	0107d793          	srl	a5,a5,0x10
800029dc:	00e7e7b3          	or	a5,a5,a4
800029e0:	00d7fa63          	bgeu	a5,a3,800029f4 <__moddi3+0x100>
800029e4:	00f887b3          	add	a5,a7,a5
800029e8:	0117e663          	bltu	a5,a7,800029f4 <__moddi3+0x100>
800029ec:	00d7f463          	bgeu	a5,a3,800029f4 <__moddi3+0x100>
800029f0:	011787b3          	add	a5,a5,a7
800029f4:	40d787b3          	sub	a5,a5,a3
800029f8:	0067d533          	srl	a0,a5,t1
800029fc:	00000593          	li	a1,0
80002a00:	00080a63          	beqz	a6,80002a14 <__moddi3+0x120>
80002a04:	00a037b3          	snez	a5,a0
80002a08:	40b005b3          	neg	a1,a1
80002a0c:	40f585b3          	sub	a1,a1,a5
80002a10:	40a00533          	neg	a0,a0
80002a14:	00008067          	ret
80002a18:	01000337          	lui	t1,0x1000
80002a1c:	01800693          	li	a3,24
80002a20:	f2667ce3          	bgeu	a2,t1,80002958 <__moddi3+0x64>
80002a24:	01000693          	li	a3,16
80002a28:	f31ff06f          	j	80002958 <__moddi3+0x64>
80002a2c:	00000693          	li	a3,0
80002a30:	00060c63          	beqz	a2,80002a48 <__moddi3+0x154>
80002a34:	000106b7          	lui	a3,0x10
80002a38:	06d67e63          	bgeu	a2,a3,80002ab4 <__moddi3+0x1c0>
80002a3c:	10063693          	sltiu	a3,a2,256
80002a40:	0016b693          	seqz	a3,a3
80002a44:	00369693          	sll	a3,a3,0x3
80002a48:	00d655b3          	srl	a1,a2,a3
80002a4c:	00b70733          	add	a4,a4,a1
80002a50:	00074703          	lbu	a4,0(a4)
80002a54:	00d70733          	add	a4,a4,a3
80002a58:	02000693          	li	a3,32
80002a5c:	40e68333          	sub	t1,a3,a4
80002a60:	06e69463          	bne	a3,a4,80002ac8 <__moddi3+0x1d4>
80002a64:	40ce0733          	sub	a4,t3,a2
80002a68:	0108d593          	srl	a1,a7,0x10
80002a6c:	02b75633          	divu	a2,a4,a1
80002a70:	01089513          	sll	a0,a7,0x10
80002a74:	01055513          	srl	a0,a0,0x10
80002a78:	0107d693          	srl	a3,a5,0x10
80002a7c:	02b77733          	remu	a4,a4,a1
80002a80:	02a60633          	mul	a2,a2,a0
80002a84:	01071713          	sll	a4,a4,0x10
80002a88:	00e6e733          	or	a4,a3,a4
80002a8c:	00c77a63          	bgeu	a4,a2,80002aa0 <__moddi3+0x1ac>
80002a90:	00e88733          	add	a4,a7,a4
80002a94:	01176663          	bltu	a4,a7,80002aa0 <__moddi3+0x1ac>
80002a98:	00c77463          	bgeu	a4,a2,80002aa0 <__moddi3+0x1ac>
80002a9c:	01170733          	add	a4,a4,a7
80002aa0:	40c70733          	sub	a4,a4,a2
80002aa4:	02b756b3          	divu	a3,a4,a1
80002aa8:	02b77733          	remu	a4,a4,a1
80002aac:	02a686b3          	mul	a3,a3,a0
80002ab0:	f21ff06f          	j	800029d0 <__moddi3+0xdc>
80002ab4:	010005b7          	lui	a1,0x1000
80002ab8:	01800693          	li	a3,24
80002abc:	f8b676e3          	bgeu	a2,a1,80002a48 <__moddi3+0x154>
80002ac0:	01000693          	li	a3,16
80002ac4:	f85ff06f          	j	80002a48 <__moddi3+0x154>
80002ac8:	006618b3          	sll	a7,a2,t1
80002acc:	00ee56b3          	srl	a3,t3,a4
80002ad0:	006517b3          	sll	a5,a0,t1
80002ad4:	00e55733          	srl	a4,a0,a4
80002ad8:	0108d513          	srl	a0,a7,0x10
80002adc:	02a6d5b3          	divu	a1,a3,a0
80002ae0:	006e1e33          	sll	t3,t3,t1
80002ae4:	01c76733          	or	a4,a4,t3
80002ae8:	01089e13          	sll	t3,a7,0x10
80002aec:	010e5e13          	srl	t3,t3,0x10
80002af0:	02a6f6b3          	remu	a3,a3,a0
80002af4:	03c585b3          	mul	a1,a1,t3
80002af8:	01069613          	sll	a2,a3,0x10
80002afc:	01075693          	srl	a3,a4,0x10
80002b00:	00c6e6b3          	or	a3,a3,a2
80002b04:	00b6fa63          	bgeu	a3,a1,80002b18 <__moddi3+0x224>
80002b08:	00d886b3          	add	a3,a7,a3
80002b0c:	0116e663          	bltu	a3,a7,80002b18 <__moddi3+0x224>
80002b10:	00b6f463          	bgeu	a3,a1,80002b18 <__moddi3+0x224>
80002b14:	011686b3          	add	a3,a3,a7
80002b18:	40b686b3          	sub	a3,a3,a1
80002b1c:	02a6d633          	divu	a2,a3,a0
80002b20:	01071713          	sll	a4,a4,0x10
80002b24:	01075713          	srl	a4,a4,0x10
80002b28:	02a6f6b3          	remu	a3,a3,a0
80002b2c:	03c60633          	mul	a2,a2,t3
80002b30:	01069693          	sll	a3,a3,0x10
80002b34:	00d76733          	or	a4,a4,a3
80002b38:	00c77a63          	bgeu	a4,a2,80002b4c <__moddi3+0x258>
80002b3c:	00e88733          	add	a4,a7,a4
80002b40:	01176663          	bltu	a4,a7,80002b4c <__moddi3+0x258>
80002b44:	00c77463          	bgeu	a4,a2,80002b4c <__moddi3+0x258>
80002b48:	01170733          	add	a4,a4,a7
80002b4c:	40c70733          	sub	a4,a4,a2
80002b50:	f19ff06f          	j	80002a68 <__moddi3+0x174>
80002b54:	eade66e3          	bltu	t3,a3,80002a00 <__moddi3+0x10c>
80002b58:	00010737          	lui	a4,0x10
80002b5c:	04e6fc63          	bgeu	a3,a4,80002bb4 <__moddi3+0x2c0>
80002b60:	1006b713          	sltiu	a4,a3,256
80002b64:	00173713          	seqz	a4,a4
80002b68:	00371713          	sll	a4,a4,0x3
80002b6c:	800038b7          	lui	a7,0x80003
80002b70:	00e6d333          	srl	t1,a3,a4
80002b74:	7c888893          	add	a7,a7,1992 # 800037c8 <__clz_tab>
80002b78:	006888b3          	add	a7,a7,t1
80002b7c:	0008c883          	lbu	a7,0(a7)
80002b80:	02000313          	li	t1,32
80002b84:	00e888b3          	add	a7,a7,a4
80002b88:	41130733          	sub	a4,t1,a7
80002b8c:	03131e63          	bne	t1,a7,80002bc8 <__moddi3+0x2d4>
80002b90:	01c6e463          	bltu	a3,t3,80002b98 <__moddi3+0x2a4>
80002b94:	00c56c63          	bltu	a0,a2,80002bac <__moddi3+0x2b8>
80002b98:	40c50633          	sub	a2,a0,a2
80002b9c:	40de06b3          	sub	a3,t3,a3
80002ba0:	00c535b3          	sltu	a1,a0,a2
80002ba4:	00060793          	mv	a5,a2
80002ba8:	40b685b3          	sub	a1,a3,a1
80002bac:	00078513          	mv	a0,a5
80002bb0:	e51ff06f          	j	80002a00 <__moddi3+0x10c>
80002bb4:	010008b7          	lui	a7,0x1000
80002bb8:	01800713          	li	a4,24
80002bbc:	fb16f8e3          	bgeu	a3,a7,80002b6c <__moddi3+0x278>
80002bc0:	01000713          	li	a4,16
80002bc4:	fa9ff06f          	j	80002b6c <__moddi3+0x278>
80002bc8:	00e696b3          	sll	a3,a3,a4
80002bcc:	01165333          	srl	t1,a2,a7
80002bd0:	00d36333          	or	t1,t1,a3
80002bd4:	011e57b3          	srl	a5,t3,a7
80002bd8:	01035e93          	srl	t4,t1,0x10
80002bdc:	03d7dfb3          	divu	t6,a5,t4
80002be0:	00ee1e33          	sll	t3,t3,a4
80002be4:	011555b3          	srl	a1,a0,a7
80002be8:	01c5e5b3          	or	a1,a1,t3
80002bec:	01031e13          	sll	t3,t1,0x10
80002bf0:	010e5e13          	srl	t3,t3,0x10
80002bf4:	00e61633          	sll	a2,a2,a4
80002bf8:	00e51533          	sll	a0,a0,a4
80002bfc:	03d7f7b3          	remu	a5,a5,t4
80002c00:	03fe0f33          	mul	t5,t3,t6
80002c04:	01079693          	sll	a3,a5,0x10
80002c08:	0105d793          	srl	a5,a1,0x10
80002c0c:	00d7e7b3          	or	a5,a5,a3
80002c10:	000f8693          	mv	a3,t6
80002c14:	01e7fe63          	bgeu	a5,t5,80002c30 <__moddi3+0x33c>
80002c18:	00f307b3          	add	a5,t1,a5
80002c1c:	ffff8693          	add	a3,t6,-1
80002c20:	0067e863          	bltu	a5,t1,80002c30 <__moddi3+0x33c>
80002c24:	01e7f663          	bgeu	a5,t5,80002c30 <__moddi3+0x33c>
80002c28:	ffef8693          	add	a3,t6,-2
80002c2c:	006787b3          	add	a5,a5,t1
80002c30:	41e787b3          	sub	a5,a5,t5
80002c34:	03d7df33          	divu	t5,a5,t4
80002c38:	01059593          	sll	a1,a1,0x10
80002c3c:	0105d593          	srl	a1,a1,0x10
80002c40:	03d7f7b3          	remu	a5,a5,t4
80002c44:	03ee0e33          	mul	t3,t3,t5
80002c48:	01079793          	sll	a5,a5,0x10
80002c4c:	00f5e5b3          	or	a1,a1,a5
80002c50:	000f0793          	mv	a5,t5
80002c54:	01c5fe63          	bgeu	a1,t3,80002c70 <__moddi3+0x37c>
80002c58:	00b305b3          	add	a1,t1,a1
80002c5c:	ffff0793          	add	a5,t5,-1
80002c60:	0065e863          	bltu	a1,t1,80002c70 <__moddi3+0x37c>
80002c64:	01c5f663          	bgeu	a1,t3,80002c70 <__moddi3+0x37c>
80002c68:	ffef0793          	add	a5,t5,-2
80002c6c:	006585b3          	add	a1,a1,t1
80002c70:	01069693          	sll	a3,a3,0x10
80002c74:	00010fb7          	lui	t6,0x10
80002c78:	00f6e6b3          	or	a3,a3,a5
80002c7c:	41c585b3          	sub	a1,a1,t3
80002c80:	ffff8e13          	add	t3,t6,-1 # ffff <buflen.1+0xffbf>
80002c84:	01c6f7b3          	and	a5,a3,t3
80002c88:	01065e93          	srl	t4,a2,0x10
80002c8c:	0106d693          	srl	a3,a3,0x10
80002c90:	01c67e33          	and	t3,a2,t3
80002c94:	03c78f33          	mul	t5,a5,t3
80002c98:	03c68e33          	mul	t3,a3,t3
80002c9c:	03d787b3          	mul	a5,a5,t4
80002ca0:	03d686b3          	mul	a3,a3,t4
80002ca4:	01c78eb3          	add	t4,a5,t3
80002ca8:	010f5793          	srl	a5,t5,0x10
80002cac:	01d787b3          	add	a5,a5,t4
80002cb0:	01c7f463          	bgeu	a5,t3,80002cb8 <__moddi3+0x3c4>
80002cb4:	01f686b3          	add	a3,a3,t6
80002cb8:	0107de13          	srl	t3,a5,0x10
80002cbc:	00de06b3          	add	a3,t3,a3
80002cc0:	00010e37          	lui	t3,0x10
80002cc4:	fffe0e13          	add	t3,t3,-1 # ffff <buflen.1+0xffbf>
80002cc8:	01c7f7b3          	and	a5,a5,t3
80002ccc:	01079793          	sll	a5,a5,0x10
80002cd0:	01cf7f33          	and	t5,t5,t3
80002cd4:	01e787b3          	add	a5,a5,t5
80002cd8:	00d5e663          	bltu	a1,a3,80002ce4 <__moddi3+0x3f0>
80002cdc:	00d59e63          	bne	a1,a3,80002cf8 <__moddi3+0x404>
80002ce0:	00f57c63          	bgeu	a0,a5,80002cf8 <__moddi3+0x404>
80002ce4:	40c78633          	sub	a2,a5,a2
80002ce8:	00c7be33          	sltu	t3,a5,a2
80002cec:	00060793          	mv	a5,a2
80002cf0:	006e0633          	add	a2,t3,t1
80002cf4:	40c686b3          	sub	a3,a3,a2
80002cf8:	40f507b3          	sub	a5,a0,a5
80002cfc:	00f53533          	sltu	a0,a0,a5
80002d00:	40d585b3          	sub	a1,a1,a3
80002d04:	40a585b3          	sub	a1,a1,a0
80002d08:	011598b3          	sll	a7,a1,a7
80002d0c:	00e7d7b3          	srl	a5,a5,a4
80002d10:	00f8e533          	or	a0,a7,a5
80002d14:	00e5d5b3          	srl	a1,a1,a4
80002d18:	ce9ff06f          	j	80002a00 <__moddi3+0x10c>

80002d1c <__udivdi3>:
80002d1c:	00050893          	mv	a7,a0
80002d20:	00058313          	mv	t1,a1
80002d24:	00060713          	mv	a4,a2
80002d28:	00050813          	mv	a6,a0
80002d2c:	00058793          	mv	a5,a1
80002d30:	28069263          	bnez	a3,80002fb4 <__udivdi3+0x298>
80002d34:	800035b7          	lui	a1,0x80003
80002d38:	7c858593          	add	a1,a1,1992 # 800037c8 <__clz_tab>
80002d3c:	0ec37663          	bgeu	t1,a2,80002e28 <__udivdi3+0x10c>
80002d40:	000106b7          	lui	a3,0x10
80002d44:	0cd67863          	bgeu	a2,a3,80002e14 <__udivdi3+0xf8>
80002d48:	10063693          	sltiu	a3,a2,256
80002d4c:	0016b693          	seqz	a3,a3
80002d50:	00369693          	sll	a3,a3,0x3
80002d54:	00d65533          	srl	a0,a2,a3
80002d58:	00a585b3          	add	a1,a1,a0
80002d5c:	0005c583          	lbu	a1,0(a1)
80002d60:	02000513          	li	a0,32
80002d64:	00d586b3          	add	a3,a1,a3
80002d68:	40d505b3          	sub	a1,a0,a3
80002d6c:	00d50c63          	beq	a0,a3,80002d84 <__udivdi3+0x68>
80002d70:	00b317b3          	sll	a5,t1,a1
80002d74:	00d8d6b3          	srl	a3,a7,a3
80002d78:	00b61733          	sll	a4,a2,a1
80002d7c:	00f6e7b3          	or	a5,a3,a5
80002d80:	00b89833          	sll	a6,a7,a1
80002d84:	01075593          	srl	a1,a4,0x10
80002d88:	02b7d333          	divu	t1,a5,a1
80002d8c:	01071613          	sll	a2,a4,0x10
80002d90:	01065613          	srl	a2,a2,0x10
80002d94:	02b7f7b3          	remu	a5,a5,a1
80002d98:	00030513          	mv	a0,t1
80002d9c:	026608b3          	mul	a7,a2,t1
80002da0:	01079693          	sll	a3,a5,0x10
80002da4:	01085793          	srl	a5,a6,0x10
80002da8:	00d7e7b3          	or	a5,a5,a3
80002dac:	0117fe63          	bgeu	a5,a7,80002dc8 <__udivdi3+0xac>
80002db0:	00f707b3          	add	a5,a4,a5
80002db4:	fff30513          	add	a0,t1,-1 # ffffff <buflen.1+0xffffbf>
80002db8:	00e7e863          	bltu	a5,a4,80002dc8 <__udivdi3+0xac>
80002dbc:	0117f663          	bgeu	a5,a7,80002dc8 <__udivdi3+0xac>
80002dc0:	ffe30513          	add	a0,t1,-2
80002dc4:	00e787b3          	add	a5,a5,a4
80002dc8:	411787b3          	sub	a5,a5,a7
80002dcc:	02b7d8b3          	divu	a7,a5,a1
80002dd0:	01081813          	sll	a6,a6,0x10
80002dd4:	01085813          	srl	a6,a6,0x10
80002dd8:	02b7f7b3          	remu	a5,a5,a1
80002ddc:	031606b3          	mul	a3,a2,a7
80002de0:	01079793          	sll	a5,a5,0x10
80002de4:	00f86833          	or	a6,a6,a5
80002de8:	00088793          	mv	a5,a7
80002dec:	00d87c63          	bgeu	a6,a3,80002e04 <__udivdi3+0xe8>
80002df0:	01070833          	add	a6,a4,a6
80002df4:	fff88793          	add	a5,a7,-1 # ffffff <buflen.1+0xffffbf>
80002df8:	00e86663          	bltu	a6,a4,80002e04 <__udivdi3+0xe8>
80002dfc:	00d87463          	bgeu	a6,a3,80002e04 <__udivdi3+0xe8>
80002e00:	ffe88793          	add	a5,a7,-2
80002e04:	01051513          	sll	a0,a0,0x10
80002e08:	00f56533          	or	a0,a0,a5
80002e0c:	00000593          	li	a1,0
80002e10:	00008067          	ret
80002e14:	01000537          	lui	a0,0x1000
80002e18:	01800693          	li	a3,24
80002e1c:	f2a67ce3          	bgeu	a2,a0,80002d54 <__udivdi3+0x38>
80002e20:	01000693          	li	a3,16
80002e24:	f31ff06f          	j	80002d54 <__udivdi3+0x38>
80002e28:	00000693          	li	a3,0
80002e2c:	00060c63          	beqz	a2,80002e44 <__udivdi3+0x128>
80002e30:	000107b7          	lui	a5,0x10
80002e34:	0cf67063          	bgeu	a2,a5,80002ef4 <__udivdi3+0x1d8>
80002e38:	10063693          	sltiu	a3,a2,256
80002e3c:	0016b693          	seqz	a3,a3
80002e40:	00369693          	sll	a3,a3,0x3
80002e44:	00d657b3          	srl	a5,a2,a3
80002e48:	00f585b3          	add	a1,a1,a5
80002e4c:	0005c783          	lbu	a5,0(a1)
80002e50:	00d787b3          	add	a5,a5,a3
80002e54:	02000693          	li	a3,32
80002e58:	40f685b3          	sub	a1,a3,a5
80002e5c:	0af69663          	bne	a3,a5,80002f08 <__udivdi3+0x1ec>
80002e60:	40c307b3          	sub	a5,t1,a2
80002e64:	00100593          	li	a1,1
80002e68:	01075893          	srl	a7,a4,0x10
80002e6c:	0317de33          	divu	t3,a5,a7
80002e70:	01071613          	sll	a2,a4,0x10
80002e74:	01065613          	srl	a2,a2,0x10
80002e78:	01085693          	srl	a3,a6,0x10
80002e7c:	0317f7b3          	remu	a5,a5,a7
80002e80:	000e0513          	mv	a0,t3
80002e84:	03c60333          	mul	t1,a2,t3
80002e88:	01079793          	sll	a5,a5,0x10
80002e8c:	00f6e7b3          	or	a5,a3,a5
80002e90:	0067fe63          	bgeu	a5,t1,80002eac <__udivdi3+0x190>
80002e94:	00f707b3          	add	a5,a4,a5
80002e98:	fffe0513          	add	a0,t3,-1
80002e9c:	00e7e863          	bltu	a5,a4,80002eac <__udivdi3+0x190>
80002ea0:	0067f663          	bgeu	a5,t1,80002eac <__udivdi3+0x190>
80002ea4:	ffee0513          	add	a0,t3,-2
80002ea8:	00e787b3          	add	a5,a5,a4
80002eac:	406787b3          	sub	a5,a5,t1
80002eb0:	0317d333          	divu	t1,a5,a7
80002eb4:	01081813          	sll	a6,a6,0x10
80002eb8:	01085813          	srl	a6,a6,0x10
80002ebc:	0317f7b3          	remu	a5,a5,a7
80002ec0:	026606b3          	mul	a3,a2,t1
80002ec4:	01079793          	sll	a5,a5,0x10
80002ec8:	00f86833          	or	a6,a6,a5
80002ecc:	00030793          	mv	a5,t1
80002ed0:	00d87c63          	bgeu	a6,a3,80002ee8 <__udivdi3+0x1cc>
80002ed4:	01070833          	add	a6,a4,a6
80002ed8:	fff30793          	add	a5,t1,-1
80002edc:	00e86663          	bltu	a6,a4,80002ee8 <__udivdi3+0x1cc>
80002ee0:	00d87463          	bgeu	a6,a3,80002ee8 <__udivdi3+0x1cc>
80002ee4:	ffe30793          	add	a5,t1,-2
80002ee8:	01051513          	sll	a0,a0,0x10
80002eec:	00f56533          	or	a0,a0,a5
80002ef0:	00008067          	ret
80002ef4:	010007b7          	lui	a5,0x1000
80002ef8:	01800693          	li	a3,24
80002efc:	f4f674e3          	bgeu	a2,a5,80002e44 <__udivdi3+0x128>
80002f00:	01000693          	li	a3,16
80002f04:	f41ff06f          	j	80002e44 <__udivdi3+0x128>
80002f08:	00b61733          	sll	a4,a2,a1
80002f0c:	00f356b3          	srl	a3,t1,a5
80002f10:	01075513          	srl	a0,a4,0x10
80002f14:	00b31333          	sll	t1,t1,a1
80002f18:	00f8d7b3          	srl	a5,a7,a5
80002f1c:	0067e7b3          	or	a5,a5,t1
80002f20:	02a6d333          	divu	t1,a3,a0
80002f24:	01071613          	sll	a2,a4,0x10
80002f28:	01065613          	srl	a2,a2,0x10
80002f2c:	00b89833          	sll	a6,a7,a1
80002f30:	02a6f6b3          	remu	a3,a3,a0
80002f34:	026608b3          	mul	a7,a2,t1
80002f38:	01069593          	sll	a1,a3,0x10
80002f3c:	0107d693          	srl	a3,a5,0x10
80002f40:	00b6e6b3          	or	a3,a3,a1
80002f44:	00030593          	mv	a1,t1
80002f48:	0116fe63          	bgeu	a3,a7,80002f64 <__udivdi3+0x248>
80002f4c:	00d706b3          	add	a3,a4,a3
80002f50:	fff30593          	add	a1,t1,-1
80002f54:	00e6e863          	bltu	a3,a4,80002f64 <__udivdi3+0x248>
80002f58:	0116f663          	bgeu	a3,a7,80002f64 <__udivdi3+0x248>
80002f5c:	ffe30593          	add	a1,t1,-2
80002f60:	00e686b3          	add	a3,a3,a4
80002f64:	411686b3          	sub	a3,a3,a7
80002f68:	02a6d8b3          	divu	a7,a3,a0
80002f6c:	01079793          	sll	a5,a5,0x10
80002f70:	0107d793          	srl	a5,a5,0x10
80002f74:	02a6f6b3          	remu	a3,a3,a0
80002f78:	03160633          	mul	a2,a2,a7
80002f7c:	01069693          	sll	a3,a3,0x10
80002f80:	00d7e7b3          	or	a5,a5,a3
80002f84:	00088693          	mv	a3,a7
80002f88:	00c7fe63          	bgeu	a5,a2,80002fa4 <__udivdi3+0x288>
80002f8c:	00f707b3          	add	a5,a4,a5
80002f90:	fff88693          	add	a3,a7,-1
80002f94:	00e7e863          	bltu	a5,a4,80002fa4 <__udivdi3+0x288>
80002f98:	00c7f663          	bgeu	a5,a2,80002fa4 <__udivdi3+0x288>
80002f9c:	ffe88693          	add	a3,a7,-2
80002fa0:	00e787b3          	add	a5,a5,a4
80002fa4:	01059593          	sll	a1,a1,0x10
80002fa8:	40c787b3          	sub	a5,a5,a2
80002fac:	00d5e5b3          	or	a1,a1,a3
80002fb0:	eb9ff06f          	j	80002e68 <__udivdi3+0x14c>
80002fb4:	18d5e663          	bltu	a1,a3,80003140 <__udivdi3+0x424>
80002fb8:	000107b7          	lui	a5,0x10
80002fbc:	04f6f463          	bgeu	a3,a5,80003004 <__udivdi3+0x2e8>
80002fc0:	1006b713          	sltiu	a4,a3,256
80002fc4:	00173713          	seqz	a4,a4
80002fc8:	00371713          	sll	a4,a4,0x3
80002fcc:	800037b7          	lui	a5,0x80003
80002fd0:	00e6d5b3          	srl	a1,a3,a4
80002fd4:	7c878793          	add	a5,a5,1992 # 800037c8 <__clz_tab>
80002fd8:	00b787b3          	add	a5,a5,a1
80002fdc:	0007c783          	lbu	a5,0(a5)
80002fe0:	00e787b3          	add	a5,a5,a4
80002fe4:	02000713          	li	a4,32
80002fe8:	40f705b3          	sub	a1,a4,a5
80002fec:	02f71663          	bne	a4,a5,80003018 <__udivdi3+0x2fc>
80002ff0:	00100513          	li	a0,1
80002ff4:	e066eee3          	bltu	a3,t1,80002e10 <__udivdi3+0xf4>
80002ff8:	00c8b533          	sltu	a0,a7,a2
80002ffc:	00153513          	seqz	a0,a0
80003000:	00008067          	ret
80003004:	010007b7          	lui	a5,0x1000
80003008:	01800713          	li	a4,24
8000300c:	fcf6f0e3          	bgeu	a3,a5,80002fcc <__udivdi3+0x2b0>
80003010:	01000713          	li	a4,16
80003014:	fb9ff06f          	j	80002fcc <__udivdi3+0x2b0>
80003018:	00f65733          	srl	a4,a2,a5
8000301c:	00b696b3          	sll	a3,a3,a1
80003020:	00d766b3          	or	a3,a4,a3
80003024:	00f35733          	srl	a4,t1,a5
80003028:	00b31333          	sll	t1,t1,a1
8000302c:	00f8d7b3          	srl	a5,a7,a5
80003030:	0067e7b3          	or	a5,a5,t1
80003034:	0106d313          	srl	t1,a3,0x10
80003038:	02675eb3          	divu	t4,a4,t1
8000303c:	01069813          	sll	a6,a3,0x10
80003040:	01085813          	srl	a6,a6,0x10
80003044:	00b61633          	sll	a2,a2,a1
80003048:	02677733          	remu	a4,a4,t1
8000304c:	03d80e33          	mul	t3,a6,t4
80003050:	01071513          	sll	a0,a4,0x10
80003054:	0107d713          	srl	a4,a5,0x10
80003058:	00a76733          	or	a4,a4,a0
8000305c:	000e8513          	mv	a0,t4
80003060:	01c77e63          	bgeu	a4,t3,8000307c <__udivdi3+0x360>
80003064:	00e68733          	add	a4,a3,a4
80003068:	fffe8513          	add	a0,t4,-1
8000306c:	00d76863          	bltu	a4,a3,8000307c <__udivdi3+0x360>
80003070:	01c77663          	bgeu	a4,t3,8000307c <__udivdi3+0x360>
80003074:	ffee8513          	add	a0,t4,-2
80003078:	00d70733          	add	a4,a4,a3
8000307c:	41c70733          	sub	a4,a4,t3
80003080:	02675e33          	divu	t3,a4,t1
80003084:	01079793          	sll	a5,a5,0x10
80003088:	0107d793          	srl	a5,a5,0x10
8000308c:	02677733          	remu	a4,a4,t1
80003090:	03c80833          	mul	a6,a6,t3
80003094:	01071713          	sll	a4,a4,0x10
80003098:	00e7e7b3          	or	a5,a5,a4
8000309c:	000e0713          	mv	a4,t3
800030a0:	0107fe63          	bgeu	a5,a6,800030bc <__udivdi3+0x3a0>
800030a4:	00f687b3          	add	a5,a3,a5
800030a8:	fffe0713          	add	a4,t3,-1
800030ac:	00d7e863          	bltu	a5,a3,800030bc <__udivdi3+0x3a0>
800030b0:	0107f663          	bgeu	a5,a6,800030bc <__udivdi3+0x3a0>
800030b4:	ffee0713          	add	a4,t3,-2
800030b8:	00d787b3          	add	a5,a5,a3
800030bc:	01051513          	sll	a0,a0,0x10
800030c0:	00010e37          	lui	t3,0x10
800030c4:	00e56533          	or	a0,a0,a4
800030c8:	fffe0693          	add	a3,t3,-1 # ffff <buflen.1+0xffbf>
800030cc:	00d57733          	and	a4,a0,a3
800030d0:	410787b3          	sub	a5,a5,a6
800030d4:	00d676b3          	and	a3,a2,a3
800030d8:	01055813          	srl	a6,a0,0x10
800030dc:	01065613          	srl	a2,a2,0x10
800030e0:	02d70333          	mul	t1,a4,a3
800030e4:	02d806b3          	mul	a3,a6,a3
800030e8:	02c70733          	mul	a4,a4,a2
800030ec:	02c80833          	mul	a6,a6,a2
800030f0:	00d70633          	add	a2,a4,a3
800030f4:	01035713          	srl	a4,t1,0x10
800030f8:	00c70733          	add	a4,a4,a2
800030fc:	00d77463          	bgeu	a4,a3,80003104 <__udivdi3+0x3e8>
80003100:	01c80833          	add	a6,a6,t3
80003104:	01075693          	srl	a3,a4,0x10
80003108:	010686b3          	add	a3,a3,a6
8000310c:	02d7e663          	bltu	a5,a3,80003138 <__udivdi3+0x41c>
80003110:	ced79ee3          	bne	a5,a3,80002e0c <__udivdi3+0xf0>
80003114:	000107b7          	lui	a5,0x10
80003118:	fff78793          	add	a5,a5,-1 # ffff <buflen.1+0xffbf>
8000311c:	00f77733          	and	a4,a4,a5
80003120:	01071713          	sll	a4,a4,0x10
80003124:	00f37333          	and	t1,t1,a5
80003128:	00b898b3          	sll	a7,a7,a1
8000312c:	00670733          	add	a4,a4,t1
80003130:	00000593          	li	a1,0
80003134:	cce8fee3          	bgeu	a7,a4,80002e10 <__udivdi3+0xf4>
80003138:	fff50513          	add	a0,a0,-1 # ffffff <buflen.1+0xffffbf>
8000313c:	cd1ff06f          	j	80002e0c <__udivdi3+0xf0>
80003140:	00000593          	li	a1,0
80003144:	00000513          	li	a0,0
80003148:	00008067          	ret

8000314c <__umoddi3>:
8000314c:	00060813          	mv	a6,a2
80003150:	00050793          	mv	a5,a0
80003154:	00058713          	mv	a4,a1
80003158:	20069663          	bnez	a3,80003364 <__umoddi3+0x218>
8000315c:	800038b7          	lui	a7,0x80003
80003160:	7c888893          	add	a7,a7,1992 # 800037c8 <__clz_tab>
80003164:	0cc5fc63          	bgeu	a1,a2,8000323c <__umoddi3+0xf0>
80003168:	000106b7          	lui	a3,0x10
8000316c:	0ad67e63          	bgeu	a2,a3,80003228 <__umoddi3+0xdc>
80003170:	10063693          	sltiu	a3,a2,256
80003174:	0016b693          	seqz	a3,a3
80003178:	00369693          	sll	a3,a3,0x3
8000317c:	00d65333          	srl	t1,a2,a3
80003180:	006888b3          	add	a7,a7,t1
80003184:	0008c883          	lbu	a7,0(a7)
80003188:	02000313          	li	t1,32
8000318c:	00d886b3          	add	a3,a7,a3
80003190:	40d308b3          	sub	a7,t1,a3
80003194:	00d30c63          	beq	t1,a3,800031ac <__umoddi3+0x60>
80003198:	01159733          	sll	a4,a1,a7
8000319c:	00d556b3          	srl	a3,a0,a3
800031a0:	01161833          	sll	a6,a2,a7
800031a4:	00e6e733          	or	a4,a3,a4
800031a8:	011517b3          	sll	a5,a0,a7
800031ac:	01085613          	srl	a2,a6,0x10
800031b0:	02c756b3          	divu	a3,a4,a2
800031b4:	01081513          	sll	a0,a6,0x10
800031b8:	01055513          	srl	a0,a0,0x10
800031bc:	02c77733          	remu	a4,a4,a2
800031c0:	02a686b3          	mul	a3,a3,a0
800031c4:	01071593          	sll	a1,a4,0x10
800031c8:	0107d713          	srl	a4,a5,0x10
800031cc:	00b76733          	or	a4,a4,a1
800031d0:	00d77a63          	bgeu	a4,a3,800031e4 <__umoddi3+0x98>
800031d4:	00e80733          	add	a4,a6,a4
800031d8:	01076663          	bltu	a4,a6,800031e4 <__umoddi3+0x98>
800031dc:	00d77463          	bgeu	a4,a3,800031e4 <__umoddi3+0x98>
800031e0:	01070733          	add	a4,a4,a6
800031e4:	40d70733          	sub	a4,a4,a3
800031e8:	02c756b3          	divu	a3,a4,a2
800031ec:	02c77733          	remu	a4,a4,a2
800031f0:	02a686b3          	mul	a3,a3,a0
800031f4:	01079793          	sll	a5,a5,0x10
800031f8:	01071713          	sll	a4,a4,0x10
800031fc:	0107d793          	srl	a5,a5,0x10
80003200:	00e7e7b3          	or	a5,a5,a4
80003204:	00d7fa63          	bgeu	a5,a3,80003218 <__umoddi3+0xcc>
80003208:	00f807b3          	add	a5,a6,a5
8000320c:	0107e663          	bltu	a5,a6,80003218 <__umoddi3+0xcc>
80003210:	00d7f463          	bgeu	a5,a3,80003218 <__umoddi3+0xcc>
80003214:	010787b3          	add	a5,a5,a6
80003218:	40d787b3          	sub	a5,a5,a3
8000321c:	0117d533          	srl	a0,a5,a7
80003220:	00000593          	li	a1,0
80003224:	00008067          	ret
80003228:	01000337          	lui	t1,0x1000
8000322c:	01800693          	li	a3,24
80003230:	f46676e3          	bgeu	a2,t1,8000317c <__umoddi3+0x30>
80003234:	01000693          	li	a3,16
80003238:	f45ff06f          	j	8000317c <__umoddi3+0x30>
8000323c:	00000693          	li	a3,0
80003240:	00060c63          	beqz	a2,80003258 <__umoddi3+0x10c>
80003244:	00010737          	lui	a4,0x10
80003248:	06e67e63          	bgeu	a2,a4,800032c4 <__umoddi3+0x178>
8000324c:	10063693          	sltiu	a3,a2,256
80003250:	0016b693          	seqz	a3,a3
80003254:	00369693          	sll	a3,a3,0x3
80003258:	00d65733          	srl	a4,a2,a3
8000325c:	00e888b3          	add	a7,a7,a4
80003260:	0008c703          	lbu	a4,0(a7)
80003264:	00d70733          	add	a4,a4,a3
80003268:	02000693          	li	a3,32
8000326c:	40e688b3          	sub	a7,a3,a4
80003270:	06e69463          	bne	a3,a4,800032d8 <__umoddi3+0x18c>
80003274:	40c58733          	sub	a4,a1,a2
80003278:	01085593          	srl	a1,a6,0x10
8000327c:	02b75633          	divu	a2,a4,a1
80003280:	01081513          	sll	a0,a6,0x10
80003284:	01055513          	srl	a0,a0,0x10
80003288:	0107d693          	srl	a3,a5,0x10
8000328c:	02b77733          	remu	a4,a4,a1
80003290:	02a60633          	mul	a2,a2,a0
80003294:	01071713          	sll	a4,a4,0x10
80003298:	00e6e733          	or	a4,a3,a4
8000329c:	00c77a63          	bgeu	a4,a2,800032b0 <__umoddi3+0x164>
800032a0:	00e80733          	add	a4,a6,a4
800032a4:	01076663          	bltu	a4,a6,800032b0 <__umoddi3+0x164>
800032a8:	00c77463          	bgeu	a4,a2,800032b0 <__umoddi3+0x164>
800032ac:	01070733          	add	a4,a4,a6
800032b0:	40c70733          	sub	a4,a4,a2
800032b4:	02b756b3          	divu	a3,a4,a1
800032b8:	02b77733          	remu	a4,a4,a1
800032bc:	02a686b3          	mul	a3,a3,a0
800032c0:	f35ff06f          	j	800031f4 <__umoddi3+0xa8>
800032c4:	01000737          	lui	a4,0x1000
800032c8:	01800693          	li	a3,24
800032cc:	f8e676e3          	bgeu	a2,a4,80003258 <__umoddi3+0x10c>
800032d0:	01000693          	li	a3,16
800032d4:	f85ff06f          	j	80003258 <__umoddi3+0x10c>
800032d8:	01161833          	sll	a6,a2,a7
800032dc:	00e5d6b3          	srl	a3,a1,a4
800032e0:	011517b3          	sll	a5,a0,a7
800032e4:	011595b3          	sll	a1,a1,a7
800032e8:	00e55733          	srl	a4,a0,a4
800032ec:	01085513          	srl	a0,a6,0x10
800032f0:	00b76733          	or	a4,a4,a1
800032f4:	02a6d5b3          	divu	a1,a3,a0
800032f8:	01081313          	sll	t1,a6,0x10
800032fc:	01035313          	srl	t1,t1,0x10
80003300:	02a6f6b3          	remu	a3,a3,a0
80003304:	026585b3          	mul	a1,a1,t1
80003308:	01069613          	sll	a2,a3,0x10
8000330c:	01075693          	srl	a3,a4,0x10
80003310:	00c6e6b3          	or	a3,a3,a2
80003314:	00b6fa63          	bgeu	a3,a1,80003328 <__umoddi3+0x1dc>
80003318:	00d806b3          	add	a3,a6,a3
8000331c:	0106e663          	bltu	a3,a6,80003328 <__umoddi3+0x1dc>
80003320:	00b6f463          	bgeu	a3,a1,80003328 <__umoddi3+0x1dc>
80003324:	010686b3          	add	a3,a3,a6
80003328:	40b686b3          	sub	a3,a3,a1
8000332c:	02a6d633          	divu	a2,a3,a0
80003330:	01071713          	sll	a4,a4,0x10
80003334:	01075713          	srl	a4,a4,0x10
80003338:	02a6f6b3          	remu	a3,a3,a0
8000333c:	02660633          	mul	a2,a2,t1
80003340:	01069693          	sll	a3,a3,0x10
80003344:	00d76733          	or	a4,a4,a3
80003348:	00c77a63          	bgeu	a4,a2,8000335c <__umoddi3+0x210>
8000334c:	00e80733          	add	a4,a6,a4
80003350:	01076663          	bltu	a4,a6,8000335c <__umoddi3+0x210>
80003354:	00c77463          	bgeu	a4,a2,8000335c <__umoddi3+0x210>
80003358:	01070733          	add	a4,a4,a6
8000335c:	40c70733          	sub	a4,a4,a2
80003360:	f19ff06f          	j	80003278 <__umoddi3+0x12c>
80003364:	1cd5e463          	bltu	a1,a3,8000352c <__umoddi3+0x3e0>
80003368:	00010837          	lui	a6,0x10
8000336c:	0506fe63          	bgeu	a3,a6,800033c8 <__umoddi3+0x27c>
80003370:	1006b813          	sltiu	a6,a3,256
80003374:	00183813          	seqz	a6,a6
80003378:	00381813          	sll	a6,a6,0x3
8000337c:	800038b7          	lui	a7,0x80003
80003380:	0106d333          	srl	t1,a3,a6
80003384:	7c888893          	add	a7,a7,1992 # 800037c8 <__clz_tab>
80003388:	006888b3          	add	a7,a7,t1
8000338c:	0008c883          	lbu	a7,0(a7)
80003390:	02000313          	li	t1,32
80003394:	010888b3          	add	a7,a7,a6
80003398:	41130833          	sub	a6,t1,a7
8000339c:	05131063          	bne	t1,a7,800033dc <__umoddi3+0x290>
800033a0:	00b6e463          	bltu	a3,a1,800033a8 <__umoddi3+0x25c>
800033a4:	00c56c63          	bltu	a0,a2,800033bc <__umoddi3+0x270>
800033a8:	40c50633          	sub	a2,a0,a2
800033ac:	40d586b3          	sub	a3,a1,a3
800033b0:	00c53733          	sltu	a4,a0,a2
800033b4:	00060793          	mv	a5,a2
800033b8:	40e68733          	sub	a4,a3,a4
800033bc:	00078513          	mv	a0,a5
800033c0:	00070593          	mv	a1,a4
800033c4:	00008067          	ret
800033c8:	010008b7          	lui	a7,0x1000
800033cc:	01800813          	li	a6,24
800033d0:	fb16f6e3          	bgeu	a3,a7,8000337c <__umoddi3+0x230>
800033d4:	01000813          	li	a6,16
800033d8:	fa5ff06f          	j	8000337c <__umoddi3+0x230>
800033dc:	011657b3          	srl	a5,a2,a7
800033e0:	010696b3          	sll	a3,a3,a6
800033e4:	00d7e6b3          	or	a3,a5,a3
800033e8:	0115d733          	srl	a4,a1,a7
800033ec:	0106de13          	srl	t3,a3,0x10
800033f0:	03c75f33          	divu	t5,a4,t3
800033f4:	01069313          	sll	t1,a3,0x10
800033f8:	01035313          	srl	t1,t1,0x10
800033fc:	010597b3          	sll	a5,a1,a6
80003400:	011555b3          	srl	a1,a0,a7
80003404:	00f5e5b3          	or	a1,a1,a5
80003408:	0105d793          	srl	a5,a1,0x10
8000340c:	01061633          	sll	a2,a2,a6
80003410:	01051533          	sll	a0,a0,a6
80003414:	03c77733          	remu	a4,a4,t3
80003418:	03e30eb3          	mul	t4,t1,t5
8000341c:	01071713          	sll	a4,a4,0x10
80003420:	00e7e7b3          	or	a5,a5,a4
80003424:	000f0713          	mv	a4,t5
80003428:	01d7fe63          	bgeu	a5,t4,80003444 <__umoddi3+0x2f8>
8000342c:	00f687b3          	add	a5,a3,a5
80003430:	ffff0713          	add	a4,t5,-1
80003434:	00d7e863          	bltu	a5,a3,80003444 <__umoddi3+0x2f8>
80003438:	01d7f663          	bgeu	a5,t4,80003444 <__umoddi3+0x2f8>
8000343c:	ffef0713          	add	a4,t5,-2
80003440:	00d787b3          	add	a5,a5,a3
80003444:	41d787b3          	sub	a5,a5,t4
80003448:	03c7deb3          	divu	t4,a5,t3
8000344c:	01059593          	sll	a1,a1,0x10
80003450:	0105d593          	srl	a1,a1,0x10
80003454:	03c7f7b3          	remu	a5,a5,t3
80003458:	000e8e13          	mv	t3,t4
8000345c:	03d30333          	mul	t1,t1,t4
80003460:	01079793          	sll	a5,a5,0x10
80003464:	00f5e5b3          	or	a1,a1,a5
80003468:	0065fe63          	bgeu	a1,t1,80003484 <__umoddi3+0x338>
8000346c:	00b685b3          	add	a1,a3,a1
80003470:	fffe8e13          	add	t3,t4,-1
80003474:	00d5e863          	bltu	a1,a3,80003484 <__umoddi3+0x338>
80003478:	0065f663          	bgeu	a1,t1,80003484 <__umoddi3+0x338>
8000347c:	ffee8e13          	add	t3,t4,-2
80003480:	00d585b3          	add	a1,a1,a3
80003484:	01071793          	sll	a5,a4,0x10
80003488:	00010f37          	lui	t5,0x10
8000348c:	01c7e7b3          	or	a5,a5,t3
80003490:	406585b3          	sub	a1,a1,t1
80003494:	ffff0313          	add	t1,t5,-1 # ffff <buflen.1+0xffbf>
80003498:	0067f733          	and	a4,a5,t1
8000349c:	01065e13          	srl	t3,a2,0x10
800034a0:	0107d793          	srl	a5,a5,0x10
800034a4:	00667333          	and	t1,a2,t1
800034a8:	02670eb3          	mul	t4,a4,t1
800034ac:	02678333          	mul	t1,a5,t1
800034b0:	03c70733          	mul	a4,a4,t3
800034b4:	03c787b3          	mul	a5,a5,t3
800034b8:	00670e33          	add	t3,a4,t1
800034bc:	010ed713          	srl	a4,t4,0x10
800034c0:	01c70733          	add	a4,a4,t3
800034c4:	00677463          	bgeu	a4,t1,800034cc <__umoddi3+0x380>
800034c8:	01e787b3          	add	a5,a5,t5
800034cc:	01075313          	srl	t1,a4,0x10
800034d0:	00f307b3          	add	a5,t1,a5
800034d4:	00010337          	lui	t1,0x10
800034d8:	fff30313          	add	t1,t1,-1 # ffff <buflen.1+0xffbf>
800034dc:	00677733          	and	a4,a4,t1
800034e0:	01071713          	sll	a4,a4,0x10
800034e4:	006efeb3          	and	t4,t4,t1
800034e8:	01d70733          	add	a4,a4,t4
800034ec:	00f5e663          	bltu	a1,a5,800034f8 <__umoddi3+0x3ac>
800034f0:	00f59e63          	bne	a1,a5,8000350c <__umoddi3+0x3c0>
800034f4:	00e57c63          	bgeu	a0,a4,8000350c <__umoddi3+0x3c0>
800034f8:	40c70633          	sub	a2,a4,a2
800034fc:	00c73333          	sltu	t1,a4,a2
80003500:	00d306b3          	add	a3,t1,a3
80003504:	00060713          	mv	a4,a2
80003508:	40d787b3          	sub	a5,a5,a3
8000350c:	40e50733          	sub	a4,a0,a4
80003510:	00e53533          	sltu	a0,a0,a4
80003514:	40f585b3          	sub	a1,a1,a5
80003518:	40a585b3          	sub	a1,a1,a0
8000351c:	011598b3          	sll	a7,a1,a7
80003520:	01075733          	srl	a4,a4,a6
80003524:	00e8e533          	or	a0,a7,a4
80003528:	0105d5b3          	srl	a1,a1,a6
8000352c:	00008067          	ret

Disassembly of section .text.startup:

80003530 <main>:
80003530:	72f1                	lui	t0,0xffffc
80003532:	1141                	add	sp,sp,-16
80003534:	18028293          	add	t0,t0,384 # ffffc180 <__global_pointer$+0x7fff41e8>
80003538:	c606                	sw	ra,12(sp)
8000353a:	4505                	li	a0,1
8000353c:	9116                	add	sp,sp,t0
8000353e:	e8ffe0ef          	jal	800023cc <setStats>
80003542:	77f1                	lui	a5,0xffffc
80003544:	6691                	lui	a3,0x4
80003546:	18078793          	add	a5,a5,384 # ffffc180 <__global_pointer$+0x7fff41e8>
8000354a:	e8068693          	add	a3,a3,-384 # 3e80 <buflen.1+0x3e40>
8000354e:	96be                	add	a3,a3,a5
80003550:	00000717          	auipc	a4,0x0
80003554:	3c870713          	add	a4,a4,968 # 80003918 <input_data>
80003558:	002687b3          	add	a5,a3,sp
8000355c:	00004817          	auipc	a6,0x4
80003560:	23c80813          	add	a6,a6,572 # 80007798 <counter_names>
80003564:	4308                	lw	a0,0(a4)
80003566:	434c                	lw	a1,4(a4)
80003568:	4710                	lw	a2,8(a4)
8000356a:	4754                	lw	a3,12(a4)
8000356c:	c388                	sw	a0,0(a5)
8000356e:	c3cc                	sw	a1,4(a5)
80003570:	c790                	sw	a2,8(a5)
80003572:	c7d4                	sw	a3,12(a5)
80003574:	0741                	add	a4,a4,16
80003576:	07c1                	add	a5,a5,16
80003578:	ff0716e3          	bne	a4,a6,80003564 <main+0x34>
8000357c:	4501                	li	a0,0
8000357e:	e4ffe0ef          	jal	800023cc <setStats>
80003582:	77f1                	lui	a5,0xffffc
80003584:	6711                	lui	a4,0x4
80003586:	18078793          	add	a5,a5,384 # ffffc180 <__global_pointer$+0x7fff41e8>
8000358a:	e8070713          	add	a4,a4,-384 # 3e80 <buflen.1+0x3e40>
8000358e:	973e                	add	a4,a4,a5
80003590:	6885                	lui	a7,0x1
80003592:	002707b3          	add	a5,a4,sp
80003596:	4501                	li	a0,0
80003598:	00000717          	auipc	a4,0x0
8000359c:	38070713          	add	a4,a4,896 # 80003918 <input_data>
800035a0:	fa088893          	add	a7,a7,-96 # fa0 <buflen.1+0xf60>
800035a4:	a801                	j	800035b4 <main+0x84>
800035a6:	0509                	add	a0,a0,2
800035a8:	00b81e63          	bne	a6,a1,800035c4 <main+0x94>
800035ac:	07a1                	add	a5,a5,8
800035ae:	0721                	add	a4,a4,8
800035b0:	03150163          	beq	a0,a7,800035d2 <main+0xa2>
800035b4:	4390                	lw	a2,0(a5)
800035b6:	4314                	lw	a3,0(a4)
800035b8:	0047a803          	lw	a6,4(a5)
800035bc:	434c                	lw	a1,4(a4)
800035be:	fed604e3          	beq	a2,a3,800035a6 <main+0x76>
800035c2:	0505                	add	a0,a0,1
800035c4:	6291                	lui	t0,0x4
800035c6:	e8028293          	add	t0,t0,-384 # 3e80 <buflen.1+0x3e40>
800035ca:	9116                	add	sp,sp,t0
800035cc:	40b2                	lw	ra,12(sp)
800035ce:	0141                	add	sp,sp,16
800035d0:	8082                	ret
800035d2:	4501                	li	a0,0
800035d4:	bfc5                	j	800035c4 <main+0x94>
800035d6:	1141                	add	sp,sp,-16
800035d8:	00000517          	auipc	a0,0x0
800035dc:	03850513          	add	a0,a0,56 # 80003610 <main+0xe0>
800035e0:	c606                	sw	ra,12(sp)
800035e2:	e67fe0ef          	jal	80002448 <printstr>
800035e6:	40b2                	lw	ra,12(sp)
800035e8:	557d                	li	a0,-1
800035ea:	0141                	add	sp,sp,16
800035ec:	8082                	ret

Disassembly of section .data:

80003918 <input_data>:
80003918:	0029                	c.nop	10
8000391a:	0000                	unimp
8000391c:	01c6                	sll	gp,gp,0x11
8000391e:	0000                	unimp
80003920:	0341                	add	t1,t1,16
80003922:	0000                	unimp
80003924:	0000014f          	.insn	4, 0x014f
80003928:	0234                	add	a3,sp,264
8000392a:	0000                	unimp
8000392c:	0001                	nop
8000392e:	0000                	unimp
80003930:	000000bb          	.insn	4, 0x00bb
80003934:	03dd                	add	t2,t2,23
80003936:	0000                	unimp
80003938:	02ed                	add	t0,t0,27
8000393a:	0000                	unimp
8000393c:	016d                	add	sp,sp,27
8000393e:	0000                	unimp
80003940:	015e                	sll	sp,sp,0x17
80003942:	0000                	unimp
80003944:	023c                	add	a5,sp,264
80003946:	0000                	unimp
80003948:	0084                	add	s1,sp,64
8000394a:	0000                	unimp
8000394c:	0040                	add	s0,sp,4
8000394e:	0000                	unimp
80003950:	03b5                	add	t2,t2,13
80003952:	0000                	unimp
80003954:	0099                	add	ra,ra,6
80003956:	0000                	unimp
80003958:	0248                	add	a0,sp,260
8000395a:	0000                	unimp
8000395c:	00d8                	add	a4,sp,68
8000395e:	0000                	unimp
80003960:	0325                	add	t1,t1,9
80003962:	0000                	unimp
80003964:	008c                	add	a1,sp,64
80003966:	0000                	unimp
80003968:	026d                	add	tp,tp,27 # 1b <buf.2+0x1b>
8000396a:	0000                	unimp
8000396c:	00d2                	sll	ra,ra,0x14
8000396e:	0000                	unimp
80003970:	0006                	c.slli	zero,0x1
80003972:	0000                	unimp
80003974:	023c                	add	a5,sp,264
80003976:	0000                	unimp
80003978:	000003a3          	sb	zero,7(zero) # 7 <buf.2+0x7>
8000397c:	00000153          	.insn	4, 0x0153
80003980:	037a                	sll	t1,t1,0x1e
80003982:	0000                	unimp
80003984:	0251                	add	tp,tp,20 # 14 <buf.2+0x14>
80003986:	0000                	unimp
80003988:	0188                	add	a0,sp,192
8000398a:	0000                	unimp
8000398c:	0382                	c.slli64	t2
8000398e:	0000                	unimp
80003990:	02b6                	sll	t0,t0,0xd
80003992:	0000                	unimp
80003994:	00e4                	add	s1,sp,76
80003996:	0000                	unimp
80003998:	03c1                	add	t2,t2,16
8000399a:	0000                	unimp
8000399c:	000c                	.insn	2, 0x000c
8000399e:	0000                	unimp
800039a0:	006e                	c.slli	zero,0x1b
800039a2:	0000                	unimp
800039a4:	00000373          	.insn	4, 0x0373
800039a8:	0074                	add	a3,sp,12
800039aa:	0000                	unimp
800039ac:	02ee                	sll	t0,t0,0x1b
800039ae:	0000                	unimp
800039b0:	0128                	add	a0,sp,136
800039b2:	0000                	unimp
800039b4:	0286                	sll	t0,t0,0x1
800039b6:	0000                	unimp
800039b8:	01aa                	sll	gp,gp,0xa
800039ba:	0000                	unimp
800039bc:	01f4                	add	a3,sp,204
800039be:	0000                	unimp
800039c0:	013a                	sll	sp,sp,0xe
800039c2:	0000                	unimp
800039c4:	01b4                	add	a3,sp,200
800039c6:	0000                	unimp
800039c8:	00000293          	li	t0,0
800039cc:	02bd                	add	t0,t0,15
800039ce:	0000                	unimp
800039d0:	0306                	sll	t1,t1,0x1
800039d2:	0000                	unimp
800039d4:	032c                	add	a1,sp,392
800039d6:	0000                	unimp
800039d8:	0000013f 000003d5 	.insn	8, 0x03d50000013f
800039e0:	02a6                	sll	t0,t0,0x9
800039e2:	0000                	unimp
800039e4:	0096                	sll	ra,ra,0x5
800039e6:	0000                	unimp
800039e8:	0000036b          	.insn	4, 0x036b
800039ec:	02b8                	add	a4,sp,328
800039ee:	0000                	unimp
800039f0:	0178                	add	a4,sp,140
800039f2:	0000                	unimp
800039f4:	0234                	add	a3,sp,264
800039f6:	0000                	unimp
800039f8:	01da                	sll	gp,gp,0x16
800039fa:	0000                	unimp
800039fc:	0110                	add	a2,sp,128
800039fe:	0000                	unimp
80003a00:	03aa                	sll	t2,t2,0xa
80003a02:	0000                	unimp
80003a04:	0102                	c.slli64	sp
80003a06:	0000                	unimp
80003a08:	0000021b          	.insn	4, 0x021b
80003a0c:	00000287          	.insn	4, 0x0287
80003a10:	0239                	add	tp,tp,14 # e <buf.2+0xe>
80003a12:	0000                	unimp
80003a14:	01fd                	add	gp,gp,31 # 80007fb7 <__global_pointer$+0x1f>
80003a16:	0000                	unimp
80003a18:	000000cb          	.insn	4, 0x00cb
80003a1c:	0058                	add	a4,sp,4
80003a1e:	0000                	unimp
80003a20:	0118                	add	a4,sp,128
80003a22:	0000                	unimp
80003a24:	000002bf 000002f7 	.insn	8, 0x02f7000002bf
80003a2c:	029d                	add	t0,t0,7
80003a2e:	0000                	unimp
80003a30:	025e                	sll	tp,tp,0x17
80003a32:	0000                	unimp
80003a34:	00000177          	.insn	4, 0x0177
80003a38:	01ff 0000 0227 0000 	.insn	10, 0x029100000227000001ff
80003a40:	0291 
80003a42:	0000                	unimp
80003a44:	03a8                	add	a0,sp,456
80003a46:	0000                	unimp
80003a48:	000000c3          	.insn	4, 0x00c3
80003a4c:	0250                	add	a2,sp,260
80003a4e:	0000                	unimp
80003a50:	0051                	c.nop	20
80003a52:	0000                	unimp
80003a54:	0239                	add	tp,tp,14 # e <buf.2+0xe>
80003a56:	0000                	unimp
80003a58:	0000010b          	.insn	4, 0x010b
80003a5c:	03b8                	add	a4,sp,456
80003a5e:	0000                	unimp
80003a60:	00e5                	add	ra,ra,25
80003a62:	0000                	unimp
80003a64:	0320                	add	s0,sp,392
80003a66:	0000                	unimp
80003a68:	0151                	add	sp,sp,20
80003a6a:	0000                	unimp
80003a6c:	0248                	add	a0,sp,260
80003a6e:	0000                	unimp
80003a70:	03b0                	add	a2,sp,456
80003a72:	0000                	unimp
80003a74:	00000283          	lb	t0,0(zero) # 0 <buf.2>
80003a78:	0386                	sll	t2,t2,0x1
80003a7a:	0000                	unimp
80003a7c:	0170                	add	a2,sp,140
80003a7e:	0000                	unimp
80003a80:	00f1                	add	ra,ra,28
80003a82:	0000                	unimp
80003a84:	01e9                	add	gp,gp,26 # 80007fb2 <__global_pointer$+0x1a>
80003a86:	0000                	unimp
80003a88:	0391                	add	t2,t2,4
80003a8a:	0000                	unimp
80003a8c:	0148                	add	a0,sp,132
80003a8e:	0000                	unimp
80003a90:	033a                	sll	t1,t1,0xe
80003a92:	0000                	unimp
80003a94:	0139                	add	sp,sp,14
80003a96:	0000                	unimp
80003a98:	03a5                	add	t2,t2,9
80003a9a:	0000                	unimp
80003a9c:	0250                	add	a2,sp,260
80003a9e:	0000                	unimp
80003aa0:	03d9                	add	t2,t2,22
80003aa2:	0000                	unimp
80003aa4:	0184                	add	s1,sp,192
80003aa6:	0000                	unimp
80003aa8:	000000c3          	.insn	4, 0x00c3
80003aac:	021f 0000 03c0      	.insn	6, 0x03c00000021f
80003ab2:	0000                	unimp
80003ab4:	0289                	add	t0,t0,2
80003ab6:	0000                	unimp
80003ab8:	0236                	sll	tp,tp,0xd
80003aba:	0000                	unimp
80003abc:	000003d3          	.insn	4, 0x03d3
80003ac0:	015e                	sll	sp,sp,0x17
80003ac2:	0000                	unimp
80003ac4:	03e5                	add	t2,t2,25
80003ac6:	0000                	unimp
80003ac8:	0289                	add	t0,t0,2
80003aca:	0000                	unimp
80003acc:	032e                	sll	t1,t1,0xb
80003ace:	0000                	unimp
80003ad0:	0291                	add	t0,t0,4
80003ad2:	0000                	unimp
80003ad4:	0000004f          	.insn	4, 0x004f
80003ad8:	00b5                	add	ra,ra,13
80003ada:	0000                	unimp
80003adc:	00d0                	add	a2,sp,68
80003ade:	0000                	unimp
80003ae0:	0000006f          	j	80003ae0 <input_data+0x1c8>
80003ae4:	03e6                	sll	t2,t2,0x19
80003ae6:	0000                	unimp
80003ae8:	0000035b          	.insn	4, 0x035b
80003aec:	0275                	add	tp,tp,29 # 1d <buf.2+0x1d>
80003aee:	0000                	unimp
80003af0:	0041                	c.nop	16
80003af2:	0000                	unimp
80003af4:	0000034f          	.insn	4, 0x034f
80003af8:	0120                	add	s0,sp,136
80003afa:	0000                	unimp
80003afc:	02c0                	add	s0,sp,324
80003afe:	0000                	unimp
80003b00:	015d                	add	sp,sp,23
80003b02:	0000                	unimp
80003b04:	03e5                	add	t2,t2,25
80003b06:	0000                	unimp
80003b08:	008d                	add	ra,ra,3
80003b0a:	0000                	unimp
80003b0c:	00fd                	add	ra,ra,31
80003b0e:	0000                	unimp
80003b10:	0389                	add	t2,t2,2
80003b12:	0000                	unimp
80003b14:	000002cb          	.insn	4, 0x02cb
80003b18:	0376                	sll	t1,t1,0x1d
80003b1a:	0000                	unimp
80003b1c:	01ae                	sll	gp,gp,0xb
80003b1e:	0000                	unimp
80003b20:	0108                	add	a0,sp,128
80003b22:	0000                	unimp
80003b24:	019f 0000 0240      	.insn	6, 0x02400000019f
80003b2a:	0000                	unimp
80003b2c:	021a                	sll	tp,tp,0x6
80003b2e:	0000                	unimp
80003b30:	000003d3          	.insn	4, 0x03d3
80003b34:	02bc                	add	a5,sp,328
80003b36:	0000                	unimp
80003b38:	02f9                	add	t0,t0,30
80003b3a:	0000                	unimp
80003b3c:	0004                	.insn	2, 0x0004
80003b3e:	0000                	unimp
80003b40:	00f1                	add	ra,ra,28
80003b42:	0000                	unimp
80003b44:	01ee                	sll	gp,gp,0x1b
80003b46:	0000                	unimp
80003b48:	01de                	sll	gp,gp,0x17
80003b4a:	0000                	unimp
80003b4c:	0064                	add	s1,sp,12
80003b4e:	0000                	unimp
80003b50:	000001f3          	.insn	4, 0x01f3
80003b54:	0360                	add	s0,sp,396
80003b56:	0000                	unimp
80003b58:	00000193          	li	gp,0
80003b5c:	02b5                	add	t0,t0,13
80003b5e:	0000                	unimp
80003b60:	00de                	sll	ra,ra,0x17
80003b62:	0000                	unimp
80003b64:	01a0                	add	s0,sp,200
80003b66:	0000                	unimp
80003b68:	01bc                	add	a5,sp,200
80003b6a:	0000                	unimp
80003b6c:	0128                	add	a0,sp,136
80003b6e:	0000                	unimp
80003b70:	02d1                	add	t0,t0,20
80003b72:	0000                	unimp
80003b74:	011d                	add	sp,sp,7
80003b76:	0000                	unimp
80003b78:	02a4                	add	s1,sp,328
80003b7a:	0000                	unimp
80003b7c:	026c                	add	a1,sp,268
80003b7e:	0000                	unimp
80003b80:	013d                	add	sp,sp,15
80003b82:	0000                	unimp
80003b84:	004e                	c.slli	zero,0x13
80003b86:	0000                	unimp
80003b88:	00e0                	add	s0,sp,76
80003b8a:	0000                	unimp
80003b8c:	015f 0000 03a9      	.insn	6, 0x03a90000015f
80003b92:	0000                	unimp
80003b94:	021c                	add	a5,sp,256
80003b96:	0000                	unimp
80003b98:	0120                	add	s0,sp,136
80003b9a:	0000                	unimp
80003b9c:	0286                	sll	t0,t0,0x1
80003b9e:	0000                	unimp
80003ba0:	00000077          	.insn	4, 0x0077
80003ba4:	00a9                	add	ra,ra,10
80003ba6:	0000                	unimp
80003ba8:	00000267          	jalr	tp,zero # 0 <buf.2>
80003bac:	0000020f          	.insn	4, 0x020f
80003bb0:	025e                	sll	tp,tp,0x17
80003bb2:	0000                	unimp
80003bb4:	0121                	add	sp,sp,8
80003bb6:	0000                	unimp
80003bb8:	0185                	add	gp,gp,1 # 80007f99 <__global_pointer$+0x1>
80003bba:	0000                	unimp
80003bbc:	031c                	add	a5,sp,384
80003bbe:	0000                	unimp
80003bc0:	015f 0000 0321      	.insn	6, 0x03210000015f
80003bc6:	0000                	unimp
80003bc8:	000001c7          	.insn	4, 0x01c7
80003bcc:	02d0                	add	a2,sp,324
80003bce:	0000                	unimp
80003bd0:	0116                	sll	sp,sp,0x5
80003bd2:	0000                	unimp
80003bd4:	02f6                	sll	t0,t0,0x1d
80003bd6:	0000                	unimp
80003bd8:	0000016f          	jal	sp,80003bd8 <input_data+0x2c0>
80003bdc:	02e9                	add	t0,t0,26
80003bde:	0000                	unimp
80003be0:	0166                	sll	sp,sp,0x19
80003be2:	0000                	unimp
80003be4:	005c                	add	a5,sp,4
80003be6:	0000                	unimp
80003be8:	0248                	add	a0,sp,260
80003bea:	0000                	unimp
80003bec:	03dd                	add	t2,t2,23
80003bee:	0000                	unimp
80003bf0:	003e                	c.slli	zero,0xf
80003bf2:	0000                	unimp
80003bf4:	0000010f          	.insn	4, 0x010f
80003bf8:	03d9                	add	t2,t2,22
80003bfa:	0000                	unimp
80003bfc:	0355                	add	t1,t1,21
80003bfe:	0000                	unimp
80003c00:	00000193          	li	gp,0
80003c04:	0314                	add	a3,sp,384
80003c06:	0000                	unimp
80003c08:	015a                	sll	sp,sp,0x16
80003c0a:	0000                	unimp
80003c0c:	00000213          	li	tp,0
80003c10:	0205                	add	tp,tp,1 # 1 <buf.2+0x1>
80003c12:	0000                	unimp
80003c14:	00de                	sll	ra,ra,0x17
80003c16:	0000                	unimp
80003c18:	0000022f          	.insn	4, 0x022f
80003c1c:	01cd                	add	gp,gp,19 # 80007fab <__global_pointer$+0x13>
80003c1e:	0000                	unimp
80003c20:	038c                	add	a1,sp,448
80003c22:	0000                	unimp
80003c24:	00f1                	add	ra,ra,28
80003c26:	0000                	unimp
80003c28:	00000307          	.insn	4, 0x0307
80003c2c:	0166                	sll	sp,sp,0x19
80003c2e:	0000                	unimp
80003c30:	00ff 0000 014c 0000 	.insn	10, 0x030a0000014c000000ff
80003c38:	030a 
80003c3a:	0000                	unimp
80003c3c:	02ac                	add	a1,sp,328
80003c3e:	0000                	unimp
80003c40:	0256                	sll	tp,tp,0x15
80003c42:	0000                	unimp
80003c44:	02e4                	add	s1,sp,332
80003c46:	0000                	unimp
80003c48:	0000008f          	.insn	4, 0x008f
80003c4c:	01be                	sll	gp,gp,0xf
80003c4e:	0000                	unimp
80003c50:	0021                	c.nop	8
80003c52:	0000                	unimp
80003c54:	00000137          	lui	sp,0x0
80003c58:	007d                	c.nop	31
80003c5a:	0000                	unimp
80003c5c:	000002e7          	jalr	t0,zero # 0 <buf.2>
80003c60:	03ad                	add	t2,t2,11
80003c62:	0000                	unimp
80003c64:	022d                	add	tp,tp,11 # b <buf.2+0xb>
80003c66:	0000                	unimp
80003c68:	03a5                	add	t2,t2,9
80003c6a:	0000                	unimp
80003c6c:	01df 0000 031f      	.insn	6, 0x031f000001df
80003c72:	0000                	unimp
80003c74:	022d                	add	tp,tp,11 # b <buf.2+0xb>
80003c76:	0000                	unimp
80003c78:	0229                	add	tp,tp,10 # a <buf.2+0xa>
80003c7a:	0000                	unimp
80003c7c:	039d                	add	t2,t2,7
80003c7e:	0000                	unimp
80003c80:	000001af          	.insn	4, 0x01af
80003c84:	031c                	add	a5,sp,384
80003c86:	0000                	unimp
80003c88:	0288                	add	a0,sp,320
80003c8a:	0000                	unimp
80003c8c:	0165                	add	sp,sp,25 # 19 <buf.2+0x19>
80003c8e:	0000                	unimp
80003c90:	03b8                	add	a4,sp,456
80003c92:	0000                	unimp
80003c94:	0000037b          	.insn	4, 0x037b
80003c98:	011f 0000 029a      	.insn	6, 0x029a0000011f
80003c9e:	0000                	unimp
80003ca0:	00000013          	nop
80003ca4:	0202                	c.slli64	tp
80003ca6:	0000                	unimp
80003ca8:	0031                	c.nop	12
80003caa:	0000                	unimp
80003cac:	022d                	add	tp,tp,11 # b <buf.2+0xb>
80003cae:	0000                	unimp
80003cb0:	0056                	c.slli	zero,0x15
80003cb2:	0000                	unimp
80003cb4:	0366                	sll	t1,t1,0x19
80003cb6:	0000                	unimp
80003cb8:	005f 0000 0355      	.insn	6, 0x03550000005f
80003cbe:	0000                	unimp
80003cc0:	01b9                	add	gp,gp,14 # 80007fa6 <__global_pointer$+0xe>
80003cc2:	0000                	unimp
80003cc4:	01b8                	add	a4,sp,200
80003cc6:	0000                	unimp
80003cc8:	0000024b          	.insn	4, 0x024b
80003ccc:	003d                	c.nop	15
80003cce:	0000                	unimp
80003cd0:	0266                	sll	tp,tp,0x19
80003cd2:	0000                	unimp
80003cd4:	02a6                	sll	t0,t0,0x9
80003cd6:	0000                	unimp
80003cd8:	017e                	sll	sp,sp,0x1f
80003cda:	0000                	unimp
80003cdc:	018c                	add	a1,sp,192
80003cde:	0000                	unimp
80003ce0:	0118                	add	a4,sp,128
80003ce2:	0000                	unimp
80003ce4:	0009                	c.nop	2
80003ce6:	0000                	unimp
80003ce8:	0328                	add	a0,sp,392
80003cea:	0000                	unimp
80003cec:	0011                	c.nop	4
80003cee:	0000                	unimp
80003cf0:	000003cb          	.insn	4, 0x03cb
80003cf4:	00aa                	sll	ra,ra,0xa
80003cf6:	0000                	unimp
80003cf8:	00000333          	add	t1,zero,zero
80003cfc:	00000123          	sb	zero,2(zero) # 2 <buf.2+0x2>
80003d00:	0158                	add	a4,sp,132
80003d02:	0000                	unimp
80003d04:	017c                	add	a5,sp,140
80003d06:	0000                	unimp
80003d08:	01c2                	sll	gp,gp,0x10
80003d0a:	0000                	unimp
80003d0c:	0218                	add	a4,sp,256
80003d0e:	0000                	unimp
80003d10:	0200                	add	s0,sp,256
80003d12:	0000                	unimp
80003d14:	00b9                	add	ra,ra,14
80003d16:	0000                	unimp
80003d18:	03c5                	add	t2,t2,17
80003d1a:	0000                	unimp
80003d1c:	0395                	add	t2,t2,5
80003d1e:	0000                	unimp
80003d20:	0000015b          	.insn	4, 0x015b
80003d24:	0000021b          	.insn	4, 0x021b
80003d28:	0328                	add	a0,sp,392
80003d2a:	0000                	unimp
80003d2c:	000003d7          	.insn	4, 0x03d7
80003d30:	0372                	sll	t1,t1,0x1c
80003d32:	0000                	unimp
80003d34:	00000377          	.insn	4, 0x0377
80003d38:	0219                	add	tp,tp,6 # 6 <buf.2+0x6>
80003d3a:	0000                	unimp
80003d3c:	0036                	c.slli	zero,0xd
80003d3e:	0000                	unimp
80003d40:	03b2                	sll	t2,t2,0xc
80003d42:	0000                	unimp
80003d44:	0264                	add	s1,sp,268
80003d46:	0000                	unimp
80003d48:	02bd                	add	t0,t0,15
80003d4a:	0000                	unimp
80003d4c:	000003b7          	lui	t2,0x0
80003d50:	0164                	add	s1,sp,140
80003d52:	0000                	unimp
80003d54:	01df 0000 0237      	.insn	6, 0x0237000001df
80003d5a:	0000                	unimp
80003d5c:	00000097          	auipc	ra,0x0
80003d60:	0000037b          	.insn	4, 0x037b
80003d64:	00000007          	.insn	4, 0x0007
80003d68:	0016                	c.slli	zero,0x5
80003d6a:	0000                	unimp
80003d6c:	0281                	add	t0,t0,0
80003d6e:	0000                	unimp
80003d70:	0238                	add	a4,sp,264
80003d72:	0000                	unimp
80003d74:	0000014f          	.insn	4, 0x014f
80003d78:	0299                	add	t0,t0,6
80003d7a:	0000                	unimp
80003d7c:	02da                	sll	t0,t0,0x16
80003d7e:	0000                	unimp
80003d80:	000001a7          	.insn	4, 0x01a7
80003d84:	005f 0000 01b2      	.insn	6, 0x01b20000005f
80003d8a:	0000                	unimp
80003d8c:	02d8                	add	a4,sp,324
80003d8e:	0000                	unimp
80003d90:	009e                	sll	ra,ra,0x7
80003d92:	0000                	unimp
80003d94:	0118                	add	a4,sp,128
80003d96:	0000                	unimp
80003d98:	0002                	c.slli64	zero
80003d9a:	0000                	unimp
80003d9c:	0000018b          	.insn	4, 0x018b
80003da0:	0054                	add	a3,sp,4
80003da2:	0000                	unimp
80003da4:	02b0                	add	a2,sp,328
80003da6:	0000                	unimp
80003da8:	000000f7          	.insn	4, 0x00f7
80003dac:	0000038f          	.insn	4, 0x038f
80003db0:	0031                	c.nop	12
80003db2:	0000                	unimp
80003db4:	01dc                	add	a5,sp,196
80003db6:	0000                	unimp
80003db8:	000001b3          	add	gp,zero,zero
80003dbc:	0000032f          	.insn	4, 0x032f
80003dc0:	0318                	add	a4,sp,384
80003dc2:	0000                	unimp
80003dc4:	02d9                	add	t0,t0,22
80003dc6:	0000                	unimp
80003dc8:	0365                	add	t1,t1,25
80003dca:	0000                	unimp
80003dcc:	0109                	add	sp,sp,2
80003dce:	0000                	unimp
80003dd0:	01e6                	sll	gp,gp,0x19
80003dd2:	0000                	unimp
80003dd4:	007f 0000 019e 0000 	.insn	10, 0x00ec0000019e0000007f
80003ddc:	00ec 
80003dde:	0000                	unimp
80003de0:	0171                	add	sp,sp,28
80003de2:	0000                	unimp
80003de4:	00d6                	sll	ra,ra,0x15
80003de6:	0000                	unimp
80003de8:	0224                	add	s1,sp,264
80003dea:	0000                	unimp
80003dec:	00b4                	add	a3,sp,72
80003dee:	0000                	unimp
80003df0:	0206                	sll	tp,tp,0x1
80003df2:	0000                	unimp
80003df4:	0006                	c.slli	zero,0x1
80003df6:	0000                	unimp
80003df8:	0378                	add	a4,sp,396
80003dfa:	0000                	unimp
80003dfc:	000001f7          	.insn	4, 0x01f7
80003e00:	02aa                	sll	t0,t0,0xa
80003e02:	0000                	unimp
80003e04:	0254                	add	a3,sp,260
80003e06:	0000                	unimp
80003e08:	011c                	add	a5,sp,128
80003e0a:	0000                	unimp
80003e0c:	00ad                	add	ra,ra,11 # 80003d67 <input_data+0x44f>
80003e0e:	0000                	unimp
80003e10:	0108                	add	a0,sp,128
80003e12:	0000                	unimp
80003e14:	00000283          	lb	t0,0(zero) # 0 <buf.2>
80003e18:	000001f3          	.insn	4, 0x01f3
80003e1c:	015a                	sll	sp,sp,0x16
80003e1e:	0000                	unimp
80003e20:	0122                	sll	sp,sp,0x8
80003e22:	0000                	unimp
80003e24:	00000257          	.insn	4, 0x0257
80003e28:	0381                	add	t2,t2,0 # 0 <buf.2>
80003e2a:	0000                	unimp
80003e2c:	0044                	add	s1,sp,4
80003e2e:	0000                	unimp
80003e30:	000000d7          	.insn	4, 0x00d7
80003e34:	0351                	add	t1,t1,20
80003e36:	0000                	unimp
80003e38:	000002db          	.insn	4, 0x02db
80003e3c:	0292                	sll	t0,t0,0x4
80003e3e:	0000                	unimp
80003e40:	02b0                	add	a2,sp,328
80003e42:	0000                	unimp
80003e44:	0000026b          	.insn	4, 0x026b
80003e48:	000000fb          	.insn	4, 0x00fb
80003e4c:	0079                	c.nop	30
80003e4e:	0000                	unimp
80003e50:	0312                	sll	t1,t1,0x4
80003e52:	0000                	unimp
80003e54:	00000083          	lb	ra,0(zero) # 0 <buf.2>
80003e58:	0000022b          	.insn	4, 0x022b
80003e5c:	033c                	add	a5,sp,392
80003e5e:	0000                	unimp
80003e60:	012e                	sll	sp,sp,0xb
80003e62:	0000                	unimp
80003e64:	0000029b          	.insn	4, 0x029b
80003e68:	0210                	add	a2,sp,256
80003e6a:	0000                	unimp
80003e6c:	01b1                	add	gp,gp,12 # 80007fa4 <__global_pointer$+0xc>
80003e6e:	0000                	unimp
80003e70:	0220                	add	s0,sp,264
80003e72:	0000                	unimp
80003e74:	000001e7          	jalr	gp,zero # 0 <buf.2>
80003e78:	0142                	sll	sp,sp,0x10
80003e7a:	0000                	unimp
80003e7c:	02f1                	add	t0,t0,28
80003e7e:	0000                	unimp
80003e80:	000003b3          	add	t2,zero,zero
80003e84:	007d                	c.nop	31
80003e86:	0000                	unimp
80003e88:	011f 0000 0272      	.insn	6, 0x02720000011f
80003e8e:	0000                	unimp
80003e90:	0338                	add	a4,sp,392
80003e92:	0000                	unimp
80003e94:	000e                	c.slli	zero,0x3
80003e96:	0000                	unimp
80003e98:	0130                	add	a2,sp,136
80003e9a:	0000                	unimp
80003e9c:	000a                	c.slli	zero,0x2
80003e9e:	0000                	unimp
80003ea0:	0314                	add	a3,sp,384
80003ea2:	0000                	unimp
80003ea4:	00000193          	li	gp,0
80003ea8:	02dd                	add	t0,t0,23
80003eaa:	0000                	unimp
80003eac:	006a                	c.slli	zero,0x1a
80003eae:	0000                	unimp
80003eb0:	000003bf 000002bf 	.insn	8, 0x02bf000003bf
80003eb8:	016e                	sll	sp,sp,0x1b
80003eba:	0000                	unimp
80003ebc:	0332                	sll	t1,t1,0xc
80003ebe:	0000                	unimp
80003ec0:	02d2                	sll	t0,t0,0x14
80003ec2:	0000                	unimp
80003ec4:	03c4                	add	s1,sp,452
80003ec6:	0000                	unimp
80003ec8:	0126                	sll	sp,sp,0x9
80003eca:	0000                	unimp
80003ecc:	0196                	sll	gp,gp,0x5
80003ece:	0000                	unimp
80003ed0:	000003cf          	.insn	4, 0x03cf
80003ed4:	036a                	sll	t1,t1,0x1a
80003ed6:	0000                	unimp
80003ed8:	028d                	add	t0,t0,3
80003eda:	0000                	unimp
80003edc:	0358                	add	a4,sp,388
80003ede:	0000                	unimp
80003ee0:	02ec                	add	a1,sp,332
80003ee2:	0000                	unimp
80003ee4:	0056                	c.slli	zero,0x15
80003ee6:	0000                	unimp
80003ee8:	0000005b          	.insn	4, 0x005b
80003eec:	003c                	add	a5,sp,8
80003eee:	0000                	unimp
80003ef0:	017a                	sll	sp,sp,0x1e
80003ef2:	0000                	unimp
80003ef4:	0294                	add	a3,sp,320
80003ef6:	0000                	unimp
80003ef8:	0069                	c.nop	26
80003efa:	0000                	unimp
80003efc:	0000029b          	.insn	4, 0x029b
80003f00:	0066                	c.slli	zero,0x19
80003f02:	0000                	unimp
80003f04:	0099                	add	ra,ra,6
80003f06:	0000                	unimp
80003f08:	017d                	add	sp,sp,31
80003f0a:	0000                	unimp
80003f0c:	0079                	c.nop	30
80003f0e:	0000                	unimp
80003f10:	0000028b          	.insn	4, 0x028b
80003f14:	0062                	c.slli	zero,0x18
80003f16:	0000                	unimp
80003f18:	0339                	add	t1,t1,14
80003f1a:	0000                	unimp
80003f1c:	019c                	add	a5,sp,192
80003f1e:	0000                	unimp
80003f20:	0348                	add	a0,sp,388
80003f22:	0000                	unimp
80003f24:	00ec                	add	a1,sp,76
80003f26:	0000                	unimp
80003f28:	0164                	add	s1,sp,140
80003f2a:	0000                	unimp
80003f2c:	000c                	.insn	2, 0x000c
80003f2e:	0000                	unimp
80003f30:	0094                	add	a3,sp,64
80003f32:	0000                	unimp
80003f34:	000001a7          	.insn	4, 0x01a7
80003f38:	0036                	c.slli	zero,0xd
80003f3a:	0000                	unimp
80003f3c:	03c5                	add	t2,t2,17
80003f3e:	0000                	unimp
80003f40:	008c                	add	a1,sp,64
80003f42:	0000                	unimp
80003f44:	00d8                	add	a4,sp,68
80003f46:	0000                	unimp
80003f48:	000003bb          	.insn	4, 0x03bb
80003f4c:	026d                	add	tp,tp,27 # 1b <buf.2+0x1b>
80003f4e:	0000                	unimp
80003f50:	00000157          	.insn	4, 0x0157
80003f54:	0169                	add	sp,sp,26
80003f56:	0000                	unimp
80003f58:	0215                	add	tp,tp,5 # 5 <buf.2+0x5>
80003f5a:	0000                	unimp
80003f5c:	0399                	add	t2,t2,6
80003f5e:	0000                	unimp
80003f60:	02f5                	add	t0,t0,29
80003f62:	0000                	unimp
80003f64:	000002cb          	.insn	4, 0x02cb
80003f68:	0209                	add	tp,tp,2 # 2 <buf.2+0x2>
80003f6a:	0000                	unimp
80003f6c:	00000287          	.insn	4, 0x0287
80003f70:	0345                	add	t1,t1,17
80003f72:	0000                	unimp
80003f74:	0000012b          	.insn	4, 0x012b
80003f78:	0250                	add	a2,sp,260
80003f7a:	0000                	unimp
80003f7c:	0376                	sll	t1,t1,0x1d
80003f7e:	0000                	unimp
80003f80:	000d                	c.nop	3
80003f82:	0000                	unimp
80003f84:	02aa                	sll	t0,t0,0xa
80003f86:	0000                	unimp
80003f88:	00ad                	add	ra,ra,11
80003f8a:	0000                	unimp
80003f8c:	0024                	add	s1,sp,8
80003f8e:	0000                	unimp
80003f90:	0000003f 000001ed 	.insn	8, 0x01ed0000003f
80003f98:	0079                	c.nop	30
80003f9a:	0000                	unimp
80003f9c:	00000227          	.insn	4, 0x0227
80003fa0:	0085                	add	ra,ra,1
80003fa2:	0000                	unimp
80003fa4:	0219                	add	tp,tp,6 # 6 <buf.2+0x6>
80003fa6:	0000                	unimp
80003fa8:	02f6                	sll	t0,t0,0x1d
80003faa:	0000                	unimp
80003fac:	03c9                	add	t2,t2,18
80003fae:	0000                	unimp
80003fb0:	0174                	add	a3,sp,140
80003fb2:	0000                	unimp
80003fb4:	00000283          	lb	t0,0(zero) # 0 <buf.2>
80003fb8:	000003b7          	lui	t2,0x0
80003fbc:	01b2                	sll	gp,gp,0xc
80003fbe:	0000                	unimp
80003fc0:	00000027          	.insn	4, 0x0027
80003fc4:	019f 0000 0081      	.insn	6, 0x00810000019f
80003fca:	0000                	unimp
80003fcc:	0000012f          	.insn	4, 0x012f
80003fd0:	006e                	c.slli	zero,0x1b
80003fd2:	0000                	unimp
80003fd4:	01b6                	sll	gp,gp,0xd
80003fd6:	0000                	unimp
80003fd8:	0000034f          	.insn	4, 0x034f
80003fdc:	035c                	add	a5,sp,388
80003fde:	0000                	unimp
80003fe0:	01b5                	add	gp,gp,13 # 80007fa5 <__global_pointer$+0xd>
80003fe2:	0000                	unimp
80003fe4:	000000cb          	.insn	4, 0x00cb
80003fe8:	00ff 0000 01de 0000 	.insn	10, 0x010d000001de000000ff
80003ff0:	010d 
80003ff2:	0000                	unimp
80003ff4:	03dc                	add	a5,sp,452
80003ff6:	0000                	unimp
80003ff8:	0199                	add	gp,gp,6 # 80007f9e <__global_pointer$+0x6>
80003ffa:	0000                	unimp
80003ffc:	000002a3          	sb	zero,5(zero) # 5 <buf.2+0x5>
80004000:	0274                	add	a3,sp,268
80004002:	0000                	unimp
80004004:	000002cf          	.insn	4, 0x02cf
80004008:	0000018f          	.insn	4, 0x018f
8000400c:	03de                	sll	t2,t2,0x17
8000400e:	0000                	unimp
80004010:	0225                	add	tp,tp,9 # 9 <buf.2+0x9>
80004012:	0000                	unimp
80004014:	0152                	sll	sp,sp,0x14
80004016:	0000                	unimp
80004018:	02f1                	add	t0,t0,28
8000401a:	0000                	unimp
8000401c:	01c2                	sll	gp,gp,0x10
8000401e:	0000                	unimp
80004020:	0234                	add	a3,sp,264
80004022:	0000                	unimp
80004024:	0279                	add	tp,tp,30 # 1e <buf.2+0x1e>
80004026:	0000                	unimp
80004028:	000000ab          	.insn	4, 0x00ab
8000402c:	0000009b          	.insn	4, 0x009b
80004030:	00000013          	nop
80004034:	0286                	sll	t0,t0,0x1
80004036:	0000                	unimp
80004038:	000002d7          	.insn	4, 0x02d7
8000403c:	01c4                	add	s1,sp,196
8000403e:	0000                	unimp
80004040:	01f5                	add	gp,gp,29 # 80007fb5 <__global_pointer$+0x1d>
80004042:	0000                	unimp
80004044:	000001ab          	.insn	4, 0x01ab
80004048:	0309                	add	t1,t1,2
8000404a:	0000                	unimp
8000404c:	01fd                	add	gp,gp,31 # 80007fb7 <__global_pointer$+0x1f>
8000404e:	0000                	unimp
80004050:	0000002b          	.insn	4, 0x002b
80004054:	03dc                	add	a5,sp,452
80004056:	0000                	unimp
80004058:	02f1                	add	t0,t0,28
8000405a:	0000                	unimp
8000405c:	01aa                	sll	gp,gp,0xa
8000405e:	0000                	unimp
80004060:	0051                	c.nop	20
80004062:	0000                	unimp
80004064:	000c                	.insn	2, 0x000c
80004066:	0000                	unimp
80004068:	00ca                	sll	ra,ra,0x12
8000406a:	0000                	unimp
8000406c:	000001e3          	beqz	zero,8000486e <input_data+0xf56>
80004070:	0355                	add	t1,t1,21
80004072:	0000                	unimp
80004074:	008e                	sll	ra,ra,0x3
80004076:	0000                	unimp
80004078:	0099                	add	ra,ra,6
8000407a:	0000                	unimp
8000407c:	00000153          	.insn	4, 0x0153
80004080:	02f8                	add	a4,sp,332
80004082:	0000                	unimp
80004084:	0186                	sll	gp,gp,0x1
80004086:	0000                	unimp
80004088:	0165                	add	sp,sp,25
8000408a:	0000                	unimp
8000408c:	0032                	c.slli	zero,0xc
8000408e:	0000                	unimp
80004090:	000003af          	.insn	4, 0x03af
80004094:	000000ab          	.insn	4, 0x00ab
80004098:	039a                	sll	t2,t2,0x6
8000409a:	0000                	unimp
8000409c:	0259                	add	tp,tp,22 # 16 <buf.2+0x16>
8000409e:	0000                	unimp
800040a0:	0148                	add	a0,sp,132
800040a2:	0000                	unimp
800040a4:	0069                	c.nop	26
800040a6:	0000                	unimp
800040a8:	01f0                	add	a2,sp,204
800040aa:	0000                	unimp
800040ac:	03c8                	add	a0,sp,452
800040ae:	0000                	unimp
800040b0:	01ba                	sll	gp,gp,0xe
800040b2:	0000                	unimp
800040b4:	0079                	c.nop	30
800040b6:	0000                	unimp
800040b8:	0204                	add	s1,sp,256
800040ba:	0000                	unimp
800040bc:	0000036f          	jal	t1,800040bc <input_data+0x7a4>
800040c0:	0281                	add	t0,t0,0
800040c2:	0000                	unimp
800040c4:	0051                	c.nop	20
800040c6:	0000                	unimp
800040c8:	0114                	add	a3,sp,128
800040ca:	0000                	unimp
800040cc:	0366                	sll	t1,t1,0x19
800040ce:	0000                	unimp
800040d0:	0312                	sll	t1,t1,0x4
800040d2:	0000                	unimp
800040d4:	0258                	add	a4,sp,260
800040d6:	0000                	unimp
800040d8:	0071                	c.nop	28
800040da:	0000                	unimp
800040dc:	0000025b          	.insn	4, 0x025b
800040e0:	034a                	sll	t1,t1,0x12
800040e2:	0000                	unimp
800040e4:	00000367          	jalr	t1,zero # 0 <buf.2>
800040e8:	0000038b          	.insn	4, 0x038b
800040ec:	00000377          	.insn	4, 0x0377
800040f0:	00000113          	li	sp,0
800040f4:	0262                	sll	tp,tp,0x18
800040f6:	0000                	unimp
800040f8:	00ed                	add	ra,ra,27
800040fa:	0000                	unimp
800040fc:	0194                	add	a3,sp,192
800040fe:	0000                	unimp
80004100:	0020                	add	s0,sp,8
80004102:	0000                	unimp
80004104:	00ea                	sll	ra,ra,0x1a
80004106:	0000                	unimp
80004108:	0310                	add	a2,sp,384
8000410a:	0000                	unimp
8000410c:	02e9                	add	t0,t0,26
8000410e:	0000                	unimp
80004110:	0235                	add	tp,tp,13 # d <buf.2+0xd>
80004112:	0000                	unimp
80004114:	020e                	sll	tp,tp,0x3
80004116:	0000                	unimp
80004118:	0165                	add	sp,sp,25
8000411a:	0000                	unimp
8000411c:	00000113          	li	sp,0
80004120:	00000323          	sb	zero,6(zero) # 6 <buf.2+0x6>
80004124:	01b9                	add	gp,gp,14 # 80007fa6 <__global_pointer$+0xe>
80004126:	0000                	unimp
80004128:	00000333          	add	t1,zero,zero
8000412c:	00e2                	sll	ra,ra,0x18
8000412e:	0000                	unimp
80004130:	000002ef          	jal	t0,80004130 <input_data+0x818>
80004134:	02f0                	add	a2,sp,332
80004136:	0000                	unimp
80004138:	0118                	add	a4,sp,128
8000413a:	0000                	unimp
8000413c:	000003af          	.insn	4, 0x03af
80004140:	0055                	c.nop	21
80004142:	0000                	unimp
80004144:	02d6                	sll	t0,t0,0x15
80004146:	0000                	unimp
80004148:	01ca                	sll	gp,gp,0x12
8000414a:	0000                	unimp
8000414c:	02c5                	add	t0,t0,17
8000414e:	0000                	unimp
80004150:	01c6                	sll	gp,gp,0x11
80004152:	0000                	unimp
80004154:	00c9                	add	ra,ra,18
80004156:	0000                	unimp
80004158:	02c6                	sll	t0,t0,0x11
8000415a:	0000                	unimp
8000415c:	0036                	c.slli	zero,0xd
8000415e:	0000                	unimp
80004160:	000001cb          	.insn	4, 0x01cb
80004164:	02f6                	sll	t0,t0,0x1d
80004166:	0000                	unimp
80004168:	0029                	c.nop	10
8000416a:	0000                	unimp
8000416c:	0035                	c.nop	13
8000416e:	0000                	unimp
80004170:	00fd                	add	ra,ra,31
80004172:	0000                	unimp
80004174:	018d                	add	gp,gp,3 # 80007f9b <__global_pointer$+0x3>
80004176:	0000                	unimp
80004178:	0179                	add	sp,sp,30
8000417a:	0000                	unimp
8000417c:	0029                	c.nop	10
8000417e:	0000                	unimp
80004180:	01fc                	add	a5,sp,204
80004182:	0000                	unimp
80004184:	008d                	add	ra,ra,3
80004186:	0000                	unimp
80004188:	02bc                	add	a5,sp,328
8000418a:	0000                	unimp
8000418c:	01a0                	add	s0,sp,200
8000418e:	0000                	unimp
80004190:	035c                	add	a5,sp,388
80004192:	0000                	unimp
80004194:	000002eb          	.insn	4, 0x02eb
80004198:	01e0                	add	s0,sp,204
8000419a:	0000                	unimp
8000419c:	000000db          	.insn	4, 0x00db
800041a0:	02e5                	add	t0,t0,25
800041a2:	0000                	unimp
800041a4:	01de                	sll	gp,gp,0x17
800041a6:	0000                	unimp
800041a8:	000001f3          	.insn	4, 0x01f3
800041ac:	0302                	c.slli64	t1
800041ae:	0000                	unimp
800041b0:	02c5                	add	t0,t0,17
800041b2:	0000                	unimp
800041b4:	00b4                	add	a3,sp,72
800041b6:	0000                	unimp
800041b8:	0031                	c.nop	12
800041ba:	0000                	unimp
800041bc:	01e2                	sll	gp,gp,0x18
800041be:	0000                	unimp
800041c0:	00000173          	.insn	4, 0x0173
800041c4:	000002b3          	add	t0,zero,zero
800041c8:	0369                	add	t1,t1,26
800041ca:	0000                	unimp
800041cc:	02d5                	add	t0,t0,21
800041ce:	0000                	unimp
800041d0:	03b1                	add	t2,t2,12 # c <buf.2+0xc>
800041d2:	0000                	unimp
800041d4:	00ad                	add	ra,ra,11
800041d6:	0000                	unimp
800041d8:	03e0                	add	s0,sp,460
800041da:	0000                	unimp
800041dc:	00ba                	sll	ra,ra,0xe
800041de:	0000                	unimp
800041e0:	020e                	sll	tp,tp,0x3
800041e2:	0000                	unimp
800041e4:	0392                	sll	t2,t2,0x4
800041e6:	0000                	unimp
800041e8:	02d1                	add	t0,t0,20
800041ea:	0000                	unimp
800041ec:	0001                	nop
800041ee:	0000                	unimp
800041f0:	000001b3          	add	gp,zero,zero
800041f4:	000003c3          	.insn	4, 0x03c3
800041f8:	00e8                	add	a0,sp,76
800041fa:	0000                	unimp
800041fc:	000000f7          	.insn	4, 0x00f7
80004200:	01f1                	add	gp,gp,28 # 80007fb4 <__global_pointer$+0x1c>
80004202:	0000                	unimp
80004204:	01d0                	add	a2,sp,196
80004206:	0000                	unimp
80004208:	02b9                	add	t0,t0,14
8000420a:	0000                	unimp
8000420c:	016a                	sll	sp,sp,0x1a
8000420e:	0000                	unimp
80004210:	001e                	c.slli	zero,0x7
80004212:	0000                	unimp
80004214:	0209                	add	tp,tp,2 # 2 <buf.2+0x2>
80004216:	0000                	unimp
80004218:	015c                	add	a5,sp,132
8000421a:	0000                	unimp
8000421c:	00e9                	add	ra,ra,26
8000421e:	0000                	unimp
80004220:	00fa                	sll	ra,ra,0x1e
80004222:	0000                	unimp
80004224:	0078                	add	a4,sp,12
80004226:	0000                	unimp
80004228:	015e                	sll	sp,sp,0x17
8000422a:	0000                	unimp
8000422c:	0028                	add	a0,sp,8
8000422e:	0000                	unimp
80004230:	00fa                	sll	ra,ra,0x1e
80004232:	0000                	unimp
80004234:	0000030b          	.insn	4, 0x030b
80004238:	023d                	add	tp,tp,15 # f <buf.2+0xf>
8000423a:	0000                	unimp
8000423c:	000000c3          	.insn	4, 0x00c3
80004240:	0310                	add	a2,sp,384
80004242:	0000                	unimp
80004244:	00a1                	add	ra,ra,8
80004246:	0000                	unimp
80004248:	02ed                	add	t0,t0,27
8000424a:	0000                	unimp
8000424c:	000002e7          	jalr	t0,zero # 0 <buf.2>
80004250:	01f6                	sll	gp,gp,0x1d
80004252:	0000                	unimp
80004254:	000001b7          	lui	gp,0x0
80004258:	00000337          	lui	t1,0x0
8000425c:	00000163          	beqz	zero,8000425e <input_data+0x946>
80004260:	033a                	sll	t1,t1,0xe
80004262:	0000                	unimp
80004264:	00000193          	li	gp,0
80004268:	00aa                	sll	ra,ra,0xa
8000426a:	0000                	unimp
8000426c:	008d                	add	ra,ra,3
8000426e:	0000                	unimp
80004270:	00a0                	add	s0,sp,72
80004272:	0000                	unimp
80004274:	0279                	add	tp,tp,30 # 1e <buf.2+0x1e>
80004276:	0000                	unimp
80004278:	02a2                	sll	t0,t0,0x8
8000427a:	0000                	unimp
8000427c:	0121                	add	sp,sp,8
8000427e:	0000                	unimp
80004280:	0020                	add	s0,sp,8
80004282:	0000                	unimp
80004284:	030e                	sll	t1,t1,0x3
80004286:	0000                	unimp
80004288:	00ca                	sll	ra,ra,0x12
8000428a:	0000                	unimp
8000428c:	0140                	add	s0,sp,132
8000428e:	0000                	unimp
80004290:	0000008f          	.insn	4, 0x008f
80004294:	027c                	add	a5,sp,268
80004296:	0000                	unimp
80004298:	0355                	add	t1,t1,21 # 15 <buf.2+0x15>
8000429a:	0000                	unimp
8000429c:	0076                	c.slli	zero,0x1d
8000429e:	0000                	unimp
800042a0:	005a                	c.slli	zero,0x16
800042a2:	0000                	unimp
800042a4:	0354                	add	a3,sp,388
800042a6:	0000                	unimp
800042a8:	018a                	sll	gp,gp,0x2
800042aa:	0000                	unimp
800042ac:	0046                	c.slli	zero,0x11
800042ae:	0000                	unimp
800042b0:	0000006b          	.insn	4, 0x006b
800042b4:	0330                	add	a2,sp,392
800042b6:	0000                	unimp
800042b8:	00000357          	.insn	4, 0x0357
800042bc:	0184                	add	s1,sp,192
800042be:	0000                	unimp
800042c0:	006a                	c.slli	zero,0x1a
800042c2:	0000                	unimp
800042c4:	03ba                	sll	t2,t2,0xe
800042c6:	0000                	unimp
800042c8:	009d                	add	ra,ra,7
800042ca:	0000                	unimp
800042cc:	0024                	add	s1,sp,8
800042ce:	0000                	unimp
800042d0:	0006                	c.slli	zero,0x1
800042d2:	0000                	unimp
800042d4:	0010                	.insn	2, 0x0010
800042d6:	0000                	unimp
800042d8:	02fd                	add	t0,t0,31
800042da:	0000                	unimp
800042dc:	02ba                	sll	t0,t0,0xe
800042de:	0000                	unimp
800042e0:	00cc                	add	a1,sp,68
800042e2:	0000                	unimp
800042e4:	000002b7          	lui	t0,0x0
800042e8:	00c2                	sll	ra,ra,0x10
800042ea:	0000                	unimp
800042ec:	02a5                	add	t0,t0,9 # 9 <buf.2+0x9>
800042ee:	0000                	unimp
800042f0:	023e                	sll	tp,tp,0xf
800042f2:	0000                	unimp
800042f4:	0256                	sll	tp,tp,0x15
800042f6:	0000                	unimp
800042f8:	00da                	sll	ra,ra,0x16
800042fa:	0000                	unimp
800042fc:	00000373          	.insn	4, 0x0373
80004300:	020e                	sll	tp,tp,0x3
80004302:	0000                	unimp
80004304:	0338                	add	a4,sp,392
80004306:	0000                	unimp
80004308:	00b1                	add	ra,ra,12
8000430a:	0000                	unimp
8000430c:	02ea                	sll	t0,t0,0x1a
8000430e:	0000                	unimp
80004310:	000000ef          	jal	80004310 <input_data+0x9f8>
80004314:	01ce                	sll	gp,gp,0x13
80004316:	0000                	unimp
80004318:	02ba                	sll	t0,t0,0xe
8000431a:	0000                	unimp
8000431c:	01ff 0000 02f5 0000 	.insn	10, 0x0216000002f5000001ff
80004324:	0216 
80004326:	0000                	unimp
80004328:	02c2                	sll	t0,t0,0x10
8000432a:	0000                	unimp
8000432c:	01b8                	add	a4,sp,200
8000432e:	0000                	unimp
80004330:	0031                	c.nop	12
80004332:	0000                	unimp
80004334:	01ac                	add	a1,sp,200
80004336:	0000                	unimp
80004338:	0054                	add	a3,sp,4
8000433a:	0000                	unimp
8000433c:	02dc                	add	a5,sp,324
8000433e:	0000                	unimp
80004340:	031f 0000 02d6      	.insn	6, 0x02d60000031f
80004346:	0000                	unimp
80004348:	037d                	add	t1,t1,31
8000434a:	0000                	unimp
8000434c:	02be                	sll	t0,t0,0xf
8000434e:	0000                	unimp
80004350:	0200                	add	s0,sp,256
80004352:	0000                	unimp
80004354:	00000223          	sb	zero,4(zero) # 4 <buf.2+0x4>
80004358:	0175                	add	sp,sp,29
8000435a:	0000                	unimp
8000435c:	0056                	c.slli	zero,0x15
8000435e:	0000                	unimp
80004360:	01ec                	add	a1,sp,204
80004362:	0000                	unimp
80004364:	031e                	sll	t1,t1,0x7
80004366:	0000                	unimp
80004368:	000e                	c.slli	zero,0x3
8000436a:	0000                	unimp
8000436c:	000000d7          	.insn	4, 0x00d7
80004370:	026d                	add	tp,tp,27 # 1b <buf.2+0x1b>
80004372:	0000                	unimp
80004374:	0015                	c.nop	5
80004376:	0000                	unimp
80004378:	00000053          	.insn	4, 0x0053
8000437c:	0000028b          	.insn	4, 0x028b
80004380:	00000067          	jr	zero # 0 <buf.2>
80004384:	0000003b          	.insn	4, 0x003b
80004388:	031a                	sll	t1,t1,0x6
8000438a:	0000                	unimp
8000438c:	01ad                	add	gp,gp,11 # b <buf.2+0xb>
8000438e:	0000                	unimp
80004390:	0399                	add	t2,t2,6
80004392:	0000                	unimp
80004394:	0291                	add	t0,t0,4
80004396:	0000                	unimp
80004398:	00000283          	lb	t0,0(zero) # 0 <buf.2>
8000439c:	0060                	add	s0,sp,12
8000439e:	0000                	unimp
800043a0:	0370                	add	a2,sp,396
800043a2:	0000                	unimp
800043a4:	03cd                	add	t2,t2,19
800043a6:	0000                	unimp
800043a8:	0342                	sll	t1,t1,0x10
800043aa:	0000                	unimp
800043ac:	00000293          	li	t0,0
800043b0:	000000ef          	jal	800043b0 <input_data+0xa98>
800043b4:	03c6                	sll	t2,t2,0x11
800043b6:	0000                	unimp
800043b8:	01ce                	sll	gp,gp,0x13
800043ba:	0000                	unimp
800043bc:	020c                	add	a1,sp,256
800043be:	0000                	unimp
800043c0:	0072                	c.slli	zero,0x1c
800043c2:	0000                	unimp
800043c4:	003e                	c.slli	zero,0xf
800043c6:	0000                	unimp
800043c8:	0231                	add	tp,tp,12 # c <buf.2+0xc>
800043ca:	0000                	unimp
800043cc:	0271                	add	tp,tp,28 # 1c <buf.2+0x1c>
800043ce:	0000                	unimp
800043d0:	0211                	add	tp,tp,4 # 4 <buf.2+0x4>
800043d2:	0000                	unimp
800043d4:	0000012f          	.insn	4, 0x012f
800043d8:	000a                	c.slli	zero,0x2
800043da:	0000                	unimp
800043dc:	02ca                	sll	t0,t0,0x12
800043de:	0000                	unimp
800043e0:	03e5                	add	t2,t2,25
800043e2:	0000                	unimp
800043e4:	0199                	add	gp,gp,6 # 80007f9e <__global_pointer$+0x6>
800043e6:	0000                	unimp
800043e8:	0388                	add	a0,sp,448
800043ea:	0000                	unimp
800043ec:	00000037          	lui	zero,0x0
800043f0:	00000183          	lb	gp,0(zero) # 0 <buf.2>
800043f4:	02d8                	add	a4,sp,324
800043f6:	0000                	unimp
800043f8:	00000197          	auipc	gp,0x0
800043fc:	0131                	add	sp,sp,12
800043fe:	0000                	unimp
80004400:	0069                	c.nop	26
80004402:	0000                	unimp
80004404:	01b4                	add	a3,sp,200
80004406:	0000                	unimp
80004408:	0000022f          	.insn	4, 0x022f
8000440c:	0385                	add	t2,t2,1
8000440e:	0000                	unimp
80004410:	03a8                	add	a0,sp,456
80004412:	0000                	unimp
80004414:	0250                	add	a2,sp,260
80004416:	0000                	unimp
80004418:	0200                	add	s0,sp,256
8000441a:	0000                	unimp
8000441c:	000002b3          	add	t0,zero,zero
80004420:	0199                	add	gp,gp,6 # 800043fe <input_data+0xae6>
80004422:	0000                	unimp
80004424:	031c                	add	a5,sp,384
80004426:	0000                	unimp
80004428:	012e                	sll	sp,sp,0xb
8000442a:	0000                	unimp
8000442c:	01f1                	add	gp,gp,28 # 80007fb4 <__global_pointer$+0x1c>
8000442e:	0000                	unimp
80004430:	00ca                	sll	ra,ra,0x12
80004432:	0000                	unimp
80004434:	00b1                	add	ra,ra,12
80004436:	0000                	unimp
80004438:	000001ab          	.insn	4, 0x01ab
8000443c:	03ac                	add	a1,sp,456
8000443e:	0000                	unimp
80004440:	0265                	add	tp,tp,25 # 19 <buf.2+0x19>
80004442:	0000                	unimp
80004444:	000003e3          	beqz	zero,80004c4a <input_data+0x1332>
80004448:	00000167          	jalr	sp,zero # 0 <buf.2>
8000444c:	01e0                	add	s0,sp,204
8000444e:	0000                	unimp
80004450:	0209                	add	tp,tp,2 # 2 <buf.2+0x2>
80004452:	0000                	unimp
80004454:	009e                	sll	ra,ra,0x7
80004456:	0000                	unimp
80004458:	02ac                	add	a1,sp,328
8000445a:	0000                	unimp
8000445c:	0336                	sll	t1,t1,0xd
8000445e:	0000                	unimp
80004460:	0016                	c.slli	zero,0x5
80004462:	0000                	unimp
80004464:	00000263          	beqz	zero,80004468 <input_data+0xb50>
80004468:	00b9                	add	ra,ra,14
8000446a:	0000                	unimp
8000446c:	02a8                	add	a0,sp,328
8000446e:	0000                	unimp
80004470:	0138                	add	a4,sp,136
80004472:	0000                	unimp
80004474:	000e                	c.slli	zero,0x3
80004476:	0000                	unimp
80004478:	0000006b          	.insn	4, 0x006b
8000447c:	0000006f          	j	8000447c <input_data+0xb64>
80004480:	0112                	sll	sp,sp,0x4
80004482:	0000                	unimp
80004484:	031d                	add	t1,t1,7
80004486:	0000                	unimp
80004488:	00000183          	lb	gp,0(zero) # 0 <buf.2>
8000448c:	00b9                	add	ra,ra,14
8000448e:	0000                	unimp
80004490:	00f2                	sll	ra,ra,0x1c
80004492:	0000                	unimp
80004494:	0000                	unimp
80004496:	0000                	unimp
80004498:	01e6                	sll	gp,gp,0x19
8000449a:	0000                	unimp
8000449c:	02ce                	sll	t0,t0,0x13
8000449e:	0000                	unimp
800044a0:	0069                	c.nop	26
800044a2:	0000                	unimp
800044a4:	0060                	add	s0,sp,12
800044a6:	0000                	unimp
800044a8:	02ba                	sll	t0,t0,0xe
800044aa:	0000                	unimp
800044ac:	02ed                	add	t0,t0,27
800044ae:	0000                	unimp
800044b0:	00000383          	lb	t2,0(zero) # 0 <buf.2>
800044b4:	000002e3          	beqz	zero,80004cb8 <input_data+0x13a0>
800044b8:	0302                	c.slli64	t1
800044ba:	0000                	unimp
800044bc:	032e                	sll	t1,t1,0xb
800044be:	0000                	unimp
800044c0:	0284                	add	s1,sp,320
800044c2:	0000                	unimp
800044c4:	000001b3          	add	gp,zero,zero
800044c8:	0050                	add	a2,sp,4
800044ca:	0000                	unimp
800044cc:	0146                	sll	sp,sp,0x11
800044ce:	0000                	unimp
800044d0:	00a1                	add	ra,ra,8
800044d2:	0000                	unimp
800044d4:	0025                	c.nop	9
800044d6:	0000                	unimp
800044d8:	00000197          	auipc	gp,0x0
800044dc:	0021                	c.nop	8
800044de:	0000                	unimp
800044e0:	03b2                	sll	t2,t2,0xc
800044e2:	0000                	unimp
800044e4:	025d                	add	tp,tp,23 # 17 <buf.2+0x17>
800044e6:	0000                	unimp
800044e8:	001e                	c.slli	zero,0x7
800044ea:	0000                	unimp
800044ec:	000003a7          	.insn	4, 0x03a7
800044f0:	0300                	add	s0,sp,384
800044f2:	0000                	unimp
800044f4:	0000001b          	.insn	4, 0x001b
800044f8:	0366                	sll	t1,t1,0x19
800044fa:	0000                	unimp
800044fc:	0058                	add	a4,sp,4
800044fe:	0000                	unimp
80004500:	0071                	c.nop	28
80004502:	0000                	unimp
80004504:	01b9                	add	gp,gp,14 # 800044e6 <input_data+0xbce>
80004506:	0000                	unimp
80004508:	0094                	add	a3,sp,64
8000450a:	0000                	unimp
8000450c:	00000153          	.insn	4, 0x0153
80004510:	003e                	c.slli	zero,0xf
80004512:	0000                	unimp
80004514:	0158                	add	a4,sp,132
80004516:	0000                	unimp
80004518:	00000093          	li	ra,0
8000451c:	022a                	sll	tp,tp,0xa
8000451e:	0000                	unimp
80004520:	0346                	sll	t1,t1,0x11
80004522:	0000                	unimp
80004524:	016d                	add	sp,sp,27
80004526:	0000                	unimp
80004528:	034d                	add	t1,t1,19
8000452a:	0000                	unimp
8000452c:	03ba                	sll	t2,t2,0xe
8000452e:	0000                	unimp
80004530:	01b0                	add	a2,sp,200
80004532:	0000                	unimp
80004534:	027f 0000 008d 0000 	.insn	10, 0x018c0000008d0000027f
8000453c:	018c 
8000453e:	0000                	unimp
80004540:	000000d3          	.insn	4, 0x00d3
80004544:	03df 0000 0331      	.insn	6, 0x0331000003df
8000454a:	0000                	unimp
8000454c:	00f9                	add	ra,ra,30
8000454e:	0000                	unimp
80004550:	0335                	add	t1,t1,13
80004552:	0000                	unimp
80004554:	0152                	sll	sp,sp,0x14
80004556:	0000                	unimp
80004558:	0232                	sll	tp,tp,0xc
8000455a:	0000                	unimp
8000455c:	0340                	add	s0,sp,388
8000455e:	0000                	unimp
80004560:	016c                	add	a1,sp,140
80004562:	0000                	unimp
80004564:	03ce                	sll	t2,t2,0x13
80004566:	0000                	unimp
80004568:	00000267          	jalr	tp,zero # 0 <buf.2>
8000456c:	0189                	add	gp,gp,2 # 80007f9a <__global_pointer$+0x2>
8000456e:	0000                	unimp
80004570:	000001ef          	jal	gp,80004570 <input_data+0xc58>
80004574:	010a                	sll	sp,sp,0x2
80004576:	0000                	unimp
80004578:	032c                	add	a1,sp,392
8000457a:	0000                	unimp
8000457c:	01d6                	sll	gp,gp,0x15
8000457e:	0000                	unimp
80004580:	0394                	add	a3,sp,448
80004582:	0000                	unimp
80004584:	015c                	add	a5,sp,132
80004586:	0000                	unimp
80004588:	009f 0000 0150      	.insn	6, 0x01500000009f
8000458e:	0000                	unimp
80004590:	01ae                	sll	gp,gp,0xb
80004592:	0000                	unimp
80004594:	000001a3          	sb	zero,3(zero) # 3 <buf.2+0x3>
80004598:	00000323          	sb	zero,6(zero) # 6 <buf.2+0x6>
8000459c:	00f9                	add	ra,ra,30
8000459e:	0000                	unimp
800045a0:	00b4                	add	a3,sp,72
800045a2:	0000                	unimp
800045a4:	000000d7          	.insn	4, 0x00d7
800045a8:	0220                	add	s0,sp,264
800045aa:	0000                	unimp
800045ac:	021e                	sll	tp,tp,0x7
800045ae:	0000                	unimp
800045b0:	0348                	add	a0,sp,388
800045b2:	0000                	unimp
800045b4:	00000387          	.insn	4, 0x0387
800045b8:	01ca                	sll	gp,gp,0x12
800045ba:	0000                	unimp
800045bc:	027c                	add	a5,sp,268
800045be:	0000                	unimp
800045c0:	0312                	sll	t1,t1,0x4
800045c2:	0000                	unimp
800045c4:	02d9                	add	t0,t0,22
800045c6:	0000                	unimp
800045c8:	0368                	add	a0,sp,396
800045ca:	0000                	unimp
800045cc:	0245                	add	tp,tp,17 # 11 <buf.2+0x11>
800045ce:	0000                	unimp
800045d0:	0000031b          	.insn	4, 0x031b
800045d4:	0334                	add	a3,sp,392
800045d6:	0000                	unimp
800045d8:	0326                	sll	t1,t1,0x9
800045da:	0000                	unimp
800045dc:	029f 0000 02f6      	.insn	6, 0x02f60000029f
800045e2:	0000                	unimp
800045e4:	000003d3          	.insn	4, 0x03d3
800045e8:	0068                	add	a0,sp,12
800045ea:	0000                	unimp
800045ec:	01a2                	sll	gp,gp,0x8
800045ee:	0000                	unimp
800045f0:	0191                	add	gp,gp,4 # 80007f9c <__global_pointer$+0x4>
800045f2:	0000                	unimp
800045f4:	029e                	sll	t0,t0,0x7
800045f6:	0000                	unimp
800045f8:	00fe                	sll	ra,ra,0x1f
800045fa:	0000                	unimp
800045fc:	0398                	add	a4,sp,448
800045fe:	0000                	unimp
80004600:	03d8                	add	a4,sp,452
80004602:	0000                	unimp
80004604:	0238                	add	a4,sp,264
80004606:	0000                	unimp
80004608:	0088                	add	a0,sp,64
8000460a:	0000                	unimp
8000460c:	02e9                	add	t0,t0,26
8000460e:	0000                	unimp
80004610:	02d9                	add	t0,t0,22
80004612:	0000                	unimp
80004614:	0296                	sll	t0,t0,0x5
80004616:	0000                	unimp
80004618:	0248                	add	a0,sp,260
8000461a:	0000                	unimp
8000461c:	0000008b          	.insn	4, 0x008b
80004620:	031a                	sll	t1,t1,0x6
80004622:	0000                	unimp
80004624:	0181                	add	gp,gp,0 # 80007f98 <__global_pointer$>
80004626:	0000                	unimp
80004628:	019e                	sll	gp,gp,0x7
8000462a:	0000                	unimp
8000462c:	039f 0000 0210      	.insn	6, 0x02100000039f
80004632:	0000                	unimp
80004634:	00ad                	add	ra,ra,11
80004636:	0000                	unimp
80004638:	000002c3          	.insn	4, 0x02c3
8000463c:	01c9                	add	gp,gp,18 # 80007faa <__global_pointer$+0x12>
8000463e:	0000                	unimp
80004640:	022a                	sll	tp,tp,0xa
80004642:	0000                	unimp
80004644:	013c                	add	a5,sp,136
80004646:	0000                	unimp
80004648:	017a                	sll	sp,sp,0x1e
8000464a:	0000                	unimp
8000464c:	000000b7          	lui	ra,0x0
80004650:	02fe                	sll	t0,t0,0x1f
80004652:	0000                	unimp
80004654:	01dd                	add	gp,gp,23 # 80007faf <__global_pointer$+0x17>
80004656:	0000                	unimp
80004658:	03d1                	add	t2,t2,20
8000465a:	0000                	unimp
8000465c:	00c4                	add	s1,sp,68
8000465e:	0000                	unimp
80004660:	00ec                	add	a1,sp,76
80004662:	0000                	unimp
80004664:	0000018f          	.insn	4, 0x018f
80004668:	000003b3          	add	t2,zero,zero
8000466c:	01a0                	add	s0,sp,200
8000466e:	0000                	unimp
80004670:	00e5                	add	ra,ra,25 # 19 <buf.2+0x19>
80004672:	0000                	unimp
80004674:	0325                	add	t1,t1,9
80004676:	0000                	unimp
80004678:	00a5                	add	ra,ra,9
8000467a:	0000                	unimp
8000467c:	03e4                	add	s1,sp,460
8000467e:	0000                	unimp
80004680:	01f9                	add	gp,gp,30 # 80007fb6 <__global_pointer$+0x1e>
80004682:	0000                	unimp
80004684:	010e                	sll	sp,sp,0x3
80004686:	0000                	unimp
80004688:	0069                	c.nop	26
8000468a:	0000                	unimp
8000468c:	02df 0000 02c0      	.insn	6, 0x02c0000002df
80004692:	0000                	unimp
80004694:	02b8                	add	a4,sp,328
80004696:	0000                	unimp
80004698:	031c                	add	a5,sp,384
8000469a:	0000                	unimp
8000469c:	0339                	add	t1,t1,14
8000469e:	0000                	unimp
800046a0:	008c                	add	a1,sp,64
800046a2:	0000                	unimp
800046a4:	0210                	add	a2,sp,256
800046a6:	0000                	unimp
800046a8:	0000012f          	.insn	4, 0x012f
800046ac:	0032                	c.slli	zero,0xc
800046ae:	0000                	unimp
800046b0:	0000031b          	.insn	4, 0x031b
800046b4:	0000026f          	jal	tp,800046b4 <input_data+0xd9c>
800046b8:	0000027b          	.insn	4, 0x027b
800046bc:	0219                	add	tp,tp,6 # 6 <buf.2+0x6>
800046be:	0000                	unimp
800046c0:	0230                	add	a2,sp,264
800046c2:	0000                	unimp
800046c4:	00000057          	.insn	4, 0x0057
800046c8:	00000077          	.insn	4, 0x0077
800046cc:	0126                	sll	sp,sp,0x9
800046ce:	0000                	unimp
800046d0:	0008                	.insn	2, 0x0008
800046d2:	0000                	unimp
800046d4:	00000363          	beqz	zero,800046da <input_data+0xdc2>
800046d8:	0214                	add	a3,sp,256
800046da:	0000                	unimp
800046dc:	006e                	c.slli	zero,0x1b
800046de:	0000                	unimp
800046e0:	032e                	sll	t1,t1,0xb
800046e2:	0000                	unimp
800046e4:	018e                	sll	gp,gp,0x3
800046e6:	0000                	unimp
800046e8:	0025                	c.nop	9
800046ea:	0000                	unimp
800046ec:	030d                	add	t1,t1,3
800046ee:	0000                	unimp
800046f0:	0248                	add	a0,sp,260
800046f2:	0000                	unimp
800046f4:	0286                	sll	t0,t0,0x1
800046f6:	0000                	unimp
800046f8:	000002e3          	beqz	zero,80004efc <input_data+0x15e4>
800046fc:	00000177          	.insn	4, 0x0177
80004700:	0000026b          	.insn	4, 0x026b
80004704:	000003af          	.insn	4, 0x03af
80004708:	02ff 0000 0381 0000 	.insn	10, 0x01de00000381000002ff
80004710:	01de 
80004712:	0000                	unimp
80004714:	024d                	add	tp,tp,19 # 13 <buf.2+0x13>
80004716:	0000                	unimp
80004718:	0039                	c.nop	14
8000471a:	0000                	unimp
8000471c:	002c                	add	a1,sp,8
8000471e:	0000                	unimp
80004720:	03be                	sll	t2,t2,0xf
80004722:	0000                	unimp
80004724:	0120                	add	s0,sp,136
80004726:	0000                	unimp
80004728:	0310                	add	a2,sp,384
8000472a:	0000                	unimp
8000472c:	034d                	add	t1,t1,19
8000472e:	0000                	unimp
80004730:	03d9                	add	t2,t2,22
80004732:	0000                	unimp
80004734:	02e6                	sll	t0,t0,0x19
80004736:	0000                	unimp
80004738:	0345                	add	t1,t1,17
8000473a:	0000                	unimp
8000473c:	00000063          	beqz	zero,8000473c <input_data+0xe24>
80004740:	00000133          	add	sp,zero,zero
80004744:	020a                	sll	tp,tp,0x2
80004746:	0000                	unimp
80004748:	00000043          	.insn	4, 0x0043
8000474c:	000001bb          	.insn	4, 0x01bb
80004750:	0338                	add	a4,sp,392
80004752:	0000                	unimp
80004754:	01b0                	add	a2,sp,200
80004756:	0000                	unimp
80004758:	03e4                	add	s1,sp,460
8000475a:	0000                	unimp
8000475c:	00a5                	add	ra,ra,9
8000475e:	0000                	unimp
80004760:	02ed                	add	t0,t0,27
80004762:	0000                	unimp
80004764:	03a2                	sll	t2,t2,0x8
80004766:	0000                	unimp
80004768:	000000ab          	.insn	4, 0x00ab
8000476c:	001c                	.insn	2, 0x001c
8000476e:	0000                	unimp
80004770:	033a                	sll	t1,t1,0xe
80004772:	0000                	unimp
80004774:	01cd                	add	gp,gp,19 # 80007fab <__global_pointer$+0x13>
80004776:	0000                	unimp
80004778:	026d                	add	tp,tp,27 # 1b <buf.2+0x1b>
8000477a:	0000                	unimp
8000477c:	00000143          	.insn	4, 0x0143
80004780:	0000009b          	.insn	4, 0x009b
80004784:	0110                	add	a2,sp,128
80004786:	0000                	unimp
80004788:	033a                	sll	t1,t1,0xe
8000478a:	0000                	unimp
8000478c:	0178                	add	a4,sp,140
8000478e:	0000                	unimp
80004790:	0000002b          	.insn	4, 0x002b
80004794:	0154                	add	a3,sp,132
80004796:	0000                	unimp
80004798:	02b6                	sll	t0,t0,0xd
8000479a:	0000                	unimp
8000479c:	0382                	c.slli64	t2
8000479e:	0000                	unimp
800047a0:	0050                	add	a2,sp,4
800047a2:	0000                	unimp
800047a4:	009e                	sll	ra,ra,0x7
800047a6:	0000                	unimp
800047a8:	00ec                	add	a1,sp,76
800047aa:	0000                	unimp
800047ac:	00a8                	add	a0,sp,72
800047ae:	0000                	unimp
800047b0:	000002eb          	.insn	4, 0x02eb
800047b4:	000001bb          	.insn	4, 0x01bb
800047b8:	02e8                	add	a0,sp,332
800047ba:	0000                	unimp
800047bc:	00c1                	add	ra,ra,16
800047be:	0000                	unimp
800047c0:	0109                	add	sp,sp,2
800047c2:	0000                	unimp
800047c4:	00000277          	.insn	4, 0x0277
800047c8:	007c                	add	a5,sp,12
800047ca:	0000                	unimp
800047cc:	000003a7          	.insn	4, 0x03a7
800047d0:	000002db          	.insn	4, 0x02db
800047d4:	0112                	sll	sp,sp,0x4
800047d6:	0000                	unimp
800047d8:	03ad                	add	t2,t2,11
800047da:	0000                	unimp
800047dc:	030d                	add	t1,t1,3
800047de:	0000                	unimp
800047e0:	01a9                	add	gp,gp,10 # 80007fa2 <__global_pointer$+0xa>
800047e2:	0000                	unimp
800047e4:	00b9                	add	ra,ra,14
800047e6:	0000                	unimp
800047e8:	0172                	sll	sp,sp,0x1c
800047ea:	0000                	unimp
800047ec:	0000026b          	.insn	4, 0x026b
800047f0:	0140                	add	s0,sp,132
800047f2:	0000                	unimp
800047f4:	0124                	add	s1,sp,136
800047f6:	0000                	unimp
800047f8:	010d                	add	sp,sp,3
800047fa:	0000                	unimp
800047fc:	03a5                	add	t2,t2,9
800047fe:	0000                	unimp
80004800:	021e                	sll	tp,tp,0x7
80004802:	0000                	unimp
80004804:	009c                	add	a5,sp,64
80004806:	0000                	unimp
80004808:	000002fb          	.insn	4, 0x02fb
8000480c:	0000033b          	.insn	4, 0x033b
80004810:	02f0                	add	a2,sp,332
80004812:	0000                	unimp
80004814:	0058                	add	a4,sp,4
80004816:	0000                	unimp
80004818:	00000393          	li	t2,0
8000481c:	000003db          	.insn	4, 0x03db
80004820:	000e                	c.slli	zero,0x3
80004822:	0000                	unimp
80004824:	0275                	add	tp,tp,29 # 1d <buf.2+0x1d>
80004826:	0000                	unimp
80004828:	0001                	nop
8000482a:	0000                	unimp
8000482c:	0289                	add	t0,t0,2
8000482e:	0000                	unimp
80004830:	038a                	sll	t2,t2,0x2
80004832:	0000                	unimp
80004834:	0020                	add	s0,sp,8
80004836:	0000                	unimp
80004838:	000003e3          	beqz	zero,8000503e <input_data+0x1726>
8000483c:	0001                	nop
8000483e:	0000                	unimp
80004840:	0329                	add	t1,t1,10
80004842:	0000                	unimp
80004844:	02e8                	add	a0,sp,332
80004846:	0000                	unimp
80004848:	0230                	add	a2,sp,264
8000484a:	0000                	unimp
8000484c:	0000018f          	.insn	4, 0x018f
80004850:	0369                	add	t1,t1,26
80004852:	0000                	unimp
80004854:	00000393          	li	t2,0
80004858:	03cc                	add	a1,sp,452
8000485a:	0000                	unimp
8000485c:	00000317          	auipc	t1,0x0
80004860:	0121                	add	sp,sp,8
80004862:	0000                	unimp
80004864:	022a                	sll	tp,tp,0xa
80004866:	0000                	unimp
80004868:	01fd                	add	gp,gp,31 # 80007fb7 <__global_pointer$+0x1f>
8000486a:	0000                	unimp
8000486c:	03d8                	add	a4,sp,452
8000486e:	0000                	unimp
80004870:	022e                	sll	tp,tp,0xb
80004872:	0000                	unimp
80004874:	0212                	sll	tp,tp,0x4
80004876:	0000                	unimp
80004878:	03ca                	sll	t2,t2,0x12
8000487a:	0000                	unimp
8000487c:	0258                	add	a4,sp,260
8000487e:	0000                	unimp
80004880:	0195                	add	gp,gp,5 # 80007f9d <__global_pointer$+0x5>
80004882:	0000                	unimp
80004884:	0191                	add	gp,gp,4 # 80007f9c <__global_pointer$+0x4>
80004886:	0000                	unimp
80004888:	00000243          	.insn	4, 0x0243
8000488c:	000002ab          	.insn	4, 0x02ab
80004890:	0125                	add	sp,sp,9
80004892:	0000                	unimp
80004894:	021c                	add	a5,sp,256
80004896:	0000                	unimp
80004898:	000000fb          	.insn	4, 0x00fb
8000489c:	00000387          	.insn	4, 0x0387
800048a0:	0351                	add	t1,t1,20 # 80004870 <input_data+0xf58>
800048a2:	0000                	unimp
800048a4:	0078                	add	a4,sp,12
800048a6:	0000                	unimp
800048a8:	0081                	add	ra,ra,0
800048aa:	0000                	unimp
800048ac:	000003e3          	beqz	zero,800050b2 <input_data+0x179a>
800048b0:	01c4                	add	s1,sp,196
800048b2:	0000                	unimp
800048b4:	0209                	add	tp,tp,2 # 2 <buf.2+0x2>
800048b6:	0000                	unimp
800048b8:	02cc                	add	a1,sp,324
800048ba:	0000                	unimp
800048bc:	026e                	sll	tp,tp,0x1b
800048be:	0000                	unimp
800048c0:	0056                	c.slli	zero,0x15
800048c2:	0000                	unimp
800048c4:	00e0                	add	s0,sp,76
800048c6:	0000                	unimp
800048c8:	02a6                	sll	t0,t0,0x9
800048ca:	0000                	unimp
800048cc:	037f 0000 00b5 0000 	.insn	10, 0x0212000000b50000037f
800048d4:	0212 
800048d6:	0000                	unimp
800048d8:	00f0                	add	a2,sp,76
800048da:	0000                	unimp
800048dc:	0334                	add	a3,sp,392
800048de:	0000                	unimp
800048e0:	0000014f          	.insn	4, 0x014f
800048e4:	0000028b          	.insn	4, 0x028b
800048e8:	0319                	add	t1,t1,6
800048ea:	0000                	unimp
800048ec:	00e2                	sll	ra,ra,0x18
800048ee:	0000                	unimp
800048f0:	0281                	add	t0,t0,0
800048f2:	0000                	unimp
800048f4:	0060                	add	s0,sp,12
800048f6:	0000                	unimp
800048f8:	0001                	nop
800048fa:	0000                	unimp
800048fc:	0106                	sll	sp,sp,0x1
800048fe:	0000                	unimp
80004900:	0140                	add	s0,sp,132
80004902:	0000                	unimp
80004904:	0239                	add	tp,tp,14 # e <buf.2+0xe>
80004906:	0000                	unimp
80004908:	000003db          	.insn	4, 0x03db
8000490c:	00ee                	sll	ra,ra,0x1b
8000490e:	0000                	unimp
80004910:	0286                	sll	t0,t0,0x1
80004912:	0000                	unimp
80004914:	007e                	c.slli	zero,0x1f
80004916:	0000                	unimp
80004918:	02f2                	sll	t0,t0,0x1c
8000491a:	0000                	unimp
8000491c:	0262                	sll	tp,tp,0x18
8000491e:	0000                	unimp
80004920:	03be                	sll	t2,t2,0xf
80004922:	0000                	unimp
80004924:	000000bf 000000cb 	.insn	8, 0x00cb000000bf
8000492c:	00ee                	sll	ra,ra,0x1b
8000492e:	0000                	unimp
80004930:	008e                	sll	ra,ra,0x3
80004932:	0000                	unimp
80004934:	031c                	add	a5,sp,384
80004936:	0000                	unimp
80004938:	00b4                	add	a3,sp,72
8000493a:	0000                	unimp
8000493c:	0374                	add	a3,sp,396
8000493e:	0000                	unimp
80004940:	0000012b          	.insn	4, 0x012b
80004944:	023d                	add	tp,tp,15 # f <buf.2+0xf>
80004946:	0000                	unimp
80004948:	00a5                	add	ra,ra,9
8000494a:	0000                	unimp
8000494c:	006c                	add	a1,sp,12
8000494e:	0000                	unimp
80004950:	02f9                	add	t0,t0,30
80004952:	0000                	unimp
80004954:	008c                	add	a1,sp,64
80004956:	0000                	unimp
80004958:	03ce                	sll	t2,t2,0x13
8000495a:	0000                	unimp
8000495c:	0315                	add	t1,t1,5
8000495e:	0000                	unimp
80004960:	0286                	sll	t0,t0,0x1
80004962:	0000                	unimp
80004964:	0354                	add	a3,sp,388
80004966:	0000                	unimp
80004968:	0000022f          	.insn	4, 0x022f
8000496c:	00000017          	auipc	zero,0x0
80004970:	0000026b          	.insn	4, 0x026b
80004974:	02c0                	add	s0,sp,324
80004976:	0000                	unimp
80004978:	01a6                	sll	gp,gp,0x9
8000497a:	0000                	unimp
8000497c:	037a                	sll	t1,t1,0x1e
8000497e:	0000                	unimp
80004980:	0104                	add	s1,sp,128
80004982:	0000                	unimp
80004984:	01e0                	add	s0,sp,204
80004986:	0000                	unimp
80004988:	0235                	add	tp,tp,13 # d <buf.2+0xd>
8000498a:	0000                	unimp
8000498c:	0034                	add	a3,sp,8
8000498e:	0000                	unimp
80004990:	021e                	sll	tp,tp,0x7
80004992:	0000                	unimp
80004994:	0174                	add	a3,sp,140
80004996:	0000                	unimp
80004998:	01ec                	add	a1,sp,204
8000499a:	0000                	unimp
8000499c:	00c9                	add	ra,ra,18
8000499e:	0000                	unimp
800049a0:	03df 0000 0222      	.insn	6, 0x0222000003df
800049a6:	0000                	unimp
800049a8:	02e9                	add	t0,t0,26
800049aa:	0000                	unimp
800049ac:	0198                	add	a4,sp,192
800049ae:	0000                	unimp
800049b0:	000000cf          	.insn	4, 0x00cf
800049b4:	00000077          	.insn	4, 0x0077
800049b8:	0174                	add	a3,sp,140
800049ba:	0000                	unimp
800049bc:	0285                	add	t0,t0,1
800049be:	0000                	unimp
800049c0:	03a4                	add	s1,sp,456
800049c2:	0000                	unimp
800049c4:	01d0                	add	a2,sp,196
800049c6:	0000                	unimp
800049c8:	0298                	add	a4,sp,320
800049ca:	0000                	unimp
800049cc:	0051                	c.nop	20
800049ce:	0000                	unimp
800049d0:	0022                	c.slli	zero,0x8
800049d2:	0000                	unimp
800049d4:	0125                	add	sp,sp,9
800049d6:	0000                	unimp
800049d8:	0215                	add	tp,tp,5 # 5 <buf.2+0x5>
800049da:	0000                	unimp
800049dc:	0034                	add	a3,sp,8
800049de:	0000                	unimp
800049e0:	01de                	sll	gp,gp,0x17
800049e2:	0000                	unimp
800049e4:	0370                	add	a2,sp,396
800049e6:	0000                	unimp
800049e8:	038c                	add	a1,sp,448
800049ea:	0000                	unimp
800049ec:	00e0                	add	s0,sp,76
800049ee:	0000                	unimp
800049f0:	000000cb          	.insn	4, 0x00cb
800049f4:	02e8                	add	a0,sp,332
800049f6:	0000                	unimp
800049f8:	0021                	c.nop	8
800049fa:	0000                	unimp
800049fc:	02df 0000 00d6      	.insn	6, 0x00d6000002df
80004a02:	0000                	unimp
80004a04:	0376                	sll	t1,t1,0x1d
80004a06:	0000                	unimp
80004a08:	016d                	add	sp,sp,27
80004a0a:	0000                	unimp
80004a0c:	000000a7          	.insn	4, 0x00a7
80004a10:	037c                	add	a5,sp,396
80004a12:	0000                	unimp
80004a14:	0001                	nop
80004a16:	0000                	unimp
80004a18:	030d                	add	t1,t1,3
80004a1a:	0000                	unimp
80004a1c:	0214                	add	a3,sp,256
80004a1e:	0000                	unimp
80004a20:	02a8                	add	a0,sp,328
80004a22:	0000                	unimp
80004a24:	0141                	add	sp,sp,16
80004a26:	0000                	unimp
80004a28:	02c1                	add	t0,t0,16
80004a2a:	0000                	unimp
80004a2c:	00a9                	add	ra,ra,10
80004a2e:	0000                	unimp
80004a30:	02b0                	add	a2,sp,328
80004a32:	0000                	unimp
80004a34:	01e5                	add	gp,gp,25 # 80007fb1 <__global_pointer$+0x19>
80004a36:	0000                	unimp
80004a38:	000003b3          	add	t2,zero,zero
80004a3c:	0065                	c.nop	25
80004a3e:	0000                	unimp
80004a40:	0182                	c.slli64	gp
80004a42:	0000                	unimp
80004a44:	00b1                	add	ra,ra,12
80004a46:	0000                	unimp
80004a48:	0032                	c.slli	zero,0xc
80004a4a:	0000                	unimp
80004a4c:	002a                	c.slli	zero,0xa
80004a4e:	0000                	unimp
80004a50:	0065                	c.nop	25
80004a52:	0000                	unimp
80004a54:	02c4                	add	s1,sp,324
80004a56:	0000                	unimp
80004a58:	01da                	sll	gp,gp,0x16
80004a5a:	0000                	unimp
80004a5c:	028e                	sll	t0,t0,0x3
80004a5e:	0000                	unimp
80004a60:	0000018f          	.insn	4, 0x018f
80004a64:	00000393          	li	t2,0
80004a68:	000002a7          	.insn	4, 0x02a7
80004a6c:	0271                	add	tp,tp,28 # 1c <buf.2+0x1c>
80004a6e:	0000                	unimp
80004a70:	014a                	sll	sp,sp,0x12
80004a72:	0000                	unimp
80004a74:	00f2                	sll	ra,ra,0x1c
80004a76:	0000                	unimp
80004a78:	03b8                	add	a4,sp,456
80004a7a:	0000                	unimp
80004a7c:	0336                	sll	t1,t1,0xd
80004a7e:	0000                	unimp
80004a80:	000001d7          	.insn	4, 0x01d7
80004a84:	0000031b          	.insn	4, 0x031b
80004a88:	01dd                	add	gp,gp,23 # 80007faf <__global_pointer$+0x17>
80004a8a:	0000                	unimp
80004a8c:	0281                	add	t0,t0,0
80004a8e:	0000                	unimp
80004a90:	02d5                	add	t0,t0,21
80004a92:	0000                	unimp
80004a94:	00fc                	add	a5,sp,76
80004a96:	0000                	unimp
80004a98:	02c9                	add	t0,t0,18
80004a9a:	0000                	unimp
80004a9c:	00f5                	add	ra,ra,29
80004a9e:	0000                	unimp
80004aa0:	03a9                	add	t2,t2,10
80004aa2:	0000                	unimp
80004aa4:	00000097          	auipc	ra,0x0
80004aa8:	0211                	add	tp,tp,4 # 4 <buf.2+0x4>
80004aaa:	0000                	unimp
80004aac:	036c                	add	a1,sp,396
80004aae:	0000                	unimp
80004ab0:	0366                	sll	t1,t1,0x19
80004ab2:	0000                	unimp
80004ab4:	014d                	add	sp,sp,19
80004ab6:	0000                	unimp
80004ab8:	004d                	c.nop	19
80004aba:	0000                	unimp
80004abc:	0259                	add	tp,tp,22 # 16 <buf.2+0x16>
80004abe:	0000                	unimp
80004ac0:	0221                	add	tp,tp,8 # 8 <buf.2+0x8>
80004ac2:	0000                	unimp
80004ac4:	03aa                	sll	t2,t2,0xa
80004ac6:	0000                	unimp
80004ac8:	0000038b          	.insn	4, 0x038b
80004acc:	00000307          	.insn	4, 0x0307
80004ad0:	0355                	add	t1,t1,21
80004ad2:	0000                	unimp
80004ad4:	018d                	add	gp,gp,3 # 80007f9b <__global_pointer$+0x3>
80004ad6:	0000                	unimp
80004ad8:	0000008f          	.insn	4, 0x008f
80004adc:	00e9                	add	ra,ra,26 # 80004abe <input_data+0x11a6>
80004ade:	0000                	unimp
80004ae0:	000003d3          	.insn	4, 0x03d3
80004ae4:	000002f3          	.insn	4, 0x02f3
80004ae8:	000000ef          	jal	80004ae8 <input_data+0x11d0>
80004aec:	01c6                	sll	gp,gp,0x11
80004aee:	0000                	unimp
80004af0:	0069                	c.nop	26
80004af2:	0000                	unimp
80004af4:	01a8                	add	a0,sp,200
80004af6:	0000                	unimp
80004af8:	016d                	add	sp,sp,27
80004afa:	0000                	unimp
80004afc:	00d2                	sll	ra,ra,0x14
80004afe:	0000                	unimp
80004b00:	0062                	c.slli	zero,0x18
80004b02:	0000                	unimp
80004b04:	03c2                	sll	t2,t2,0x10
80004b06:	0000                	unimp
80004b08:	0036                	c.slli	zero,0xd
80004b0a:	0000                	unimp
80004b0c:	0384                	add	s1,sp,448
80004b0e:	0000                	unimp
80004b10:	0062                	c.slli	zero,0x18
80004b12:	0000                	unimp
80004b14:	0000039b          	.insn	4, 0x039b
80004b18:	01b8                	add	a4,sp,200
80004b1a:	0000                	unimp
80004b1c:	0000028f          	.insn	4, 0x028f
80004b20:	02fc                	add	a5,sp,332
80004b22:	0000                	unimp
80004b24:	0211                	add	tp,tp,4 # 4 <buf.2+0x4>
80004b26:	0000                	unimp
80004b28:	0000013b          	.insn	4, 0x013b
80004b2c:	00000253          	.insn	4, 0x0253
80004b30:	0150                	add	a2,sp,132
80004b32:	0000                	unimp
80004b34:	005a                	c.slli	zero,0x16
80004b36:	0000                	unimp
80004b38:	02b9                	add	t0,t0,14
80004b3a:	0000                	unimp
80004b3c:	01d0                	add	a2,sp,196
80004b3e:	0000                	unimp
80004b40:	0306                	sll	t1,t1,0x1
80004b42:	0000                	unimp
80004b44:	02ad                	add	t0,t0,11
80004b46:	0000                	unimp
80004b48:	02d6                	sll	t0,t0,0x15
80004b4a:	0000                	unimp
80004b4c:	0046                	c.slli	zero,0x11
80004b4e:	0000                	unimp
80004b50:	0144                	add	s1,sp,132
80004b52:	0000                	unimp
80004b54:	02f2                	sll	t0,t0,0x1c
80004b56:	0000                	unimp
80004b58:	011a                	sll	sp,sp,0x6
80004b5a:	0000                	unimp
80004b5c:	0020                	add	s0,sp,8
80004b5e:	0000                	unimp
80004b60:	0218                	add	a4,sp,256
80004b62:	0000                	unimp
80004b64:	01ee                	sll	gp,gp,0x1b
80004b66:	0000                	unimp
80004b68:	026e                	sll	tp,tp,0x1b
80004b6a:	0000                	unimp
80004b6c:	0019                	c.nop	6
80004b6e:	0000                	unimp
80004b70:	0252                	sll	tp,tp,0x14
80004b72:	0000                	unimp
80004b74:	0185                	add	gp,gp,1 # 80007f99 <__global_pointer$+0x1>
80004b76:	0000                	unimp
80004b78:	037a                	sll	t1,t1,0x1e
80004b7a:	0000                	unimp
80004b7c:	01e8                	add	a0,sp,204
80004b7e:	0000                	unimp
80004b80:	0000004b          	.insn	4, 0x004b
80004b84:	0025                	c.nop	9
80004b86:	0000                	unimp
80004b88:	0122                	sll	sp,sp,0x8
80004b8a:	0000                	unimp
80004b8c:	0199                	add	gp,gp,6 # 80007f9e <__global_pointer$+0x6>
80004b8e:	0000                	unimp
80004b90:	01f0                	add	a2,sp,204
80004b92:	0000                	unimp
80004b94:	027f 0000 02d6 0000 	.insn	10, 0x001b000002d60000027f
80004b9c:	001b 
80004b9e:	0000                	unimp
80004ba0:	01c1                	add	gp,gp,16 # 80007fa8 <__global_pointer$+0x10>
80004ba2:	0000                	unimp
80004ba4:	03b6                	sll	t2,t2,0xd
80004ba6:	0000                	unimp
80004ba8:	0224                	add	s1,sp,264
80004baa:	0000                	unimp
80004bac:	0000021b          	.insn	4, 0x021b
80004bb0:	00000087          	.insn	4, 0x0087
80004bb4:	0050                	add	a2,sp,4
80004bb6:	0000                	unimp
80004bb8:	0284                	add	s1,sp,320
80004bba:	0000                	unimp
80004bbc:	0000012f          	.insn	4, 0x012f
80004bc0:	0346                	sll	t1,t1,0x11
80004bc2:	0000                	unimp
80004bc4:	000002d3          	.insn	4, 0x02d3
80004bc8:	0122                	sll	sp,sp,0x8
80004bca:	0000                	unimp
80004bcc:	02de                	sll	t0,t0,0x17
80004bce:	0000                	unimp
80004bd0:	02ff 0000 007d 0000 	.insn	10, 0x00a20000007d000002ff
80004bd8:	00a2 
80004bda:	0000                	unimp
80004bdc:	0228                	add	a0,sp,264
80004bde:	0000                	unimp
80004be0:	019f 0000 00f8      	.insn	6, 0x00f80000019f
80004be6:	0000                	unimp
80004be8:	000001eb          	.insn	4, 0x01eb
80004bec:	0000006b          	.insn	4, 0x006b
80004bf0:	03d9                	add	t2,t2,22
80004bf2:	0000                	unimp
80004bf4:	016a                	sll	sp,sp,0x1a
80004bf6:	0000                	unimp
80004bf8:	0074                	add	a3,sp,12
80004bfa:	0000                	unimp
80004bfc:	0030                	add	a2,sp,8
80004bfe:	0000                	unimp
80004c00:	0269                	add	tp,tp,26 # 1a <buf.2+0x1a>
80004c02:	0000                	unimp
80004c04:	0365                	add	t1,t1,25
80004c06:	0000                	unimp
80004c08:	0000035b          	.insn	4, 0x035b
80004c0c:	0090                	add	a2,sp,64
80004c0e:	0000                	unimp
80004c10:	000000eb          	.insn	4, 0x00eb
80004c14:	0349                	add	t1,t1,18
80004c16:	0000                	unimp
80004c18:	011a                	sll	sp,sp,0x6
80004c1a:	0000                	unimp
80004c1c:	02d4                	add	a3,sp,324
80004c1e:	0000                	unimp
80004c20:	0000023b          	.insn	4, 0x023b
80004c24:	0000014f          	.insn	4, 0x014f
80004c28:	0391                	add	t2,t2,4
80004c2a:	0000                	unimp
80004c2c:	01d6                	sll	gp,gp,0x15
80004c2e:	0000                	unimp
80004c30:	0230                	add	a2,sp,264
80004c32:	0000                	unimp
80004c34:	00000107          	.insn	4, 0x0107
80004c38:	00c2                	sll	ra,ra,0x10
80004c3a:	0000                	unimp
80004c3c:	00000157          	.insn	4, 0x0157
80004c40:	00f2                	sll	ra,ra,0x1c
80004c42:	0000                	unimp
80004c44:	0329                	add	t1,t1,10
80004c46:	0000                	unimp
80004c48:	030e                	sll	t1,t1,0x3
80004c4a:	0000                	unimp
80004c4c:	02a5                	add	t0,t0,9
80004c4e:	0000                	unimp
80004c50:	03d9                	add	t2,t2,22
80004c52:	0000                	unimp
80004c54:	00000153          	.insn	4, 0x0153
80004c58:	02d8                	add	a4,sp,324
80004c5a:	0000                	unimp
80004c5c:	0150                	add	a2,sp,132
80004c5e:	0000                	unimp
80004c60:	0158                	add	a4,sp,132
80004c62:	0000                	unimp
80004c64:	019a                	sll	gp,gp,0x6
80004c66:	0000                	unimp
80004c68:	01ae                	sll	gp,gp,0xb
80004c6a:	0000                	unimp
80004c6c:	01d1                	add	gp,gp,20 # 80007fac <__global_pointer$+0x14>
80004c6e:	0000                	unimp
80004c70:	0265                	add	tp,tp,25 # 19 <buf.2+0x19>
80004c72:	0000                	unimp
80004c74:	0038                	add	a4,sp,8
80004c76:	0000                	unimp
80004c78:	000002f7          	.insn	4, 0x02f7
80004c7c:	024e                	sll	tp,tp,0x13
80004c7e:	0000                	unimp
80004c80:	00b0                	add	a2,sp,72
80004c82:	0000                	unimp
80004c84:	01e5                	add	gp,gp,25 # 80007fb1 <__global_pointer$+0x19>
80004c86:	0000                	unimp
80004c88:	0135                	add	sp,sp,13
80004c8a:	0000                	unimp
80004c8c:	0196                	sll	gp,gp,0x5
80004c8e:	0000                	unimp
80004c90:	014d                	add	sp,sp,19
80004c92:	0000                	unimp
80004c94:	03e1                	add	t2,t2,24
80004c96:	0000                	unimp
80004c98:	0162                	sll	sp,sp,0x18
80004c9a:	0000                	unimp
80004c9c:	02ea                	sll	t0,t0,0x1a
80004c9e:	0000                	unimp
80004ca0:	0136                	sll	sp,sp,0xd
80004ca2:	0000                	unimp
80004ca4:	00ee                	sll	ra,ra,0x1b
80004ca6:	0000                	unimp
80004ca8:	000002bb          	.insn	4, 0x02bb
80004cac:	020d                	add	tp,tp,3 # 3 <buf.2+0x3>
80004cae:	0000                	unimp
80004cb0:	002e                	c.slli	zero,0xb
80004cb2:	0000                	unimp
80004cb4:	0150                	add	a2,sp,132
80004cb6:	0000                	unimp
80004cb8:	000001e7          	jalr	gp,zero # 0 <buf.2>
80004cbc:	0100                	add	s0,sp,128
80004cbe:	0000                	unimp
80004cc0:	000001f7          	.insn	4, 0x01f7
80004cc4:	0086                	sll	ra,ra,0x1
80004cc6:	0000                	unimp
80004cc8:	0064                	add	s1,sp,12
80004cca:	0000                	unimp
80004ccc:	0222                	sll	tp,tp,0x8
80004cce:	0000                	unimp
80004cd0:	0189                	add	gp,gp,2 # 80007f9a <__global_pointer$+0x2>
80004cd2:	0000                	unimp
80004cd4:	02d2                	sll	t0,t0,0x14
80004cd6:	0000                	unimp
80004cd8:	010c                	add	a1,sp,128
80004cda:	0000                	unimp
80004cdc:	0000016f          	jal	sp,80004cdc <input_data+0x13c4>
80004ce0:	013a                	sll	sp,sp,0xe
80004ce2:	0000                	unimp
80004ce4:	000003af          	.insn	4, 0x03af
80004ce8:	0000004b          	.insn	4, 0x004b
80004cec:	006a                	c.slli	zero,0x1a
80004cee:	0000                	unimp
80004cf0:	0159                	add	sp,sp,22
80004cf2:	0000                	unimp
80004cf4:	0275                	add	tp,tp,29 # 1d <buf.2+0x1d>
80004cf6:	0000                	unimp
80004cf8:	000003db          	.insn	4, 0x03db
80004cfc:	018c                	add	a1,sp,192
80004cfe:	0000                	unimp
80004d00:	0258                	add	a4,sp,260
80004d02:	0000                	unimp
80004d04:	00d0                	add	a2,sp,68
80004d06:	0000                	unimp
80004d08:	038c                	add	a1,sp,448
80004d0a:	0000                	unimp
80004d0c:	01ad                	add	gp,gp,11 # 80007fa3 <__global_pointer$+0xb>
80004d0e:	0000                	unimp
80004d10:	0180                	add	s0,sp,192
80004d12:	0000                	unimp
80004d14:	0000020b          	.insn	4, 0x020b
80004d18:	005c                	add	a5,sp,4
80004d1a:	0000                	unimp
80004d1c:	0082                	c.slli64	ra
80004d1e:	0000                	unimp
80004d20:	0221                	add	tp,tp,8 # 8 <buf.2+0x8>
80004d22:	0000                	unimp
80004d24:	00000163          	beqz	zero,80004d26 <input_data+0x140e>
80004d28:	0115                	add	sp,sp,5
80004d2a:	0000                	unimp
80004d2c:	03de                	sll	t2,t2,0x17
80004d2e:	0000                	unimp
80004d30:	029c                	add	a5,sp,320
80004d32:	0000                	unimp
80004d34:	02a1                	add	t0,t0,8
80004d36:	0000                	unimp
80004d38:	015f 0000 03df      	.insn	6, 0x03df0000015f
80004d3e:	0000                	unimp
80004d40:	0355                	add	t1,t1,21
80004d42:	0000                	unimp
80004d44:	000002cf          	.insn	4, 0x02cf
80004d48:	035f 0000 01c1      	.insn	6, 0x01c10000035f
80004d4e:	0000                	unimp
80004d50:	0138                	add	a4,sp,136
80004d52:	0000                	unimp
80004d54:	0054                	add	a3,sp,4
80004d56:	0000                	unimp
80004d58:	0064                	add	s1,sp,12
80004d5a:	0000                	unimp
80004d5c:	0268                	add	a0,sp,268
80004d5e:	0000                	unimp
80004d60:	0214                	add	a3,sp,256
80004d62:	0000                	unimp
80004d64:	000000d3          	.insn	4, 0x00d3
80004d68:	00000237          	lui	tp,0x0
80004d6c:	000002c3          	.insn	4, 0x02c3
80004d70:	0344                	add	s1,sp,388
80004d72:	0000                	unimp
80004d74:	02e1                	add	t0,t0,24
80004d76:	0000                	unimp
80004d78:	0172                	sll	sp,sp,0x1c
80004d7a:	0000                	unimp
80004d7c:	0000034f          	.insn	4, 0x034f
80004d80:	03dd                	add	t2,t2,23
80004d82:	0000                	unimp
80004d84:	01c4                	add	s1,sp,196
80004d86:	0000                	unimp
80004d88:	01cd                	add	gp,gp,19 # 80007fab <__global_pointer$+0x13>
80004d8a:	0000                	unimp
80004d8c:	013c                	add	a5,sp,136
80004d8e:	0000                	unimp
80004d90:	0390                	add	a2,sp,448
80004d92:	0000                	unimp
80004d94:	03ce                	sll	t2,t2,0x13
80004d96:	0000                	unimp
80004d98:	00b6                	sll	ra,ra,0xd
80004d9a:	0000                	unimp
80004d9c:	02ea                	sll	t0,t0,0x1a
80004d9e:	0000                	unimp
80004da0:	010c                	add	a1,sp,128
80004da2:	0000                	unimp
80004da4:	031c                	add	a5,sp,384
80004da6:	0000                	unimp
80004da8:	00a0                	add	s0,sp,72
80004daa:	0000                	unimp
80004dac:	020a                	sll	tp,tp,0x2
80004dae:	0000                	unimp
80004db0:	00000303          	lb	t1,0(zero) # 0 <buf.2>
80004db4:	026a                	sll	tp,tp,0x1a
80004db6:	0000                	unimp
80004db8:	0016                	c.slli	zero,0x5
80004dba:	0000                	unimp
80004dbc:	00000073          	ecall
80004dc0:	0356                	sll	t1,t1,0x15
80004dc2:	0000                	unimp
80004dc4:	000002d7          	.insn	4, 0x02d7
80004dc8:	0284                	add	s1,sp,320
80004dca:	0000                	unimp
80004dcc:	00e2                	sll	ra,ra,0x18
80004dce:	0000                	unimp
80004dd0:	0011                	c.nop	4
80004dd2:	0000                	unimp
80004dd4:	00a5                	add	ra,ra,9
80004dd6:	0000                	unimp
80004dd8:	0000030b          	.insn	4, 0x030b
80004ddc:	00c8                	add	a0,sp,68
80004dde:	0000                	unimp
80004de0:	0000038f          	.insn	4, 0x038f
80004de4:	033e                	sll	t1,t1,0xf
80004de6:	0000                	unimp
80004de8:	00000357          	.insn	4, 0x0357
80004dec:	02e6                	sll	t0,t0,0x19
80004dee:	0000                	unimp
80004df0:	0089                	add	ra,ra,2
80004df2:	0000                	unimp
80004df4:	000000bb          	.insn	4, 0x00bb
80004df8:	000003d7          	.insn	4, 0x03d7
80004dfc:	02c1                	add	t0,t0,16
80004dfe:	0000                	unimp
80004e00:	02cd                	add	t0,t0,19
80004e02:	0000                	unimp
80004e04:	029f 0000 0235      	.insn	6, 0x02350000029f
80004e0a:	0000                	unimp
80004e0c:	0311                	add	t1,t1,4
80004e0e:	0000                	unimp
80004e10:	000002cf          	.insn	4, 0x02cf
80004e14:	0376                	sll	t1,t1,0x1d
80004e16:	0000                	unimp
80004e18:	00fd                	add	ra,ra,31
80004e1a:	0000                	unimp
80004e1c:	03c2                	sll	t2,t2,0x10
80004e1e:	0000                	unimp
80004e20:	0311                	add	t1,t1,4
80004e22:	0000                	unimp
80004e24:	0291                	add	t0,t0,4
80004e26:	0000                	unimp
80004e28:	009a                	sll	ra,ra,0x6
80004e2a:	0000                	unimp
80004e2c:	0125                	add	sp,sp,9
80004e2e:	0000                	unimp
80004e30:	00c4                	add	s1,sp,68
80004e32:	0000                	unimp
80004e34:	026c                	add	a1,sp,268
80004e36:	0000                	unimp
80004e38:	00fd                	add	ra,ra,31
80004e3a:	0000                	unimp
80004e3c:	0090                	add	a2,sp,64
80004e3e:	0000                	unimp
80004e40:	000001bf 000000ad 	.insn	8, 0x00ad000001bf
80004e48:	00000383          	lb	t2,0(zero) # 0 <buf.2>
80004e4c:	031c                	add	a5,sp,384
80004e4e:	0000                	unimp
80004e50:	0005                	c.nop	1
80004e52:	0000                	unimp
80004e54:	0048                	add	a0,sp,4
80004e56:	0000                	unimp
80004e58:	0145                	add	sp,sp,17
80004e5a:	0000                	unimp
80004e5c:	02a6                	sll	t0,t0,0x9
80004e5e:	0000                	unimp
80004e60:	0268                	add	a0,sp,268
80004e62:	0000                	unimp
80004e64:	0050                	add	a2,sp,4
80004e66:	0000                	unimp
80004e68:	0135                	add	sp,sp,13
80004e6a:	0000                	unimp
80004e6c:	0319                	add	t1,t1,6
80004e6e:	0000                	unimp
80004e70:	000000af          	.insn	4, 0x00af
80004e74:	02ad                	add	t0,t0,11
80004e76:	0000                	unimp
80004e78:	009f 0000 027d      	.insn	6, 0x027d0000009f
80004e7e:	0000                	unimp
80004e80:	0000007b          	.insn	4, 0x007b
80004e84:	000003c7          	.insn	4, 0x03c7
80004e88:	0346                	sll	t1,t1,0x11
80004e8a:	0000                	unimp
80004e8c:	00f1                	add	ra,ra,28
80004e8e:	0000                	unimp
80004e90:	000002cb          	.insn	4, 0x02cb
80004e94:	0382                	c.slli64	t2
80004e96:	0000                	unimp
80004e98:	0226                	sll	tp,tp,0x9
80004e9a:	0000                	unimp
80004e9c:	02b5                	add	t0,t0,13
80004e9e:	0000                	unimp
80004ea0:	00e6                	sll	ra,ra,0x19
80004ea2:	0000                	unimp
80004ea4:	0174                	add	a3,sp,140
80004ea6:	0000                	unimp
80004ea8:	0052                	c.slli	zero,0x14
80004eaa:	0000                	unimp
80004eac:	0259                	add	tp,tp,22 # 16 <buf.2+0x16>
80004eae:	0000                	unimp
80004eb0:	00000273          	.insn	4, 0x0273
80004eb4:	02d1                	add	t0,t0,20
80004eb6:	0000                	unimp
80004eb8:	0144                	add	s1,sp,132
80004eba:	0000                	unimp
80004ebc:	018e                	sll	gp,gp,0x3
80004ebe:	0000                	unimp
80004ec0:	039f 0000 0229      	.insn	6, 0x02290000039f
80004ec6:	0000                	unimp
80004ec8:	00000067          	jr	zero # 0 <buf.2>
80004ecc:	0048                	add	a0,sp,4
80004ece:	0000                	unimp
80004ed0:	0011                	c.nop	4
80004ed2:	0000                	unimp
80004ed4:	00ae                	sll	ra,ra,0xb
80004ed6:	0000                	unimp
80004ed8:	03c6                	sll	t2,t2,0x11
80004eda:	0000                	unimp
80004edc:	03d2                	sll	t2,t2,0x14
80004ede:	0000                	unimp
80004ee0:	009f 0000 0145      	.insn	6, 0x01450000009f
80004ee6:	0000                	unimp
80004ee8:	00b1                	add	ra,ra,12
80004eea:	0000                	unimp
80004eec:	022e                	sll	tp,tp,0xb
80004eee:	0000                	unimp
80004ef0:	0251                	add	tp,tp,20 # 14 <buf.2+0x14>
80004ef2:	0000                	unimp
80004ef4:	00b9                	add	ra,ra,14
80004ef6:	0000                	unimp
80004ef8:	0174                	add	a3,sp,140
80004efa:	0000                	unimp
80004efc:	01f9                	add	gp,gp,30 # 80007fb6 <__global_pointer$+0x1e>
80004efe:	0000                	unimp
80004f00:	0189                	add	gp,gp,2 # 80007f9a <__global_pointer$+0x2>
80004f02:	0000                	unimp
80004f04:	0000035b          	.insn	4, 0x035b
80004f08:	00000257          	.insn	4, 0x0257
80004f0c:	0000028b          	.insn	4, 0x028b
80004f10:	02e9                	add	t0,t0,26
80004f12:	0000                	unimp
80004f14:	023d                	add	tp,tp,15 # f <buf.2+0xf>
80004f16:	0000                	unimp
80004f18:	0179                	add	sp,sp,30
80004f1a:	0000                	unimp
80004f1c:	0141                	add	sp,sp,16
80004f1e:	0000                	unimp
80004f20:	0361                	add	t1,t1,24
80004f22:	0000                	unimp
80004f24:	015d                	add	sp,sp,23
80004f26:	0000                	unimp
80004f28:	0000024f          	.insn	4, 0x024f
80004f2c:	0190                	add	a2,sp,192
80004f2e:	0000                	unimp
80004f30:	0229                	add	tp,tp,10 # a <buf.2+0xa>
80004f32:	0000                	unimp
80004f34:	037a                	sll	t1,t1,0x1e
80004f36:	0000                	unimp
80004f38:	01b8                	add	a4,sp,200
80004f3a:	0000                	unimp
80004f3c:	034c                	add	a1,sp,388
80004f3e:	0000                	unimp
80004f40:	0159                	add	sp,sp,22
80004f42:	0000                	unimp
80004f44:	0375                	add	t1,t1,29
80004f46:	0000                	unimp
80004f48:	0251                	add	tp,tp,20 # 14 <buf.2+0x14>
80004f4a:	0000                	unimp
80004f4c:	03a5                	add	t2,t2,9
80004f4e:	0000                	unimp
80004f50:	0122                	sll	sp,sp,0x8
80004f52:	0000                	unimp
80004f54:	03d4                	add	a3,sp,452
80004f56:	0000                	unimp
80004f58:	038c                	add	a1,sp,448
80004f5a:	0000                	unimp
80004f5c:	01c0                	add	s0,sp,196
80004f5e:	0000                	unimp
80004f60:	0220                	add	s0,sp,264
80004f62:	0000                	unimp
80004f64:	03dd                	add	t2,t2,23
80004f66:	0000                	unimp
80004f68:	0179                	add	sp,sp,30
80004f6a:	0000                	unimp
80004f6c:	0032                	c.slli	zero,0xc
80004f6e:	0000                	unimp
80004f70:	01c8                	add	a0,sp,196
80004f72:	0000                	unimp
80004f74:	014c                	add	a1,sp,132
80004f76:	0000                	unimp
80004f78:	030d                	add	t1,t1,3
80004f7a:	0000                	unimp
80004f7c:	0384                	add	s1,sp,448
80004f7e:	0000                	unimp
80004f80:	006e                	c.slli	zero,0x1b
80004f82:	0000                	unimp
80004f84:	02cc                	add	a1,sp,324
80004f86:	0000                	unimp
80004f88:	000001ef          	jal	gp,80004f88 <input_data+0x1670>
80004f8c:	000002eb          	.insn	4, 0x02eb
80004f90:	0380                	add	s0,sp,448
80004f92:	0000                	unimp
80004f94:	01bc                	add	a5,sp,200
80004f96:	0000                	unimp
80004f98:	0326                	sll	t1,t1,0x9
80004f9a:	0000                	unimp
80004f9c:	0006                	c.slli	zero,0x1
80004f9e:	0000                	unimp
80004fa0:	02bc                	add	a5,sp,328
80004fa2:	0000                	unimp
80004fa4:	018a                	sll	gp,gp,0x2
80004fa6:	0000                	unimp
80004fa8:	0224                	add	s1,sp,264
80004faa:	0000                	unimp
80004fac:	011d                	add	sp,sp,7
80004fae:	0000                	unimp
80004fb0:	0154                	add	a3,sp,132
80004fb2:	0000                	unimp
80004fb4:	000002bf 0000001d 	.insn	8, 0x001d000002bf
80004fbc:	01c2                	sll	gp,gp,0x10
80004fbe:	0000                	unimp
80004fc0:	033d                	add	t1,t1,15
80004fc2:	0000                	unimp
80004fc4:	028c                	add	a1,sp,320
80004fc6:	0000                	unimp
80004fc8:	0276                	sll	tp,tp,0x1d
80004fca:	0000                	unimp
80004fcc:	00000303          	lb	t1,0(zero) # 0 <buf.2>
80004fd0:	0222                	sll	tp,tp,0x8
80004fd2:	0000                	unimp
80004fd4:	01e5                	add	gp,gp,25 # 80007fb1 <__global_pointer$+0x19>
80004fd6:	0000                	unimp
80004fd8:	0265                	add	tp,tp,25 # 19 <buf.2+0x19>
80004fda:	0000                	unimp
80004fdc:	0216                	sll	tp,tp,0x5
80004fde:	0000                	unimp
80004fe0:	03cc                	add	a1,sp,452
80004fe2:	0000                	unimp
80004fe4:	0000022f          	.insn	4, 0x022f
80004fe8:	0074                	add	a3,sp,12
80004fea:	0000                	unimp
80004fec:	01e1                	add	gp,gp,24 # 80007fb0 <__global_pointer$+0x18>
80004fee:	0000                	unimp
80004ff0:	0139                	add	sp,sp,14
80004ff2:	0000                	unimp
80004ff4:	000001fb          	.insn	4, 0x01fb
80004ff8:	0388                	add	a0,sp,448
80004ffa:	0000                	unimp
80004ffc:	01b2                	sll	gp,gp,0xc
80004ffe:	0000                	unimp
80005000:	000003cb          	.insn	4, 0x03cb
80005004:	00000157          	.insn	4, 0x0157
80005008:	025f 0000 002a      	.insn	6, 0x002a0000025f
8000500e:	0000                	unimp
80005010:	031a                	sll	t1,t1,0x6
80005012:	0000                	unimp
80005014:	0310                	add	a2,sp,384
80005016:	0000                	unimp
80005018:	00a9                	add	ra,ra,10
8000501a:	0000                	unimp
8000501c:	0361                	add	t1,t1,24
8000501e:	0000                	unimp
80005020:	0380                	add	s0,sp,448
80005022:	0000                	unimp
80005024:	01a5                	add	gp,gp,9 # 80007fa1 <__global_pointer$+0x9>
80005026:	0000                	unimp
80005028:	000001fb          	.insn	4, 0x01fb
8000502c:	019f 0000 0394      	.insn	6, 0x03940000019f
80005032:	0000                	unimp
80005034:	00000367          	jalr	t1,zero # 0 <buf.2>
80005038:	000001af          	.insn	4, 0x01af
8000503c:	0000021b          	.insn	4, 0x021b
80005040:	00000153          	.insn	4, 0x0153
80005044:	00a2                	sll	ra,ra,0x8
80005046:	0000                	unimp
80005048:	00000093          	li	ra,0
8000504c:	0069                	c.nop	26
8000504e:	0000                	unimp
80005050:	00e0                	add	s0,sp,76
80005052:	0000                	unimp
80005054:	01e1                	add	gp,gp,24 # 80007fb0 <__global_pointer$+0x18>
80005056:	0000                	unimp
80005058:	0070                	add	a2,sp,12
8000505a:	0000                	unimp
8000505c:	00000253          	.insn	4, 0x0253
80005060:	0244                	add	s1,sp,260
80005062:	0000                	unimp
80005064:	00000073          	ecall
80005068:	0342                	sll	t1,t1,0x10
8000506a:	0000                	unimp
8000506c:	015e                	sll	sp,sp,0x17
8000506e:	0000                	unimp
80005070:	0086                	sll	ra,ra,0x1
80005072:	0000                	unimp
80005074:	03c4                	add	s1,sp,452
80005076:	0000                	unimp
80005078:	03b4                	add	a3,sp,456
8000507a:	0000                	unimp
8000507c:	011f 0000 00c9      	.insn	6, 0x00c90000011f
80005082:	0000                	unimp
80005084:	00e8                	add	a0,sp,76
80005086:	0000                	unimp
80005088:	01e8                	add	a0,sp,204
8000508a:	0000                	unimp
8000508c:	009a                	sll	ra,ra,0x6
8000508e:	0000                	unimp
80005090:	018c                	add	a1,sp,192
80005092:	0000                	unimp
80005094:	025a                	sll	tp,tp,0x16
80005096:	0000                	unimp
80005098:	031d                	add	t1,t1,7
8000509a:	0000                	unimp
8000509c:	0000021b          	.insn	4, 0x021b
800050a0:	01de                	sll	gp,gp,0x17
800050a2:	0000                	unimp
800050a4:	000003af          	.insn	4, 0x03af
800050a8:	0301                	add	t1,t1,0
800050aa:	0000                	unimp
800050ac:	0368                	add	a0,sp,396
800050ae:	0000                	unimp
800050b0:	023e                	sll	tp,tp,0xf
800050b2:	0000                	unimp
800050b4:	0079                	c.nop	30
800050b6:	0000                	unimp
800050b8:	01e5                	add	gp,gp,25 # 80007fb1 <__global_pointer$+0x19>
800050ba:	0000                	unimp
800050bc:	028c                	add	a1,sp,320
800050be:	0000                	unimp
800050c0:	00000153          	.insn	4, 0x0153
800050c4:	0000032b          	.insn	4, 0x032b
800050c8:	02d1                	add	t0,t0,20
800050ca:	0000                	unimp
800050cc:	000002eb          	.insn	4, 0x02eb
800050d0:	000001c3          	.insn	4, 0x01c3
800050d4:	016a                	sll	sp,sp,0x1a
800050d6:	0000                	unimp
800050d8:	0335                	add	t1,t1,13
800050da:	0000                	unimp
800050dc:	0154                	add	a3,sp,132
800050de:	0000                	unimp
800050e0:	02e8                	add	a0,sp,332
800050e2:	0000                	unimp
800050e4:	038e                	sll	t2,t2,0x3
800050e6:	0000                	unimp
800050e8:	0000                	unimp
800050ea:	0000                	unimp
800050ec:	00ce                	sll	ra,ra,0x13
800050ee:	0000                	unimp
800050f0:	0252                	sll	tp,tp,0x14
800050f2:	0000                	unimp
800050f4:	023c                	add	a5,sp,264
800050f6:	0000                	unimp
800050f8:	0115                	add	sp,sp,5
800050fa:	0000                	unimp
800050fc:	01f9                	add	gp,gp,30 # 80007fb6 <__global_pointer$+0x1e>
800050fe:	0000                	unimp
80005100:	0078                	add	a4,sp,12
80005102:	0000                	unimp
80005104:	03cd                	add	t2,t2,19
80005106:	0000                	unimp
80005108:	02a8                	add	a0,sp,328
8000510a:	0000                	unimp
8000510c:	03c1                	add	t2,t2,16
8000510e:	0000                	unimp
80005110:	02f5                	add	t0,t0,29
80005112:	0000                	unimp
80005114:	0162                	sll	sp,sp,0x18
80005116:	0000                	unimp
80005118:	0000022b          	.insn	4, 0x022b
8000511c:	00000273          	.insn	4, 0x0273
80005120:	0000034f          	.insn	4, 0x034f
80005124:	0351                	add	t1,t1,20
80005126:	0000                	unimp
80005128:	0205                	add	tp,tp,1 # 1 <buf.2+0x1>
8000512a:	0000                	unimp
8000512c:	000003cb          	.insn	4, 0x03cb
80005130:	0000017b          	.insn	4, 0x017b
80005134:	038e                	sll	t2,t2,0x3
80005136:	0000                	unimp
80005138:	01f9                	add	gp,gp,30 # 80007fb6 <__global_pointer$+0x1e>
8000513a:	0000                	unimp
8000513c:	019a                	sll	gp,gp,0x6
8000513e:	0000                	unimp
80005140:	0388                	add	a0,sp,448
80005142:	0000                	unimp
80005144:	0302                	c.slli64	t1
80005146:	0000                	unimp
80005148:	00f6                	sll	ra,ra,0x1d
8000514a:	0000                	unimp
8000514c:	0000003f 000000f3 	.insn	8, 0x00f30000003f
80005154:	036a                	sll	t1,t1,0x1a
80005156:	0000                	unimp
80005158:	018a                	sll	gp,gp,0x2
8000515a:	0000                	unimp
8000515c:	018c                	add	a1,sp,192
8000515e:	0000                	unimp
80005160:	01ae                	sll	gp,gp,0xb
80005162:	0000                	unimp
80005164:	01e2                	sll	gp,gp,0x18
80005166:	0000                	unimp
80005168:	00d6                	sll	ra,ra,0x15
8000516a:	0000                	unimp
8000516c:	0000026b          	.insn	4, 0x026b
80005170:	00f4                	add	a3,sp,76
80005172:	0000                	unimp
80005174:	0286                	sll	t0,t0,0x1
80005176:	0000                	unimp
80005178:	020c                	add	a1,sp,256
8000517a:	0000                	unimp
8000517c:	022d                	add	tp,tp,11 # b <buf.2+0xb>
8000517e:	0000                	unimp
80005180:	0000018f          	.insn	4, 0x018f
80005184:	0148                	add	a0,sp,132
80005186:	0000                	unimp
80005188:	00ac                	add	a1,sp,72
8000518a:	0000                	unimp
8000518c:	00000043          	.insn	4, 0x0043
80005190:	0130                	add	a2,sp,136
80005192:	0000                	unimp
80005194:	0374                	add	a3,sp,396
80005196:	0000                	unimp
80005198:	026c                	add	a1,sp,268
8000519a:	0000                	unimp
8000519c:	0200                	add	s0,sp,256
8000519e:	0000                	unimp
800051a0:	0252                	sll	tp,tp,0x14
800051a2:	0000                	unimp
800051a4:	03cc                	add	a1,sp,452
800051a6:	0000                	unimp
800051a8:	00000217          	auipc	tp,0x0
800051ac:	0006                	c.slli	zero,0x1
800051ae:	0000                	unimp
800051b0:	02ba                	sll	t0,t0,0xe
800051b2:	0000                	unimp
800051b4:	0201                	add	tp,tp,0 # 800051a8 <input_data+0x1890>
800051b6:	0000                	unimp
800051b8:	009f 0000 0372      	.insn	6, 0x03720000009f
800051be:	0000                	unimp
800051c0:	02ee                	sll	t0,t0,0x1b
800051c2:	0000                	unimp
800051c4:	0232                	sll	tp,tp,0xc
800051c6:	0000                	unimp
800051c8:	0329                	add	t1,t1,10
800051ca:	0000                	unimp
800051cc:	02fc                	add	a5,sp,332
800051ce:	0000                	unimp
800051d0:	01c6                	sll	gp,gp,0x11
800051d2:	0000                	unimp
800051d4:	016e                	sll	sp,sp,0x1b
800051d6:	0000                	unimp
800051d8:	0000004b          	.insn	4, 0x004b
800051dc:	01fa                	sll	gp,gp,0x1e
800051de:	0000                	unimp
800051e0:	005d                	c.nop	23
800051e2:	0000                	unimp
800051e4:	0312                	sll	t1,t1,0x4
800051e6:	0000                	unimp
800051e8:	000000a7          	.insn	4, 0x00a7
800051ec:	0000033f 00000010 	.insn	8, 0x00100000033f
800051f4:	017e                	sll	sp,sp,0x1f
800051f6:	0000                	unimp
800051f8:	0355                	add	t1,t1,21
800051fa:	0000                	unimp
800051fc:	027e                	sll	tp,tp,0x1f
800051fe:	0000                	unimp
80005200:	01ee                	sll	gp,gp,0x1b
80005202:	0000                	unimp
80005204:	01c4                	add	s1,sp,196
80005206:	0000                	unimp
80005208:	0144                	add	s1,sp,132
8000520a:	0000                	unimp
8000520c:	0048                	add	a0,sp,4
8000520e:	0000                	unimp
80005210:	004e                	c.slli	zero,0x13
80005212:	0000                	unimp
80005214:	00000053          	.insn	4, 0x0053
80005218:	0034                	add	a3,sp,8
8000521a:	0000                	unimp
8000521c:	0000003b          	.insn	4, 0x003b
80005220:	0070                	add	a2,sp,12
80005222:	0000                	unimp
80005224:	03a4                	add	s1,sp,456
80005226:	0000                	unimp
80005228:	000a                	c.slli	zero,0x2
8000522a:	0000                	unimp
8000522c:	03a1                	add	t2,t2,8
8000522e:	0000                	unimp
80005230:	0156                	sll	sp,sp,0x15
80005232:	0000                	unimp
80005234:	039c                	add	a5,sp,448
80005236:	0000                	unimp
80005238:	02da                	sll	t0,t0,0x16
8000523a:	0000                	unimp
8000523c:	03c1                	add	t2,t2,16
8000523e:	0000                	unimp
80005240:	02a8                	add	a0,sp,328
80005242:	0000                	unimp
80005244:	0045                	c.nop	17
80005246:	0000                	unimp
80005248:	011f 0000 031d      	.insn	6, 0x031d0000011f
8000524e:	0000                	unimp
80005250:	03c1                	add	t2,t2,16
80005252:	0000                	unimp
80005254:	03d9                	add	t2,t2,22
80005256:	0000                	unimp
80005258:	005c                	add	a5,sp,4
8000525a:	0000                	unimp
8000525c:	0356                	sll	t1,t1,0x15
8000525e:	0000                	unimp
80005260:	0272                	sll	tp,tp,0x1c
80005262:	0000                	unimp
80005264:	0375                	add	t1,t1,29
80005266:	0000                	unimp
80005268:	0390                	add	a2,sp,448
8000526a:	0000                	unimp
8000526c:	0258                	add	a4,sp,260
8000526e:	0000                	unimp
80005270:	0268                	add	a0,sp,268
80005272:	0000                	unimp
80005274:	0185                	add	gp,gp,1 # 80007f99 <__global_pointer$+0x1>
80005276:	0000                	unimp
80005278:	035c                	add	a5,sp,388
8000527a:	0000                	unimp
8000527c:	00e8                	add	a0,sp,76
8000527e:	0000                	unimp
80005280:	02e8                	add	a0,sp,332
80005282:	0000                	unimp
80005284:	0319                	add	t1,t1,6
80005286:	0000                	unimp
80005288:	02e8                	add	a0,sp,332
8000528a:	0000                	unimp
8000528c:	000000b3          	add	ra,zero,zero
80005290:	01de                	sll	gp,gp,0x17
80005292:	0000                	unimp
80005294:	0305                	add	t1,t1,1
80005296:	0000                	unimp
80005298:	00000267          	jalr	tp,zero # 0 <buf.2>
8000529c:	02b1                	add	t0,t0,12
8000529e:	0000                	unimp
800052a0:	01fc                	add	a5,sp,204
800052a2:	0000                	unimp
800052a4:	00000307          	.insn	4, 0x0307
800052a8:	0392                	sll	t2,t2,0x4
800052aa:	0000                	unimp
800052ac:	01ee                	sll	gp,gp,0x1b
800052ae:	0000                	unimp
800052b0:	032a                	sll	t1,t1,0xa
800052b2:	0000                	unimp
800052b4:	0000008b          	.insn	4, 0x008b
800052b8:	0120                	add	s0,sp,136
800052ba:	0000                	unimp
800052bc:	00ea                	sll	ra,ra,0x1a
800052be:	0000                	unimp
800052c0:	03ce                	sll	t2,t2,0x13
800052c2:	0000                	unimp
800052c4:	000001af          	.insn	4, 0x01af
800052c8:	0081                	add	ra,ra,0
800052ca:	0000                	unimp
800052cc:	030c                	add	a1,sp,384
800052ce:	0000                	unimp
800052d0:	0245                	add	tp,tp,17 # 11 <buf.2+0x11>
800052d2:	0000                	unimp
800052d4:	00000173          	.insn	4, 0x0173
800052d8:	0224                	add	s1,sp,264
800052da:	0000                	unimp
800052dc:	0016                	c.slli	zero,0x5
800052de:	0000                	unimp
800052e0:	0364                	add	s1,sp,396
800052e2:	0000                	unimp
800052e4:	028d                	add	t0,t0,3
800052e6:	0000                	unimp
800052e8:	03d5                	add	t2,t2,21
800052ea:	0000                	unimp
800052ec:	02e5                	add	t0,t0,25
800052ee:	0000                	unimp
800052f0:	010e                	sll	sp,sp,0x3
800052f2:	0000                	unimp
800052f4:	0000032f          	.insn	4, 0x032f
800052f8:	0000026f          	jal	tp,800052f8 <input_data+0x19e0>
800052fc:	01ac                	add	a1,sp,200
800052fe:	0000                	unimp
80005300:	028d                	add	t0,t0,3
80005302:	0000                	unimp
80005304:	0000008b          	.insn	4, 0x008b
80005308:	0272                	sll	tp,tp,0x1c
8000530a:	0000                	unimp
8000530c:	0000025b          	.insn	4, 0x025b
80005310:	03de                	sll	t2,t2,0x17
80005312:	0000                	unimp
80005314:	0000013b          	.insn	4, 0x013b
80005318:	0182                	c.slli64	gp
8000531a:	0000                	unimp
8000531c:	0158                	add	a4,sp,132
8000531e:	0000                	unimp
80005320:	00000143          	.insn	4, 0x0143
80005324:	0379                	add	t1,t1,30
80005326:	0000                	unimp
80005328:	01d8                	add	a4,sp,196
8000532a:	0000                	unimp
8000532c:	013d                	add	sp,sp,15
8000532e:	0000                	unimp
80005330:	00a4                	add	s1,sp,72
80005332:	0000                	unimp
80005334:	0104                	add	s1,sp,128
80005336:	0000                	unimp
80005338:	000000ef          	jal	80005338 <input_data+0x1a20>
8000533c:	035d                	add	t1,t1,23
8000533e:	0000                	unimp
80005340:	00bd                	add	ra,ra,15
80005342:	0000                	unimp
80005344:	0179                	add	sp,sp,30
80005346:	0000                	unimp
80005348:	0361                	add	t1,t1,24
8000534a:	0000                	unimp
8000534c:	01ff 0000 00e7 0000 	.insn	10, 0x0130000000e7000001ff
80005354:	0130 
80005356:	0000                	unimp
80005358:	0164                	add	s1,sp,140
8000535a:	0000                	unimp
8000535c:	0046                	c.slli	zero,0x11
8000535e:	0000                	unimp
80005360:	0098                	add	a4,sp,64
80005362:	0000                	unimp
80005364:	00000023          	sb	zero,0(zero) # 0 <buf.2>
80005368:	0339                	add	t1,t1,14
8000536a:	0000                	unimp
8000536c:	0356                	sll	t1,t1,0x15
8000536e:	0000                	unimp
80005370:	0148                	add	a0,sp,132
80005372:	0000                	unimp
80005374:	0240                	add	s0,sp,260
80005376:	0000                	unimp
80005378:	0186                	sll	gp,gp,0x1
8000537a:	0000                	unimp
8000537c:	01ea                	sll	gp,gp,0x1a
8000537e:	0000                	unimp
80005380:	0350                	add	a2,sp,388
80005382:	0000                	unimp
80005384:	0146                	sll	sp,sp,0x11
80005386:	0000                	unimp
80005388:	0026                	c.slli	zero,0x9
8000538a:	0000                	unimp
8000538c:	0000012f          	.insn	4, 0x012f
80005390:	0192                	sll	gp,gp,0x4
80005392:	0000                	unimp
80005394:	000001af          	.insn	4, 0x01af
80005398:	0268                	add	a0,sp,268
8000539a:	0000                	unimp
8000539c:	032d                	add	t1,t1,11
8000539e:	0000                	unimp
800053a0:	0222                	sll	tp,tp,0x8
800053a2:	0000                	unimp
800053a4:	02c4                	add	s1,sp,324
800053a6:	0000                	unimp
800053a8:	00ce                	sll	ra,ra,0x13
800053aa:	0000                	unimp
800053ac:	0184                	add	s1,sp,192
800053ae:	0000                	unimp
800053b0:	0002                	c.slli64	zero
800053b2:	0000                	unimp
800053b4:	03c2                	sll	t2,t2,0x10
800053b6:	0000                	unimp
800053b8:	0000030f          	.insn	4, 0x030f
800053bc:	000003c7          	.insn	4, 0x03c7
800053c0:	037a                	sll	t1,t1,0x1e
800053c2:	0000                	unimp
800053c4:	01ba                	sll	gp,gp,0xe
800053c6:	0000                	unimp
800053c8:	0000032f          	.insn	4, 0x032f
800053cc:	0031                	c.nop	12
800053ce:	0000                	unimp
800053d0:	0000033f 0000033f 	.insn	8, 0x033f0000033f
800053d8:	0299                	add	t0,t0,6
800053da:	0000                	unimp
800053dc:	000000fb          	.insn	4, 0x00fb
800053e0:	019a                	sll	gp,gp,0x6
800053e2:	0000                	unimp
800053e4:	0141                	add	sp,sp,16
800053e6:	0000                	unimp
800053e8:	005e                	c.slli	zero,0x17
800053ea:	0000                	unimp
800053ec:	02e5                	add	t0,t0,25
800053ee:	0000                	unimp
800053f0:	00f6                	sll	ra,ra,0x1d
800053f2:	0000                	unimp
800053f4:	000000b3          	add	ra,zero,zero
800053f8:	01a6                	sll	gp,gp,0x9
800053fa:	0000                	unimp
800053fc:	00b0                	add	a2,sp,72
800053fe:	0000                	unimp
80005400:	000000d3          	.insn	4, 0x00d3
80005404:	0075                	c.nop	29
80005406:	0000                	unimp
80005408:	000002a3          	sb	zero,5(zero) # 5 <buf.2+0x5>
8000540c:	0000020b          	.insn	4, 0x020b
80005410:	0009                	c.nop	2
80005412:	0000                	unimp
80005414:	02fc                	add	a5,sp,332
80005416:	0000                	unimp
80005418:	0176                	sll	sp,sp,0x1d
8000541a:	0000                	unimp
8000541c:	03b8                	add	a4,sp,456
8000541e:	0000                	unimp
80005420:	01aa                	sll	gp,gp,0xa
80005422:	0000                	unimp
80005424:	02c0                	add	s0,sp,324
80005426:	0000                	unimp
80005428:	0040                	add	s0,sp,4
8000542a:	0000                	unimp
8000542c:	00000213          	li	tp,0
80005430:	0035                	c.nop	13
80005432:	0000                	unimp
80005434:	0324                	add	s1,sp,392
80005436:	0000                	unimp
80005438:	02f6                	sll	t0,t0,0x1d
8000543a:	0000                	unimp
8000543c:	00000017          	auipc	zero,0x0
80005440:	0000032b          	.insn	4, 0x032b
80005444:	00000263          	beqz	zero,80005448 <input_data+0x1b30>
80005448:	01f4                	add	a3,sp,204
8000544a:	0000                	unimp
8000544c:	034e                	sll	t1,t1,0x13
8000544e:	0000                	unimp
80005450:	01b5                	add	gp,gp,13 # 80007fa5 <__global_pointer$+0xd>
80005452:	0000                	unimp
80005454:	00000177          	.insn	4, 0x0177
80005458:	0000014f          	.insn	4, 0x014f
8000545c:	0356                	sll	t1,t1,0x15
8000545e:	0000                	unimp
80005460:	0148                	add	a0,sp,132
80005462:	0000                	unimp
80005464:	000003cb          	.insn	4, 0x03cb
80005468:	00ed                	add	ra,ra,27
8000546a:	0000                	unimp
8000546c:	0018                	.insn	2, 0x0018
8000546e:	0000                	unimp
80005470:	019f 0000 027f      	.insn	6, 0x027f0000019f
80005476:	0000                	unimp
80005478:	01d4                	add	a3,sp,196
8000547a:	0000                	unimp
8000547c:	013e                	sll	sp,sp,0xf
8000547e:	0000                	unimp
80005480:	02ac                	add	a1,sp,328
80005482:	0000                	unimp
80005484:	000002d3          	.insn	4, 0x02d3
80005488:	0235                	add	tp,tp,13 # d <buf.2+0xd>
8000548a:	0000                	unimp
8000548c:	0296                	sll	t0,t0,0x5
8000548e:	0000                	unimp
80005490:	0131                	add	sp,sp,12
80005492:	0000                	unimp
80005494:	00000287          	.insn	4, 0x0287
80005498:	01c1                	add	gp,gp,16 # 80007fa8 <__global_pointer$+0x10>
8000549a:	0000                	unimp
8000549c:	0119                	add	sp,sp,6
8000549e:	0000                	unimp
800054a0:	0255                	add	tp,tp,21 # 15 <buf.2+0x15>
800054a2:	0000                	unimp
800054a4:	009e                	sll	ra,ra,0x7
800054a6:	0000                	unimp
800054a8:	0088                	add	a0,sp,64
800054aa:	0000                	unimp
800054ac:	0126                	sll	sp,sp,0x9
800054ae:	0000                	unimp
800054b0:	0372                	sll	t1,t1,0x1c
800054b2:	0000                	unimp
800054b4:	0375                	add	t1,t1,29
800054b6:	0000                	unimp
800054b8:	017f 0000 02de 0000 	.insn	10, 0x03aa000002de0000017f
800054c0:	03aa 
800054c2:	0000                	unimp
800054c4:	0362                	sll	t1,t1,0x18
800054c6:	0000                	unimp
800054c8:	010c                	add	a1,sp,128
800054ca:	0000                	unimp
800054cc:	000001d7          	.insn	4, 0x01d7
800054d0:	00000073          	ecall
800054d4:	0128                	add	a0,sp,136
800054d6:	0000                	unimp
800054d8:	038c                	add	a1,sp,448
800054da:	0000                	unimp
800054dc:	02a1                	add	t0,t0,8
800054de:	0000                	unimp
800054e0:	0032                	c.slli	zero,0xc
800054e2:	0000                	unimp
800054e4:	01d8                	add	a4,sp,196
800054e6:	0000                	unimp
800054e8:	03b8                	add	a4,sp,456
800054ea:	0000                	unimp
800054ec:	000001b7          	lui	gp,0x0
800054f0:	016e                	sll	sp,sp,0x1b
800054f2:	0000                	unimp
800054f4:	0005                	c.nop	1
800054f6:	0000                	unimp
800054f8:	018d                	add	gp,gp,3 # 3 <buf.2+0x3>
800054fa:	0000                	unimp
800054fc:	0000009b          	.insn	4, 0x009b
80005500:	0101                	add	sp,sp,0
80005502:	0000                	unimp
80005504:	01fa                	sll	gp,gp,0x1e
80005506:	0000                	unimp
80005508:	000000e7          	jalr	zero # 0 <buf.2>
8000550c:	03b4                	add	a3,sp,456
8000550e:	0000                	unimp
80005510:	0000029b          	.insn	4, 0x029b
80005514:	0258                	add	a4,sp,260
80005516:	0000                	unimp
80005518:	00000023          	sb	zero,0(zero) # 0 <buf.2>
8000551c:	01bd                	add	gp,gp,15 # 80007fa7 <__global_pointer$+0xf>
8000551e:	0000                	unimp
80005520:	03de                	sll	t2,t2,0x17
80005522:	0000                	unimp
80005524:	00de                	sll	ra,ra,0x17
80005526:	0000                	unimp
80005528:	000001bb          	.insn	4, 0x01bb
8000552c:	0310                	add	a2,sp,384
8000552e:	0000                	unimp
80005530:	00d5                	add	ra,ra,21
80005532:	0000                	unimp
80005534:	015d                	add	sp,sp,23
80005536:	0000                	unimp
80005538:	0185                	add	gp,gp,1 # 80007f99 <__global_pointer$+0x1>
8000553a:	0000                	unimp
8000553c:	000003af          	.insn	4, 0x03af
80005540:	000d                	c.nop	3
80005542:	0000                	unimp
80005544:	0096                	sll	ra,ra,0x5
80005546:	0000                	unimp
80005548:	026d                	add	tp,tp,27 # 1b <buf.2+0x1b>
8000554a:	0000                	unimp
8000554c:	016e                	sll	sp,sp,0x1b
8000554e:	0000                	unimp
80005550:	0034                	add	a3,sp,8
80005552:	0000                	unimp
80005554:	01bc                	add	a5,sp,200
80005556:	0000                	unimp
80005558:	0264                	add	s1,sp,268
8000555a:	0000                	unimp
8000555c:	025c                	add	a5,sp,260
8000555e:	0000                	unimp
80005560:	03a6                	sll	t2,t2,0x9
80005562:	0000                	unimp
80005564:	02d0                	add	a2,sp,324
80005566:	0000                	unimp
80005568:	03b9                	add	t2,t2,14
8000556a:	0000                	unimp
8000556c:	0154                	add	a3,sp,132
8000556e:	0000                	unimp
80005570:	033c                	add	a5,sp,392
80005572:	0000                	unimp
80005574:	03cc                	add	a1,sp,452
80005576:	0000                	unimp
80005578:	01ce                	sll	gp,gp,0x13
8000557a:	0000                	unimp
8000557c:	0000038f          	.insn	4, 0x038f
80005580:	026d                	add	tp,tp,27 # 1b <buf.2+0x1b>
80005582:	0000                	unimp
80005584:	0141                	add	sp,sp,16
80005586:	0000                	unimp
80005588:	032c                	add	a1,sp,392
8000558a:	0000                	unimp
8000558c:	000001b3          	add	gp,zero,zero
80005590:	020a                	sll	tp,tp,0x2
80005592:	0000                	unimp
80005594:	0032                	c.slli	zero,0xc
80005596:	0000                	unimp
80005598:	02a0                	add	s0,sp,328
8000559a:	0000                	unimp
8000559c:	004e                	c.slli	zero,0x13
8000559e:	0000                	unimp
800055a0:	0039                	c.nop	14
800055a2:	0000                	unimp
800055a4:	02f9                	add	t0,t0,30
800055a6:	0000                	unimp
800055a8:	0139                	add	sp,sp,14
800055aa:	0000                	unimp
800055ac:	03b6                	sll	t2,t2,0xd
800055ae:	0000                	unimp
800055b0:	0160                	add	s0,sp,140
800055b2:	0000                	unimp
800055b4:	00ee                	sll	ra,ra,0x1b
800055b6:	0000                	unimp
800055b8:	00000037          	lui	zero,0x0
800055bc:	0000001b          	.insn	4, 0x001b
800055c0:	03cc                	add	a1,sp,452
800055c2:	0000                	unimp
800055c4:	00e2                	sll	ra,ra,0x18
800055c6:	0000                	unimp
800055c8:	02f1                	add	t0,t0,28
800055ca:	0000                	unimp
800055cc:	00c9                	add	ra,ra,18
800055ce:	0000                	unimp
800055d0:	01a0                	add	s0,sp,200
800055d2:	0000                	unimp
800055d4:	00b0                	add	a2,sp,72
800055d6:	0000                	unimp
800055d8:	0000036f          	jal	t1,800055d8 <input_data+0x1cc0>
800055dc:	036d                	add	t1,t1,27
800055de:	0000                	unimp
800055e0:	0360                	add	s0,sp,396
800055e2:	0000                	unimp
800055e4:	01c2                	sll	gp,gp,0x10
800055e6:	0000                	unimp
800055e8:	023c                	add	a5,sp,264
800055ea:	0000                	unimp
800055ec:	0000036f          	jal	t1,800055ec <input_data+0x1cd4>
800055f0:	000000a3          	sb	zero,1(zero) # 1 <buf.2+0x1>
800055f4:	00000063          	beqz	zero,800055f4 <input_data+0x1cdc>
800055f8:	02d1                	add	t0,t0,20
800055fa:	0000                	unimp
800055fc:	0000008f          	.insn	4, 0x008f
80005600:	000c                	.insn	2, 0x000c
80005602:	0000                	unimp
80005604:	001f 0000 0283      	.insn	6, 0x02830000001f
8000560a:	0000                	unimp
8000560c:	032c                	add	a1,sp,392
8000560e:	0000                	unimp
80005610:	000001fb          	.insn	4, 0x01fb
80005614:	00000303          	lb	t1,0(zero) # 0 <buf.2>
80005618:	03c8                	add	a0,sp,452
8000561a:	0000                	unimp
8000561c:	0000020f          	.insn	4, 0x020f
80005620:	030d                	add	t1,t1,3
80005622:	0000                	unimp
80005624:	01e8                	add	a0,sp,204
80005626:	0000                	unimp
80005628:	0348                	add	a0,sp,388
8000562a:	0000                	unimp
8000562c:	031d                	add	t1,t1,7
8000562e:	0000                	unimp
80005630:	00f2                	sll	ra,ra,0x1c
80005632:	0000                	unimp
80005634:	00c2                	sll	ra,ra,0x10
80005636:	0000                	unimp
80005638:	0276                	sll	tp,tp,0x1d
8000563a:	0000                	unimp
8000563c:	0125                	add	sp,sp,9
8000563e:	0000                	unimp
80005640:	032a                	sll	t1,t1,0xa
80005642:	0000                	unimp
80005644:	03c6                	sll	t2,t2,0x11
80005646:	0000                	unimp
80005648:	0000031b          	.insn	4, 0x031b
8000564c:	0114                	add	a3,sp,128
8000564e:	0000                	unimp
80005650:	000001b3          	add	gp,zero,zero
80005654:	0159                	add	sp,sp,22
80005656:	0000                	unimp
80005658:	0375                	add	t1,t1,29
8000565a:	0000                	unimp
8000565c:	019d                	add	gp,gp,7 # 80007f9f <__global_pointer$+0x7>
8000565e:	0000                	unimp
80005660:	00000257          	.insn	4, 0x0257
80005664:	00c5                	add	ra,ra,17
80005666:	0000                	unimp
80005668:	02b8                	add	a4,sp,328
8000566a:	0000                	unimp
8000566c:	0182                	c.slli64	gp
8000566e:	0000                	unimp
80005670:	00000283          	lb	t0,0(zero) # 0 <buf.2>
80005674:	0074                	add	a3,sp,12
80005676:	0000                	unimp
80005678:	005d                	c.nop	23
8000567a:	0000                	unimp
8000567c:	0142                	sll	sp,sp,0x10
8000567e:	0000                	unimp
80005680:	02c6                	sll	t0,t0,0x11
80005682:	0000                	unimp
80005684:	02a8                	add	a0,sp,328
80005686:	0000                	unimp
80005688:	0311                	add	t1,t1,4
8000568a:	0000                	unimp
8000568c:	021a                	sll	tp,tp,0x6
8000568e:	0000                	unimp
80005690:	0070                	add	a2,sp,12
80005692:	0000                	unimp
80005694:	0229                	add	tp,tp,10 # a <buf.2+0xa>
80005696:	0000                	unimp
80005698:	0245                	add	tp,tp,17 # 11 <buf.2+0x11>
8000569a:	0000                	unimp
8000569c:	03c0                	add	s0,sp,452
8000569e:	0000                	unimp
800056a0:	000c                	.insn	2, 0x000c
800056a2:	0000                	unimp
800056a4:	036a                	sll	t1,t1,0x1a
800056a6:	0000                	unimp
800056a8:	0000039b          	.insn	4, 0x039b
800056ac:	0030                	add	a2,sp,8
800056ae:	0000                	unimp
800056b0:	00000267          	jalr	tp,zero # 0 <buf.2>
800056b4:	01fa                	sll	gp,gp,0x1e
800056b6:	0000                	unimp
800056b8:	028c                	add	a1,sp,320
800056ba:	0000                	unimp
800056bc:	0382                	c.slli64	t2
800056be:	0000                	unimp
800056c0:	00000167          	jalr	sp,zero # 0 <buf.2>
800056c4:	0000021b          	.insn	4, 0x021b
800056c8:	0105                	add	sp,sp,1
800056ca:	0000                	unimp
800056cc:	000001ef          	jal	gp,800056cc <input_data+0x1db4>
800056d0:	00e9                	add	ra,ra,26
800056d2:	0000                	unimp
800056d4:	02fc                	add	a5,sp,332
800056d6:	0000                	unimp
800056d8:	0261                	add	tp,tp,24 # 18 <buf.2+0x18>
800056da:	0000                	unimp
800056dc:	0325                	add	t1,t1,9
800056de:	0000                	unimp
800056e0:	02ae                	sll	t0,t0,0xb
800056e2:	0000                	unimp
800056e4:	011e                	sll	sp,sp,0x7
800056e6:	0000                	unimp
800056e8:	0000021b          	.insn	4, 0x021b
800056ec:	01b0                	add	a2,sp,200
800056ee:	0000                	unimp
800056f0:	0076                	c.slli	zero,0x1d
800056f2:	0000                	unimp
800056f4:	0344                	add	s1,sp,388
800056f6:	0000                	unimp
800056f8:	0230                	add	a2,sp,264
800056fa:	0000                	unimp
800056fc:	00c0                	add	s0,sp,68
800056fe:	0000                	unimp
80005700:	000002e3          	beqz	zero,80005f04 <input_data+0x25ec>
80005704:	0339                	add	t1,t1,14
80005706:	0000                	unimp
80005708:	0014                	.insn	2, 0x0014
8000570a:	0000                	unimp
8000570c:	030a                	sll	t1,t1,0x2
8000570e:	0000                	unimp
80005710:	013d                	add	sp,sp,15
80005712:	0000                	unimp
80005714:	024a                	sll	tp,tp,0x12
80005716:	0000                	unimp
80005718:	03d0                	add	a2,sp,452
8000571a:	0000                	unimp
8000571c:	00000167          	jalr	sp,zero # 0 <buf.2>
80005720:	023d                	add	tp,tp,15 # f <buf.2+0xf>
80005722:	0000                	unimp
80005724:	0160                	add	s0,sp,140
80005726:	0000                	unimp
80005728:	0182                	c.slli64	gp
8000572a:	0000                	unimp
8000572c:	02ea                	sll	t0,t0,0x1a
8000572e:	0000                	unimp
80005730:	0304                	add	s1,sp,384
80005732:	0000                	unimp
80005734:	0000000b          	.insn	4, 0x000b
80005738:	00000297          	auipc	t0,0x0
8000573c:	02ed                	add	t0,t0,27 # 80005753 <input_data+0x1e3b>
8000573e:	0000                	unimp
80005740:	01f8                	add	a4,sp,204
80005742:	0000                	unimp
80005744:	0005                	c.nop	1
80005746:	0000                	unimp
80005748:	00d4                	add	a3,sp,68
8000574a:	0000                	unimp
8000574c:	0198                	add	a4,sp,192
8000574e:	0000                	unimp
80005750:	0378                	add	a4,sp,396
80005752:	0000                	unimp
80005754:	00000283          	lb	t0,0(zero) # 0 <buf.2>
80005758:	0000038b          	.insn	4, 0x038b
8000575c:	01b9                	add	gp,gp,14 # 80007fa6 <__global_pointer$+0xe>
8000575e:	0000                	unimp
80005760:	01a4                	add	s1,sp,200
80005762:	0000                	unimp
80005764:	0170                	add	a2,sp,140
80005766:	0000                	unimp
80005768:	02e1                	add	t0,t0,24
8000576a:	0000                	unimp
8000576c:	0061                	c.nop	24
8000576e:	0000                	unimp
80005770:	0204                	add	s1,sp,256
80005772:	0000                	unimp
80005774:	00a9                	add	ra,ra,10
80005776:	0000                	unimp
80005778:	0019                	c.nop	6
8000577a:	0000                	unimp
8000577c:	00000167          	jalr	sp,zero # 0 <buf.2>
80005780:	000000db          	.insn	4, 0x00db
80005784:	0000020f          	.insn	4, 0x020f
80005788:	031d                	add	t1,t1,7
8000578a:	0000                	unimp
8000578c:	02a0                	add	s0,sp,328
8000578e:	0000                	unimp
80005790:	02cc                	add	a1,sp,324
80005792:	0000                	unimp
80005794:	0045                	c.nop	17
80005796:	0000                	unimp
80005798:	01c4                	add	s1,sp,196
8000579a:	0000                	unimp
8000579c:	0370                	add	a2,sp,396
8000579e:	0000                	unimp
800057a0:	02b4                	add	a3,sp,328
800057a2:	0000                	unimp
800057a4:	012a                	sll	sp,sp,0xa
800057a6:	0000                	unimp
800057a8:	000002ab          	.insn	4, 0x02ab
800057ac:	012c                	add	a1,sp,136
800057ae:	0000                	unimp
800057b0:	000001cb          	.insn	4, 0x01cb
800057b4:	00000147          	.insn	4, 0x0147
800057b8:	0000032f          	.insn	4, 0x032f
800057bc:	0000039b          	.insn	4, 0x039b
800057c0:	00000143          	.insn	4, 0x0143
800057c4:	033d                	add	t1,t1,15
800057c6:	0000                	unimp
800057c8:	0264                	add	s1,sp,268
800057ca:	0000                	unimp
800057cc:	0330                	add	a2,sp,392
800057ce:	0000                	unimp
800057d0:	000000f7          	.insn	4, 0x00f7
800057d4:	01f1                	add	gp,gp,28 # 80007fb4 <__global_pointer$+0x1c>
800057d6:	0000                	unimp
800057d8:	0074                	add	a3,sp,12
800057da:	0000                	unimp
800057dc:	000000f3          	.insn	4, 0x00f3
800057e0:	0160                	add	s0,sp,140
800057e2:	0000                	unimp
800057e4:	03d5                	add	t2,t2,21
800057e6:	0000                	unimp
800057e8:	0119                	add	sp,sp,6
800057ea:	0000                	unimp
800057ec:	0395                	add	t2,t2,5
800057ee:	0000                	unimp
800057f0:	02e2                	sll	t0,t0,0x18
800057f2:	0000                	unimp
800057f4:	02c9                	add	t0,t0,18
800057f6:	0000                	unimp
800057f8:	0122                	sll	sp,sp,0x8
800057fa:	0000                	unimp
800057fc:	028d                	add	t0,t0,3
800057fe:	0000                	unimp
80005800:	038d                	add	t2,t2,3
80005802:	0000                	unimp
80005804:	000001f7          	.insn	4, 0x01f7
80005808:	0285                	add	t0,t0,1
8000580a:	0000                	unimp
8000580c:	0196                	sll	gp,gp,0x5
8000580e:	0000                	unimp
80005810:	0271                	add	tp,tp,28 # 1c <buf.2+0x1c>
80005812:	0000                	unimp
80005814:	021f 0000 03a4      	.insn	6, 0x03a40000021f
8000581a:	0000                	unimp
8000581c:	006c                	add	a1,sp,12
8000581e:	0000                	unimp
80005820:	00dc                	add	a5,sp,68
80005822:	0000                	unimp
80005824:	0130                	add	a2,sp,136
80005826:	0000                	unimp
80005828:	02ad                	add	t0,t0,11
8000582a:	0000                	unimp
8000582c:	01d0                	add	a2,sp,196
8000582e:	0000                	unimp
80005830:	0175                	add	sp,sp,29
80005832:	0000                	unimp
80005834:	03ba                	sll	t2,t2,0xe
80005836:	0000                	unimp
80005838:	036c                	add	a1,sp,396
8000583a:	0000                	unimp
8000583c:	0056                	c.slli	zero,0x15
8000583e:	0000                	unimp
80005840:	0286                	sll	t0,t0,0x1
80005842:	0000                	unimp
80005844:	0322                	sll	t1,t1,0x8
80005846:	0000                	unimp
80005848:	019c                	add	a5,sp,192
8000584a:	0000                	unimp
8000584c:	01be                	sll	gp,gp,0xf
8000584e:	0000                	unimp
80005850:	000003bb          	.insn	4, 0x03bb
80005854:	001c                	.insn	2, 0x001c
80005856:	0000                	unimp
80005858:	0298                	add	a4,sp,320
8000585a:	0000                	unimp
8000585c:	0000021b          	.insn	4, 0x021b
80005860:	0352                	sll	t1,t1,0x14
80005862:	0000                	unimp
80005864:	0000028f          	.insn	4, 0x028f
80005868:	0000030f          	.insn	4, 0x030f
8000586c:	001c                	.insn	2, 0x001c
8000586e:	0000                	unimp
80005870:	0188                	add	a0,sp,192
80005872:	0000                	unimp
80005874:	01d6                	sll	gp,gp,0x15
80005876:	0000                	unimp
80005878:	000002c3          	.insn	4, 0x02c3
8000587c:	02df 0000 01a6      	.insn	6, 0x01a6000002df
80005882:	0000                	unimp
80005884:	03ad                	add	t2,t2,11
80005886:	0000                	unimp
80005888:	0000020b          	.insn	4, 0x020b
8000588c:	0262                	sll	tp,tp,0x18
8000588e:	0000                	unimp
80005890:	02aa                	sll	t0,t0,0xa
80005892:	0000                	unimp
80005894:	000001c3          	.insn	4, 0x01c3
80005898:	0025                	c.nop	9
8000589a:	0000                	unimp
8000589c:	02a0                	add	s0,sp,328
8000589e:	0000                	unimp
800058a0:	009c                	add	a5,sp,64
800058a2:	0000                	unimp
800058a4:	00ed                	add	ra,ra,27
800058a6:	0000                	unimp
800058a8:	0000002b          	.insn	4, 0x002b
800058ac:	02fe                	sll	t0,t0,0x1f
800058ae:	0000                	unimp
800058b0:	02ff 0000 02c9 0000 	.insn	10, 0x007c000002c9000002ff
800058b8:	007c 
800058ba:	0000                	unimp
800058bc:	0199                	add	gp,gp,6 # 80007f9e <__global_pointer$+0x6>
800058be:	0000                	unimp
800058c0:	0225                	add	tp,tp,9 # 9 <buf.2+0x9>
800058c2:	0000                	unimp
800058c4:	0365                	add	t1,t1,25
800058c6:	0000                	unimp
800058c8:	032e                	sll	t1,t1,0xb
800058ca:	0000                	unimp
800058cc:	00ba                	sll	ra,ra,0xe
800058ce:	0000                	unimp
800058d0:	000000fb          	.insn	4, 0x00fb
800058d4:	000001db          	.insn	4, 0x01db
800058d8:	00d6                	sll	ra,ra,0x15
800058da:	0000                	unimp
800058dc:	0238                	add	a4,sp,264
800058de:	0000                	unimp
800058e0:	00d4                	add	a3,sp,68
800058e2:	0000                	unimp
800058e4:	002c                	add	a1,sp,8
800058e6:	0000                	unimp
800058e8:	023c                	add	a5,sp,264
800058ea:	0000                	unimp
800058ec:	03e5                	add	t2,t2,25
800058ee:	0000                	unimp
800058f0:	0382                	c.slli64	t2
800058f2:	0000                	unimp
800058f4:	0000008b          	.insn	4, 0x008b
800058f8:	03bc                	add	a5,sp,456
800058fa:	0000                	unimp
800058fc:	01c8                	add	a0,sp,196
800058fe:	0000                	unimp
80005900:	0260                	add	s0,sp,268
80005902:	0000                	unimp
80005904:	01d6                	sll	gp,gp,0x15
80005906:	0000                	unimp
80005908:	0000028b          	.insn	4, 0x028b
8000590c:	0236                	sll	tp,tp,0xd
8000590e:	0000                	unimp
80005910:	01b2                	sll	gp,gp,0xc
80005912:	0000                	unimp
80005914:	0198                	add	a4,sp,192
80005916:	0000                	unimp
80005918:	038a                	sll	t2,t2,0x2
8000591a:	0000                	unimp
8000591c:	02f4                	add	a3,sp,332
8000591e:	0000                	unimp
80005920:	03ca                	sll	t2,t2,0x12
80005922:	0000                	unimp
80005924:	023d                	add	tp,tp,15 # f <buf.2+0xf>
80005926:	0000                	unimp
80005928:	0280                	add	s0,sp,320
8000592a:	0000                	unimp
8000592c:	036d                	add	t1,t1,27
8000592e:	0000                	unimp
80005930:	000002af          	.insn	4, 0x02af
80005934:	0018                	.insn	2, 0x0018
80005936:	0000                	unimp
80005938:	0282                	c.slli64	t0
8000593a:	0000                	unimp
8000593c:	01fa                	sll	gp,gp,0x1e
8000593e:	0000                	unimp
80005940:	0109                	add	sp,sp,2
80005942:	0000                	unimp
80005944:	0170                	add	a2,sp,140
80005946:	0000                	unimp
80005948:	0000010f          	.insn	4, 0x010f
8000594c:	0000018f          	.insn	4, 0x018f
80005950:	03cc                	add	a1,sp,452
80005952:	0000                	unimp
80005954:	03b6                	sll	t2,t2,0xd
80005956:	0000                	unimp
80005958:	032e                	sll	t1,t1,0xb
8000595a:	0000                	unimp
8000595c:	006d                	c.nop	27
8000595e:	0000                	unimp
80005960:	0338                	add	a4,sp,392
80005962:	0000                	unimp
80005964:	00000253          	.insn	4, 0x0253
80005968:	0079                	c.nop	30
8000596a:	0000                	unimp
8000596c:	0358                	add	a4,sp,388
8000596e:	0000                	unimp
80005970:	01d1                	add	gp,gp,20 # 80007fac <__global_pointer$+0x14>
80005972:	0000                	unimp
80005974:	0204                	add	s1,sp,256
80005976:	0000                	unimp
80005978:	01d4                	add	a3,sp,196
8000597a:	0000                	unimp
8000597c:	01d9                	add	gp,gp,22 # 80007fae <__global_pointer$+0x16>
8000597e:	0000                	unimp
80005980:	00000277          	.insn	4, 0x0277
80005984:	0319                	add	t1,t1,6
80005986:	0000                	unimp
80005988:	0119                	add	sp,sp,6
8000598a:	0000                	unimp
8000598c:	02e0                	add	s0,sp,332
8000598e:	0000                	unimp
80005990:	01a0                	add	s0,sp,200
80005992:	0000                	unimp
80005994:	02c4                	add	s1,sp,324
80005996:	0000                	unimp
80005998:	0000013b          	.insn	4, 0x013b
8000599c:	03d2                	sll	t2,t2,0x14
8000599e:	0000                	unimp
800059a0:	000000eb          	.insn	4, 0x00eb
800059a4:	0212                	sll	tp,tp,0x4
800059a6:	0000                	unimp
800059a8:	0272                	sll	tp,tp,0x1c
800059aa:	0000                	unimp
800059ac:	000001a3          	sb	zero,3(zero) # 3 <buf.2+0x3>
800059b0:	0128                	add	a0,sp,136
800059b2:	0000                	unimp
800059b4:	0224                	add	s1,sp,264
800059b6:	0000                	unimp
800059b8:	01f6                	sll	gp,gp,0x1d
800059ba:	0000                	unimp
800059bc:	0356                	sll	t1,t1,0x15
800059be:	0000                	unimp
800059c0:	001c                	.insn	2, 0x001c
800059c2:	0000                	unimp
800059c4:	00b8                	add	a4,sp,72
800059c6:	0000                	unimp
800059c8:	029c                	add	a5,sp,320
800059ca:	0000                	unimp
800059cc:	0312                	sll	t1,t1,0x4
800059ce:	0000                	unimp
800059d0:	0146                	sll	sp,sp,0x11
800059d2:	0000                	unimp
800059d4:	00e4                	add	s1,sp,76
800059d6:	0000                	unimp
800059d8:	0242                	sll	tp,tp,0x10
800059da:	0000                	unimp
800059dc:	02e2                	sll	t0,t0,0x18
800059de:	0000                	unimp
800059e0:	0371                	add	t1,t1,28
800059e2:	0000                	unimp
800059e4:	0109                	add	sp,sp,2
800059e6:	0000                	unimp
800059e8:	0130                	add	a2,sp,136
800059ea:	0000                	unimp
800059ec:	0328                	add	a0,sp,392
800059ee:	0000                	unimp
800059f0:	019f 0000 01ea      	.insn	6, 0x01ea0000019f
800059f6:	0000                	unimp
800059f8:	0000                	unimp
800059fa:	0000                	unimp
800059fc:	0000026f          	jal	tp,800059fc <input_data+0x20e4>
80005a00:	000000c7          	.insn	4, 0x00c7
80005a04:	000001e3          	beqz	zero,80006206 <input_data+0x28ee>
80005a08:	03a6                	sll	t2,t2,0x9
80005a0a:	0000                	unimp
80005a0c:	0069                	c.nop	26
80005a0e:	0000                	unimp
80005a10:	00d4                	add	a3,sp,68
80005a12:	0000                	unimp
80005a14:	0221                	add	tp,tp,8 # 8 <buf.2+0x8>
80005a16:	0000                	unimp
80005a18:	00000217          	auipc	tp,0x0
80005a1c:	009a                	sll	ra,ra,0x6
80005a1e:	0000                	unimp
80005a20:	0028                	add	a0,sp,8
80005a22:	0000                	unimp
80005a24:	01d9                	add	gp,gp,22 # 80007fae <__global_pointer$+0x16>
80005a26:	0000                	unimp
80005a28:	0210                	add	a2,sp,256
80005a2a:	0000                	unimp
80005a2c:	02c8                	add	a0,sp,324
80005a2e:	0000                	unimp
80005a30:	00000343          	.insn	4, 0x0343
80005a34:	029c                	add	a5,sp,320
80005a36:	0000                	unimp
80005a38:	015d                	add	sp,sp,23
80005a3a:	0000                	unimp
80005a3c:	000000eb          	.insn	4, 0x00eb
80005a40:	0152                	sll	sp,sp,0x14
80005a42:	0000                	unimp
80005a44:	00000133          	add	sp,zero,zero
80005a48:	00e6                	sll	ra,ra,0x19
80005a4a:	0000                	unimp
80005a4c:	014e                	sll	sp,sp,0x13
80005a4e:	0000                	unimp
80005a50:	0368                	add	a0,sp,396
80005a52:	0000                	unimp
80005a54:	020a                	sll	tp,tp,0x2
80005a56:	0000                	unimp
80005a58:	0176                	sll	sp,sp,0x1d
80005a5a:	0000                	unimp
80005a5c:	00e1                	add	ra,ra,24
80005a5e:	0000                	unimp
80005a60:	0000008f          	.insn	4, 0x008f
80005a64:	02ea                	sll	t0,t0,0x1a
80005a66:	0000                	unimp
80005a68:	03e4                	add	s1,sp,460
80005a6a:	0000                	unimp
80005a6c:	0090                	add	a2,sp,64
80005a6e:	0000                	unimp
80005a70:	0181                	add	gp,gp,0 # 80007f98 <__global_pointer$>
80005a72:	0000                	unimp
80005a74:	0088                	add	a0,sp,64
80005a76:	0000                	unimp
80005a78:	0350                	add	a2,sp,388
80005a7a:	0000                	unimp
80005a7c:	0221                	add	tp,tp,8 # 80005a20 <input_data+0x2108>
80005a7e:	0000                	unimp
80005a80:	000001e7          	jalr	gp,zero # 0 <buf.2>
80005a84:	01b2                	sll	gp,gp,0xc
80005a86:	0000                	unimp
80005a88:	0000024b          	.insn	4, 0x024b
80005a8c:	0345                	add	t1,t1,17
80005a8e:	0000                	unimp
80005a90:	0008                	.insn	2, 0x0008
80005a92:	0000                	unimp
80005a94:	01c8                	add	a0,sp,196
80005a96:	0000                	unimp
80005a98:	000001e7          	jalr	gp,zero # 0 <buf.2>
80005a9c:	01b2                	sll	gp,gp,0xc
80005a9e:	0000                	unimp
80005aa0:	02d9                	add	t0,t0,22
80005aa2:	0000                	unimp
80005aa4:	0072                	c.slli	zero,0x1c
80005aa6:	0000                	unimp
80005aa8:	03b0                	add	a2,sp,456
80005aaa:	0000                	unimp
80005aac:	000003cb          	.insn	4, 0x03cb
80005ab0:	02b0                	add	a2,sp,328
80005ab2:	0000                	unimp
80005ab4:	013c                	add	a5,sp,136
80005ab6:	0000                	unimp
80005ab8:	00000367          	jalr	t1,zero # 0 <buf.2>
80005abc:	0000029b          	.insn	4, 0x029b
80005ac0:	009c                	add	a5,sp,64
80005ac2:	0000                	unimp
80005ac4:	0130                	add	a2,sp,136
80005ac6:	0000                	unimp
80005ac8:	0270                	add	a2,sp,268
80005aca:	0000                	unimp
80005acc:	032d                	add	t1,t1,11
80005ace:	0000                	unimp
80005ad0:	010d                	add	sp,sp,3
80005ad2:	0000                	unimp
80005ad4:	02d9                	add	t0,t0,22
80005ad6:	0000                	unimp
80005ad8:	0000002f          	.insn	4, 0x002f
80005adc:	021a                	sll	tp,tp,0x6
80005ade:	0000                	unimp
80005ae0:	00fa                	sll	ra,ra,0x1e
80005ae2:	0000                	unimp
80005ae4:	02f4                	add	a3,sp,332
80005ae6:	0000                	unimp
80005ae8:	000001eb          	.insn	4, 0x01eb
80005aec:	0346                	sll	t1,t1,0x11
80005aee:	0000                	unimp
80005af0:	0372                	sll	t1,t1,0x1c
80005af2:	0000                	unimp
80005af4:	0194                	add	a3,sp,192
80005af6:	0000                	unimp
80005af8:	00d5                	add	ra,ra,21
80005afa:	0000                	unimp
80005afc:	0038                	add	a4,sp,8
80005afe:	0000                	unimp
80005b00:	000000e7          	jalr	zero # 0 <buf.2>
80005b04:	000001d7          	.insn	4, 0x01d7
80005b08:	0146                	sll	sp,sp,0x11
80005b0a:	0000                	unimp
80005b0c:	02f6                	sll	t0,t0,0x1d
80005b0e:	0000                	unimp
80005b10:	0084                	add	s1,sp,64
80005b12:	0000                	unimp
80005b14:	01ed                	add	gp,gp,27 # 80007fb3 <__global_pointer$+0x1b>
80005b16:	0000                	unimp
80005b18:	0284                	add	s1,sp,320
80005b1a:	0000                	unimp
80005b1c:	00000147          	.insn	4, 0x0147
80005b20:	01a5                	add	gp,gp,9 # 80007fa1 <__global_pointer$+0x9>
80005b22:	0000                	unimp
80005b24:	03e0                	add	s0,sp,460
80005b26:	0000                	unimp
80005b28:	00000147          	.insn	4, 0x0147
80005b2c:	000001b3          	add	gp,zero,zero
80005b30:	0039                	c.nop	14
80005b32:	0000                	unimp
80005b34:	0000028b          	.insn	4, 0x028b
80005b38:	02a4                	add	s1,sp,328
80005b3a:	0000                	unimp
80005b3c:	0160                	add	s0,sp,140
80005b3e:	0000                	unimp
80005b40:	00000207          	.insn	4, 0x0207
80005b44:	000000c7          	.insn	4, 0x00c7
80005b48:	0308                	add	a0,sp,384
80005b4a:	0000                	unimp
80005b4c:	0162                	sll	sp,sp,0x18
80005b4e:	0000                	unimp
80005b50:	000000eb          	.insn	4, 0x00eb
80005b54:	0288                	add	a0,sp,320
80005b56:	0000                	unimp
80005b58:	00000287          	.insn	4, 0x0287
80005b5c:	00000003          	lb	zero,0(zero) # 0 <buf.2>
80005b60:	005f 0000 034a      	.insn	6, 0x034a0000005f
80005b66:	0000                	unimp
80005b68:	0104                	add	s1,sp,128
80005b6a:	0000                	unimp
80005b6c:	0159                	add	sp,sp,22
80005b6e:	0000                	unimp
80005b70:	02c9                	add	t0,t0,18
80005b72:	0000                	unimp
80005b74:	0390                	add	a2,sp,448
80005b76:	0000                	unimp
80005b78:	00c6                	sll	ra,ra,0x11
80005b7a:	0000                	unimp
80005b7c:	030d                	add	t1,t1,3
80005b7e:	0000                	unimp
80005b80:	01ed                	add	gp,gp,27 # 80007fb3 <__global_pointer$+0x1b>
80005b82:	0000                	unimp
80005b84:	0278                	add	a4,sp,268
80005b86:	0000                	unimp
80005b88:	000003af          	.insn	4, 0x03af
80005b8c:	008e                	sll	ra,ra,0x3
80005b8e:	0000                	unimp
80005b90:	0056                	c.slli	zero,0x15
80005b92:	0000                	unimp
80005b94:	00000267          	jalr	tp,zero # 0 <buf.2>
80005b98:	00de                	sll	ra,ra,0x17
80005b9a:	0000                	unimp
80005b9c:	005f 0000 034b      	.insn	6, 0x034b0000005f
80005ba2:	0000                	unimp
80005ba4:	000002e7          	jalr	t0,zero # 0 <buf.2>
80005ba8:	0151                	add	sp,sp,20
80005baa:	0000                	unimp
80005bac:	03ae                	sll	t2,t2,0xb
80005bae:	0000                	unimp
80005bb0:	02f0                	add	a2,sp,332
80005bb2:	0000                	unimp
80005bb4:	00000057          	.insn	4, 0x0057
80005bb8:	0035                	c.nop	13
80005bba:	0000                	unimp
80005bbc:	0079                	c.nop	30
80005bbe:	0000                	unimp
80005bc0:	0056                	c.slli	zero,0x15
80005bc2:	0000                	unimp
80005bc4:	00000107          	.insn	4, 0x0107
80005bc8:	0379                	add	t1,t1,30
80005bca:	0000                	unimp
80005bcc:	0244                	add	s1,sp,260
80005bce:	0000                	unimp
80005bd0:	010d                	add	sp,sp,3
80005bd2:	0000                	unimp
80005bd4:	029a                	sll	t0,t0,0x6
80005bd6:	0000                	unimp
80005bd8:	000000bb          	.insn	4, 0x00bb
80005bdc:	0044                	add	s1,sp,4
80005bde:	0000                	unimp
80005be0:	000002db          	.insn	4, 0x02db
80005be4:	00e6                	sll	ra,ra,0x19
80005be6:	0000                	unimp
80005be8:	021a                	sll	tp,tp,0x6
80005bea:	0000                	unimp
80005bec:	0048                	add	a0,sp,4
80005bee:	0000                	unimp
80005bf0:	000002f7          	.insn	4, 0x02f7
80005bf4:	014a                	sll	sp,sp,0x12
80005bf6:	0000                	unimp
80005bf8:	03c1                	add	t2,t2,16
80005bfa:	0000                	unimp
80005bfc:	00000223          	sb	zero,4(zero) # 4 <buf.2+0x4>
80005c00:	025e                	sll	tp,tp,0x17
80005c02:	0000                	unimp
80005c04:	0251                	add	tp,tp,20 # 14 <buf.2+0x14>
80005c06:	0000                	unimp
80005c08:	000a                	c.slli	zero,0x2
80005c0a:	0000                	unimp
80005c0c:	0140                	add	s0,sp,132
80005c0e:	0000                	unimp
80005c10:	0230                	add	a2,sp,264
80005c12:	0000                	unimp
80005c14:	031e                	sll	t1,t1,0x7
80005c16:	0000                	unimp
80005c18:	007a                	c.slli	zero,0x1e
80005c1a:	0000                	unimp
80005c1c:	0020                	add	s0,sp,8
80005c1e:	0000                	unimp
80005c20:	03bd                	add	t2,t2,15
80005c22:	0000                	unimp
80005c24:	0286                	sll	t0,t0,0x1
80005c26:	0000                	unimp
80005c28:	0120                	add	s0,sp,136
80005c2a:	0000                	unimp
80005c2c:	01c2                	sll	gp,gp,0x10
80005c2e:	0000                	unimp
80005c30:	025c                	add	a5,sp,260
80005c32:	0000                	unimp
80005c34:	00a1                	add	ra,ra,8
80005c36:	0000                	unimp
80005c38:	0080                	add	s0,sp,64
80005c3a:	0000                	unimp
80005c3c:	0370                	add	a2,sp,396
80005c3e:	0000                	unimp
80005c40:	006d                	c.nop	27
80005c42:	0000                	unimp
80005c44:	00dc                	add	a5,sp,68
80005c46:	0000                	unimp
80005c48:	000000af          	.insn	4, 0x00af
80005c4c:	0332                	sll	t1,t1,0xc
80005c4e:	0000                	unimp
80005c50:	024e                	sll	tp,tp,0x13
80005c52:	0000                	unimp
80005c54:	01a9                	add	gp,gp,10 # 80007fa2 <__global_pointer$+0xa>
80005c56:	0000                	unimp
80005c58:	019d                	add	gp,gp,7 # 80007f9f <__global_pointer$+0x7>
80005c5a:	0000                	unimp
80005c5c:	00d9                	add	ra,ra,22
80005c5e:	0000                	unimp
80005c60:	015a                	sll	sp,sp,0x16
80005c62:	0000                	unimp
80005c64:	00cd                	add	ra,ra,19
80005c66:	0000                	unimp
80005c68:	00f9                	add	ra,ra,30
80005c6a:	0000                	unimp
80005c6c:	0000003f 0000027b 	.insn	8, 0x027b0000003f
80005c74:	035a                	sll	t1,t1,0x16
80005c76:	0000                	unimp
80005c78:	0202                	c.slli64	tp
80005c7a:	0000                	unimp
80005c7c:	000e                	c.slli	zero,0x3
80005c7e:	0000                	unimp
80005c80:	031f 0000 02fe      	.insn	6, 0x02fe0000031f
80005c86:	0000                	unimp
80005c88:	0372                	sll	t1,t1,0x1c
80005c8a:	0000                	unimp
80005c8c:	0262                	sll	tp,tp,0x18
80005c8e:	0000                	unimp
80005c90:	000003ab          	.insn	4, 0x03ab
80005c94:	00000177          	.insn	4, 0x0177
80005c98:	009d                	add	ra,ra,7
80005c9a:	0000                	unimp
80005c9c:	0078                	add	a4,sp,12
80005c9e:	0000                	unimp
80005ca0:	0376                	sll	t1,t1,0x1d
80005ca2:	0000                	unimp
80005ca4:	000003c3          	.insn	4, 0x03c3
80005ca8:	00ac                	add	a1,sp,72
80005caa:	0000                	unimp
80005cac:	000003d7          	.insn	4, 0x03d7
80005cb0:	03ce                	sll	t2,t2,0x13
80005cb2:	0000                	unimp
80005cb4:	000002f3          	.insn	4, 0x02f3
80005cb8:	039a                	sll	t2,t2,0x6
80005cba:	0000                	unimp
80005cbc:	0000023b          	.insn	4, 0x023b
80005cc0:	00000143          	.insn	4, 0x0143
80005cc4:	0160                	add	s0,sp,140
80005cc6:	0000                	unimp
80005cc8:	0000030f          	.insn	4, 0x030f
80005ccc:	0362                	sll	t1,t1,0x18
80005cce:	0000                	unimp
80005cd0:	0340                	add	s0,sp,388
80005cd2:	0000                	unimp
80005cd4:	000003bb          	.insn	4, 0x03bb
80005cd8:	0064                	add	s1,sp,12
80005cda:	0000                	unimp
80005cdc:	01ec                	add	a1,sp,204
80005cde:	0000                	unimp
80005ce0:	0304                	add	s1,sp,384
80005ce2:	0000                	unimp
80005ce4:	0212                	sll	tp,tp,0x4
80005ce6:	0000                	unimp
80005ce8:	000002ef          	jal	t0,80005ce8 <input_data+0x23d0>
80005cec:	0169                	add	sp,sp,26
80005cee:	0000                	unimp
80005cf0:	02b8                	add	a4,sp,328
80005cf2:	0000                	unimp
80005cf4:	0141                	add	sp,sp,16
80005cf6:	0000                	unimp
80005cf8:	028a                	sll	t0,t0,0x2
80005cfa:	0000                	unimp
80005cfc:	0045                	c.nop	17
80005cfe:	0000                	unimp
80005d00:	03da                	sll	t2,t2,0x16
80005d02:	0000                	unimp
80005d04:	0228                	add	a0,sp,264
80005d06:	0000                	unimp
80005d08:	00c0                	add	s0,sp,68
80005d0a:	0000                	unimp
80005d0c:	00000037          	lui	zero,0x0
80005d10:	031e                	sll	t1,t1,0x7
80005d12:	0000                	unimp
80005d14:	0000005b          	.insn	4, 0x005b
80005d18:	00000027          	.insn	4, 0x0027
80005d1c:	00000233          	add	tp,zero,zero
80005d20:	028e                	sll	t0,t0,0x3
80005d22:	0000                	unimp
80005d24:	0234                	add	a3,sp,264
80005d26:	0000                	unimp
80005d28:	02f9                	add	t0,t0,30
80005d2a:	0000                	unimp
80005d2c:	0220                	add	s0,sp,264
80005d2e:	0000                	unimp
80005d30:	037c                	add	a5,sp,396
80005d32:	0000                	unimp
80005d34:	000000a7          	.insn	4, 0x00a7
80005d38:	0321                	add	t1,t1,8
80005d3a:	0000                	unimp
80005d3c:	007a                	c.slli	zero,0x1e
80005d3e:	0000                	unimp
80005d40:	0115                	add	sp,sp,5
80005d42:	0000                	unimp
80005d44:	0019                	c.nop	6
80005d46:	0000                	unimp
80005d48:	000001c3          	.insn	4, 0x01c3
80005d4c:	033d                	add	t1,t1,15
80005d4e:	0000                	unimp
80005d50:	000003c7          	.insn	4, 0x03c7
80005d54:	030d                	add	t1,t1,3
80005d56:	0000                	unimp
80005d58:	0169                	add	sp,sp,26
80005d5a:	0000                	unimp
80005d5c:	00a8                	add	a0,sp,72
80005d5e:	0000                	unimp
80005d60:	0040                	add	s0,sp,4
80005d62:	0000                	unimp
80005d64:	018d                	add	gp,gp,3 # 80007f9b <__global_pointer$+0x3>
80005d66:	0000                	unimp
80005d68:	03a0                	add	s0,sp,456
80005d6a:	0000                	unimp
80005d6c:	00000233          	add	tp,zero,zero
80005d70:	0392                	sll	t2,t2,0x4
80005d72:	0000                	unimp
80005d74:	0150                	add	a2,sp,132
80005d76:	0000                	unimp
80005d78:	0218                	add	a4,sp,256
80005d7a:	0000                	unimp
80005d7c:	01de                	sll	gp,gp,0x17
80005d7e:	0000                	unimp
80005d80:	000000f3          	.insn	4, 0x00f3
80005d84:	0101                	add	sp,sp,0
80005d86:	0000                	unimp
80005d88:	0108                	add	a0,sp,128
80005d8a:	0000                	unimp
80005d8c:	01dd                	add	gp,gp,23 # 80007faf <__global_pointer$+0x17>
80005d8e:	0000                	unimp
80005d90:	0000036f          	jal	t1,80005d90 <input_data+0x2478>
80005d94:	0186                	sll	gp,gp,0x1
80005d96:	0000                	unimp
80005d98:	0280                	add	s0,sp,320
80005d9a:	0000                	unimp
80005d9c:	02bd                	add	t0,t0,15
80005d9e:	0000                	unimp
80005da0:	00d0                	add	a2,sp,68
80005da2:	0000                	unimp
80005da4:	0148                	add	a0,sp,132
80005da6:	0000                	unimp
80005da8:	012e                	sll	sp,sp,0xb
80005daa:	0000                	unimp
80005dac:	000001bb          	.insn	4, 0x01bb
80005db0:	00000127          	.insn	4, 0x0127
80005db4:	0209                	add	tp,tp,2 # 2 <buf.2+0x2>
80005db6:	0000                	unimp
80005db8:	032d                	add	t1,t1,11
80005dba:	0000                	unimp
80005dbc:	0392                	sll	t2,t2,0x4
80005dbe:	0000                	unimp
80005dc0:	023d                	add	tp,tp,15 # f <buf.2+0xf>
80005dc2:	0000                	unimp
80005dc4:	0076                	c.slli	zero,0x1d
80005dc6:	0000                	unimp
80005dc8:	0159                	add	sp,sp,22
80005dca:	0000                	unimp
80005dcc:	020d                	add	tp,tp,3 # 3 <buf.2+0x3>
80005dce:	0000                	unimp
80005dd0:	03c4                	add	s1,sp,452
80005dd2:	0000                	unimp
80005dd4:	01fc                	add	a5,sp,204
80005dd6:	0000                	unimp
80005dd8:	01e2                	sll	gp,gp,0x18
80005dda:	0000                	unimp
80005ddc:	001e                	c.slli	zero,0x7
80005dde:	0000                	unimp
80005de0:	025e                	sll	tp,tp,0x17
80005de2:	0000                	unimp
80005de4:	01a0                	add	s0,sp,200
80005de6:	0000                	unimp
80005de8:	0065                	c.nop	25
80005dea:	0000                	unimp
80005dec:	00000047          	.insn	4, 0x0047
80005df0:	0079                	c.nop	30
80005df2:	0000                	unimp
80005df4:	005c                	add	a5,sp,4
80005df6:	0000                	unimp
80005df8:	000001b3          	add	gp,zero,zero
80005dfc:	011c                	add	a5,sp,128
80005dfe:	0000                	unimp
80005e00:	01c5                	add	gp,gp,17 # 80007fa9 <__global_pointer$+0x11>
80005e02:	0000                	unimp
80005e04:	00a1                	add	ra,ra,8
80005e06:	0000                	unimp
80005e08:	0014                	.insn	2, 0x0014
80005e0a:	0000                	unimp
80005e0c:	0169                	add	sp,sp,26
80005e0e:	0000                	unimp
80005e10:	0046                	c.slli	zero,0x11
80005e12:	0000                	unimp
80005e14:	019e                	sll	gp,gp,0x7
80005e16:	0000                	unimp
80005e18:	00000017          	auipc	zero,0x0
80005e1c:	0324                	add	s1,sp,392
80005e1e:	0000                	unimp
80005e20:	00ff 0000 0347 0000 	.insn	10, 0x011400000347000000ff
80005e28:	0114 
80005e2a:	0000                	unimp
80005e2c:	024a                	sll	tp,tp,0x12
80005e2e:	0000                	unimp
80005e30:	037a                	sll	t1,t1,0x1e
80005e32:	0000                	unimp
80005e34:	0024                	add	s1,sp,8
80005e36:	0000                	unimp
80005e38:	000001ab          	.insn	4, 0x01ab
80005e3c:	00f6                	sll	ra,ra,0x1d
80005e3e:	0000                	unimp
80005e40:	021e                	sll	tp,tp,0x7
80005e42:	0000                	unimp
80005e44:	0361                	add	t1,t1,24
80005e46:	0000                	unimp
80005e48:	026e                	sll	tp,tp,0x1b
80005e4a:	0000                	unimp
80005e4c:	03b9                	add	t2,t2,14
80005e4e:	0000                	unimp
80005e50:	000002bb          	.insn	4, 0x02bb
80005e54:	016e                	sll	sp,sp,0x1b
80005e56:	0000                	unimp
80005e58:	0305                	add	t1,t1,1
80005e5a:	0000                	unimp
80005e5c:	00000323          	sb	zero,6(zero) # 6 <buf.2+0x6>
80005e60:	0128                	add	a0,sp,136
80005e62:	0000                	unimp
80005e64:	0085                	add	ra,ra,1
80005e66:	0000                	unimp
80005e68:	0115                	add	sp,sp,5
80005e6a:	0000                	unimp
80005e6c:	0211                	add	tp,tp,4 # 4 <buf.2+0x4>
80005e6e:	0000                	unimp
80005e70:	0068                	add	a0,sp,12
80005e72:	0000                	unimp
80005e74:	00e5                	add	ra,ra,25
80005e76:	0000                	unimp
80005e78:	0050                	add	a2,sp,4
80005e7a:	0000                	unimp
80005e7c:	01ce                	sll	gp,gp,0x13
80005e7e:	0000                	unimp
80005e80:	0278                	add	a4,sp,268
80005e82:	0000                	unimp
80005e84:	0104                	add	s1,sp,128
80005e86:	0000                	unimp
80005e88:	0000032f          	.insn	4, 0x032f
80005e8c:	0025                	c.nop	9
80005e8e:	0000                	unimp
80005e90:	00000353          	.insn	4, 0x0353
80005e94:	00ed                	add	ra,ra,27
80005e96:	0000                	unimp
80005e98:	02dc                	add	a5,sp,324
80005e9a:	0000                	unimp
80005e9c:	000000f3          	.insn	4, 0x00f3
80005ea0:	0189                	add	gp,gp,2 # 80007f9a <__global_pointer$+0x2>
80005ea2:	0000                	unimp
80005ea4:	0362                	sll	t1,t1,0x18
80005ea6:	0000                	unimp
80005ea8:	02f8                	add	a4,sp,332
80005eaa:	0000                	unimp
80005eac:	00c4                	add	s1,sp,68
80005eae:	0000                	unimp
80005eb0:	007e                	c.slli	zero,0x1f
80005eb2:	0000                	unimp
80005eb4:	00000277          	.insn	4, 0x0277
80005eb8:	00a8                	add	a0,sp,72
80005eba:	0000                	unimp
80005ebc:	012d                	add	sp,sp,11
80005ebe:	0000                	unimp
80005ec0:	0000034b          	.insn	4, 0x034b
80005ec4:	0265                	add	tp,tp,25 # 19 <buf.2+0x19>
80005ec6:	0000                	unimp
80005ec8:	00bd                	add	ra,ra,15
80005eca:	0000                	unimp
80005ecc:	014d                	add	sp,sp,19
80005ece:	0000                	unimp
80005ed0:	024d                	add	tp,tp,19 # 13 <buf.2+0x13>
80005ed2:	0000                	unimp
80005ed4:	000000f7          	.insn	4, 0x00f7
80005ed8:	03a8                	add	a0,sp,456
80005eda:	0000                	unimp
80005edc:	00c5                	add	ra,ra,17
80005ede:	0000                	unimp
80005ee0:	0100                	add	s0,sp,128
80005ee2:	0000                	unimp
80005ee4:	0252                	sll	tp,tp,0x14
80005ee6:	0000                	unimp
80005ee8:	00e8                	add	a0,sp,76
80005eea:	0000                	unimp
80005eec:	03bc                	add	a5,sp,456
80005eee:	0000                	unimp
80005ef0:	0000004b          	.insn	4, 0x004b
80005ef4:	0132                	sll	sp,sp,0xc
80005ef6:	0000                	unimp
80005ef8:	00be                	sll	ra,ra,0xf
80005efa:	0000                	unimp
80005efc:	0149                	add	sp,sp,18
80005efe:	0000                	unimp
80005f00:	01a8                	add	a0,sp,200
80005f02:	0000                	unimp
80005f04:	0099                	add	ra,ra,6
80005f06:	0000                	unimp
80005f08:	000002ef          	jal	t0,80005f08 <input_data+0x25f0>
80005f0c:	02b2                	sll	t0,t0,0xc
80005f0e:	0000                	unimp
80005f10:	02f5                	add	t0,t0,29
80005f12:	0000                	unimp
80005f14:	0325                	add	t1,t1,9
80005f16:	0000                	unimp
80005f18:	036c                	add	a1,sp,396
80005f1a:	0000                	unimp
80005f1c:	0000021b          	.insn	4, 0x021b
80005f20:	0030                	add	a2,sp,8
80005f22:	0000                	unimp
80005f24:	007a                	c.slli	zero,0x1e
80005f26:	0000                	unimp
80005f28:	0359                	add	t1,t1,22
80005f2a:	0000                	unimp
80005f2c:	01d9                	add	gp,gp,22 # 80007fae <__global_pointer$+0x16>
80005f2e:	0000                	unimp
80005f30:	0302                	c.slli64	t1
80005f32:	0000                	unimp
80005f34:	0184                	add	s1,sp,192
80005f36:	0000                	unimp
80005f38:	027e                	sll	tp,tp,0x1f
80005f3a:	0000                	unimp
80005f3c:	007d                	c.nop	31
80005f3e:	0000                	unimp
80005f40:	01e8                	add	a0,sp,204
80005f42:	0000                	unimp
80005f44:	03cd                	add	t2,t2,19
80005f46:	0000                	unimp
80005f48:	00b0                	add	a2,sp,72
80005f4a:	0000                	unimp
80005f4c:	000000cb          	.insn	4, 0x00cb
80005f50:	01da                	sll	gp,gp,0x16
80005f52:	0000                	unimp
80005f54:	02b5                	add	t0,t0,13
80005f56:	0000                	unimp
80005f58:	01cd                	add	gp,gp,19 # 80007fab <__global_pointer$+0x13>
80005f5a:	0000                	unimp
80005f5c:	0052                	c.slli	zero,0x14
80005f5e:	0000                	unimp
80005f60:	025e                	sll	tp,tp,0x17
80005f62:	0000                	unimp
80005f64:	01b0                	add	a2,sp,200
80005f66:	0000                	unimp
80005f68:	0000039b          	.insn	4, 0x039b
80005f6c:	0046                	c.slli	zero,0x11
80005f6e:	0000                	unimp
80005f70:	0000                	unimp
80005f72:	0000                	unimp
80005f74:	00000173          	.insn	4, 0x0173
80005f78:	0278                	add	a4,sp,268
80005f7a:	0000                	unimp
80005f7c:	00ce                	sll	ra,ra,0x13
80005f7e:	0000                	unimp
80005f80:	0118                	add	a4,sp,128
80005f82:	0000                	unimp
80005f84:	025c                	add	a5,sp,260
80005f86:	0000                	unimp
80005f88:	03a0                	add	s0,sp,456
80005f8a:	0000                	unimp
80005f8c:	02ae                	sll	t0,t0,0xb
80005f8e:	0000                	unimp
80005f90:	012c                	add	a1,sp,136
80005f92:	0000                	unimp
80005f94:	0078                	add	a4,sp,12
80005f96:	0000                	unimp
80005f98:	000001c3          	.insn	4, 0x01c3
80005f9c:	0000031b          	.insn	4, 0x031b
80005fa0:	000002bf 0000032a 	.insn	8, 0x032a000002bf
80005fa8:	000002c7          	.insn	4, 0x02c7
80005fac:	02c4                	add	s1,sp,324
80005fae:	0000                	unimp
80005fb0:	026c                	add	a1,sp,268
80005fb2:	0000                	unimp
80005fb4:	0165                	add	sp,sp,25
80005fb6:	0000                	unimp
80005fb8:	000001bb          	.insn	4, 0x01bb
80005fbc:	0062                	c.slli	zero,0x18
80005fbe:	0000                	unimp
80005fc0:	0315                	add	t1,t1,5
80005fc2:	0000                	unimp
80005fc4:	00000387          	.insn	4, 0x0387
80005fc8:	00000263          	beqz	zero,80005fcc <input_data+0x26b4>
80005fcc:	005d                	c.nop	23
80005fce:	0000                	unimp
80005fd0:	000000e7          	jalr	zero # 0 <buf.2>
80005fd4:	0178                	add	a4,sp,140
80005fd6:	0000                	unimp
80005fd8:	0212                	sll	tp,tp,0x4
80005fda:	0000                	unimp
80005fdc:	0000012b          	.insn	4, 0x012b
80005fe0:	00000317          	auipc	t1,0x0
80005fe4:	0001                	nop
80005fe6:	0000                	unimp
80005fe8:	02dc                	add	a5,sp,324
80005fea:	0000                	unimp
80005fec:	012a                	sll	sp,sp,0xa
80005fee:	0000                	unimp
80005ff0:	0121                	add	sp,sp,8
80005ff2:	0000                	unimp
80005ff4:	00000083          	lb	ra,0(zero) # 0 <buf.2>
80005ff8:	02d6                	sll	t0,t0,0x15
80005ffa:	0000                	unimp
80005ffc:	0342                	sll	t1,t1,0x10
80005ffe:	0000                	unimp
80006000:	0326                	sll	t1,t1,0x9
80006002:	0000                	unimp
80006004:	00f9                	add	ra,ra,30
80006006:	0000                	unimp
80006008:	00ac                	add	a1,sp,72
8000600a:	0000                	unimp
8000600c:	02c5                	add	t0,t0,17
8000600e:	0000                	unimp
80006010:	0382                	c.slli64	t2
80006012:	0000                	unimp
80006014:	0000007b          	.insn	4, 0x007b
80006018:	01c8                	add	a0,sp,196
8000601a:	0000                	unimp
8000601c:	0005                	c.nop	1
8000601e:	0000                	unimp
80006020:	03ae                	sll	t2,t2,0xb
80006022:	0000                	unimp
80006024:	01ce                	sll	gp,gp,0x13
80006026:	0000                	unimp
80006028:	025f 0000 0142      	.insn	6, 0x01420000025f
8000602e:	0000                	unimp
80006030:	0321                	add	t1,t1,8 # 80005fe8 <input_data+0x26d0>
80006032:	0000                	unimp
80006034:	00d0                	add	a2,sp,68
80006036:	0000                	unimp
80006038:	000001f7          	.insn	4, 0x01f7
8000603c:	01a5                	add	gp,gp,9 # 80007fa1 <__global_pointer$+0x9>
8000603e:	0000                	unimp
80006040:	02e5                	add	t0,t0,25
80006042:	0000                	unimp
80006044:	000000b7          	lui	ra,0x0
80006048:	0326                	sll	t1,t1,0x9
8000604a:	0000                	unimp
8000604c:	0102                	c.slli64	sp
8000604e:	0000                	unimp
80006050:	0279                	add	tp,tp,30 # 1e <buf.2+0x1e>
80006052:	0000                	unimp
80006054:	0215                	add	tp,tp,5 # 5 <buf.2+0x5>
80006056:	0000                	unimp
80006058:	03b6                	sll	t2,t2,0xd
8000605a:	0000                	unimp
8000605c:	0252                	sll	tp,tp,0x14
8000605e:	0000                	unimp
80006060:	03b4                	add	a3,sp,456
80006062:	0000                	unimp
80006064:	001f 0000 0028      	.insn	6, 0x00280000001f
8000606a:	0000                	unimp
8000606c:	03d8                	add	a4,sp,452
8000606e:	0000                	unimp
80006070:	0161                	add	sp,sp,24
80006072:	0000                	unimp
80006074:	00d5                	add	ra,ra,21 # 15 <buf.2+0x15>
80006076:	0000                	unimp
80006078:	000000c3          	.insn	4, 0x00c3
8000607c:	0032                	c.slli	zero,0xc
8000607e:	0000                	unimp
80006080:	031a                	sll	t1,t1,0x6
80006082:	0000                	unimp
80006084:	03d2                	sll	t2,t2,0x14
80006086:	0000                	unimp
80006088:	02bc                	add	a5,sp,328
8000608a:	0000                	unimp
8000608c:	00d9                	add	ra,ra,22
8000608e:	0000                	unimp
80006090:	011f 0000 0335      	.insn	6, 0x03350000011f
80006096:	0000                	unimp
80006098:	0000010b          	.insn	4, 0x010b
8000609c:	02de                	sll	t0,t0,0x17
8000609e:	0000                	unimp
800060a0:	0306                	sll	t1,t1,0x1
800060a2:	0000                	unimp
800060a4:	022a                	sll	tp,tp,0xa
800060a6:	0000                	unimp
800060a8:	028a                	sll	t0,t0,0x2
800060aa:	0000                	unimp
800060ac:	0169                	add	sp,sp,26
800060ae:	0000                	unimp
800060b0:	000000c7          	.insn	4, 0x00c7
800060b4:	00ec                	add	a1,sp,76
800060b6:	0000                	unimp
800060b8:	00000107          	.insn	4, 0x0107
800060bc:	00000063          	beqz	zero,800060bc <input_data+0x27a4>
800060c0:	013c                	add	a5,sp,136
800060c2:	0000                	unimp
800060c4:	032a                	sll	t1,t1,0xa
800060c6:	0000                	unimp
800060c8:	03b2                	sll	t2,t2,0xc
800060ca:	0000                	unimp
800060cc:	03d8                	add	a4,sp,452
800060ce:	0000                	unimp
800060d0:	03ac                	add	a1,sp,456
800060d2:	0000                	unimp
800060d4:	0000037b          	.insn	4, 0x037b
800060d8:	0000025b          	.insn	4, 0x025b
800060dc:	00b4                	add	a3,sp,72
800060de:	0000                	unimp
800060e0:	0342                	sll	t1,t1,0x10
800060e2:	0000                	unimp
800060e4:	014d                	add	sp,sp,19
800060e6:	0000                	unimp
800060e8:	027f 0000 011e 0000 	.insn	10, 0x020a0000011e0000027f
800060f0:	020a 
800060f2:	0000                	unimp
800060f4:	0021                	c.nop	8
800060f6:	0000                	unimp
800060f8:	0100                	add	s0,sp,128
800060fa:	0000                	unimp
800060fc:	00ca                	sll	ra,ra,0x12
800060fe:	0000                	unimp
80006100:	01a2                	sll	gp,gp,0x8
80006102:	0000                	unimp
80006104:	000001d3          	.insn	4, 0x01d3
80006108:	010a                	sll	sp,sp,0x2
8000610a:	0000                	unimp
8000610c:	02cc                	add	a1,sp,324
8000610e:	0000                	unimp
80006110:	0396                	sll	t2,t2,0x5
80006112:	0000                	unimp
80006114:	007e                	c.slli	zero,0x1f
80006116:	0000                	unimp
80006118:	0312                	sll	t1,t1,0x4
8000611a:	0000                	unimp
8000611c:	000002b7          	lui	t0,0x0
80006120:	030e                	sll	t1,t1,0x3
80006122:	0000                	unimp
80006124:	0198                	add	a4,sp,192
80006126:	0000                	unimp
80006128:	0211                	add	tp,tp,4 # 4 <buf.2+0x4>
8000612a:	0000                	unimp
8000612c:	0399                	add	t2,t2,6
8000612e:	0000                	unimp
80006130:	01ee                	sll	gp,gp,0x1b
80006132:	0000                	unimp
80006134:	000000cf          	.insn	4, 0x00cf
80006138:	012d                	add	sp,sp,11
8000613a:	0000                	unimp
8000613c:	039d                	add	t2,t2,7
8000613e:	0000                	unimp
80006140:	000000c3          	.insn	4, 0x00c3
80006144:	0324                	add	s1,sp,392
80006146:	0000                	unimp
80006148:	00000187          	.insn	4, 0x0187
8000614c:	000003b7          	lui	t2,0x0
80006150:	02da                	sll	t0,t0,0x16
80006152:	0000                	unimp
80006154:	0228                	add	a0,sp,264
80006156:	0000                	unimp
80006158:	0390                	add	a2,sp,448
8000615a:	0000                	unimp
8000615c:	01b0                	add	a2,sp,200
8000615e:	0000                	unimp
80006160:	031e                	sll	t1,t1,0x7
80006162:	0000                	unimp
80006164:	0021                	c.nop	8
80006166:	0000                	unimp
80006168:	01d8                	add	a4,sp,196
8000616a:	0000                	unimp
8000616c:	0106                	sll	sp,sp,0x1
8000616e:	0000                	unimp
80006170:	033a                	sll	t1,t1,0xe
80006172:	0000                	unimp
80006174:	02ec                	add	a1,sp,332
80006176:	0000                	unimp
80006178:	0000016f          	jal	sp,80006178 <input_data+0x2860>
8000617c:	00000343          	.insn	4, 0x0343
80006180:	00000073          	ecall
80006184:	0175                	add	sp,sp,29
80006186:	0000                	unimp
80006188:	00e9                	add	ra,ra,26
8000618a:	0000                	unimp
8000618c:	015f 0000 0352      	.insn	6, 0x03520000015f
80006192:	0000                	unimp
80006194:	038e                	sll	t2,t2,0x3
80006196:	0000                	unimp
80006198:	0356                	sll	t1,t1,0x15
8000619a:	0000                	unimp
8000619c:	02b0                	add	a2,sp,328
8000619e:	0000                	unimp
800061a0:	00000227          	.insn	4, 0x0227
800061a4:	00000373          	.insn	4, 0x0373
800061a8:	0359                	add	t1,t1,22
800061aa:	0000                	unimp
800061ac:	0018                	.insn	2, 0x0018
800061ae:	0000                	unimp
800061b0:	013a                	sll	sp,sp,0xe
800061b2:	0000                	unimp
800061b4:	0000022b          	.insn	4, 0x022b
800061b8:	0336                	sll	t1,t1,0xd
800061ba:	0000                	unimp
800061bc:	03da                	sll	t2,t2,0x16
800061be:	0000                	unimp
800061c0:	01a6                	sll	gp,gp,0x9
800061c2:	0000                	unimp
800061c4:	0395                	add	t2,t2,5 # 5 <buf.2+0x5>
800061c6:	0000                	unimp
800061c8:	000000af          	.insn	4, 0x00af
800061cc:	00ac                	add	a1,sp,72
800061ce:	0000                	unimp
800061d0:	01d6                	sll	gp,gp,0x15
800061d2:	0000                	unimp
800061d4:	0162                	sll	sp,sp,0x18
800061d6:	0000                	unimp
800061d8:	033e                	sll	t1,t1,0xf
800061da:	0000                	unimp
800061dc:	00d0                	add	a2,sp,68
800061de:	0000                	unimp
800061e0:	00000137          	lui	sp,0x0
800061e4:	0342                	sll	t1,t1,0x10
800061e6:	0000                	unimp
800061e8:	00ce                	sll	ra,ra,0x13
800061ea:	0000                	unimp
800061ec:	028d                	add	t0,t0,3 # 3 <buf.2+0x3>
800061ee:	0000                	unimp
800061f0:	0090                	add	a2,sp,64
800061f2:	0000                	unimp
800061f4:	00000337          	lui	t1,0x0
800061f8:	006a                	c.slli	zero,0x1a
800061fa:	0000                	unimp
800061fc:	007e                	c.slli	zero,0x1f
800061fe:	0000                	unimp
80006200:	027e                	sll	tp,tp,0x1f
80006202:	0000                	unimp
80006204:	02b1                	add	t0,t0,12
80006206:	0000                	unimp
80006208:	0086                	sll	ra,ra,0x1
8000620a:	0000                	unimp
8000620c:	00000133          	add	sp,zero,zero
80006210:	0000026f          	jal	tp,80006210 <input_data+0x28f8>
80006214:	0324                	add	s1,sp,392
80006216:	0000                	unimp
80006218:	000001b7          	lui	gp,0x0
8000621c:	000001a7          	.insn	4, 0x01a7
80006220:	0391                	add	t2,t2,4
80006222:	0000                	unimp
80006224:	015d                	add	sp,sp,23 # 17 <buf.2+0x17>
80006226:	0000                	unimp
80006228:	025a                	sll	tp,tp,0x16
8000622a:	0000                	unimp
8000622c:	01a8                	add	a0,sp,200
8000622e:	0000                	unimp
80006230:	03e4                	add	s1,sp,460
80006232:	0000                	unimp
80006234:	01ae                	sll	gp,gp,0xb
80006236:	0000                	unimp
80006238:	0000022b          	.insn	4, 0x022b
8000623c:	0090                	add	a2,sp,64
8000623e:	0000                	unimp
80006240:	01e1                	add	gp,gp,24 # 18 <buf.2+0x18>
80006242:	0000                	unimp
80006244:	02f4                	add	a3,sp,332
80006246:	0000                	unimp
80006248:	00e2                	sll	ra,ra,0x18
8000624a:	0000                	unimp
8000624c:	03de                	sll	t2,t2,0x17
8000624e:	0000                	unimp
80006250:	0145                	add	sp,sp,17
80006252:	0000                	unimp
80006254:	000000cf          	.insn	4, 0x00cf
80006258:	00000353          	.insn	4, 0x0353
8000625c:	012e                	sll	sp,sp,0xb
8000625e:	0000                	unimp
80006260:	00000217          	auipc	tp,0x0
80006264:	0339                	add	t1,t1,14 # e <buf.2+0xe>
80006266:	0000                	unimp
80006268:	0086                	sll	ra,ra,0x1
8000626a:	0000                	unimp
8000626c:	0351                	add	t1,t1,20
8000626e:	0000                	unimp
80006270:	00cc                	add	a1,sp,68
80006272:	0000                	unimp
80006274:	000002ab          	.insn	4, 0x02ab
80006278:	000002b7          	lui	t0,0x0
8000627c:	022c                	add	a1,sp,264
8000627e:	0000                	unimp
80006280:	00000317          	auipc	t1,0x0
80006284:	000002fb          	.insn	4, 0x02fb
80006288:	00a9                	add	ra,ra,10
8000628a:	0000                	unimp
8000628c:	0215                	add	tp,tp,5 # 80006265 <input_data+0x294d>
8000628e:	0000                	unimp
80006290:	0000026f          	jal	tp,80006290 <input_data+0x2978>
80006294:	00c2                	sll	ra,ra,0x10
80006296:	0000                	unimp
80006298:	0056                	c.slli	zero,0x15
8000629a:	0000                	unimp
8000629c:	02d4                	add	a3,sp,324
8000629e:	0000                	unimp
800062a0:	01e4                	add	s1,sp,204
800062a2:	0000                	unimp
800062a4:	01b8                	add	a4,sp,200
800062a6:	0000                	unimp
800062a8:	005c                	add	a5,sp,4
800062aa:	0000                	unimp
800062ac:	0366                	sll	t1,t1,0x19
800062ae:	0000                	unimp
800062b0:	000001d7          	.insn	4, 0x01d7
800062b4:	0056                	c.slli	zero,0x15
800062b6:	0000                	unimp
800062b8:	021a                	sll	tp,tp,0x6
800062ba:	0000                	unimp
800062bc:	0000002f          	.insn	4, 0x002f
800062c0:	0000012f          	.insn	4, 0x012f
800062c4:	00000333          	add	t1,zero,zero
800062c8:	0309                	add	t1,t1,2 # 80006282 <input_data+0x296a>
800062ca:	0000                	unimp
800062cc:	028c                	add	a1,sp,320
800062ce:	0000                	unimp
800062d0:	02be                	sll	t0,t0,0xf
800062d2:	0000                	unimp
800062d4:	0384                	add	s1,sp,448
800062d6:	0000                	unimp
800062d8:	0212                	sll	tp,tp,0x4
800062da:	0000                	unimp
800062dc:	020a                	sll	tp,tp,0x2
800062de:	0000                	unimp
800062e0:	000001cb          	.insn	4, 0x01cb
800062e4:	0141                	add	sp,sp,16
800062e6:	0000                	unimp
800062e8:	0391                	add	t2,t2,4
800062ea:	0000                	unimp
800062ec:	0000022f          	.insn	4, 0x022f
800062f0:	000003c3          	.insn	4, 0x03c3
800062f4:	000003c3          	.insn	4, 0x03c3
800062f8:	02ad                	add	t0,t0,11 # b <buf.2+0xb>
800062fa:	0000                	unimp
800062fc:	0171                	add	sp,sp,28
800062fe:	0000                	unimp
80006300:	00000147          	.insn	4, 0x0147
80006304:	01d6                	sll	gp,gp,0x15
80006306:	0000                	unimp
80006308:	00a4                	add	s1,sp,72
8000630a:	0000                	unimp
8000630c:	011c                	add	a5,sp,128
8000630e:	0000                	unimp
80006310:	01b5                	add	gp,gp,13 # 80007fa5 <__global_pointer$+0xd>
80006312:	0000                	unimp
80006314:	03bd                	add	t2,t2,15
80006316:	0000                	unimp
80006318:	0094                	add	a3,sp,64
8000631a:	0000                	unimp
8000631c:	0268                	add	a0,sp,268
8000631e:	0000                	unimp
80006320:	0002                	c.slli64	zero
80006322:	0000                	unimp
80006324:	006c                	add	a1,sp,12
80006326:	0000                	unimp
80006328:	006a                	c.slli	zero,0x1a
8000632a:	0000                	unimp
8000632c:	0128                	add	a0,sp,136
8000632e:	0000                	unimp
80006330:	000002e7          	jalr	t0,zero # 0 <buf.2>
80006334:	0079                	c.nop	30
80006336:	0000                	unimp
80006338:	0130                	add	a2,sp,136
8000633a:	0000                	unimp
8000633c:	00000083          	lb	ra,0(zero) # 0 <buf.2>
80006340:	02b6                	sll	t0,t0,0xd
80006342:	0000                	unimp
80006344:	000003a7          	.insn	4, 0x03a7
80006348:	000001f7          	.insn	4, 0x01f7
8000634c:	03a9                	add	t2,t2,10
8000634e:	0000                	unimp
80006350:	0028                	add	a0,sp,8
80006352:	0000                	unimp
80006354:	00000373          	.insn	4, 0x0373
80006358:	00000027          	.insn	4, 0x0027
8000635c:	00000383          	lb	t2,0(zero) # 0 <buf.2>
80006360:	0046                	c.slli	zero,0x11
80006362:	0000                	unimp
80006364:	00e5                	add	ra,ra,25
80006366:	0000                	unimp
80006368:	027d                	add	tp,tp,31 # 1f <buf.2+0x1f>
8000636a:	0000                	unimp
8000636c:	028e                	sll	t0,t0,0x3
8000636e:	0000                	unimp
80006370:	0000034b          	.insn	4, 0x034b
80006374:	0362                	sll	t1,t1,0x18
80006376:	0000                	unimp
80006378:	00000103          	lb	sp,0(zero) # 0 <buf.2>
8000637c:	00fc                	add	a5,sp,76
8000637e:	0000                	unimp
80006380:	00000213          	li	tp,0
80006384:	0034                	add	a3,sp,8
80006386:	0000                	unimp
80006388:	01ec                	add	a1,sp,204
8000638a:	0000                	unimp
8000638c:	03c9                	add	t2,t2,18
8000638e:	0000                	unimp
80006390:	02b5                	add	t0,t0,13
80006392:	0000                	unimp
80006394:	000001a3          	sb	zero,3(zero) # 3 <buf.2+0x3>
80006398:	0116                	sll	sp,sp,0x5
8000639a:	0000                	unimp
8000639c:	0309                	add	t1,t1,2
8000639e:	0000                	unimp
800063a0:	03ca                	sll	t2,t2,0x12
800063a2:	0000                	unimp
800063a4:	01ba                	sll	gp,gp,0xe
800063a6:	0000                	unimp
800063a8:	0222                	sll	tp,tp,0x8
800063aa:	0000                	unimp
800063ac:	01c8                	add	a0,sp,196
800063ae:	0000                	unimp
800063b0:	000001f7          	.insn	4, 0x01f7
800063b4:	0045                	c.nop	17
800063b6:	0000                	unimp
800063b8:	000003bb          	.insn	4, 0x03bb
800063bc:	0081                	add	ra,ra,0
800063be:	0000                	unimp
800063c0:	02b9                	add	t0,t0,14
800063c2:	0000                	unimp
800063c4:	0000026f          	jal	tp,800063c4 <input_data+0x2aac>
800063c8:	034a                	sll	t1,t1,0x12
800063ca:	0000                	unimp
800063cc:	00000167          	jalr	sp,zero # 0 <buf.2>
800063d0:	0145                	add	sp,sp,17
800063d2:	0000                	unimp
800063d4:	00000203          	lb	tp,0(zero) # 0 <buf.2>
800063d8:	00df 0000 020f      	.insn	6, 0x020f000000df
800063de:	0000                	unimp
800063e0:	0054                	add	a3,sp,4
800063e2:	0000                	unimp
800063e4:	01d5                	add	gp,gp,21 # 80007fad <__global_pointer$+0x15>
800063e6:	0000                	unimp
800063e8:	02dc                	add	a5,sp,324
800063ea:	0000                	unimp
800063ec:	02d4                	add	a3,sp,324
800063ee:	0000                	unimp
800063f0:	0000013f 00000068 	.insn	8, 0x00680000013f
800063f8:	000002bf 00000315 	.insn	8, 0x0315000002bf
80006400:	03d4                	add	a3,sp,452
80006402:	0000                	unimp
80006404:	006d                	c.nop	27
80006406:	0000                	unimp
80006408:	01be                	sll	gp,gp,0xf
8000640a:	0000                	unimp
8000640c:	033e                	sll	t1,t1,0xf
8000640e:	0000                	unimp
80006410:	037c                	add	a5,sp,396
80006412:	0000                	unimp
80006414:	00000017          	auipc	zero,0x0
80006418:	02b1                	add	t0,t0,12
8000641a:	0000                	unimp
8000641c:	0374                	add	a3,sp,396
8000641e:	0000                	unimp
80006420:	0064                	add	s1,sp,12
80006422:	0000                	unimp
80006424:	0316                	sll	t1,t1,0x5
80006426:	0000                	unimp
80006428:	00c4                	add	s1,sp,68
8000642a:	0000                	unimp
8000642c:	01fd                	add	gp,gp,31 # 80007fb7 <__global_pointer$+0x1f>
8000642e:	0000                	unimp
80006430:	00000157          	.insn	4, 0x0157
80006434:	033c                	add	a5,sp,392
80006436:	0000                	unimp
80006438:	027d                	add	tp,tp,31 # 1f <buf.2+0x1f>
8000643a:	0000                	unimp
8000643c:	0244                	add	s1,sp,260
8000643e:	0000                	unimp
80006440:	0000016f          	jal	sp,80006440 <input_data+0x2b28>
80006444:	0000034f          	.insn	4, 0x034f
80006448:	0030                	add	a2,sp,8
8000644a:	0000                	unimp
8000644c:	000001b3          	add	gp,zero,zero
80006450:	035c                	add	a5,sp,388
80006452:	0000                	unimp
80006454:	0124                	add	s1,sp,136
80006456:	0000                	unimp
80006458:	02b8                	add	a4,sp,328
8000645a:	0000                	unimp
8000645c:	0000020b          	.insn	4, 0x020b
80006460:	02d4                	add	a3,sp,324
80006462:	0000                	unimp
80006464:	038c                	add	a1,sp,448
80006466:	0000                	unimp
80006468:	000000bf 00000325 	.insn	8, 0x0325000000bf
80006470:	0188                	add	a0,sp,192
80006472:	0000                	unimp
80006474:	000003b7          	lui	t2,0x0
80006478:	01fe                	sll	gp,gp,0x1f
8000647a:	0000                	unimp
8000647c:	000000a3          	sb	zero,1(zero) # 1 <buf.2+0x1>
80006480:	000003cf          	.insn	4, 0x03cf
80006484:	0102                	c.slli64	sp
80006486:	0000                	unimp
80006488:	0239                	add	tp,tp,14 # e <buf.2+0xe>
8000648a:	0000                	unimp
8000648c:	039a                	sll	t2,t2,0x6
8000648e:	0000                	unimp
80006490:	000002d3          	.insn	4, 0x02d3
80006494:	00e8                	add	a0,sp,76
80006496:	0000                	unimp
80006498:	02b4                	add	a3,sp,328
8000649a:	0000                	unimp
8000649c:	0148                	add	a0,sp,132
8000649e:	0000                	unimp
800064a0:	0031                	c.nop	12
800064a2:	0000                	unimp
800064a4:	028e                	sll	t0,t0,0x3
800064a6:	0000                	unimp
800064a8:	0030                	add	a2,sp,8
800064aa:	0000                	unimp
800064ac:	00000023          	sb	zero,0(zero) # 0 <buf.2>
800064b0:	0058                	add	a4,sp,4
800064b2:	0000                	unimp
800064b4:	01c2                	sll	gp,gp,0x10
800064b6:	0000                	unimp
800064b8:	0384                	add	s1,sp,448
800064ba:	0000                	unimp
800064bc:	0356                	sll	t1,t1,0x15
800064be:	0000                	unimp
800064c0:	01e5                	add	gp,gp,25 # 80007fb1 <__global_pointer$+0x19>
800064c2:	0000                	unimp
800064c4:	02bc                	add	a5,sp,328
800064c6:	0000                	unimp
800064c8:	01a8                	add	a0,sp,200
800064ca:	0000                	unimp
800064cc:	00000203          	lb	tp,0(zero) # 0 <buf.2>
800064d0:	000002f7          	.insn	4, 0x02f7
800064d4:	021f 0000 01b9      	.insn	6, 0x01b90000021f
800064da:	0000                	unimp
800064dc:	00000277          	.insn	4, 0x0277
800064e0:	0039                	c.nop	14
800064e2:	0000                	unimp
800064e4:	015a                	sll	sp,sp,0x16
800064e6:	0000                	unimp
800064e8:	027d                	add	tp,tp,31 # 1f <buf.2+0x1f>
800064ea:	0000                	unimp
800064ec:	032e                	sll	t1,t1,0xb
800064ee:	0000                	unimp
800064f0:	0195                	add	gp,gp,5 # 80007f9d <__global_pointer$+0x5>
800064f2:	0000                	unimp
800064f4:	0375                	add	t1,t1,29
800064f6:	0000                	unimp
800064f8:	0278                	add	a4,sp,268
800064fa:	0000                	unimp
800064fc:	0261                	add	tp,tp,24 # 18 <buf.2+0x18>
800064fe:	0000                	unimp
80006500:	00000093          	li	ra,0
80006504:	03b8                	add	a4,sp,456
80006506:	0000                	unimp
80006508:	01be                	sll	gp,gp,0xf
8000650a:	0000                	unimp
8000650c:	00000397          	auipc	t2,0x0
80006510:	00000173          	.insn	4, 0x0173
80006514:	009a                	sll	ra,ra,0x6
80006516:	0000                	unimp
80006518:	000003e3          	beqz	zero,80006d1e <input_data+0x3406>
8000651c:	032e                	sll	t1,t1,0xb
8000651e:	0000                	unimp
80006520:	03c5                	add	t2,t2,17 # 8000651d <input_data+0x2c05>
80006522:	0000                	unimp
80006524:	0000036b          	.insn	4, 0x036b
80006528:	02d9                	add	t0,t0,22
8000652a:	0000                	unimp
8000652c:	03e1                	add	t2,t2,24
8000652e:	0000                	unimp
80006530:	02de                	sll	t0,t0,0x17
80006532:	0000                	unimp
80006534:	02ff 0000 01d3 0000 	.insn	10, 0x00a3000001d3000002ff
8000653c:	00a3 
8000653e:	0000                	unimp
80006540:	02b2                	sll	t0,t0,0xc
80006542:	0000                	unimp
80006544:	01e0                	add	s0,sp,204
80006546:	0000                	unimp
80006548:	0125                	add	sp,sp,9
8000654a:	0000                	unimp
8000654c:	02ad                	add	t0,t0,11
8000654e:	0000                	unimp
80006550:	000002af          	.insn	4, 0x02af
80006554:	0068                	add	a0,sp,12
80006556:	0000                	unimp
80006558:	01b1                	add	gp,gp,12 # 80007fa4 <__global_pointer$+0xc>
8000655a:	0000                	unimp
8000655c:	03ae                	sll	t2,t2,0xb
8000655e:	0000                	unimp
80006560:	0000016b          	.insn	4, 0x016b
80006564:	001c                	.insn	2, 0x001c
80006566:	0000                	unimp
80006568:	02d5                	add	t0,t0,21
8000656a:	0000                	unimp
8000656c:	000000a3          	sb	zero,1(zero) # 1 <buf.2+0x1>
80006570:	02e2                	sll	t0,t0,0x18
80006572:	0000                	unimp
80006574:	014a                	sll	sp,sp,0x12
80006576:	0000                	unimp
80006578:	0172                	sll	sp,sp,0x1c
8000657a:	0000                	unimp
8000657c:	0081                	add	ra,ra,0
8000657e:	0000                	unimp
80006580:	02e5                	add	t0,t0,25
80006582:	0000                	unimp
80006584:	03b8                	add	a4,sp,456
80006586:	0000                	unimp
80006588:	01bc                	add	a5,sp,200
8000658a:	0000                	unimp
8000658c:	00f1                	add	ra,ra,28
8000658e:	0000                	unimp
80006590:	0135                	add	sp,sp,13
80006592:	0000                	unimp
80006594:	017c                	add	a5,sp,140
80006596:	0000                	unimp
80006598:	00000117          	auipc	sp,0x0
8000659c:	0150                	add	a2,sp,132
8000659e:	0000                	unimp
800065a0:	0151                	add	sp,sp,20 # 800065ac <input_data+0x2c94>
800065a2:	0000                	unimp
800065a4:	025f 0000 01f7      	.insn	6, 0x01f70000025f
800065aa:	0000                	unimp
800065ac:	0084                	add	s1,sp,64
800065ae:	0000                	unimp
800065b0:	0205                	add	tp,tp,1 # 1 <buf.2+0x1>
800065b2:	0000                	unimp
800065b4:	0170                	add	a2,sp,140
800065b6:	0000                	unimp
800065b8:	0372                	sll	t1,t1,0x1c
800065ba:	0000                	unimp
800065bc:	00000057          	.insn	4, 0x0057
800065c0:	0000021b          	.insn	4, 0x021b
800065c4:	000002af          	.insn	4, 0x02af
800065c8:	0092                	sll	ra,ra,0x4
800065ca:	0000                	unimp
800065cc:	00e9                	add	ra,ra,26
800065ce:	0000                	unimp
800065d0:	0150                	add	a2,sp,132
800065d2:	0000                	unimp
800065d4:	01c9                	add	gp,gp,18 # 80007faa <__global_pointer$+0x12>
800065d6:	0000                	unimp
800065d8:	0315                	add	t1,t1,5
800065da:	0000                	unimp
800065dc:	00f6                	sll	ra,ra,0x1d
800065de:	0000                	unimp
800065e0:	004e                	c.slli	zero,0x13
800065e2:	0000                	unimp
800065e4:	00c0                	add	s0,sp,68
800065e6:	0000                	unimp
800065e8:	0000016f          	jal	sp,800065e8 <input_data+0x2cd0>
800065ec:	0049                	c.nop	18
800065ee:	0000                	unimp
800065f0:	0358                	add	a4,sp,388
800065f2:	0000                	unimp
800065f4:	03de                	sll	t2,t2,0x17
800065f6:	0000                	unimp
800065f8:	000001a7          	.insn	4, 0x01a7
800065fc:	03b1                	add	t2,t2,12
800065fe:	0000                	unimp
80006600:	0052                	c.slli	zero,0x14
80006602:	0000                	unimp
80006604:	000003c7          	.insn	4, 0x03c7
80006608:	0399                	add	t2,t2,6
8000660a:	0000                	unimp
8000660c:	03d4                	add	a3,sp,452
8000660e:	0000                	unimp
80006610:	00000057          	.insn	4, 0x0057
80006614:	0229                	add	tp,tp,10 # a <buf.2+0xa>
80006616:	0000                	unimp
80006618:	0216                	sll	tp,tp,0x5
8000661a:	0000                	unimp
8000661c:	0021                	c.nop	8
8000661e:	0000                	unimp
80006620:	0274                	add	a3,sp,268
80006622:	0000                	unimp
80006624:	0235                	add	tp,tp,13 # d <buf.2+0xd>
80006626:	0000                	unimp
80006628:	0156                	sll	sp,sp,0x15
8000662a:	0000                	unimp
8000662c:	0146                	sll	sp,sp,0x11
8000662e:	0000                	unimp
80006630:	023c                	add	a5,sp,264
80006632:	0000                	unimp
80006634:	01ae                	sll	gp,gp,0xb
80006636:	0000                	unimp
80006638:	00000233          	add	tp,zero,zero
8000663c:	006c                	add	a1,sp,12
8000663e:	0000                	unimp
80006640:	03de                	sll	t2,t2,0x17
80006642:	0000                	unimp
80006644:	01ad                	add	gp,gp,11 # 80007fa3 <__global_pointer$+0xb>
80006646:	0000                	unimp
80006648:	0205                	add	tp,tp,1 # 1 <buf.2+0x1>
8000664a:	0000                	unimp
8000664c:	00b2                	sll	ra,ra,0xc
8000664e:	0000                	unimp
80006650:	0000008b          	.insn	4, 0x008b
80006654:	0000034f          	.insn	4, 0x034f
80006658:	03a0                	add	s0,sp,456
8000665a:	0000                	unimp
8000665c:	0206                	sll	tp,tp,0x1
8000665e:	0000                	unimp
80006660:	0302                	c.slli64	t1
80006662:	0000                	unimp
80006664:	00a0                	add	s0,sp,72
80006666:	0000                	unimp
80006668:	00000123          	sb	zero,2(zero) # 2 <buf.2+0x2>
8000666c:	0000004b          	.insn	4, 0x004b
80006670:	00e0                	add	s0,sp,76
80006672:	0000                	unimp
80006674:	0129                	add	sp,sp,10
80006676:	0000                	unimp
80006678:	0234                	add	a3,sp,264
8000667a:	0000                	unimp
8000667c:	00ea                	sll	ra,ra,0x1a
8000667e:	0000                	unimp
80006680:	02c0                	add	s0,sp,324
80006682:	0000                	unimp
80006684:	03b4                	add	a3,sp,456
80006686:	0000                	unimp
80006688:	017e                	sll	sp,sp,0x1f
8000668a:	0000                	unimp
8000668c:	000000a3          	sb	zero,1(zero) # 1 <buf.2+0x1>
80006690:	0254                	add	a3,sp,260
80006692:	0000                	unimp
80006694:	000000a3          	sb	zero,1(zero) # 1 <buf.2+0x1>
80006698:	000002a3          	sb	zero,5(zero) # 5 <buf.2+0x5>
8000669c:	01a4                	add	s1,sp,200
8000669e:	0000                	unimp
800066a0:	000000e7          	jalr	zero # 0 <buf.2>
800066a4:	0046                	c.slli	zero,0x11
800066a6:	0000                	unimp
800066a8:	025c                	add	a5,sp,260
800066aa:	0000                	unimp
800066ac:	016e                	sll	sp,sp,0x1b
800066ae:	0000                	unimp
800066b0:	02d2                	sll	t0,t0,0x14
800066b2:	0000                	unimp
800066b4:	0376                	sll	t1,t1,0x1d
800066b6:	0000                	unimp
800066b8:	02ea                	sll	t0,t0,0x1a
800066ba:	0000                	unimp
800066bc:	0000027b          	.insn	4, 0x027b
800066c0:	00000333          	add	t1,zero,zero
800066c4:	02dd                	add	t0,t0,23
800066c6:	0000                	unimp
800066c8:	0000003b          	.insn	4, 0x003b
800066cc:	0174                	add	a3,sp,140
800066ce:	0000                	unimp
800066d0:	02d2                	sll	t0,t0,0x14
800066d2:	0000                	unimp
800066d4:	036a                	sll	t1,t1,0x1a
800066d6:	0000                	unimp
800066d8:	0100                	add	s0,sp,128
800066da:	0000                	unimp
800066dc:	001a                	c.slli	zero,0x6
800066de:	0000                	unimp
800066e0:	02a5                	add	t0,t0,9
800066e2:	0000                	unimp
800066e4:	000001c3          	.insn	4, 0x01c3
800066e8:	01b8                	add	a4,sp,200
800066ea:	0000                	unimp
800066ec:	00cc                	add	a1,sp,68
800066ee:	0000                	unimp
800066f0:	0249                	add	tp,tp,18 # 12 <buf.2+0x12>
800066f2:	0000                	unimp
800066f4:	000001b3          	add	gp,zero,zero
800066f8:	01da                	sll	gp,gp,0x16
800066fa:	0000                	unimp
800066fc:	0244                	add	s1,sp,260
800066fe:	0000                	unimp
80006700:	0000029b          	.insn	4, 0x029b
80006704:	0224                	add	s1,sp,264
80006706:	0000                	unimp
80006708:	005d                	c.nop	23
8000670a:	0000                	unimp
8000670c:	032d                	add	t1,t1,11
8000670e:	0000                	unimp
80006710:	014d                	add	sp,sp,19
80006712:	0000                	unimp
80006714:	0031                	c.nop	12
80006716:	0000                	unimp
80006718:	039c                	add	a5,sp,448
8000671a:	0000                	unimp
8000671c:	01fc                	add	a5,sp,204
8000671e:	0000                	unimp
80006720:	00d0                	add	a2,sp,68
80006722:	0000                	unimp
80006724:	0175                	add	sp,sp,29
80006726:	0000                	unimp
80006728:	0301                	add	t1,t1,0
8000672a:	0000                	unimp
8000672c:	02aa                	sll	t0,t0,0xa
8000672e:	0000                	unimp
80006730:	036d                	add	t1,t1,27
80006732:	0000                	unimp
80006734:	01c0                	add	s0,sp,196
80006736:	0000                	unimp
80006738:	00000337          	lui	t1,0x0
8000673c:	0000002f          	.insn	4, 0x002f
80006740:	01c4                	add	s1,sp,196
80006742:	0000                	unimp
80006744:	0112                	sll	sp,sp,0x4
80006746:	0000                	unimp
80006748:	0141                	add	sp,sp,16
8000674a:	0000                	unimp
8000674c:	0299                	add	t0,t0,6
8000674e:	0000                	unimp
80006750:	00000257          	.insn	4, 0x0257
80006754:	0031                	c.nop	12
80006756:	0000                	unimp
80006758:	0362                	sll	t1,t1,0x18
8000675a:	0000                	unimp
8000675c:	023a                	sll	tp,tp,0xe
8000675e:	0000                	unimp
80006760:	011e                	sll	sp,sp,0x7
80006762:	0000                	unimp
80006764:	01ba                	sll	gp,gp,0xe
80006766:	0000                	unimp
80006768:	02b2                	sll	t0,t0,0xc
8000676a:	0000                	unimp
8000676c:	0181                	add	gp,gp,0 # 80007f98 <__global_pointer$>
8000676e:	0000                	unimp
80006770:	0065                	c.nop	25
80006772:	0000                	unimp
80006774:	01de                	sll	gp,gp,0x17
80006776:	0000                	unimp
80006778:	000000d7          	.insn	4, 0x00d7
8000677c:	02c9                	add	t0,t0,18
8000677e:	0000                	unimp
80006780:	0000021b          	.insn	4, 0x021b
80006784:	00ee                	sll	ra,ra,0x1b
80006786:	0000                	unimp
80006788:	00000293          	li	t0,0
8000678c:	0158                	add	a4,sp,132
8000678e:	0000                	unimp
80006790:	0092                	sll	ra,ra,0x4
80006792:	0000                	unimp
80006794:	008e                	sll	ra,ra,0x3
80006796:	0000                	unimp
80006798:	01c6                	sll	gp,gp,0x11
8000679a:	0000                	unimp
8000679c:	0121                	add	sp,sp,8
8000679e:	0000                	unimp
800067a0:	0154                	add	a3,sp,132
800067a2:	0000                	unimp
800067a4:	02fc                	add	a5,sp,332
800067a6:	0000                	unimp
800067a8:	0306                	sll	t1,t1,0x1
800067aa:	0000                	unimp
800067ac:	0206                	sll	tp,tp,0x1
800067ae:	0000                	unimp
800067b0:	021c                	add	a5,sp,256
800067b2:	0000                	unimp
800067b4:	03d1                	add	t2,t2,20
800067b6:	0000                	unimp
800067b8:	00000243          	.insn	4, 0x0243
800067bc:	00de                	sll	ra,ra,0x17
800067be:	0000                	unimp
800067c0:	02d6                	sll	t0,t0,0x15
800067c2:	0000                	unimp
800067c4:	00000007          	.insn	4, 0x0007
800067c8:	02ea                	sll	t0,t0,0x1a
800067ca:	0000                	unimp
800067cc:	027d                	add	tp,tp,31 # 1f <buf.2+0x1f>
800067ce:	0000                	unimp
800067d0:	0255                	add	tp,tp,21 # 15 <buf.2+0x15>
800067d2:	0000                	unimp
800067d4:	0000033b          	.insn	4, 0x033b
800067d8:	02ff 0000 0166 0000 	.insn	10, 0x01d600000166000002ff
800067e0:	01d6 
800067e2:	0000                	unimp
800067e4:	00000037          	lui	zero,0x0
800067e8:	019f 0000 01fd      	.insn	6, 0x01fd0000019f
800067ee:	0000                	unimp
800067f0:	035a                	sll	t1,t1,0x16
800067f2:	0000                	unimp
800067f4:	0078                	add	a4,sp,12
800067f6:	0000                	unimp
800067f8:	034d                	add	t1,t1,19 # 13 <buf.2+0x13>
800067fa:	0000                	unimp
800067fc:	03d8                	add	a4,sp,452
800067fe:	0000                	unimp
80006800:	0234                	add	a3,sp,264
80006802:	0000                	unimp
80006804:	0248                	add	a0,sp,260
80006806:	0000                	unimp
80006808:	003a                	c.slli	zero,0xe
8000680a:	0000                	unimp
8000680c:	000002f3          	.insn	4, 0x02f3
80006810:	000003c7          	.insn	4, 0x03c7
80006814:	00000397          	auipc	t2,0x0
80006818:	032e                	sll	t1,t1,0xb
8000681a:	0000                	unimp
8000681c:	006e                	c.slli	zero,0x1b
8000681e:	0000                	unimp
80006820:	03d1                	add	t2,t2,20 # 80006828 <input_data+0x2f10>
80006822:	0000                	unimp
80006824:	03cc                	add	a1,sp,452
80006826:	0000                	unimp
80006828:	000001a7          	.insn	4, 0x01a7
8000682c:	0022                	c.slli	zero,0x8
8000682e:	0000                	unimp
80006830:	03a5                	add	t2,t2,9
80006832:	0000                	unimp
80006834:	000002bb          	.insn	4, 0x02bb
80006838:	032a                	sll	t1,t1,0xa
8000683a:	0000                	unimp
8000683c:	005e                	c.slli	zero,0x17
8000683e:	0000                	unimp
80006840:	00000057          	.insn	4, 0x0057
80006844:	00d1                	add	ra,ra,20
80006846:	0000                	unimp
80006848:	016a                	sll	sp,sp,0x1a
8000684a:	0000                	unimp
8000684c:	0189                	add	gp,gp,2 # 80007f9a <__global_pointer$+0x2>
8000684e:	0000                	unimp
80006850:	020e                	sll	tp,tp,0x3
80006852:	0000                	unimp
80006854:	026c                	add	a1,sp,268
80006856:	0000                	unimp
80006858:	0079                	c.nop	30
8000685a:	0000                	unimp
8000685c:	03e2                	sll	t2,t2,0x18
8000685e:	0000                	unimp
80006860:	02a4                	add	s1,sp,328
80006862:	0000                	unimp
80006864:	000003d7          	.insn	4, 0x03d7
80006868:	0000016f          	jal	sp,80006868 <input_data+0x2f50>
8000686c:	02ba                	sll	t0,t0,0xe
8000686e:	0000                	unimp
80006870:	00ec                	add	a1,sp,76
80006872:	0000                	unimp
80006874:	01f4                	add	a3,sp,204
80006876:	0000                	unimp
80006878:	02ac                	add	a1,sp,328
8000687a:	0000                	unimp
8000687c:	0061                	c.nop	24
8000687e:	0000                	unimp
80006880:	01f4                	add	a3,sp,204
80006882:	0000                	unimp
80006884:	00b9                	add	ra,ra,14
80006886:	0000                	unimp
80006888:	0269                	add	tp,tp,26 # 1a <buf.2+0x1a>
8000688a:	0000                	unimp
8000688c:	0000009b          	.insn	4, 0x009b
80006890:	0000002f          	.insn	4, 0x002f
80006894:	0059                	c.nop	22
80006896:	0000                	unimp
80006898:	026a                	sll	tp,tp,0x1a
8000689a:	0000                	unimp
8000689c:	01a5                	add	gp,gp,9 # 80007fa1 <__global_pointer$+0x9>
8000689e:	0000                	unimp
800068a0:	00b9                	add	ra,ra,14
800068a2:	0000                	unimp
800068a4:	0154                	add	a3,sp,132
800068a6:	0000                	unimp
800068a8:	0176                	sll	sp,sp,0x1d
800068aa:	0000                	unimp
800068ac:	0359                	add	t1,t1,22
800068ae:	0000                	unimp
800068b0:	00ec                	add	a1,sp,76
800068b2:	0000                	unimp
800068b4:	02fd                	add	t0,t0,31
800068b6:	0000                	unimp
800068b8:	035c                	add	a5,sp,388
800068ba:	0000                	unimp
800068bc:	02b1                	add	t0,t0,12
800068be:	0000                	unimp
800068c0:	02b6                	sll	t0,t0,0xd
800068c2:	0000                	unimp
800068c4:	01b9                	add	gp,gp,14 # 80007fa6 <__global_pointer$+0xe>
800068c6:	0000                	unimp
800068c8:	02ad                	add	t0,t0,11
800068ca:	0000                	unimp
800068cc:	03a4                	add	s1,sp,456
800068ce:	0000                	unimp
800068d0:	0246                	sll	tp,tp,0x11
800068d2:	0000                	unimp
800068d4:	0000010f          	.insn	4, 0x010f
800068d8:	0004                	.insn	2, 0x0004
800068da:	0000                	unimp
800068dc:	0072                	c.slli	zero,0x1c
800068de:	0000                	unimp
800068e0:	0294                	add	a3,sp,320
800068e2:	0000                	unimp
800068e4:	000003bb          	.insn	4, 0x03bb
800068e8:	0194                	add	a3,sp,192
800068ea:	0000                	unimp
800068ec:	010e                	sll	sp,sp,0x3
800068ee:	0000                	unimp
800068f0:	0000027b          	.insn	4, 0x027b
800068f4:	0276                	sll	tp,tp,0x1d
800068f6:	0000                	unimp
800068f8:	02d1                	add	t0,t0,20
800068fa:	0000                	unimp
800068fc:	0254                	add	a3,sp,260
800068fe:	0000                	unimp
80006900:	00000277          	.insn	4, 0x0277
80006904:	0301                	add	t1,t1,0
80006906:	0000                	unimp
80006908:	01d4                	add	a3,sp,196
8000690a:	0000                	unimp
8000690c:	005f 0000 0099      	.insn	6, 0x00990000005f
80006912:	0000                	unimp
80006914:	000003d7          	.insn	4, 0x03d7
80006918:	0000                	unimp
8000691a:	0000                	unimp
8000691c:	0198                	add	a4,sp,192
8000691e:	0000                	unimp
80006920:	02b1                	add	t0,t0,12
80006922:	0000                	unimp
80006924:	0124                	add	s1,sp,136
80006926:	0000                	unimp
80006928:	00dc                	add	a5,sp,68
8000692a:	0000                	unimp
8000692c:	024a                	sll	tp,tp,0x12
8000692e:	0000                	unimp
80006930:	01ae                	sll	gp,gp,0xb
80006932:	0000                	unimp
80006934:	029d                	add	t0,t0,7
80006936:	0000                	unimp
80006938:	020c                	add	a1,sp,256
8000693a:	0000                	unimp
8000693c:	00bc                	add	a5,sp,72
8000693e:	0000                	unimp
80006940:	03c5                	add	t2,t2,17
80006942:	0000                	unimp
80006944:	038e                	sll	t2,t2,0x3
80006946:	0000                	unimp
80006948:	014e                	sll	sp,sp,0x13
8000694a:	0000                	unimp
8000694c:	0000023f 000003e4 	.insn	8, 0x03e40000023f
80006954:	01fa                	sll	gp,gp,0x1e
80006956:	0000                	unimp
80006958:	00bd                	add	ra,ra,15
8000695a:	0000                	unimp
8000695c:	0085                	add	ra,ra,1
8000695e:	0000                	unimp
80006960:	0111                	add	sp,sp,4
80006962:	0000                	unimp
80006964:	020d                	add	tp,tp,3 # 3 <buf.2+0x3>
80006966:	0000                	unimp
80006968:	021e                	sll	tp,tp,0x7
8000696a:	0000                	unimp
8000696c:	0371                	add	t1,t1,28
8000696e:	0000                	unimp
80006970:	0000004b          	.insn	4, 0x004b
80006974:	0394                	add	a3,sp,448
80006976:	0000                	unimp
80006978:	00000297          	auipc	t0,0x0
8000697c:	0262                	sll	tp,tp,0x18
8000697e:	0000                	unimp
80006980:	01cd                	add	gp,gp,19 # 80007fab <__global_pointer$+0x13>
80006982:	0000                	unimp
80006984:	03bc                	add	a5,sp,456
80006986:	0000                	unimp
80006988:	000003af          	.insn	4, 0x03af
8000698c:	000000db          	.insn	4, 0x00db
80006990:	0119                	add	sp,sp,6
80006992:	0000                	unimp
80006994:	000000c3          	.insn	4, 0x00c3
80006998:	0000015b          	.insn	4, 0x015b
8000699c:	000003e3          	beqz	zero,800071a2 <input_data+0x388a>
800069a0:	0088                	add	a0,sp,64
800069a2:	0000                	unimp
800069a4:	024d                	add	tp,tp,19 # 13 <buf.2+0x13>
800069a6:	0000                	unimp
800069a8:	008e                	sll	ra,ra,0x3
800069aa:	0000                	unimp
800069ac:	02c4                	add	s1,sp,324
800069ae:	0000                	unimp
800069b0:	010e                	sll	sp,sp,0x3
800069b2:	0000                	unimp
800069b4:	00000003          	lb	zero,0(zero) # 0 <buf.2>
800069b8:	00000363          	beqz	zero,800069be <input_data+0x30a6>
800069bc:	01d4                	add	a3,sp,196
800069be:	0000                	unimp
800069c0:	002d                	c.nop	11
800069c2:	0000                	unimp
800069c4:	02e6                	sll	t0,t0,0x19
800069c6:	0000                	unimp
800069c8:	034c                	add	a1,sp,388
800069ca:	0000                	unimp
800069cc:	000003c3          	.insn	4, 0x03c3
800069d0:	019d                	add	gp,gp,7 # 80007f9f <__global_pointer$+0x7>
800069d2:	0000                	unimp
800069d4:	035c                	add	a5,sp,388
800069d6:	0000                	unimp
800069d8:	000001c3          	.insn	4, 0x01c3
800069dc:	0000027b          	.insn	4, 0x027b
800069e0:	031e                	sll	t1,t1,0x7
800069e2:	0000                	unimp
800069e4:	038a                	sll	t2,t2,0x2
800069e6:	0000                	unimp
800069e8:	0345                	add	t1,t1,17
800069ea:	0000                	unimp
800069ec:	017c                	add	a5,sp,140
800069ee:	0000                	unimp
800069f0:	0094                	add	a3,sp,64
800069f2:	0000                	unimp
800069f4:	00000117          	auipc	sp,0x0
800069f8:	0085                	add	ra,ra,1
800069fa:	0000                	unimp
800069fc:	00000157          	.insn	4, 0x0157
80006a00:	00000243          	.insn	4, 0x0243
80006a04:	00aa                	sll	ra,ra,0xa
80006a06:	0000                	unimp
80006a08:	000001b7          	lui	gp,0x0
80006a0c:	02df 0000 0156      	.insn	6, 0x0156000002df
80006a12:	0000                	unimp
80006a14:	0396                	sll	t2,t2,0x5
80006a16:	0000                	unimp
80006a18:	0000031b          	.insn	4, 0x031b
80006a1c:	02e0                	add	s0,sp,332
80006a1e:	0000                	unimp
80006a20:	0085                	add	ra,ra,1
80006a22:	0000                	unimp
80006a24:	0000035b          	.insn	4, 0x035b
80006a28:	028a                	sll	t0,t0,0x2
80006a2a:	0000                	unimp
80006a2c:	01e6                	sll	gp,gp,0x19
80006a2e:	0000                	unimp
80006a30:	0358                	add	a4,sp,388
80006a32:	0000                	unimp
80006a34:	0000003f 000001af 	.insn	8, 0x01af0000003f
80006a3c:	02a5                	add	t0,t0,9 # 80006981 <input_data+0x3069>
80006a3e:	0000                	unimp
80006a40:	02ae                	sll	t0,t0,0xb
80006a42:	0000                	unimp
80006a44:	029e                	sll	t0,t0,0x7
80006a46:	0000                	unimp
80006a48:	00c6                	sll	ra,ra,0x11
80006a4a:	0000                	unimp
80006a4c:	0000007b          	.insn	4, 0x007b
80006a50:	0200                	add	s0,sp,256
80006a52:	0000                	unimp
80006a54:	023c                	add	a5,sp,264
80006a56:	0000                	unimp
80006a58:	036e                	sll	t1,t1,0x1b
80006a5a:	0000                	unimp
80006a5c:	0378                	add	a4,sp,396
80006a5e:	0000                	unimp
80006a60:	015a                	sll	sp,sp,0x16
80006a62:	0000                	unimp
80006a64:	0154                	add	a3,sp,132
80006a66:	0000                	unimp
80006a68:	025e                	sll	tp,tp,0x17
80006a6a:	0000                	unimp
80006a6c:	033a                	sll	t1,t1,0xe
80006a6e:	0000                	unimp
80006a70:	034c                	add	a1,sp,388
80006a72:	0000                	unimp
80006a74:	00000177          	.insn	4, 0x0177
80006a78:	01fe                	sll	gp,gp,0x1f
80006a7a:	0000                	unimp
80006a7c:	0338                	add	a4,sp,392
80006a7e:	0000                	unimp
80006a80:	00c9                	add	ra,ra,18
80006a82:	0000                	unimp
80006a84:	000000db          	.insn	4, 0x00db
80006a88:	000000e3          	beqz	zero,80007288 <input_data+0x3970>
80006a8c:	00c9                	add	ra,ra,18
80006a8e:	0000                	unimp
80006a90:	0152                	sll	sp,sp,0x14
80006a92:	0000                	unimp
80006a94:	020a                	sll	tp,tp,0x2
80006a96:	0000                	unimp
80006a98:	03e5                	add	t2,t2,25
80006a9a:	0000                	unimp
80006a9c:	004c                	add	a1,sp,4
80006a9e:	0000                	unimp
80006aa0:	0261                	add	tp,tp,24 # 18 <buf.2+0x18>
80006aa2:	0000                	unimp
80006aa4:	039a                	sll	t2,t2,0x6
80006aa6:	0000                	unimp
80006aa8:	0388                	add	a0,sp,448
80006aaa:	0000                	unimp
80006aac:	010e                	sll	sp,sp,0x3
80006aae:	0000                	unimp
80006ab0:	0146                	sll	sp,sp,0x11
80006ab2:	0000                	unimp
80006ab4:	0329                	add	t1,t1,10
80006ab6:	0000                	unimp
80006ab8:	0148                	add	a0,sp,132
80006aba:	0000                	unimp
80006abc:	011d                	add	sp,sp,7 # 800069fb <input_data+0x30e3>
80006abe:	0000                	unimp
80006ac0:	00000053          	.insn	4, 0x0053
80006ac4:	0276                	sll	tp,tp,0x1d
80006ac6:	0000                	unimp
80006ac8:	0226                	sll	tp,tp,0x9
80006aca:	0000                	unimp
80006acc:	005c                	add	a5,sp,4
80006ace:	0000                	unimp
80006ad0:	0171                	add	sp,sp,28
80006ad2:	0000                	unimp
80006ad4:	03bd                	add	t2,t2,15
80006ad6:	0000                	unimp
80006ad8:	000002cf          	.insn	4, 0x02cf
80006adc:	03d4                	add	a3,sp,452
80006ade:	0000                	unimp
80006ae0:	0310                	add	a2,sp,384
80006ae2:	0000                	unimp
80006ae4:	01ee                	sll	gp,gp,0x1b
80006ae6:	0000                	unimp
80006ae8:	01d8                	add	a4,sp,196
80006aea:	0000                	unimp
80006aec:	000000e7          	jalr	zero # 0 <buf.2>
80006af0:	02de                	sll	t0,t0,0x17
80006af2:	0000                	unimp
80006af4:	0198                	add	a4,sp,192
80006af6:	0000                	unimp
80006af8:	0395                	add	t2,t2,5
80006afa:	0000                	unimp
80006afc:	019f 0000 0376      	.insn	6, 0x03760000019f
80006b02:	0000                	unimp
80006b04:	0024                	add	s1,sp,8
80006b06:	0000                	unimp
80006b08:	02d8                	add	a4,sp,324
80006b0a:	0000                	unimp
80006b0c:	0074                	add	a3,sp,12
80006b0e:	0000                	unimp
80006b10:	020e                	sll	tp,tp,0x3
80006b12:	0000                	unimp
80006b14:	034c                	add	a1,sp,388
80006b16:	0000                	unimp
80006b18:	00000293          	li	t0,0
80006b1c:	01ed                	add	gp,gp,27 # 1b <buf.2+0x1b>
80006b1e:	0000                	unimp
80006b20:	000003bf 0000018b 	.insn	8, 0x018b000003bf
80006b28:	0070                	add	a2,sp,12
80006b2a:	0000                	unimp
80006b2c:	02f6                	sll	t0,t0,0x1d
80006b2e:	0000                	unimp
80006b30:	009a                	sll	ra,ra,0x6
80006b32:	0000                	unimp
80006b34:	0298                	add	a4,sp,320
80006b36:	0000                	unimp
80006b38:	02e8                	add	a0,sp,332
80006b3a:	0000                	unimp
80006b3c:	009c                	add	a5,sp,64
80006b3e:	0000                	unimp
80006b40:	00000063          	beqz	zero,80006b40 <input_data+0x3228>
80006b44:	02ff 0000 029c 0000 	.insn	10, 0x026c0000029c000002ff
80006b4c:	026c 
80006b4e:	0000                	unimp
80006b50:	00000033          	add	zero,zero,zero
80006b54:	000002eb          	.insn	4, 0x02eb
80006b58:	000000ef          	jal	80006b58 <input_data+0x3240>
80006b5c:	0061                	c.nop	24
80006b5e:	0000                	unimp
80006b60:	02e1                	add	t0,t0,24
80006b62:	0000                	unimp
80006b64:	0000018f          	.insn	4, 0x018f
80006b68:	000002ef          	jal	t0,80006b68 <input_data+0x3250>
80006b6c:	01ca                	sll	gp,gp,0x12
80006b6e:	0000                	unimp
80006b70:	0010                	.insn	2, 0x0010
80006b72:	0000                	unimp
80006b74:	0000002f          	.insn	4, 0x002f
80006b78:	0000034f          	.insn	4, 0x034f
80006b7c:	022d                	add	tp,tp,11 # b <buf.2+0xb>
80006b7e:	0000                	unimp
80006b80:	03a9                	add	t2,t2,10
80006b82:	0000                	unimp
80006b84:	0048                	add	a0,sp,4
80006b86:	0000                	unimp
80006b88:	02e8                	add	a0,sp,332
80006b8a:	0000                	unimp
80006b8c:	0350                	add	a2,sp,388
80006b8e:	0000                	unimp
80006b90:	004e                	c.slli	zero,0x13
80006b92:	0000                	unimp
80006b94:	02c2                	sll	t0,t0,0x10
80006b96:	0000                	unimp
80006b98:	015c                	add	a5,sp,132
80006b9a:	0000                	unimp
80006b9c:	0021                	c.nop	8
80006b9e:	0000                	unimp
80006ba0:	01f9                	add	gp,gp,30 # 80007fb6 <__global_pointer$+0x1e>
80006ba2:	0000                	unimp
80006ba4:	00000053          	.insn	4, 0x0053
80006ba8:	0208                	add	a0,sp,256
80006baa:	0000                	unimp
80006bac:	000002b7          	lui	t0,0x0
80006bb0:	023c                	add	a5,sp,264
80006bb2:	0000                	unimp
80006bb4:	0295                	add	t0,t0,5 # 5 <buf.2+0x5>
80006bb6:	0000                	unimp
80006bb8:	0142                	sll	sp,sp,0x10
80006bba:	0000                	unimp
80006bbc:	0000007b          	.insn	4, 0x007b
80006bc0:	000001bf 0000015d 	.insn	8, 0x015d000001bf
80006bc8:	0248                	add	a0,sp,260
80006bca:	0000                	unimp
80006bcc:	01b1                	add	gp,gp,12 # 80007fa4 <__global_pointer$+0xc>
80006bce:	0000                	unimp
80006bd0:	000003b7          	lui	t2,0x0
80006bd4:	0389                	add	t2,t2,2 # 2 <buf.2+0x2>
80006bd6:	0000                	unimp
80006bd8:	0061                	c.nop	24
80006bda:	0000                	unimp
80006bdc:	01a0                	add	s0,sp,200
80006bde:	0000                	unimp
80006be0:	0000007b          	.insn	4, 0x007b
80006be4:	01a5                	add	gp,gp,9 # 80007fa1 <__global_pointer$+0x9>
80006be6:	0000                	unimp
80006be8:	00000293          	li	t0,0
80006bec:	0000034b          	.insn	4, 0x034b
80006bf0:	0000039b          	.insn	4, 0x039b
80006bf4:	03a5                	add	t2,t2,9
80006bf6:	0000                	unimp
80006bf8:	03aa                	sll	t2,t2,0xa
80006bfa:	0000                	unimp
80006bfc:	00000123          	sb	zero,2(zero) # 2 <buf.2+0x2>
80006c00:	03c1                	add	t2,t2,16
80006c02:	0000                	unimp
80006c04:	035d                	add	t1,t1,23
80006c06:	0000                	unimp
80006c08:	0091                	add	ra,ra,4
80006c0a:	0000                	unimp
80006c0c:	0000016f          	jal	sp,80006c0c <input_data+0x32f4>
80006c10:	02ca                	sll	t0,t0,0x12
80006c12:	0000                	unimp
80006c14:	0099                	add	ra,ra,6
80006c16:	0000                	unimp
80006c18:	0042                	c.slli	zero,0x10
80006c1a:	0000                	unimp
80006c1c:	02b9                	add	t0,t0,14
80006c1e:	0000                	unimp
80006c20:	02e8                	add	a0,sp,332
80006c22:	0000                	unimp
80006c24:	0291                	add	t0,t0,4
80006c26:	0000                	unimp
80006c28:	01dd                	add	gp,gp,23 # 80007faf <__global_pointer$+0x17>
80006c2a:	0000                	unimp
80006c2c:	01ff 0000 025a 0000 	.insn	10, 0x01bd0000025a000001ff
80006c34:	01bd 
80006c36:	0000                	unimp
80006c38:	03b6                	sll	t2,t2,0xd
80006c3a:	0000                	unimp
80006c3c:	0229                	add	tp,tp,10 # a <buf.2+0xa>
80006c3e:	0000                	unimp
80006c40:	0116                	sll	sp,sp,0x5
80006c42:	0000                	unimp
80006c44:	0060                	add	s0,sp,12
80006c46:	0000                	unimp
80006c48:	03a9                	add	t2,t2,10
80006c4a:	0000                	unimp
80006c4c:	0000022b          	.insn	4, 0x022b
80006c50:	0170                	add	a2,sp,140
80006c52:	0000                	unimp
80006c54:	019f 0000 02ec      	.insn	6, 0x02ec0000019f
80006c5a:	0000                	unimp
80006c5c:	0000008f          	.insn	4, 0x008f
80006c60:	02e5                	add	t0,t0,25
80006c62:	0000                	unimp
80006c64:	00000303          	lb	t1,0(zero) # 0 <buf.2>
80006c68:	035e                	sll	t1,t1,0x17
80006c6a:	0000                	unimp
80006c6c:	03de                	sll	t2,t2,0x17
80006c6e:	0000                	unimp
80006c70:	0008                	.insn	2, 0x0008
80006c72:	0000                	unimp
80006c74:	00000127          	.insn	4, 0x0127
80006c78:	018c                	add	a1,sp,192
80006c7a:	0000                	unimp
80006c7c:	0011                	c.nop	4
80006c7e:	0000                	unimp
80006c80:	00000077          	.insn	4, 0x0077
80006c84:	00ec                	add	a1,sp,76
80006c86:	0000                	unimp
80006c88:	01fc                	add	a5,sp,204
80006c8a:	0000                	unimp
80006c8c:	011d                	add	sp,sp,7
80006c8e:	0000                	unimp
80006c90:	034c                	add	a1,sp,388
80006c92:	0000                	unimp
80006c94:	0392                	sll	t2,t2,0x4
80006c96:	0000                	unimp
80006c98:	0061                	c.nop	24
80006c9a:	0000                	unimp
80006c9c:	000000eb          	.insn	4, 0x00eb
80006ca0:	038a                	sll	t2,t2,0x2
80006ca2:	0000                	unimp
80006ca4:	0076                	c.slli	zero,0x1d
80006ca6:	0000                	unimp
80006ca8:	00000053          	.insn	4, 0x0053
80006cac:	0195                	add	gp,gp,5 # 80007f9d <__global_pointer$+0x5>
80006cae:	0000                	unimp
80006cb0:	00be                	sll	ra,ra,0xf
80006cb2:	0000                	unimp
80006cb4:	026a                	sll	tp,tp,0x1a
80006cb6:	0000                	unimp
80006cb8:	01b6                	sll	gp,gp,0xd
80006cba:	0000                	unimp
80006cbc:	01b6                	sll	gp,gp,0xd
80006cbe:	0000                	unimp
80006cc0:	02c2                	sll	t0,t0,0x10
80006cc2:	0000                	unimp
80006cc4:	019d                	add	gp,gp,7 # 80007f9f <__global_pointer$+0x7>
80006cc6:	0000                	unimp
80006cc8:	0222                	sll	tp,tp,0x8
80006cca:	0000                	unimp
80006ccc:	00d6                	sll	ra,ra,0x15
80006cce:	0000                	unimp
80006cd0:	00000327          	.insn	4, 0x0327
80006cd4:	021c                	add	a5,sp,256
80006cd6:	0000                	unimp
80006cd8:	0168                	add	a0,sp,140
80006cda:	0000                	unimp
80006cdc:	00a2                	sll	ra,ra,0x8
80006cde:	0000                	unimp
80006ce0:	01aa                	sll	gp,gp,0xa
80006ce2:	0000                	unimp
80006ce4:	002a                	c.slli	zero,0xa
80006ce6:	0000                	unimp
80006ce8:	0354                	add	a3,sp,388
80006cea:	0000                	unimp
80006cec:	0102                	c.slli64	sp
80006cee:	0000                	unimp
80006cf0:	02fd                	add	t0,t0,31
80006cf2:	0000                	unimp
80006cf4:	00000093          	li	ra,0
80006cf8:	0226                	sll	tp,tp,0x9
80006cfa:	0000                	unimp
80006cfc:	000d                	c.nop	3
80006cfe:	0000                	unimp
80006d00:	00000223          	sb	zero,4(zero) # 4 <buf.2+0x4>
80006d04:	02c0                	add	s0,sp,324
80006d06:	0000                	unimp
80006d08:	000000e3          	beqz	zero,80007508 <input_data+0x3bf0>
80006d0c:	02dd                	add	t0,t0,23
80006d0e:	0000                	unimp
80006d10:	02a6                	sll	t0,t0,0x9
80006d12:	0000                	unimp
80006d14:	0000024b          	.insn	4, 0x024b
80006d18:	0000026f          	jal	tp,80006d18 <input_data+0x3400>
80006d1c:	0000031b          	.insn	4, 0x031b
80006d20:	0135                	add	sp,sp,13
80006d22:	0000                	unimp
80006d24:	021a                	sll	tp,tp,0x6
80006d26:	0000                	unimp
80006d28:	0398                	add	a4,sp,448
80006d2a:	0000                	unimp
80006d2c:	0174                	add	a3,sp,140
80006d2e:	0000                	unimp
80006d30:	000003cb          	.insn	4, 0x03cb
80006d34:	03a1                	add	t2,t2,8
80006d36:	0000                	unimp
80006d38:	024e                	sll	tp,tp,0x13
80006d3a:	0000                	unimp
80006d3c:	01d2                	sll	gp,gp,0x14
80006d3e:	0000                	unimp
80006d40:	02ed                	add	t0,t0,27
80006d42:	0000                	unimp
80006d44:	002a                	c.slli	zero,0xa
80006d46:	0000                	unimp
80006d48:	0296                	sll	t0,t0,0x5
80006d4a:	0000                	unimp
80006d4c:	031a                	sll	t1,t1,0x6
80006d4e:	0000                	unimp
80006d50:	0221                	add	tp,tp,8 # 8 <buf.2+0x8>
80006d52:	0000                	unimp
80006d54:	0039                	c.nop	14
80006d56:	0000                	unimp
80006d58:	000002eb          	.insn	4, 0x02eb
80006d5c:	033c                	add	a5,sp,392
80006d5e:	0000                	unimp
80006d60:	000000e7          	jalr	zero # 0 <buf.2>
80006d64:	011f 0000 028f      	.insn	6, 0x028f0000011f
80006d6a:	0000                	unimp
80006d6c:	000001bb          	.insn	4, 0x01bb
80006d70:	0094                	add	a3,sp,64
80006d72:	0000                	unimp
80006d74:	0258                	add	a4,sp,260
80006d76:	0000                	unimp
80006d78:	00000047          	.insn	4, 0x0047
80006d7c:	00d1                	add	ra,ra,20
80006d7e:	0000                	unimp
80006d80:	01c5                	add	gp,gp,17 # 80007fa9 <__global_pointer$+0x11>
80006d82:	0000                	unimp
80006d84:	01ee                	sll	gp,gp,0x1b
80006d86:	0000                	unimp
80006d88:	0230                	add	a2,sp,264
80006d8a:	0000                	unimp
80006d8c:	021e                	sll	tp,tp,0x7
80006d8e:	0000                	unimp
80006d90:	00000343          	.insn	4, 0x0343
80006d94:	002e                	c.slli	zero,0xb
80006d96:	0000                	unimp
80006d98:	0260                	add	s0,sp,268
80006d9a:	0000                	unimp
80006d9c:	000003cb          	.insn	4, 0x03cb
80006da0:	000d                	c.nop	3
80006da2:	0000                	unimp
80006da4:	0258                	add	a4,sp,260
80006da6:	0000                	unimp
80006da8:	0172                	sll	sp,sp,0x1c
80006daa:	0000                	unimp
80006dac:	0296                	sll	t0,t0,0x5
80006dae:	0000                	unimp
80006db0:	0000008b          	.insn	4, 0x008b
80006db4:	0332                	sll	t1,t1,0xc
80006db6:	0000                	unimp
80006db8:	00ae                	sll	ra,ra,0xb
80006dba:	0000                	unimp
80006dbc:	026a                	sll	tp,tp,0x1a
80006dbe:	0000                	unimp
80006dc0:	00d1                	add	ra,ra,20
80006dc2:	0000                	unimp
80006dc4:	0261                	add	tp,tp,24 # 18 <buf.2+0x18>
80006dc6:	0000                	unimp
80006dc8:	01c9                	add	gp,gp,18 # 80007faa <__global_pointer$+0x12>
80006dca:	0000                	unimp
80006dcc:	0175                	add	sp,sp,29
80006dce:	0000                	unimp
80006dd0:	0000038b          	.insn	4, 0x038b
80006dd4:	000003bf 00000341 	.insn	8, 0x0341000003bf
80006ddc:	017e                	sll	sp,sp,0x1f
80006dde:	0000                	unimp
80006de0:	000000af          	.insn	4, 0x00af
80006de4:	0088                	add	a0,sp,64
80006de6:	0000                	unimp
80006de8:	0176                	sll	sp,sp,0x1d
80006dea:	0000                	unimp
80006dec:	009d                	add	ra,ra,7
80006dee:	0000                	unimp
80006df0:	01a1                	add	gp,gp,8 # 80007fa0 <__global_pointer$+0x8>
80006df2:	0000                	unimp
80006df4:	02f9                	add	t0,t0,30
80006df6:	0000                	unimp
80006df8:	0138                	add	a4,sp,136
80006dfa:	0000                	unimp
80006dfc:	02c6                	sll	t0,t0,0x11
80006dfe:	0000                	unimp
80006e00:	0185                	add	gp,gp,1 # 80007f99 <__global_pointer$+0x1>
80006e02:	0000                	unimp
80006e04:	02ea                	sll	t0,t0,0x1a
80006e06:	0000                	unimp
80006e08:	0000009b          	.insn	4, 0x009b
80006e0c:	00ee                	sll	ra,ra,0x1b
80006e0e:	0000                	unimp
80006e10:	03ad                	add	t2,t2,11
80006e12:	0000                	unimp
80006e14:	00000237          	lui	tp,0x0
80006e18:	01c2                	sll	gp,gp,0x10
80006e1a:	0000                	unimp
80006e1c:	02cd                	add	t0,t0,19
80006e1e:	0000                	unimp
80006e20:	011a                	sll	sp,sp,0x6
80006e22:	0000                	unimp
80006e24:	0198                	add	a4,sp,192
80006e26:	0000                	unimp
80006e28:	03e5                	add	t2,t2,25
80006e2a:	0000                	unimp
80006e2c:	00c2                	sll	ra,ra,0x10
80006e2e:	0000                	unimp
80006e30:	0396                	sll	t2,t2,0x5
80006e32:	0000                	unimp
80006e34:	031f 0000 011a      	.insn	6, 0x011a0000031f
80006e3a:	0000                	unimp
80006e3c:	02ee                	sll	t0,t0,0x1b
80006e3e:	0000                	unimp
80006e40:	03c0                	add	s0,sp,452
80006e42:	0000                	unimp
80006e44:	025c                	add	a5,sp,260
80006e46:	0000                	unimp
80006e48:	00c2                	sll	ra,ra,0x10
80006e4a:	0000                	unimp
80006e4c:	0136                	sll	sp,sp,0xd
80006e4e:	0000                	unimp
80006e50:	031e                	sll	t1,t1,0x7
80006e52:	0000                	unimp
80006e54:	008d                	add	ra,ra,3
80006e56:	0000                	unimp
80006e58:	007c                	add	a5,sp,12
80006e5a:	0000                	unimp
80006e5c:	01ec                	add	a1,sp,204
80006e5e:	0000                	unimp
80006e60:	0028                	add	a0,sp,8
80006e62:	0000                	unimp
80006e64:	000001b7          	lui	gp,0x0
80006e68:	003e                	c.slli	zero,0xf
80006e6a:	0000                	unimp
80006e6c:	0185                	add	gp,gp,1 # 1 <buf.2+0x1>
80006e6e:	0000                	unimp
80006e70:	036e                	sll	t1,t1,0x1b
80006e72:	0000                	unimp
80006e74:	000002db          	.insn	4, 0x02db
80006e78:	013e                	sll	sp,sp,0xf
80006e7a:	0000                	unimp
80006e7c:	0244                	add	s1,sp,260
80006e7e:	0000                	unimp
80006e80:	000000c7          	.insn	4, 0x00c7
80006e84:	0000017b          	.insn	4, 0x017b
80006e88:	0200                	add	s0,sp,256
80006e8a:	0000                	unimp
80006e8c:	00000167          	jalr	sp,zero # 0 <buf.2>
80006e90:	02c6                	sll	t0,t0,0x11
80006e92:	0000                	unimp
80006e94:	00bc                	add	a5,sp,72
80006e96:	0000                	unimp
80006e98:	038d                	add	t2,t2,3
80006e9a:	0000                	unimp
80006e9c:	027f 0000 0153 0000 	.insn	10, 0x0060000001530000027f
80006ea4:	0060 
80006ea6:	0000                	unimp
80006ea8:	021e                	sll	tp,tp,0x7
80006eaa:	0000                	unimp
80006eac:	0189                	add	gp,gp,2 # 80007f9a <__global_pointer$+0x2>
80006eae:	0000                	unimp
80006eb0:	00b2                	sll	ra,ra,0xc
80006eb2:	0000                	unimp
80006eb4:	00cc                	add	a1,sp,68
80006eb6:	0000                	unimp
80006eb8:	024e                	sll	tp,tp,0x13
80006eba:	0000                	unimp
80006ebc:	02b8                	add	a4,sp,328
80006ebe:	0000                	unimp
80006ec0:	000000b7          	lui	ra,0x0
80006ec4:	000000f7          	.insn	4, 0x00f7
80006ec8:	026a                	sll	tp,tp,0x1a
80006eca:	0000                	unimp
80006ecc:	019d                	add	gp,gp,7 # 80007f9f <__global_pointer$+0x7>
80006ece:	0000                	unimp
80006ed0:	000003cb          	.insn	4, 0x03cb
80006ed4:	0000021b          	.insn	4, 0x021b
80006ed8:	02be                	sll	t0,t0,0xf
80006eda:	0000                	unimp
80006edc:	01ae                	sll	gp,gp,0xb
80006ede:	0000                	unimp
80006ee0:	000002cb          	.insn	4, 0x02cb
80006ee4:	03b5                	add	t2,t2,13
80006ee6:	0000                	unimp
80006ee8:	01a9                	add	gp,gp,10 # 80007fa2 <__global_pointer$+0xa>
80006eea:	0000                	unimp
80006eec:	02f8                	add	a4,sp,332
80006eee:	0000                	unimp
80006ef0:	000003cb          	.insn	4, 0x03cb
80006ef4:	000000cf          	.insn	4, 0x00cf
80006ef8:	03bc                	add	a5,sp,456
80006efa:	0000                	unimp
80006efc:	0175                	add	sp,sp,29
80006efe:	0000                	unimp
80006f00:	0090                	add	a2,sp,64
80006f02:	0000                	unimp
80006f04:	006a                	c.slli	zero,0x1a
80006f06:	0000                	unimp
80006f08:	0399                	add	t2,t2,6
80006f0a:	0000                	unimp
80006f0c:	0000024f          	.insn	4, 0x024f
80006f10:	0010                	.insn	2, 0x0010
80006f12:	0000                	unimp
80006f14:	0306                	sll	t1,t1,0x1
80006f16:	0000                	unimp
80006f18:	031c                	add	a5,sp,384
80006f1a:	0000                	unimp
80006f1c:	000000b3          	add	ra,zero,zero
80006f20:	039c                	add	a5,sp,448
80006f22:	0000                	unimp
80006f24:	02c5                	add	t0,t0,17
80006f26:	0000                	unimp
80006f28:	03c6                	sll	t2,t2,0x11
80006f2a:	0000                	unimp
80006f2c:	03e1                	add	t2,t2,24
80006f2e:	0000                	unimp
80006f30:	0271                	add	tp,tp,28 # 1c <buf.2+0x1c>
80006f32:	0000                	unimp
80006f34:	02f5                	add	t0,t0,29
80006f36:	0000                	unimp
80006f38:	0006                	c.slli	zero,0x1
80006f3a:	0000                	unimp
80006f3c:	0165                	add	sp,sp,25
80006f3e:	0000                	unimp
80006f40:	0006                	c.slli	zero,0x1
80006f42:	0000                	unimp
80006f44:	030a                	sll	t1,t1,0x2
80006f46:	0000                	unimp
80006f48:	003a                	c.slli	zero,0xe
80006f4a:	0000                	unimp
80006f4c:	00a2                	sll	ra,ra,0x8
80006f4e:	0000                	unimp
80006f50:	020c                	add	a1,sp,256
80006f52:	0000                	unimp
80006f54:	0109                	add	sp,sp,2
80006f56:	0000                	unimp
80006f58:	000000f7          	.insn	4, 0x00f7
80006f5c:	00000177          	.insn	4, 0x0177
80006f60:	00000253          	.insn	4, 0x0253
80006f64:	0221                	add	tp,tp,8 # 8 <buf.2+0x8>
80006f66:	0000                	unimp
80006f68:	00000363          	beqz	zero,80006f6e <input_data+0x3656>
80006f6c:	03cd                	add	t2,t2,19
80006f6e:	0000                	unimp
80006f70:	000000db          	.insn	4, 0x00db
80006f74:	00aa                	sll	ra,ra,0xa
80006f76:	0000                	unimp
80006f78:	02c5                	add	t0,t0,17
80006f7a:	0000                	unimp
80006f7c:	0398                	add	a4,sp,448
80006f7e:	0000                	unimp
80006f80:	02bc                	add	a5,sp,328
80006f82:	0000                	unimp
80006f84:	0070                	add	a2,sp,12
80006f86:	0000                	unimp
80006f88:	0158                	add	a4,sp,132
80006f8a:	0000                	unimp
80006f8c:	00d5                	add	ra,ra,21 # 15 <buf.2+0x15>
80006f8e:	0000                	unimp
80006f90:	000001c7          	.insn	4, 0x01c7
80006f94:	0141                	add	sp,sp,16
80006f96:	0000                	unimp
80006f98:	000003ab          	.insn	4, 0x03ab
80006f9c:	00a5                	add	ra,ra,9
80006f9e:	0000                	unimp
80006fa0:	009d                	add	ra,ra,7
80006fa2:	0000                	unimp
80006fa4:	00000373          	.insn	4, 0x0373
80006fa8:	00000063          	beqz	zero,80006fa8 <input_data+0x3690>
80006fac:	0102                	c.slli64	sp
80006fae:	0000                	unimp
80006fb0:	008c                	add	a1,sp,64
80006fb2:	0000                	unimp
80006fb4:	00000203          	lb	tp,0(zero) # 0 <buf.2>
80006fb8:	00d9                	add	ra,ra,22
80006fba:	0000                	unimp
80006fbc:	00000137          	lui	sp,0x0
80006fc0:	0054                	add	a3,sp,4
80006fc2:	0000                	unimp
80006fc4:	0294                	add	a3,sp,320
80006fc6:	0000                	unimp
80006fc8:	000002cb          	.insn	4, 0x02cb
80006fcc:	01f8                	add	a4,sp,204
80006fce:	0000                	unimp
80006fd0:	0095                	add	ra,ra,5
80006fd2:	0000                	unimp
80006fd4:	00c6                	sll	ra,ra,0x11
80006fd6:	0000                	unimp
80006fd8:	0236                	sll	tp,tp,0xd
80006fda:	0000                	unimp
80006fdc:	0155                	add	sp,sp,21 # 15 <buf.2+0x15>
80006fde:	0000                	unimp
80006fe0:	0209                	add	tp,tp,2 # 2 <buf.2+0x2>
80006fe2:	0000                	unimp
80006fe4:	01da                	sll	gp,gp,0x16
80006fe6:	0000                	unimp
80006fe8:	015f 0000 03b7      	.insn	6, 0x03b70000015f
80006fee:	0000                	unimp
80006ff0:	0222                	sll	tp,tp,0x8
80006ff2:	0000                	unimp
80006ff4:	000000b7          	lui	ra,0x0
80006ff8:	0000025b          	.insn	4, 0x025b
80006ffc:	036c                	add	a1,sp,396
80006ffe:	0000                	unimp
80007000:	021a                	sll	tp,tp,0x6
80007002:	0000                	unimp
80007004:	0385                	add	t2,t2,1
80007006:	0000                	unimp
80007008:	02f2                	sll	t0,t0,0x1c
8000700a:	0000                	unimp
8000700c:	0000016b          	.insn	4, 0x016b
80007010:	037d                	add	t1,t1,31
80007012:	0000                	unimp
80007014:	03cd                	add	t2,t2,19
80007016:	0000                	unimp
80007018:	0391                	add	t2,t2,4
8000701a:	0000                	unimp
8000701c:	00f4                	add	a3,sp,76
8000701e:	0000                	unimp
80007020:	00c0                	add	s0,sp,68
80007022:	0000                	unimp
80007024:	031f 0000 016a      	.insn	6, 0x016a0000031f
8000702a:	0000                	unimp
8000702c:	0000009b          	.insn	4, 0x009b
80007030:	02be                	sll	t0,t0,0xf
80007032:	0000                	unimp
80007034:	027d                	add	tp,tp,31 # 1f <buf.2+0x1f>
80007036:	0000                	unimp
80007038:	0274                	add	a3,sp,268
8000703a:	0000                	unimp
8000703c:	019f 0000 0257      	.insn	6, 0x02570000019f
80007042:	0000                	unimp
80007044:	00b1                	add	ra,ra,12 # c <buf.2+0xc>
80007046:	0000                	unimp
80007048:	02ae                	sll	t0,t0,0xb
8000704a:	0000                	unimp
8000704c:	02ce                	sll	t0,t0,0x13
8000704e:	0000                	unimp
80007050:	025c                	add	a5,sp,260
80007052:	0000                	unimp
80007054:	0226                	sll	tp,tp,0x9
80007056:	0000                	unimp
80007058:	0099                	add	ra,ra,6
8000705a:	0000                	unimp
8000705c:	00f2                	sll	ra,ra,0x1c
8000705e:	0000                	unimp
80007060:	0316                	sll	t1,t1,0x5
80007062:	0000                	unimp
80007064:	0098                	add	a4,sp,64
80007066:	0000                	unimp
80007068:	0000025b          	.insn	4, 0x025b
8000706c:	00a8                	add	a0,sp,72
8000706e:	0000                	unimp
80007070:	01d1                	add	gp,gp,20 # 80007fac <__global_pointer$+0x14>
80007072:	0000                	unimp
80007074:	0000030b          	.insn	4, 0x030b
80007078:	030d                	add	t1,t1,3
8000707a:	0000                	unimp
8000707c:	01ff 0000 00ac 0000 	.insn	10, 0x0315000000ac000001ff
80007084:	0315 
80007086:	0000                	unimp
80007088:	01bd                	add	gp,gp,15 # 80007fa7 <__global_pointer$+0xf>
8000708a:	0000                	unimp
8000708c:	026a                	sll	tp,tp,0x1a
8000708e:	0000                	unimp
80007090:	01f6                	sll	gp,gp,0x1d
80007092:	0000                	unimp
80007094:	010e                	sll	sp,sp,0x3
80007096:	0000                	unimp
80007098:	002d                	c.nop	11
8000709a:	0000                	unimp
8000709c:	02b8                	add	a4,sp,328
8000709e:	0000                	unimp
800070a0:	00b9                	add	ra,ra,14
800070a2:	0000                	unimp
800070a4:	039f 0000 0047      	.insn	6, 0x00470000039f
800070aa:	0000                	unimp
800070ac:	03ca                	sll	t2,t2,0x12
800070ae:	0000                	unimp
800070b0:	01c0                	add	s0,sp,196
800070b2:	0000                	unimp
800070b4:	00000207          	.insn	4, 0x0207
800070b8:	00c9                	add	ra,ra,18
800070ba:	0000                	unimp
800070bc:	0396                	sll	t2,t2,0x5
800070be:	0000                	unimp
800070c0:	00be                	sll	ra,ra,0xf
800070c2:	0000                	unimp
800070c4:	03be                	sll	t2,t2,0xf
800070c6:	0000                	unimp
800070c8:	00ae                	sll	ra,ra,0xb
800070ca:	0000                	unimp
800070cc:	00000343          	.insn	4, 0x0343
800070d0:	03ad                	add	t2,t2,11
800070d2:	0000                	unimp
800070d4:	0394                	add	a3,sp,448
800070d6:	0000                	unimp
800070d8:	00ff 0000 023f 0000 	.insn	10, 0x02b50000023f000000ff
800070e0:	02b5 
800070e2:	0000                	unimp
800070e4:	03d0                	add	a2,sp,452
800070e6:	0000                	unimp
800070e8:	0096                	sll	ra,ra,0x5
800070ea:	0000                	unimp
800070ec:	0299                	add	t0,t0,6
800070ee:	0000                	unimp
800070f0:	0264                	add	s1,sp,268
800070f2:	0000                	unimp
800070f4:	01c4                	add	s1,sp,196
800070f6:	0000                	unimp
800070f8:	000000e3          	beqz	zero,800078f8 <_tbss_end+0xf4>
800070fc:	00000103          	lb	sp,0(zero) # 0 <buf.2>
80007100:	0310                	add	a2,sp,384
80007102:	0000                	unimp
80007104:	0238                	add	a4,sp,264
80007106:	0000                	unimp
80007108:	030c                	add	a1,sp,384
8000710a:	0000                	unimp
8000710c:	0000018b          	.insn	4, 0x018b
80007110:	0000030f          	.insn	4, 0x030f
80007114:	0066                	c.slli	zero,0x19
80007116:	0000                	unimp
80007118:	000000b3          	add	ra,zero,zero
8000711c:	007c                	add	a5,sp,12
8000711e:	0000                	unimp
80007120:	0034                	add	a3,sp,8
80007122:	0000                	unimp
80007124:	0034                	add	a3,sp,8
80007126:	0000                	unimp
80007128:	0338                	add	a4,sp,392
8000712a:	0000                	unimp
8000712c:	0364                	add	s1,sp,396
8000712e:	0000                	unimp
80007130:	0148                	add	a0,sp,132
80007132:	0000                	unimp
80007134:	000002fb          	.insn	4, 0x02fb
80007138:	000002a7          	.insn	4, 0x02a7
8000713c:	023e                	sll	tp,tp,0xf
8000713e:	0000                	unimp
80007140:	012c                	add	a1,sp,136
80007142:	0000                	unimp
80007144:	0389                	add	t2,t2,2
80007146:	0000                	unimp
80007148:	0194                	add	a3,sp,192
8000714a:	0000                	unimp
8000714c:	0000008b          	.insn	4, 0x008b
80007150:	000003bb          	.insn	4, 0x03bb
80007154:	0118                	add	a4,sp,128
80007156:	0000                	unimp
80007158:	03d0                	add	a2,sp,452
8000715a:	0000                	unimp
8000715c:	00f6                	sll	ra,ra,0x1d
8000715e:	0000                	unimp
80007160:	007a                	c.slli	zero,0x1e
80007162:	0000                	unimp
80007164:	02b4                	add	a3,sp,328
80007166:	0000                	unimp
80007168:	000002a7          	.insn	4, 0x02a7
8000716c:	0114                	add	a3,sp,128
8000716e:	0000                	unimp
80007170:	009e                	sll	ra,ra,0x7
80007172:	0000                	unimp
80007174:	02df 0000 007e      	.insn	6, 0x007e000002df
8000717a:	0000                	unimp
8000717c:	020d                	add	tp,tp,3 # 3 <buf.2+0x3>
8000717e:	0000                	unimp
80007180:	02e0                	add	s0,sp,332
80007182:	0000                	unimp
80007184:	0338                	add	a4,sp,392
80007186:	0000                	unimp
80007188:	038e                	sll	t2,t2,0x3
8000718a:	0000                	unimp
8000718c:	0294                	add	a3,sp,320
8000718e:	0000                	unimp
80007190:	00000057          	.insn	4, 0x0057
80007194:	038c                	add	a1,sp,448
80007196:	0000                	unimp
80007198:	02d5                	add	t0,t0,21
8000719a:	0000                	unimp
8000719c:	0000020b          	.insn	4, 0x020b
800071a0:	0214                	add	a3,sp,256
800071a2:	0000                	unimp
800071a4:	005c                	add	a5,sp,4
800071a6:	0000                	unimp
800071a8:	01d9                	add	gp,gp,22 # 80007fae <__global_pointer$+0x16>
800071aa:	0000                	unimp
800071ac:	036c                	add	a1,sp,396
800071ae:	0000                	unimp
800071b0:	0376                	sll	t1,t1,0x1d
800071b2:	0000                	unimp
800071b4:	01f4                	add	a3,sp,204
800071b6:	0000                	unimp
800071b8:	000002cb          	.insn	4, 0x02cb
800071bc:	0102                	c.slli64	sp
800071be:	0000                	unimp
800071c0:	01ca                	sll	gp,gp,0x12
800071c2:	0000                	unimp
800071c4:	001c                	.insn	2, 0x001c
800071c6:	0000                	unimp
800071c8:	0300                	add	s0,sp,384
800071ca:	0000                	unimp
800071cc:	000000db          	.insn	4, 0x00db
800071d0:	017e                	sll	sp,sp,0x1f
800071d2:	0000                	unimp
800071d4:	01f8                	add	a4,sp,204
800071d6:	0000                	unimp
800071d8:	00000373          	.insn	4, 0x0373
800071dc:	000a                	c.slli	zero,0x2
800071de:	0000                	unimp
800071e0:	02cc                	add	a1,sp,324
800071e2:	0000                	unimp
800071e4:	0000030f          	.insn	4, 0x030f
800071e8:	00f1                	add	ra,ra,28
800071ea:	0000                	unimp
800071ec:	00000207          	.insn	4, 0x0207
800071f0:	0240                	add	s0,sp,260
800071f2:	0000                	unimp
800071f4:	037c                	add	a5,sp,396
800071f6:	0000                	unimp
800071f8:	0174                	add	a3,sp,140
800071fa:	0000                	unimp
800071fc:	00f1                	add	ra,ra,28
800071fe:	0000                	unimp
80007200:	000000ef          	jal	80007200 <input_data+0x38e8>
80007204:	000001a3          	sb	zero,3(zero) # 3 <buf.2+0x3>
80007208:	03b0                	add	a2,sp,456
8000720a:	0000                	unimp
8000720c:	01d1                	add	gp,gp,20 # 80007fac <__global_pointer$+0x14>
8000720e:	0000                	unimp
80007210:	0069                	c.nop	26
80007212:	0000                	unimp
80007214:	024a                	sll	tp,tp,0x12
80007216:	0000                	unimp
80007218:	01d2                	sll	gp,gp,0x14
8000721a:	0000                	unimp
8000721c:	00ea                	sll	ra,ra,0x1a
8000721e:	0000                	unimp
80007220:	0036                	c.slli	zero,0xd
80007222:	0000                	unimp
80007224:	00c2                	sll	ra,ra,0x10
80007226:	0000                	unimp
80007228:	00ad                	add	ra,ra,11
8000722a:	0000                	unimp
8000722c:	0341                	add	t1,t1,16
8000722e:	0000                	unimp
80007230:	0289                	add	t0,t0,2
80007232:	0000                	unimp
80007234:	0230                	add	a2,sp,264
80007236:	0000                	unimp
80007238:	0182                	c.slli64	gp
8000723a:	0000                	unimp
8000723c:	024d                	add	tp,tp,19 # 13 <buf.2+0x13>
8000723e:	0000                	unimp
80007240:	000003d7          	.insn	4, 0x03d7
80007244:	02b4                	add	a3,sp,328
80007246:	0000                	unimp
80007248:	028c                	add	a1,sp,320
8000724a:	0000                	unimp
8000724c:	0065                	c.nop	25
8000724e:	0000                	unimp
80007250:	014c                	add	a1,sp,132
80007252:	0000                	unimp
80007254:	0316                	sll	t1,t1,0x5
80007256:	0000                	unimp
80007258:	0280                	add	s0,sp,320
8000725a:	0000                	unimp
8000725c:	0032                	c.slli	zero,0xc
8000725e:	0000                	unimp
80007260:	00000043          	.insn	4, 0x0043
80007264:	018d                	add	gp,gp,3 # 80007f9b <__global_pointer$+0x3>
80007266:	0000                	unimp
80007268:	0305                	add	t1,t1,1
8000726a:	0000                	unimp
8000726c:	02bc                	add	a5,sp,328
8000726e:	0000                	unimp
80007270:	011a                	sll	sp,sp,0x6
80007272:	0000                	unimp
80007274:	000002b3          	add	t0,zero,zero
80007278:	02d8                	add	a4,sp,324
8000727a:	0000                	unimp
8000727c:	000002a3          	sb	zero,5(zero) # 5 <buf.2+0x5>
80007280:	000002c7          	.insn	4, 0x02c7
80007284:	00000277          	.insn	4, 0x0277
80007288:	0051                	c.nop	20
8000728a:	0000                	unimp
8000728c:	0314                	add	a3,sp,384
8000728e:	0000                	unimp
80007290:	0364                	add	s1,sp,396
80007292:	0000                	unimp
80007294:	026a                	sll	tp,tp,0x1a
80007296:	0000                	unimp
80007298:	0000027b          	.insn	4, 0x027b
8000729c:	0109                	add	sp,sp,2
8000729e:	0000                	unimp
800072a0:	037c                	add	a5,sp,396
800072a2:	0000                	unimp
800072a4:	0269                	add	tp,tp,26 # 1a <buf.2+0x1a>
800072a6:	0000                	unimp
800072a8:	0000000b          	.insn	4, 0x000b
800072ac:	02fc                	add	a5,sp,332
800072ae:	0000                	unimp
800072b0:	0270                	add	a2,sp,268
800072b2:	0000                	unimp
800072b4:	03de                	sll	t2,t2,0x17
800072b6:	0000                	unimp
800072b8:	0261                	add	tp,tp,24 # 18 <buf.2+0x18>
800072ba:	0000                	unimp
800072bc:	003a                	c.slli	zero,0xe
800072be:	0000                	unimp
800072c0:	00000267          	jalr	tp,zero # 0 <buf.2>
800072c4:	030d                	add	t1,t1,3
800072c6:	0000                	unimp
800072c8:	01e0                	add	s0,sp,204
800072ca:	0000                	unimp
800072cc:	000003ab          	.insn	4, 0x03ab
800072d0:	01cd                	add	gp,gp,19 # 80007fab <__global_pointer$+0x13>
800072d2:	0000                	unimp
800072d4:	00000263          	beqz	zero,800072d8 <input_data+0x39c0>
800072d8:	000000a3          	sb	zero,1(zero) # 1 <buf.2+0x1>
800072dc:	00b8                	add	a4,sp,72
800072de:	0000                	unimp
800072e0:	01d1                	add	gp,gp,20 # 80007fac <__global_pointer$+0x14>
800072e2:	0000                	unimp
800072e4:	013a                	sll	sp,sp,0xe
800072e6:	0000                	unimp
800072e8:	01d6                	sll	gp,gp,0x15
800072ea:	0000                	unimp
800072ec:	02ba                	sll	t0,t0,0xe
800072ee:	0000                	unimp
800072f0:	0000026b          	.insn	4, 0x026b
800072f4:	0315                	add	t1,t1,5
800072f6:	0000                	unimp
800072f8:	0075                	c.nop	29
800072fa:	0000                	unimp
800072fc:	00000003          	lb	zero,0(zero) # 0 <buf.2>
80007300:	00000137          	lui	sp,0x0
80007304:	01c8                	add	a0,sp,196
80007306:	0000                	unimp
80007308:	00ba                	sll	ra,ra,0xe
8000730a:	0000                	unimp
8000730c:	000000cb          	.insn	4, 0x00cb
80007310:	02d1                	add	t0,t0,20
80007312:	0000                	unimp
80007314:	03a4                	add	s1,sp,456
80007316:	0000                	unimp
80007318:	0300                	add	s0,sp,384
8000731a:	0000                	unimp
8000731c:	01f6                	sll	gp,gp,0x1d
8000731e:	0000                	unimp
80007320:	0000008f          	.insn	4, 0x008f
80007324:	0388                	add	a0,sp,448
80007326:	0000                	unimp
80007328:	02da                	sll	t0,t0,0x16
8000732a:	0000                	unimp
8000732c:	00c9                	add	ra,ra,18
8000732e:	0000                	unimp
80007330:	000001a7          	.insn	4, 0x01a7
80007334:	01a1                	add	gp,gp,8 # 80007fa0 <__global_pointer$+0x8>
80007336:	0000                	unimp
80007338:	000003b3          	add	t2,zero,zero
8000733c:	009a                	sll	ra,ra,0x6
8000733e:	0000                	unimp
80007340:	0238                	add	a4,sp,264
80007342:	0000                	unimp
80007344:	0105                	add	sp,sp,1 # 1 <buf.2+0x1>
80007346:	0000                	unimp
80007348:	01d9                	add	gp,gp,22 # 80007fae <__global_pointer$+0x16>
8000734a:	0000                	unimp
8000734c:	00000307          	.insn	4, 0x0307
80007350:	017c                	add	a5,sp,140
80007352:	0000                	unimp
80007354:	00000267          	jalr	tp,zero # 0 <buf.2>
80007358:	0312                	sll	t1,t1,0x4
8000735a:	0000                	unimp
8000735c:	00c1                	add	ra,ra,16
8000735e:	0000                	unimp
80007360:	02c6                	sll	t0,t0,0x11
80007362:	0000                	unimp
80007364:	01bd                	add	gp,gp,15 # 80007fa7 <__global_pointer$+0xf>
80007366:	0000                	unimp
80007368:	01d5                	add	gp,gp,21 # 80007fad <__global_pointer$+0x15>
8000736a:	0000                	unimp
8000736c:	000003af          	.insn	4, 0x03af
80007370:	02d9                	add	t0,t0,22
80007372:	0000                	unimp
80007374:	00cc                	add	a1,sp,68
80007376:	0000                	unimp
80007378:	0234                	add	a3,sp,264
8000737a:	0000                	unimp
8000737c:	0075                	c.nop	29
8000737e:	0000                	unimp
80007380:	008e                	sll	ra,ra,0x3
80007382:	0000                	unimp
80007384:	0238                	add	a4,sp,264
80007386:	0000                	unimp
80007388:	0156                	sll	sp,sp,0x15
8000738a:	0000                	unimp
8000738c:	0356                	sll	t1,t1,0x15
8000738e:	0000                	unimp
80007390:	0316                	sll	t1,t1,0x5
80007392:	0000                	unimp
80007394:	03d8                	add	a4,sp,452
80007396:	0000                	unimp
80007398:	0338                	add	a4,sp,392
8000739a:	0000                	unimp
8000739c:	0129                	add	sp,sp,10
8000739e:	0000                	unimp
800073a0:	03d6                	sll	t2,t2,0x15
800073a2:	0000                	unimp
800073a4:	0342                	sll	t1,t1,0x10
800073a6:	0000                	unimp
800073a8:	0015                	c.nop	5
800073aa:	0000                	unimp
800073ac:	03b0                	add	a2,sp,456
800073ae:	0000                	unimp
800073b0:	01e2                	sll	gp,gp,0x18
800073b2:	0000                	unimp
800073b4:	000002f7          	.insn	4, 0x02f7
800073b8:	0138                	add	a4,sp,136
800073ba:	0000                	unimp
800073bc:	0002                	c.slli64	zero
800073be:	0000                	unimp
800073c0:	0200                	add	s0,sp,256
800073c2:	0000                	unimp
800073c4:	00000293          	li	t0,0
800073c8:	00000257          	.insn	4, 0x0257
800073cc:	035c                	add	a5,sp,388
800073ce:	0000                	unimp
800073d0:	00000323          	sb	zero,6(zero) # 6 <buf.2+0x6>
800073d4:	0004                	.insn	2, 0x0004
800073d6:	0000                	unimp
800073d8:	03c1                	add	t2,t2,16
800073da:	0000                	unimp
800073dc:	0316                	sll	t1,t1,0x5
800073de:	0000                	unimp
800073e0:	01ca                	sll	gp,gp,0x12
800073e2:	0000                	unimp
800073e4:	016a                	sll	sp,sp,0x1a
800073e6:	0000                	unimp
800073e8:	017c                	add	a5,sp,140
800073ea:	0000                	unimp
800073ec:	005a                	c.slli	zero,0x16
800073ee:	0000                	unimp
800073f0:	00000303          	lb	t1,0(zero) # 0 <buf.2>
800073f4:	0185                	add	gp,gp,1 # 80007f99 <__global_pointer$+0x1>
800073f6:	0000                	unimp
800073f8:	00000123          	sb	zero,2(zero) # 2 <buf.2+0x2>
800073fc:	00d1                	add	ra,ra,20
800073fe:	0000                	unimp
80007400:	0276                	sll	tp,tp,0x1d
80007402:	0000                	unimp
80007404:	01b8                	add	a4,sp,200
80007406:	0000                	unimp
80007408:	034d                	add	t1,t1,19
8000740a:	0000                	unimp
8000740c:	00ff 0000 01b3 0000 	.insn	10, 0x0226000001b3000000ff
80007414:	0226 
80007416:	0000                	unimp
80007418:	00000047          	.insn	4, 0x0047
8000741c:	039d                	add	t2,t2,7
8000741e:	0000                	unimp
80007420:	02dd                	add	t0,t0,23
80007422:	0000                	unimp
80007424:	00000293          	li	t0,0
80007428:	00000383          	lb	t2,0(zero) # 0 <buf.2>
8000742c:	0302                	c.slli64	t1
8000742e:	0000                	unimp
80007430:	0392                	sll	t2,t2,0x4
80007432:	0000                	unimp
80007434:	00000317          	auipc	t1,0x0
80007438:	003c                	add	a5,sp,8
8000743a:	0000                	unimp
8000743c:	03e1                	add	t2,t2,24
8000743e:	0000                	unimp
80007440:	03d8                	add	a4,sp,452
80007442:	0000                	unimp
80007444:	000003bb          	.insn	4, 0x03bb
80007448:	00f4                	add	a3,sp,76
8000744a:	0000                	unimp
8000744c:	00000037          	lui	zero,0x0
80007450:	000003a7          	.insn	4, 0x03a7
80007454:	036d                	add	t1,t1,27 # 8000744f <input_data+0x3b37>
80007456:	0000                	unimp
80007458:	03c0                	add	s0,sp,452
8000745a:	0000                	unimp
8000745c:	02c4                	add	s1,sp,324
8000745e:	0000                	unimp
80007460:	0274                	add	a3,sp,268
80007462:	0000                	unimp
80007464:	0176                	sll	sp,sp,0x1d
80007466:	0000                	unimp
80007468:	0090                	add	a2,sp,64
8000746a:	0000                	unimp
8000746c:	00000367          	jalr	t1,zero # 0 <buf.2>
80007470:	0008                	.insn	2, 0x0008
80007472:	0000                	unimp
80007474:	00000197          	auipc	gp,0x0
80007478:	01b6                	sll	gp,gp,0xd
8000747a:	0000                	unimp
8000747c:	0000024f          	.insn	4, 0x024f
80007480:	024e                	sll	tp,tp,0x13
80007482:	0000                	unimp
80007484:	007c                	add	a5,sp,12
80007486:	0000                	unimp
80007488:	00a4                	add	s1,sp,72
8000748a:	0000                	unimp
8000748c:	0192                	sll	gp,gp,0x4
8000748e:	0000                	unimp
80007490:	000000c3          	.insn	4, 0x00c3
80007494:	02f5                	add	t0,t0,29
80007496:	0000                	unimp
80007498:	00f2                	sll	ra,ra,0x1c
8000749a:	0000                	unimp
8000749c:	000001b3          	add	gp,zero,zero
800074a0:	00ee                	sll	ra,ra,0x1b
800074a2:	0000                	unimp
800074a4:	0088                	add	a0,sp,64
800074a6:	0000                	unimp
800074a8:	000002a3          	sb	zero,5(zero) # 5 <buf.2+0x5>
800074ac:	0239                	add	tp,tp,14 # e <buf.2+0xe>
800074ae:	0000                	unimp
800074b0:	000001c7          	.insn	4, 0x01c7
800074b4:	0030                	add	a2,sp,8
800074b6:	0000                	unimp
800074b8:	03d8                	add	a4,sp,452
800074ba:	0000                	unimp
800074bc:	03aa                	sll	t2,t2,0xa
800074be:	0000                	unimp
800074c0:	02cd                	add	t0,t0,19
800074c2:	0000                	unimp
800074c4:	017d                	add	sp,sp,31
800074c6:	0000                	unimp
800074c8:	0052                	c.slli	zero,0x14
800074ca:	0000                	unimp
800074cc:	0308                	add	a0,sp,384
800074ce:	0000                	unimp
800074d0:	00000253          	.insn	4, 0x0253
800074d4:	0045                	c.nop	17
800074d6:	0000                	unimp
800074d8:	0070                	add	a2,sp,12
800074da:	0000                	unimp
800074dc:	01a5                	add	gp,gp,9 # 8000747d <input_data+0x3b65>
800074de:	0000                	unimp
800074e0:	0169                	add	sp,sp,26
800074e2:	0000                	unimp
800074e4:	0272                	sll	tp,tp,0x1c
800074e6:	0000                	unimp
800074e8:	000002cf          	.insn	4, 0x02cf
800074ec:	0298                	add	a4,sp,320
800074ee:	0000                	unimp
800074f0:	00fd                	add	ra,ra,31
800074f2:	0000                	unimp
800074f4:	02b6                	sll	t0,t0,0xd
800074f6:	0000                	unimp
800074f8:	03b0                	add	a2,sp,456
800074fa:	0000                	unimp
800074fc:	0119                	add	sp,sp,6
800074fe:	0000                	unimp
80007500:	000001c3          	.insn	4, 0x01c3
80007504:	00c4                	add	s1,sp,68
80007506:	0000                	unimp
80007508:	0159                	add	sp,sp,22
8000750a:	0000                	unimp
8000750c:	000002bb          	.insn	4, 0x02bb
80007510:	02d1                	add	t0,t0,20
80007512:	0000                	unimp
80007514:	033d                	add	t1,t1,15
80007516:	0000                	unimp
80007518:	01d5                	add	gp,gp,21 # 80007fad <__global_pointer$+0x15>
8000751a:	0000                	unimp
8000751c:	0170                	add	a2,sp,140
8000751e:	0000                	unimp
80007520:	0014                	.insn	2, 0x0014
80007522:	0000                	unimp
80007524:	0339                	add	t1,t1,14
80007526:	0000                	unimp
80007528:	03da                	sll	t2,t2,0x16
8000752a:	0000                	unimp
8000752c:	01b4                	add	a3,sp,200
8000752e:	0000                	unimp
80007530:	0028                	add	a0,sp,8
80007532:	0000                	unimp
80007534:	0241                	add	tp,tp,16 # 10 <buf.2+0x10>
80007536:	0000                	unimp
80007538:	02be                	sll	t0,t0,0xf
8000753a:	0000                	unimp
8000753c:	000000c7          	.insn	4, 0x00c7
80007540:	00000193          	li	gp,0
80007544:	0000026f          	jal	tp,80007544 <input_data+0x3c2c>
80007548:	0000028f          	.insn	4, 0x028f
8000754c:	0021                	c.nop	8
8000754e:	0000                	unimp
80007550:	0241                	add	tp,tp,16 # 10 <buf.2+0x10>
80007552:	0000                	unimp
80007554:	039f 0000 0030      	.insn	6, 0x00300000039f
8000755a:	0000                	unimp
8000755c:	03e1                	add	t2,t2,24
8000755e:	0000                	unimp
80007560:	00000013          	nop
80007564:	02e5                	add	t0,t0,25
80007566:	0000                	unimp
80007568:	0000006b          	.insn	4, 0x006b
8000756c:	00dd                	add	ra,ra,23
8000756e:	0000                	unimp
80007570:	00c1                	add	ra,ra,16
80007572:	0000                	unimp
80007574:	03a4                	add	s1,sp,456
80007576:	0000                	unimp
80007578:	0046                	c.slli	zero,0x11
8000757a:	0000                	unimp
8000757c:	0340                	add	s0,sp,388
8000757e:	0000                	unimp
80007580:	00ac                	add	a1,sp,72
80007582:	0000                	unimp
80007584:	00000163          	beqz	zero,80007586 <input_data+0x3c6e>
80007588:	018c                	add	a1,sp,192
8000758a:	0000                	unimp
8000758c:	00d2                	sll	ra,ra,0x14
8000758e:	0000                	unimp
80007590:	000000bf 00000036 	.insn	8, 0x0036000000bf
80007598:	01dd                	add	gp,gp,23 # 80007faf <__global_pointer$+0x17>
8000759a:	0000                	unimp
8000759c:	035d                	add	t1,t1,23
8000759e:	0000                	unimp
800075a0:	000002f3          	.insn	4, 0x02f3
800075a4:	00c6                	sll	ra,ra,0x11
800075a6:	0000                	unimp
800075a8:	01b2                	sll	gp,gp,0xc
800075aa:	0000                	unimp
800075ac:	000000c7          	.insn	4, 0x00c7
800075b0:	01e1                	add	gp,gp,24 # 80007fb0 <__global_pointer$+0x18>
800075b2:	0000                	unimp
800075b4:	0034                	add	a3,sp,8
800075b6:	0000                	unimp
800075b8:	03a0                	add	s0,sp,456
800075ba:	0000                	unimp
800075bc:	0000015b          	.insn	4, 0x015b
800075c0:	00000173          	.insn	4, 0x0173
800075c4:	03b5                	add	t2,t2,13
800075c6:	0000                	unimp
800075c8:	00a2                	sll	ra,ra,0x8
800075ca:	0000                	unimp
800075cc:	0000000b          	.insn	4, 0x000b
800075d0:	02f5                	add	t0,t0,29
800075d2:	0000                	unimp
800075d4:	0251                	add	tp,tp,20 # 14 <buf.2+0x14>
800075d6:	0000                	unimp
800075d8:	01d9                	add	gp,gp,22 # 80007fae <__global_pointer$+0x16>
800075da:	0000                	unimp
800075dc:	022e                	sll	tp,tp,0xb
800075de:	0000                	unimp
800075e0:	02e8                	add	a0,sp,332
800075e2:	0000                	unimp
800075e4:	01ee                	sll	gp,gp,0x1b
800075e6:	0000                	unimp
800075e8:	00cc                	add	a1,sp,68
800075ea:	0000                	unimp
800075ec:	0071                	c.nop	28
800075ee:	0000                	unimp
800075f0:	0035                	c.nop	13
800075f2:	0000                	unimp
800075f4:	01ff 0000 0038 0000 	.insn	10, 0x039c00000038000001ff
800075fc:	039c 
800075fe:	0000                	unimp
80007600:	0000013f 000000b9 	.insn	8, 0x00b90000013f
80007608:	0066                	c.slli	zero,0x19
8000760a:	0000                	unimp
8000760c:	02c8                	add	a0,sp,324
8000760e:	0000                	unimp
80007610:	02d1                	add	t0,t0,20
80007612:	0000                	unimp
80007614:	000001db          	.insn	4, 0x01db
80007618:	0224                	add	s1,sp,264
8000761a:	0000                	unimp
8000761c:	0272                	sll	tp,tp,0x1c
8000761e:	0000                	unimp
80007620:	0222                	sll	tp,tp,0x8
80007622:	0000                	unimp
80007624:	0004                	.insn	2, 0x0004
80007626:	0000                	unimp
80007628:	0118                	add	a4,sp,128
8000762a:	0000                	unimp
8000762c:	0374                	add	a3,sp,396
8000762e:	0000                	unimp
80007630:	02fd                	add	t0,t0,31
80007632:	0000                	unimp
80007634:	02c5                	add	t0,t0,17
80007636:	0000                	unimp
80007638:	009f 0000 032b      	.insn	6, 0x032b0000009f
8000763e:	0000                	unimp
80007640:	02c2                	sll	t0,t0,0x10
80007642:	0000                	unimp
80007644:	02dc                	add	a5,sp,324
80007646:	0000                	unimp
80007648:	03b0                	add	a2,sp,456
8000764a:	0000                	unimp
8000764c:	02da                	sll	t0,t0,0x16
8000764e:	0000                	unimp
80007650:	01ad                	add	gp,gp,11 # 80007fa3 <__global_pointer$+0xb>
80007652:	0000                	unimp
80007654:	00ed                	add	ra,ra,27
80007656:	0000                	unimp
80007658:	03bc                	add	a5,sp,456
8000765a:	0000                	unimp
8000765c:	039c                	add	a5,sp,448
8000765e:	0000                	unimp
80007660:	0000004b          	.insn	4, 0x004b
80007664:	0018                	.insn	2, 0x0018
80007666:	0000                	unimp
80007668:	03d9                	add	t2,t2,22
8000766a:	0000                	unimp
8000766c:	0165                	add	sp,sp,25
8000766e:	0000                	unimp
80007670:	0000008f          	.insn	4, 0x008f
80007674:	0056                	c.slli	zero,0x15
80007676:	0000                	unimp
80007678:	01b8                	add	a4,sp,200
8000767a:	0000                	unimp
8000767c:	00d1                	add	ra,ra,20
8000767e:	0000                	unimp
80007680:	0346                	sll	t1,t1,0x11
80007682:	0000                	unimp
80007684:	0240                	add	s0,sp,260
80007686:	0000                	unimp
80007688:	032d                	add	t1,t1,11
8000768a:	0000                	unimp
8000768c:	0051                	c.nop	20
8000768e:	0000                	unimp
80007690:	0106                	sll	sp,sp,0x1
80007692:	0000                	unimp
80007694:	0329                	add	t1,t1,10
80007696:	0000                	unimp
80007698:	02f9                	add	t0,t0,30
8000769a:	0000                	unimp
8000769c:	0136                	sll	sp,sp,0xd
8000769e:	0000                	unimp
800076a0:	000001e3          	beqz	zero,80007ea2 <_tbss_end+0x69e>
800076a4:	000001bf 000002e7 	.insn	8, 0x02e7000001bf
800076ac:	00000277          	.insn	4, 0x0277
800076b0:	01d0                	add	a2,sp,196
800076b2:	0000                	unimp
800076b4:	0292                	sll	t0,t0,0x4
800076b6:	0000                	unimp
800076b8:	00e9                	add	ra,ra,26
800076ba:	0000                	unimp
800076bc:	0000002b          	.insn	4, 0x002b
800076c0:	00000117          	auipc	sp,0x0
800076c4:	037d                	add	t1,t1,31
800076c6:	0000                	unimp
800076c8:	000000c7          	.insn	4, 0x00c7
800076cc:	0112                	sll	sp,sp,0x4
800076ce:	0000                	unimp
800076d0:	017c                	add	a5,sp,140
800076d2:	0000                	unimp
800076d4:	00000303          	lb	t1,0(zero) # 0 <buf.2>
800076d8:	00ed                	add	ra,ra,27
800076da:	0000                	unimp
800076dc:	0000032f          	.insn	4, 0x032f
800076e0:	0058                	add	a4,sp,4
800076e2:	0000                	unimp
800076e4:	0000004b          	.insn	4, 0x004b
800076e8:	0212                	sll	tp,tp,0x4
800076ea:	0000                	unimp
800076ec:	02d9                	add	t0,t0,22
800076ee:	0000                	unimp
800076f0:	02f9                	add	t0,t0,30
800076f2:	0000                	unimp
800076f4:	02ea                	sll	t0,t0,0x1a
800076f6:	0000                	unimp
800076f8:	01fa                	sll	gp,gp,0x1e
800076fa:	0000                	unimp
800076fc:	0384                	add	s1,sp,448
800076fe:	0000                	unimp
80007700:	03d2                	sll	t2,t2,0x14
80007702:	0000                	unimp
80007704:	00000137          	lui	sp,0x0
80007708:	02b6                	sll	t0,t0,0xd
8000770a:	0000                	unimp
8000770c:	01e0                	add	s0,sp,204
8000770e:	0000                	unimp
80007710:	01e0                	add	s0,sp,204
80007712:	0000                	unimp
80007714:	0052                	c.slli	zero,0x14
80007716:	0000                	unimp
80007718:	03e5                	add	t2,t2,25
8000771a:	0000                	unimp
8000771c:	02d9                	add	t0,t0,22
8000771e:	0000                	unimp
80007720:	001a                	c.slli	zero,0x6
80007722:	0000                	unimp
80007724:	00000273          	.insn	4, 0x0273
80007728:	0172                	sll	sp,sp,0x1c
8000772a:	0000                	unimp
8000772c:	021c                	add	a5,sp,256
8000772e:	0000                	unimp
80007730:	02ee                	sll	t0,t0,0x1b
80007732:	0000                	unimp
80007734:	0018                	.insn	2, 0x0018
80007736:	0000                	unimp
80007738:	012c                	add	a1,sp,136
8000773a:	0000                	unimp
8000773c:	0298                	add	a4,sp,320
8000773e:	0000                	unimp
80007740:	00d4                	add	a3,sp,68
80007742:	0000                	unimp
80007744:	02ee                	sll	t0,t0,0x1b
80007746:	0000                	unimp
80007748:	0176                	sll	sp,sp,0x1d
8000774a:	0000                	unimp
8000774c:	0048                	add	a0,sp,4
8000774e:	0000                	unimp
80007750:	000000d3          	.insn	4, 0x00d3
80007754:	021c                	add	a5,sp,256
80007756:	0000                	unimp
80007758:	022a                	sll	tp,tp,0xa
8000775a:	0000                	unimp
8000775c:	00e6                	sll	ra,ra,0x19
8000775e:	0000                	unimp
80007760:	026e                	sll	tp,tp,0x1b
80007762:	0000                	unimp
80007764:	030c                	add	a1,sp,384
80007766:	0000                	unimp
80007768:	016c                	add	a1,sp,140
8000776a:	0000                	unimp
8000776c:	011c                	add	a5,sp,128
8000776e:	0000                	unimp
80007770:	03ba                	sll	t2,t2,0xe
80007772:	0000                	unimp
80007774:	010a                	sll	sp,sp,0x2
80007776:	0000                	unimp
80007778:	017e                	sll	sp,sp,0x1f
8000777a:	0000                	unimp
8000777c:	0276                	sll	tp,tp,0x1d
8000777e:	0000                	unimp
80007780:	0394                	add	a3,sp,448
80007782:	0000                	unimp
80007784:	0000012b          	.insn	4, 0x012b
80007788:	038d                	add	t2,t2,3
8000778a:	0000                	unimp
8000778c:	036d                	add	t1,t1,27
8000778e:	0000                	unimp
80007790:	0088                	add	a0,sp,64
80007792:	0000                	unimp
80007794:	01e5                	add	gp,gp,25 # 80007fb1 <__global_pointer$+0x19>
80007796:	0000                	unimp
