
multiply.riscv:     file format elf32-littleriscv


Disassembly of section .text.init:

80000000 <_start>:
80000000:	4081                	li	ra,0
80000002:	4101                	li	sp,0
80000004:	4181                	li	gp,0
80000006:	4201                	li	tp,0
80000008:	4281                	li	t0,0
8000000a:	4301                	li	t1,0
8000000c:	4381                	li	t2,0
8000000e:	4401                	li	s0,0
80000010:	4481                	li	s1,0
80000012:	4501                	li	a0,0
80000014:	4581                	li	a1,0
80000016:	4601                	li	a2,0
80000018:	4681                	li	a3,0
8000001a:	4701                	li	a4,0
8000001c:	4781                	li	a5,0
8000001e:	4801                	li	a6,0
80000020:	4881                	li	a7,0
80000022:	4901                	li	s2,0
80000024:	4981                	li	s3,0
80000026:	4a01                	li	s4,0
80000028:	4a81                	li	s5,0
8000002a:	4b01                	li	s6,0
8000002c:	4b81                	li	s7,0
8000002e:	4c01                	li	s8,0
80000030:	4c81                	li	s9,0
80000032:	4d01                	li	s10,0
80000034:	4d81                	li	s11,0
80000036:	4e01                	li	t3,0
80000038:	4e81                	li	t4,0
8000003a:	4f01                	li	t5,0
8000003c:	4f81                	li	t6,0
8000003e:	62f9                	lui	t0,0x1e
80000040:	60028293          	add	t0,t0,1536 # 1e600 <buflen.1+0x1e5c0>
80000044:	3002a073          	csrs	mstatus,t0
80000048:	4285                	li	t0,1
8000004a:	02fe                	sll	t0,t0,0x1f
8000004c:	0002c863          	bltz	t0,8000005c <_start+0x5c>
80000050:	4505                	li	a0,1
80000052:	00001297          	auipc	t0,0x1
80000056:	faa2a723          	sw	a0,-82(t0) # 80001000 <tohost>
8000005a:	bfdd                	j	80000050 <_start+0x50>
8000005c:	00000297          	auipc	t0,0x0
80000060:	03828293          	add	t0,t0,56 # 80000094 <trap_entry>
80000064:	30529073          	csrw	mtvec,t0
80000068:	00004197          	auipc	gp,0x4
8000006c:	5a418193          	add	gp,gp,1444 # 8000460c <__global_pointer$>
80000070:	87318213          	add	tp,gp,-1933 # 80003e7f <_end+0x3f>
80000074:	fc027213          	and	tp,tp,-64
80000078:	f1402573          	csrr	a0,mhartid
8000007c:	4585                	li	a1,1
8000007e:	00b57063          	bgeu	a0,a1,8000007e <_start+0x7e>
80000082:	00150113          	add	sp,a0,1
80000086:	0146                	sll	sp,sp,0x11
80000088:	9112                	add	sp,sp,tp
8000008a:	01151613          	sll	a2,a0,0x11
8000008e:	9232                	add	tp,tp,a2
80000090:	6b60206f          	j	80002746 <_init>

80000094 <trap_entry>:
80000094:	716d                	add	sp,sp,-272
80000096:	c206                	sw	ra,4(sp)
80000098:	c40a                	sw	sp,8(sp)
8000009a:	c60e                	sw	gp,12(sp)
8000009c:	c812                	sw	tp,16(sp)
8000009e:	ca16                	sw	t0,20(sp)
800000a0:	cc1a                	sw	t1,24(sp)
800000a2:	ce1e                	sw	t2,28(sp)
800000a4:	d022                	sw	s0,32(sp)
800000a6:	d226                	sw	s1,36(sp)
800000a8:	d42a                	sw	a0,40(sp)
800000aa:	d62e                	sw	a1,44(sp)
800000ac:	d832                	sw	a2,48(sp)
800000ae:	da36                	sw	a3,52(sp)
800000b0:	dc3a                	sw	a4,56(sp)
800000b2:	de3e                	sw	a5,60(sp)
800000b4:	c0c2                	sw	a6,64(sp)
800000b6:	c2c6                	sw	a7,68(sp)
800000b8:	c4ca                	sw	s2,72(sp)
800000ba:	c6ce                	sw	s3,76(sp)
800000bc:	c8d2                	sw	s4,80(sp)
800000be:	cad6                	sw	s5,84(sp)
800000c0:	ccda                	sw	s6,88(sp)
800000c2:	cede                	sw	s7,92(sp)
800000c4:	d0e2                	sw	s8,96(sp)
800000c6:	d2e6                	sw	s9,100(sp)
800000c8:	d4ea                	sw	s10,104(sp)
800000ca:	d6ee                	sw	s11,108(sp)
800000cc:	d8f2                	sw	t3,112(sp)
800000ce:	daf6                	sw	t4,116(sp)
800000d0:	dcfa                	sw	t5,120(sp)
800000d2:	defe                	sw	t6,124(sp)
800000d4:	34202573          	csrr	a0,mcause
800000d8:	341025f3          	csrr	a1,mepc
800000dc:	860a                	mv	a2,sp
800000de:	36a020ef          	jal	80002448 <handle_trap>
800000e2:	34151073          	csrw	mepc,a0
800000e6:	6289                	lui	t0,0x2
800000e8:	80028293          	add	t0,t0,-2048 # 1800 <buflen.1+0x17c0>
800000ec:	3002a073          	csrs	mstatus,t0
800000f0:	4092                	lw	ra,4(sp)
800000f2:	4122                	lw	sp,8(sp)
800000f4:	41b2                	lw	gp,12(sp)
800000f6:	4242                	lw	tp,16(sp)
800000f8:	42d2                	lw	t0,20(sp)
800000fa:	4362                	lw	t1,24(sp)
800000fc:	43f2                	lw	t2,28(sp)
800000fe:	5402                	lw	s0,32(sp)
80000100:	5492                	lw	s1,36(sp)
80000102:	5522                	lw	a0,40(sp)
80000104:	55b2                	lw	a1,44(sp)
80000106:	5642                	lw	a2,48(sp)
80000108:	56d2                	lw	a3,52(sp)
8000010a:	5762                	lw	a4,56(sp)
8000010c:	57f2                	lw	a5,60(sp)
8000010e:	4806                	lw	a6,64(sp)
80000110:	4896                	lw	a7,68(sp)
80000112:	4926                	lw	s2,72(sp)
80000114:	49b6                	lw	s3,76(sp)
80000116:	4a46                	lw	s4,80(sp)
80000118:	4ad6                	lw	s5,84(sp)
8000011a:	4b66                	lw	s6,88(sp)
8000011c:	4bf6                	lw	s7,92(sp)
8000011e:	5c06                	lw	s8,96(sp)
80000120:	5c96                	lw	s9,100(sp)
80000122:	5d26                	lw	s10,104(sp)
80000124:	5db6                	lw	s11,108(sp)
80000126:	5e46                	lw	t3,112(sp)
80000128:	5ed6                	lw	t4,116(sp)
8000012a:	5f66                	lw	t5,120(sp)
8000012c:	5ff6                	lw	t6,124(sp)
8000012e:	6151                	add	sp,sp,272
80000130:	30200073          	mret
80000134:	0000                	unimp

Disassembly of section .text:

80002000 <multiply>:
80002000:	872a                	mv	a4,a0
80002002:	02000693          	li	a3,32
80002006:	4501                	li	a0,0
80002008:	00177793          	and	a5,a4,1
8000200c:	16fd                	add	a3,a3,-1
8000200e:	c391                	beqz	a5,80002012 <multiply+0x12>
80002010:	952e                	add	a0,a0,a1
80002012:	8705                	sra	a4,a4,0x1
80002014:	0586                	sll	a1,a1,0x1
80002016:	faed                	bnez	a3,80002008 <multiply+0x8>
80002018:	8082                	ret

8000201a <cputchar>:
8000201a:	fffff697          	auipc	a3,0xfffff
8000201e:	fe668693          	add	a3,a3,-26 # 80001000 <tohost>
80002022:	0ff57713          	zext.b	a4,a0
80002026:	010107b7          	lui	a5,0x1010
8000202a:	c298                	sw	a4,0(a3)
8000202c:	c2dc                	sw	a5,4(a3)
8000202e:	0000100f          	fence.i
80002032:	8082                	ret

80002034 <vprintfmt>:
80002034:	714d                	add	sp,sp,-336
80002036:	14812423          	sw	s0,328(sp)
8000203a:	15212023          	sw	s2,320(sp)
8000203e:	13312e23          	sw	s3,316(sp)
80002042:	13512a23          	sw	s5,308(sp)
80002046:	14112623          	sw	ra,332(sp)
8000204a:	14912223          	sw	s1,324(sp)
8000204e:	13412c23          	sw	s4,312(sp)
80002052:	13712623          	sw	s7,300(sp)
80002056:	13812423          	sw	s8,296(sp)
8000205a:	13a12023          	sw	s10,288(sp)
8000205e:	11b12e23          	sw	s11,284(sp)
80002062:	89aa                	mv	s3,a0
80002064:	892e                	mv	s2,a1
80002066:	8432                	mv	s0,a2
80002068:	c636                	sw	a3,12(sp)
8000206a:	02500a93          	li	s5,37
8000206e:	a029                	j	80002078 <vprintfmt+0x44>
80002070:	c531                	beqz	a0,800020bc <vprintfmt+0x88>
80002072:	85ca                	mv	a1,s2
80002074:	0405                	add	s0,s0,1
80002076:	9982                	jalr	s3
80002078:	00044503          	lbu	a0,0(s0)
8000207c:	ff551ae3          	bne	a0,s5,80002070 <vprintfmt+0x3c>
80002080:	00144683          	lbu	a3,1(s0)
80002084:	00140a13          	add	s4,s0,1
80002088:	02000793          	li	a5,32
8000208c:	8752                	mv	a4,s4
8000208e:	c43e                	sw	a5,8(sp)
80002090:	54fd                	li	s1,-1
80002092:	5c7d                	li	s8,-1
80002094:	4601                	li	a2,0
80002096:	fdd68793          	add	a5,a3,-35
8000209a:	0ff7f793          	zext.b	a5,a5
8000209e:	05500593          	li	a1,85
800020a2:	00170413          	add	s0,a4,1
800020a6:	06f5e163          	bltu	a1,a5,80002108 <vprintfmt+0xd4>
800020aa:	00001597          	auipc	a1,0x1
800020ae:	60a58593          	add	a1,a1,1546 # 800036b4 <main+0x168>
800020b2:	20b7c7b3          	sh2add	a5,a5,a1
800020b6:	439c                	lw	a5,0(a5)
800020b8:	97ae                	add	a5,a5,a1
800020ba:	8782                	jr	a5
800020bc:	14c12083          	lw	ra,332(sp)
800020c0:	14812403          	lw	s0,328(sp)
800020c4:	14412483          	lw	s1,324(sp)
800020c8:	14012903          	lw	s2,320(sp)
800020cc:	13c12983          	lw	s3,316(sp)
800020d0:	13812a03          	lw	s4,312(sp)
800020d4:	13412a83          	lw	s5,308(sp)
800020d8:	12c12b83          	lw	s7,300(sp)
800020dc:	12812c03          	lw	s8,296(sp)
800020e0:	12012d03          	lw	s10,288(sp)
800020e4:	11c12d83          	lw	s11,284(sp)
800020e8:	6171                	add	sp,sp,336
800020ea:	8082                	ret
800020ec:	c436                	sw	a3,8(sp)
800020ee:	00174683          	lbu	a3,1(a4)
800020f2:	05500593          	li	a1,85
800020f6:	8722                	mv	a4,s0
800020f8:	fdd68793          	add	a5,a3,-35
800020fc:	0ff7f793          	zext.b	a5,a5
80002100:	00170413          	add	s0,a4,1
80002104:	faf5f3e3          	bgeu	a1,a5,800020aa <vprintfmt+0x76>
80002108:	85ca                	mv	a1,s2
8000210a:	02500513          	li	a0,37
8000210e:	9982                	jalr	s3
80002110:	8452                	mv	s0,s4
80002112:	b79d                	j	80002078 <vprintfmt+0x44>
80002114:	00174783          	lbu	a5,1(a4)
80002118:	4725                	li	a4,9
8000211a:	fd068493          	add	s1,a3,-48
8000211e:	fd078593          	add	a1,a5,-48 # 100ffd0 <buflen.1+0x100ff90>
80002122:	86be                	mv	a3,a5
80002124:	2ab76863          	bltu	a4,a1,800023d4 <vprintfmt+0x3a0>
80002128:	8722                	mv	a4,s0
8000212a:	4525                	li	a0,9
8000212c:	0705                	add	a4,a4,1
8000212e:	2094c4b3          	sh2add	s1,s1,s1
80002132:	20f4a4b3          	sh1add	s1,s1,a5
80002136:	00074783          	lbu	a5,0(a4)
8000213a:	fd048493          	add	s1,s1,-48
8000213e:	fd078593          	add	a1,a5,-48
80002142:	86be                	mv	a3,a5
80002144:	feb574e3          	bgeu	a0,a1,8000212c <vprintfmt+0xf8>
80002148:	f40c57e3          	bgez	s8,80002096 <vprintfmt+0x62>
8000214c:	8c26                	mv	s8,s1
8000214e:	54fd                	li	s1,-1
80002150:	b799                	j	80002096 <vprintfmt+0x62>
80002152:	00174683          	lbu	a3,1(a4)
80002156:	8722                	mv	a4,s0
80002158:	bf3d                	j	80002096 <vprintfmt+0x62>
8000215a:	85ca                	mv	a1,s2
8000215c:	02500513          	li	a0,37
80002160:	9982                	jalr	s3
80002162:	bf19                	j	80002078 <vprintfmt+0x44>
80002164:	47b2                	lw	a5,12(sp)
80002166:	00174683          	lbu	a3,1(a4)
8000216a:	8722                	mv	a4,s0
8000216c:	4384                	lw	s1,0(a5)
8000216e:	0791                	add	a5,a5,4
80002170:	c63e                	sw	a5,12(sp)
80002172:	bfd9                	j	80002148 <vprintfmt+0x114>
80002174:	85ca                	mv	a1,s2
80002176:	03000513          	li	a0,48
8000217a:	13612823          	sw	s6,304(sp)
8000217e:	9982                	jalr	s3
80002180:	85ca                	mv	a1,s2
80002182:	07800513          	li	a0,120
80002186:	9982                	jalr	s3
80002188:	47b2                	lw	a5,12(sp)
8000218a:	4bc1                	li	s7,16
8000218c:	4d81                	li	s11,0
8000218e:	00478713          	add	a4,a5,4
80002192:	47b2                	lw	a5,12(sp)
80002194:	4d01                	li	s10,0
80002196:	4384                	lw	s1,0(a5)
80002198:	c63a                	sw	a4,12(sp)
8000219a:	865e                	mv	a2,s7
8000219c:	4681                	li	a3,0
8000219e:	8526                	mv	a0,s1
800021a0:	85ea                	mv	a1,s10
800021a2:	7c7000ef          	jal	80003168 <__umoddi3>
800021a6:	c82a                	sw	a0,16(sp)
800021a8:	1dad8c63          	beq	s11,s10,80002380 <vprintfmt+0x34c>
800021ac:	13912223          	sw	s9,292(sp)
800021b0:	4b05                	li	s6,1
800021b2:	01410c93          	add	s9,sp,20
800021b6:	865e                	mv	a2,s7
800021b8:	4681                	li	a3,0
800021ba:	8526                	mv	a0,s1
800021bc:	85ea                	mv	a1,s10
800021be:	37b000ef          	jal	80002d38 <__udivdi3>
800021c2:	865e                	mv	a2,s7
800021c4:	4681                	li	a3,0
800021c6:	84aa                	mv	s1,a0
800021c8:	8d2e                	mv	s10,a1
800021ca:	79f000ef          	jal	80003168 <__umoddi3>
800021ce:	00aca023          	sw	a0,0(s9)
800021d2:	8a5a                	mv	s4,s6
800021d4:	0c91                	add	s9,s9,4
800021d6:	0b05                	add	s6,s6,1
800021d8:	fdad9fe3          	bne	s11,s10,800021b6 <vprintfmt+0x182>
800021dc:	fd74fde3          	bgeu	s1,s7,800021b6 <vprintfmt+0x182>
800021e0:	12412c83          	lw	s9,292(sp)
800021e4:	fffc0b93          	add	s7,s8,-1
800021e8:	fffb0493          	add	s1,s6,-1
800021ec:	018b5863          	bge	s6,s8,800021fc <vprintfmt+0x1c8>
800021f0:	4522                	lw	a0,8(sp)
800021f2:	85ca                	mv	a1,s2
800021f4:	1bfd                	add	s7,s7,-1
800021f6:	9982                	jalr	s3
800021f8:	fe9b9ce3          	bne	s7,s1,800021f0 <vprintfmt+0x1bc>
800021fc:	0804                	add	s1,sp,16
800021fe:	4b25                	li	s6,9
80002200:	209a4a33          	sh2add	s4,s4,s1
80002204:	a011                	j	80002208 <vprintfmt+0x1d4>
80002206:	8a3e                	mv	s4,a5
80002208:	000a2783          	lw	a5,0(s4)
8000220c:	03000513          	li	a0,48
80002210:	00fb7463          	bgeu	s6,a5,80002218 <vprintfmt+0x1e4>
80002214:	05700513          	li	a0,87
80002218:	953e                	add	a0,a0,a5
8000221a:	85ca                	mv	a1,s2
8000221c:	9982                	jalr	s3
8000221e:	ffca0793          	add	a5,s4,-4
80002222:	ff4492e3          	bne	s1,s4,80002206 <vprintfmt+0x1d2>
80002226:	13012b03          	lw	s6,304(sp)
8000222a:	b5b9                	j	80002078 <vprintfmt+0x44>
8000222c:	13612823          	sw	s6,304(sp)
80002230:	4785                	li	a5,1
80002232:	14c7cc63          	blt	a5,a2,8000238a <vprintfmt+0x356>
80002236:	47b2                	lw	a5,12(sp)
80002238:	4384                	lw	s1,0(a5)
8000223a:	0791                	add	a5,a5,4
8000223c:	c63e                	sw	a5,12(sp)
8000223e:	41f4dd13          	sra	s10,s1,0x1f
80002242:	000d5e63          	bgez	s10,8000225e <vprintfmt+0x22a>
80002246:	85ca                	mv	a1,s2
80002248:	02d00513          	li	a0,45
8000224c:	9982                	jalr	s3
8000224e:	00903733          	snez	a4,s1
80002252:	41a007b3          	neg	a5,s10
80002256:	409004b3          	neg	s1,s1
8000225a:	40e78d33          	sub	s10,a5,a4
8000225e:	4ba9                	li	s7,10
80002260:	4d81                	li	s11,0
80002262:	bf25                	j	8000219a <vprintfmt+0x166>
80002264:	00174683          	lbu	a3,1(a4)
80002268:	0605                	add	a2,a2,1
8000226a:	8722                	mv	a4,s0
8000226c:	b52d                	j	80002096 <vprintfmt+0x62>
8000226e:	13612823          	sw	s6,304(sp)
80002272:	4bc1                	li	s7,16
80002274:	4d81                	li	s11,0
80002276:	4785                	li	a5,1
80002278:	0ec7c363          	blt	a5,a2,8000235e <vprintfmt+0x32a>
8000227c:	47b2                	lw	a5,12(sp)
8000227e:	00478713          	add	a4,a5,4
80002282:	bf01                	j	80002192 <vprintfmt+0x15e>
80002284:	47b2                	lw	a5,12(sp)
80002286:	13912223          	sw	s9,292(sp)
8000228a:	0007aa03          	lw	s4,0(a5)
8000228e:	00478c93          	add	s9,a5,4
80002292:	040a0a63          	beqz	s4,800022e6 <vprintfmt+0x2b2>
80002296:	09805c63          	blez	s8,8000232e <vprintfmt+0x2fa>
8000229a:	4722                	lw	a4,8(sp)
8000229c:	02d00793          	li	a5,45
800022a0:	06f71063          	bne	a4,a5,80002300 <vprintfmt+0x2cc>
800022a4:	000a4503          	lbu	a0,0(s4)
800022a8:	c505                	beqz	a0,800022d0 <vprintfmt+0x29c>
800022aa:	13612823          	sw	s6,304(sp)
800022ae:	5b7d                	li	s6,-1
800022b0:	0004c563          	bltz	s1,800022ba <vprintfmt+0x286>
800022b4:	14fd                	add	s1,s1,-1
800022b6:	01648963          	beq	s1,s6,800022c8 <vprintfmt+0x294>
800022ba:	85ca                	mv	a1,s2
800022bc:	9982                	jalr	s3
800022be:	001a4503          	lbu	a0,1(s4)
800022c2:	1c7d                	add	s8,s8,-1
800022c4:	0a05                	add	s4,s4,1
800022c6:	f56d                	bnez	a0,800022b0 <vprintfmt+0x27c>
800022c8:	13012b03          	lw	s6,304(sp)
800022cc:	01805963          	blez	s8,800022de <vprintfmt+0x2aa>
800022d0:	85ca                	mv	a1,s2
800022d2:	02000513          	li	a0,32
800022d6:	1c7d                	add	s8,s8,-1
800022d8:	9982                	jalr	s3
800022da:	fe0c1be3          	bnez	s8,800022d0 <vprintfmt+0x29c>
800022de:	c666                	sw	s9,12(sp)
800022e0:	12412c83          	lw	s9,292(sp)
800022e4:	bb51                	j	80002078 <vprintfmt+0x44>
800022e6:	0d805d63          	blez	s8,800023c0 <vprintfmt+0x38c>
800022ea:	4722                	lw	a4,8(sp)
800022ec:	02d00793          	li	a5,45
800022f0:	00001a17          	auipc	s4,0x1
800022f4:	344a0a13          	add	s4,s4,836 # 80003634 <main+0xe8>
800022f8:	02800513          	li	a0,40
800022fc:	faf707e3          	beq	a4,a5,800022aa <vprintfmt+0x276>
80002300:	87d2                	mv	a5,s4
80002302:	009a06b3          	add	a3,s4,s1
80002306:	e489                	bnez	s1,80002310 <vprintfmt+0x2dc>
80002308:	a829                	j	80002322 <vprintfmt+0x2ee>
8000230a:	0785                	add	a5,a5,1
8000230c:	00d78563          	beq	a5,a3,80002316 <vprintfmt+0x2e2>
80002310:	0007c703          	lbu	a4,0(a5)
80002314:	fb7d                	bnez	a4,8000230a <vprintfmt+0x2d6>
80002316:	414787b3          	sub	a5,a5,s4
8000231a:	40fc0c33          	sub	s8,s8,a5
8000231e:	01805863          	blez	s8,8000232e <vprintfmt+0x2fa>
80002322:	4522                	lw	a0,8(sp)
80002324:	85ca                	mv	a1,s2
80002326:	1c7d                	add	s8,s8,-1
80002328:	9982                	jalr	s3
8000232a:	fe0c1ce3          	bnez	s8,80002322 <vprintfmt+0x2ee>
8000232e:	000a4503          	lbu	a0,0(s4)
80002332:	d555                	beqz	a0,800022de <vprintfmt+0x2aa>
80002334:	13612823          	sw	s6,304(sp)
80002338:	bf9d                	j	800022ae <vprintfmt+0x27a>
8000233a:	00174683          	lbu	a3,1(a4)
8000233e:	0a0c6c33          	max	s8,s8,zero
80002342:	8722                	mv	a4,s0
80002344:	bb89                	j	80002096 <vprintfmt+0x62>
80002346:	47b2                	lw	a5,12(sp)
80002348:	13912223          	sw	s9,292(sp)
8000234c:	85ca                	mv	a1,s2
8000234e:	4388                	lw	a0,0(a5)
80002350:	00478c93          	add	s9,a5,4
80002354:	9982                	jalr	s3
80002356:	c666                	sw	s9,12(sp)
80002358:	12412c83          	lw	s9,292(sp)
8000235c:	bb31                	j	80002078 <vprintfmt+0x44>
8000235e:	47b2                	lw	a5,12(sp)
80002360:	13912223          	sw	s9,292(sp)
80002364:	00778c93          	add	s9,a5,7
80002368:	ff8cfc93          	and	s9,s9,-8
8000236c:	008c8793          	add	a5,s9,8
80002370:	000ca483          	lw	s1,0(s9)
80002374:	004cad03          	lw	s10,4(s9)
80002378:	c63e                	sw	a5,12(sp)
8000237a:	12412c83          	lw	s9,292(sp)
8000237e:	bd31                	j	8000219a <vprintfmt+0x166>
80002380:	e374f6e3          	bgeu	s1,s7,800021ac <vprintfmt+0x178>
80002384:	4a01                	li	s4,0
80002386:	4b05                	li	s6,1
80002388:	bdb1                	j	800021e4 <vprintfmt+0x1b0>
8000238a:	47b2                	lw	a5,12(sp)
8000238c:	13912223          	sw	s9,292(sp)
80002390:	00778c93          	add	s9,a5,7
80002394:	ff8cfc93          	and	s9,s9,-8
80002398:	008c8793          	add	a5,s9,8
8000239c:	000ca483          	lw	s1,0(s9)
800023a0:	004cad03          	lw	s10,4(s9)
800023a4:	c63e                	sw	a5,12(sp)
800023a6:	12412c83          	lw	s9,292(sp)
800023aa:	bd61                	j	80002242 <vprintfmt+0x20e>
800023ac:	13612823          	sw	s6,304(sp)
800023b0:	4ba9                	li	s7,10
800023b2:	4d81                	li	s11,0
800023b4:	b5c9                	j	80002276 <vprintfmt+0x242>
800023b6:	13612823          	sw	s6,304(sp)
800023ba:	4ba1                	li	s7,8
800023bc:	4d81                	li	s11,0
800023be:	bd65                	j	80002276 <vprintfmt+0x242>
800023c0:	13612823          	sw	s6,304(sp)
800023c4:	00001a17          	auipc	s4,0x1
800023c8:	270a0a13          	add	s4,s4,624 # 80003634 <main+0xe8>
800023cc:	02800513          	li	a0,40
800023d0:	5b7d                	li	s6,-1
800023d2:	bdf9                	j	800022b0 <vprintfmt+0x27c>
800023d4:	8722                	mv	a4,s0
800023d6:	bb8d                	j	80002148 <vprintfmt+0x114>

800023d8 <sprintf_putch.0>:
800023d8:	419c                	lw	a5,0(a1)
800023da:	00a78023          	sb	a0,0(a5)
800023de:	419c                	lw	a5,0(a1)
800023e0:	0785                	add	a5,a5,1
800023e2:	c19c                	sw	a5,0(a1)
800023e4:	8082                	ret

800023e6 <setStats>:
800023e6:	b0002773          	csrr	a4,mcycle
800023ea:	00002797          	auipc	a5,0x2
800023ee:	a2a78793          	add	a5,a5,-1494 # 80003e14 <counters>
800023f2:	c511                	beqz	a0,800023fe <setStats+0x18>
800023f4:	c398                	sw	a4,0(a5)
800023f6:	b0202773          	csrr	a4,minstret
800023fa:	c3d8                	sw	a4,4(a5)
800023fc:	8082                	ret
800023fe:	4390                	lw	a2,0(a5)
80002400:	00002697          	auipc	a3,0x2
80002404:	a0c68693          	add	a3,a3,-1524 # 80003e0c <counter_names>
80002408:	8f11                	sub	a4,a4,a2
8000240a:	00001617          	auipc	a2,0x1
8000240e:	23660613          	add	a2,a2,566 # 80003640 <main+0xf4>
80002412:	c290                	sw	a2,0(a3)
80002414:	c398                	sw	a4,0(a5)
80002416:	b0202773          	csrr	a4,minstret
8000241a:	43d0                	lw	a2,4(a5)
8000241c:	00001597          	auipc	a1,0x1
80002420:	22c58593          	add	a1,a1,556 # 80003648 <main+0xfc>
80002424:	c2cc                	sw	a1,4(a3)
80002426:	8f11                	sub	a4,a4,a2
80002428:	c3d8                	sw	a4,4(a5)
8000242a:	8082                	ret

8000242c <tohost_exit>:
8000242c:	00151693          	sll	a3,a0,0x1
80002430:	0016e713          	or	a4,a3,1
80002434:	fffff697          	auipc	a3,0xfffff
80002438:	bcc68693          	add	a3,a3,-1076 # 80001000 <tohost>
8000243c:	4781                	li	a5,0
8000243e:	c298                	sw	a4,0(a3)
80002440:	c2dc                	sw	a5,4(a3)
80002442:	0000100f          	fence.i
80002446:	a001                	j	80002446 <tohost_exit+0x1a>

80002448 <handle_trap>:
80002448:	1141                	add	sp,sp,-16
8000244a:	53900513          	li	a0,1337
8000244e:	c606                	sw	ra,12(sp)
80002450:	3ff1                	jal	8000242c <tohost_exit>

80002452 <exit>:
80002452:	1141                	add	sp,sp,-16
80002454:	c606                	sw	ra,12(sp)
80002456:	3fd9                	jal	8000242c <tohost_exit>

80002458 <abort>:
80002458:	1141                	add	sp,sp,-16
8000245a:	08600513          	li	a0,134
8000245e:	c606                	sw	ra,12(sp)
80002460:	37f1                	jal	8000242c <tohost_exit>

80002462 <printstr>:
80002462:	00054783          	lbu	a5,0(a0)
80002466:	7119                	add	sp,sp,-128
80002468:	03f10613          	add	a2,sp,63
8000246c:	882a                	mv	a6,a0
8000246e:	fc067613          	and	a2,a2,-64
80002472:	4881                	li	a7,0
80002474:	cba5                	beqz	a5,800024e4 <printstr+0x82>
80002476:	87aa                	mv	a5,a0
80002478:	0017c703          	lbu	a4,1(a5)
8000247c:	0785                	add	a5,a5,1
8000247e:	ff6d                	bnez	a4,80002478 <printstr+0x16>
80002480:	40a78333          	sub	t1,a5,a0
80002484:	4381                	li	t2,0
80002486:	04000713          	li	a4,64
8000248a:	c218                	sw	a4,0(a2)
8000248c:	4781                	li	a5,0
8000248e:	c25c                	sw	a5,4(a2)
80002490:	4705                	li	a4,1
80002492:	c618                	sw	a4,8(a2)
80002494:	4781                	li	a5,0
80002496:	c65c                	sw	a5,12(a2)
80002498:	01062823          	sw	a6,16(a2)
8000249c:	01162a23          	sw	a7,20(a2)
800024a0:	00662c23          	sw	t1,24(a2)
800024a4:	00762e23          	sw	t2,28(a2)
800024a8:	0ff0000f          	fence
800024ac:	fffff697          	auipc	a3,0xfffff
800024b0:	b5468693          	add	a3,a3,-1196 # 80001000 <tohost>
800024b4:	4781                	li	a5,0
800024b6:	c290                	sw	a2,0(a3)
800024b8:	c2dc                	sw	a5,4(a3)
800024ba:	0000100f          	fence.i
800024be:	fffff697          	auipc	a3,0xfffff
800024c2:	b8268693          	add	a3,a3,-1150 # 80001040 <fromhost>
800024c6:	4298                	lw	a4,0(a3)
800024c8:	42dc                	lw	a5,4(a3)
800024ca:	8f5d                	or	a4,a4,a5
800024cc:	df6d                	beqz	a4,800024c6 <printstr+0x64>
800024ce:	4781                	li	a5,0
800024d0:	c29c                	sw	a5,0(a3)
800024d2:	4801                	li	a6,0
800024d4:	0106a223          	sw	a6,4(a3)
800024d8:	0ff0000f          	fence
800024dc:	4218                	lw	a4,0(a2)
800024de:	425c                	lw	a5,4(a2)
800024e0:	6109                	add	sp,sp,128
800024e2:	8082                	ret
800024e4:	4301                	li	t1,0
800024e6:	4381                	li	t2,0
800024e8:	bf79                	j	80002486 <printstr+0x24>

800024ea <thread_entry>:
800024ea:	c111                	beqz	a0,800024ee <thread_entry+0x4>
800024ec:	a001                	j	800024ec <thread_entry+0x2>
800024ee:	8082                	ret

800024f0 <putchar>:
800024f0:	04022803          	lw	a6,64(tp) # 40 <buflen.1>
800024f4:	00020793          	mv	a5,tp
800024f8:	97c2                	add	a5,a5,a6
800024fa:	7119                	add	sp,sp,-128
800024fc:	00180713          	add	a4,a6,1
80002500:	04e22023          	sw	a4,64(tp) # 40 <buflen.1>
80002504:	00a78023          	sb	a0,0(a5)
80002508:	03f10693          	add	a3,sp,63
8000250c:	47a9                	li	a5,10
8000250e:	fc06f693          	and	a3,a3,-64
80002512:	00f50963          	beq	a0,a5,80002524 <putchar+0x34>
80002516:	04000793          	li	a5,64
8000251a:	00f70563          	beq	a4,a5,80002524 <putchar+0x34>
8000251e:	4501                	li	a0,0
80002520:	6109                	add	sp,sp,128
80002522:	8082                	ret
80002524:	04000813          	li	a6,64
80002528:	0106a023          	sw	a6,0(a3)
8000252c:	4881                	li	a7,0
8000252e:	0116a223          	sw	a7,4(a3)
80002532:	4e05                	li	t3,1
80002534:	01c6a423          	sw	t3,8(a3)
80002538:	4e81                	li	t4,0
8000253a:	01d6a623          	sw	t4,12(a3)
8000253e:	00020313          	mv	t1,tp
80002542:	0066a823          	sw	t1,16(a3)
80002546:	4381                	li	t2,0
80002548:	0076aa23          	sw	t2,20(a3)
8000254c:	ce98                	sw	a4,24(a3)
8000254e:	41f75893          	sra	a7,a4,0x1f
80002552:	0116ae23          	sw	a7,28(a3)
80002556:	0ff0000f          	fence
8000255a:	fffff617          	auipc	a2,0xfffff
8000255e:	aa660613          	add	a2,a2,-1370 # 80001000 <tohost>
80002562:	4781                	li	a5,0
80002564:	c214                	sw	a3,0(a2)
80002566:	c25c                	sw	a5,4(a2)
80002568:	0000100f          	fence.i
8000256c:	fffff617          	auipc	a2,0xfffff
80002570:	ad460613          	add	a2,a2,-1324 # 80001040 <fromhost>
80002574:	4218                	lw	a4,0(a2)
80002576:	425c                	lw	a5,4(a2)
80002578:	8f5d                	or	a4,a4,a5
8000257a:	df6d                	beqz	a4,80002574 <putchar+0x84>
8000257c:	4781                	li	a5,0
8000257e:	c21c                	sw	a5,0(a2)
80002580:	4801                	li	a6,0
80002582:	01062223          	sw	a6,4(a2)
80002586:	0ff0000f          	fence
8000258a:	04022023          	sw	zero,64(tp) # 40 <buflen.1>
8000258e:	4298                	lw	a4,0(a3)
80002590:	4501                	li	a0,0
80002592:	42dc                	lw	a5,4(a3)
80002594:	6109                	add	sp,sp,128
80002596:	8082                	ret

80002598 <printhex>:
80002598:	7179                	add	sp,sp,-48
8000259a:	872a                	mv	a4,a0
8000259c:	d606                	sw	ra,44(sp)
8000259e:	0068                	add	a0,sp,12
800025a0:	01b10693          	add	a3,sp,27
800025a4:	4825                	li	a6,9
800025a6:	a011                	j	800025aa <printhex+0x12>
800025a8:	86be                	mv	a3,a5
800025aa:	00f77793          	and	a5,a4,15
800025ae:	00f837b3          	sltu	a5,a6,a5
800025b2:	40f007b3          	neg	a5,a5
800025b6:	0277f793          	and	a5,a5,39
800025ba:	00f77613          	and	a2,a4,15
800025be:	03078793          	add	a5,a5,48
800025c2:	97b2                	add	a5,a5,a2
800025c4:	00f68023          	sb	a5,0(a3)
800025c8:	01c59613          	sll	a2,a1,0x1c
800025cc:	8311                	srl	a4,a4,0x4
800025ce:	fff68793          	add	a5,a3,-1
800025d2:	8f51                	or	a4,a4,a2
800025d4:	8191                	srl	a1,a1,0x4
800025d6:	fcd519e3          	bne	a0,a3,800025a8 <printhex+0x10>
800025da:	00010e23          	sb	zero,28(sp)
800025de:	3551                	jal	80002462 <printstr>
800025e0:	50b2                	lw	ra,44(sp)
800025e2:	6145                	add	sp,sp,48
800025e4:	8082                	ret

800025e6 <printf>:
800025e6:	7139                	add	sp,sp,-64
800025e8:	02410313          	add	t1,sp,36
800025ec:	d22e                	sw	a1,36(sp)
800025ee:	d432                	sw	a2,40(sp)
800025f0:	d636                	sw	a3,44(sp)
800025f2:	862a                	mv	a2,a0
800025f4:	869a                	mv	a3,t1
800025f6:	00000517          	auipc	a0,0x0
800025fa:	a2450513          	add	a0,a0,-1500 # 8000201a <cputchar>
800025fe:	4581                	li	a1,0
80002600:	ce06                	sw	ra,28(sp)
80002602:	d83a                	sw	a4,48(sp)
80002604:	da3e                	sw	a5,52(sp)
80002606:	dc42                	sw	a6,56(sp)
80002608:	de46                	sw	a7,60(sp)
8000260a:	c61a                	sw	t1,12(sp)
8000260c:	3425                	jal	80002034 <vprintfmt>
8000260e:	40f2                	lw	ra,28(sp)
80002610:	4501                	li	a0,0
80002612:	6121                	add	sp,sp,64
80002614:	8082                	ret

80002616 <sprintf>:
80002616:	715d                	add	sp,sp,-80
80002618:	03810e13          	add	t3,sp,56
8000261c:	d422                	sw	s0,40(sp)
8000261e:	c62a                	sw	a0,12(sp)
80002620:	842a                	mv	s0,a0
80002622:	dc32                	sw	a2,56(sp)
80002624:	de36                	sw	a3,60(sp)
80002626:	862e                	mv	a2,a1
80002628:	00000517          	auipc	a0,0x0
8000262c:	db050513          	add	a0,a0,-592 # 800023d8 <sprintf_putch.0>
80002630:	006c                	add	a1,sp,12
80002632:	86f2                	mv	a3,t3
80002634:	d606                	sw	ra,44(sp)
80002636:	c2be                	sw	a5,68(sp)
80002638:	c0ba                	sw	a4,64(sp)
8000263a:	c4c2                	sw	a6,72(sp)
8000263c:	c6c6                	sw	a7,76(sp)
8000263e:	ce72                	sw	t3,28(sp)
80002640:	3ad5                	jal	80002034 <vprintfmt>
80002642:	47b2                	lw	a5,12(sp)
80002644:	00078023          	sb	zero,0(a5)
80002648:	4532                	lw	a0,12(sp)
8000264a:	50b2                	lw	ra,44(sp)
8000264c:	8d01                	sub	a0,a0,s0
8000264e:	5422                	lw	s0,40(sp)
80002650:	6161                	add	sp,sp,80
80002652:	8082                	ret

80002654 <memcpy>:
80002654:	00c5e7b3          	or	a5,a1,a2
80002658:	8fc9                	or	a5,a5,a0
8000265a:	8b8d                	and	a5,a5,3
8000265c:	00c50833          	add	a6,a0,a2
80002660:	cf91                	beqz	a5,8000267c <memcpy+0x28>
80002662:	962e                	add	a2,a2,a1
80002664:	87aa                	mv	a5,a0
80002666:	09057b63          	bgeu	a0,a6,800026fc <memcpy+0xa8>
8000266a:	0005c703          	lbu	a4,0(a1)
8000266e:	0585                	add	a1,a1,1
80002670:	0785                	add	a5,a5,1
80002672:	fee78fa3          	sb	a4,-1(a5)
80002676:	fec59ae3          	bne	a1,a2,8000266a <memcpy+0x16>
8000267a:	8082                	ret
8000267c:	02050693          	add	a3,a0,32
80002680:	0706ff63          	bgeu	a3,a6,800026fe <memcpy+0xaa>
80002684:	87b6                	mv	a5,a3
80002686:	872e                	mv	a4,a1
80002688:	00072383          	lw	t2,0(a4)
8000268c:	00472283          	lw	t0,4(a4)
80002690:	00872f83          	lw	t6,8(a4)
80002694:	00c72f03          	lw	t5,12(a4)
80002698:	01072e83          	lw	t4,16(a4)
8000269c:	01472e03          	lw	t3,20(a4)
800026a0:	01872303          	lw	t1,24(a4)
800026a4:	01c72883          	lw	a7,28(a4)
800026a8:	02078793          	add	a5,a5,32
800026ac:	fc77a023          	sw	t2,-64(a5)
800026b0:	fc57a223          	sw	t0,-60(a5)
800026b4:	fdf7a423          	sw	t6,-56(a5)
800026b8:	fde7a623          	sw	t5,-52(a5)
800026bc:	fdd7a823          	sw	t4,-48(a5)
800026c0:	fdc7aa23          	sw	t3,-44(a5)
800026c4:	fc67ac23          	sw	t1,-40(a5)
800026c8:	fd17ae23          	sw	a7,-36(a5)
800026cc:	02070713          	add	a4,a4,32
800026d0:	fb07ece3          	bltu	a5,a6,80002688 <memcpy+0x34>
800026d4:	fdf60613          	add	a2,a2,-33
800026d8:	fe067793          	and	a5,a2,-32
800026dc:	02078793          	add	a5,a5,32
800026e0:	9a01                	and	a2,a2,-32
800026e2:	95be                	add	a1,a1,a5
800026e4:	00c687b3          	add	a5,a3,a2
800026e8:	f907f9e3          	bgeu	a5,a6,8000267a <memcpy+0x26>
800026ec:	4198                	lw	a4,0(a1)
800026ee:	0791                	add	a5,a5,4
800026f0:	0591                	add	a1,a1,4
800026f2:	fee7ae23          	sw	a4,-4(a5)
800026f6:	ff07ebe3          	bltu	a5,a6,800026ec <memcpy+0x98>
800026fa:	8082                	ret
800026fc:	8082                	ret
800026fe:	87aa                	mv	a5,a0
80002700:	b7e5                	j	800026e8 <memcpy+0x94>

80002702 <memset>:
80002702:	00c567b3          	or	a5,a0,a2
80002706:	8b8d                	and	a5,a5,3
80002708:	962a                	add	a2,a2,a0
8000270a:	cf81                	beqz	a5,80002722 <memset+0x20>
8000270c:	0ff5f593          	zext.b	a1,a1
80002710:	87aa                	mv	a5,a0
80002712:	02c57963          	bgeu	a0,a2,80002744 <memset+0x42>
80002716:	0785                	add	a5,a5,1
80002718:	feb78fa3          	sb	a1,-1(a5)
8000271c:	fec79de3          	bne	a5,a2,80002716 <memset+0x14>
80002720:	8082                	ret
80002722:	0ff5f593          	zext.b	a1,a1
80002726:	00859713          	sll	a4,a1,0x8
8000272a:	972e                	add	a4,a4,a1
8000272c:	01071793          	sll	a5,a4,0x10
80002730:	973e                	add	a4,a4,a5
80002732:	fec577e3          	bgeu	a0,a2,80002720 <memset+0x1e>
80002736:	87aa                	mv	a5,a0
80002738:	0791                	add	a5,a5,4
8000273a:	fee7ae23          	sw	a4,-4(a5)
8000273e:	fec7ede3          	bltu	a5,a2,80002738 <memset+0x36>
80002742:	8082                	ret
80002744:	8082                	ret

80002746 <_init>:
80002746:	7135                	add	sp,sp,-160
80002748:	00001797          	auipc	a5,0x1
8000274c:	6d478793          	add	a5,a5,1748 # 80003e1c <_tdata_begin>
80002750:	c552                	sw	s4,136(sp)
80002752:	00001a17          	auipc	s4,0x1
80002756:	6caa0a13          	add	s4,s4,1738 # 80003e1c <_tdata_begin>
8000275a:	c74e                	sw	s3,140(sp)
8000275c:	40fa09b3          	sub	s3,s4,a5
80002760:	cb26                	sw	s1,148(sp)
80002762:	c94a                	sw	s2,144(sp)
80002764:	84aa                	mv	s1,a0
80002766:	892e                	mv	s2,a1
80002768:	8512                	mv	a0,tp
8000276a:	85be                	mv	a1,a5
8000276c:	864e                	mv	a2,s3
8000276e:	cf06                	sw	ra,156(sp)
80002770:	cd22                	sw	s0,152(sp)
80002772:	c356                	sw	s5,132(sp)
80002774:	8a92                	mv	s5,tp
80002776:	3df9                	jal	80002654 <memcpy>
80002778:	87818613          	add	a2,gp,-1928 # 80003e84 <_tbss_end>
8000277c:	41460633          	sub	a2,a2,s4
80002780:	4581                	li	a1,0
80002782:	013a8533          	add	a0,s5,s3
80002786:	3fb5                	jal	80002702 <memset>
80002788:	85ca                	mv	a1,s2
8000278a:	8526                	mv	a0,s1
8000278c:	3bb9                	jal	800024ea <thread_entry>
8000278e:	03f10413          	add	s0,sp,63
80002792:	00001517          	auipc	a0,0x1
80002796:	eda50513          	add	a0,a0,-294 # 8000366c <main+0x120>
8000279a:	35b1                	jal	800025e6 <printf>
8000279c:	fc047413          	and	s0,s0,-64
800027a0:	b0002a73          	csrr	s4,mcycle
800027a4:	b0202973          	csrr	s2,minstret
800027a8:	4581                	li	a1,0
800027aa:	4501                	li	a0,0
800027ac:	5a1000ef          	jal	8000354c <main>
800027b0:	84aa                	mv	s1,a0
800027b2:	b00025f3          	csrr	a1,mcycle
800027b6:	b02029f3          	csrr	s3,minstret
800027ba:	00001517          	auipc	a0,0x1
800027be:	ec250513          	add	a0,a0,-318 # 8000367c <main+0x130>
800027c2:	414585b3          	sub	a1,a1,s4
800027c6:	3505                	jal	800025e6 <printf>
800027c8:	412985b3          	sub	a1,s3,s2
800027cc:	00001517          	auipc	a0,0x1
800027d0:	ec450513          	add	a0,a0,-316 # 80003690 <main+0x144>
800027d4:	3d09                	jal	800025e6 <printf>
800027d6:	00001917          	auipc	s2,0x1
800027da:	63e90913          	add	s2,s2,1598 # 80003e14 <counters>
800027de:	00092683          	lw	a3,0(s2)
800027e2:	ea8d                	bnez	a3,80002814 <_init+0xce>
800027e4:	00492683          	lw	a3,4(s2)
800027e8:	e299                	bnez	a3,800027ee <_init+0xa8>
800027ea:	8526                	mv	a0,s1
800027ec:	3181                	jal	8000242c <tohost_exit>
800027ee:	8922                	mv	s2,s0
800027f0:	00001997          	auipc	s3,0x1
800027f4:	61c98993          	add	s3,s3,1564 # 80003e0c <counter_names>
800027f8:	0049a603          	lw	a2,4(s3)
800027fc:	854a                	mv	a0,s2
800027fe:	00001597          	auipc	a1,0x1
80002802:	eaa58593          	add	a1,a1,-342 # 800036a8 <main+0x15c>
80002806:	3d01                	jal	80002616 <sprintf>
80002808:	992a                	add	s2,s2,a0
8000280a:	ff2400e3          	beq	s0,s2,800027ea <_init+0xa4>
8000280e:	8522                	mv	a0,s0
80002810:	3989                	jal	80002462 <printstr>
80002812:	bfe1                	j	800027ea <_init+0xa4>
80002814:	00001997          	auipc	s3,0x1
80002818:	5f898993          	add	s3,s3,1528 # 80003e0c <counter_names>
8000281c:	0009a603          	lw	a2,0(s3)
80002820:	00001597          	auipc	a1,0x1
80002824:	e8858593          	add	a1,a1,-376 # 800036a8 <main+0x15c>
80002828:	8522                	mv	a0,s0
8000282a:	33f5                	jal	80002616 <sprintf>
8000282c:	00492683          	lw	a3,4(s2)
80002830:	00a40933          	add	s2,s0,a0
80002834:	daf9                	beqz	a3,8000280a <_init+0xc4>
80002836:	b7c9                	j	800027f8 <_init+0xb2>

80002838 <strlen>:
80002838:	00054783          	lbu	a5,0(a0)
8000283c:	cb89                	beqz	a5,8000284e <strlen+0x16>
8000283e:	87aa                	mv	a5,a0
80002840:	0017c703          	lbu	a4,1(a5)
80002844:	0785                	add	a5,a5,1
80002846:	ff6d                	bnez	a4,80002840 <strlen+0x8>
80002848:	40a78533          	sub	a0,a5,a0
8000284c:	8082                	ret
8000284e:	4501                	li	a0,0
80002850:	8082                	ret

80002852 <strnlen>:
80002852:	00b506b3          	add	a3,a0,a1
80002856:	87aa                	mv	a5,a0
80002858:	e589                	bnez	a1,80002862 <strnlen+0x10>
8000285a:	a829                	j	80002874 <strnlen+0x22>
8000285c:	0785                	add	a5,a5,1
8000285e:	00f68863          	beq	a3,a5,8000286e <strnlen+0x1c>
80002862:	0007c703          	lbu	a4,0(a5)
80002866:	fb7d                	bnez	a4,8000285c <strnlen+0xa>
80002868:	40a78533          	sub	a0,a5,a0
8000286c:	8082                	ret
8000286e:	40a68533          	sub	a0,a3,a0
80002872:	8082                	ret
80002874:	4501                	li	a0,0
80002876:	8082                	ret

80002878 <strcmp>:
80002878:	00054783          	lbu	a5,0(a0)
8000287c:	0585                	add	a1,a1,1
8000287e:	0505                	add	a0,a0,1
80002880:	fff5c703          	lbu	a4,-1(a1)
80002884:	c791                	beqz	a5,80002890 <strcmp+0x18>
80002886:	fee789e3          	beq	a5,a4,80002878 <strcmp>
8000288a:	40e78533          	sub	a0,a5,a4
8000288e:	8082                	ret
80002890:	4781                	li	a5,0
80002892:	bfe5                	j	8000288a <strcmp+0x12>

80002894 <strcpy>:
80002894:	87aa                	mv	a5,a0
80002896:	0005c703          	lbu	a4,0(a1)
8000289a:	0785                	add	a5,a5,1
8000289c:	0585                	add	a1,a1,1
8000289e:	fee78fa3          	sb	a4,-1(a5)
800028a2:	fb75                	bnez	a4,80002896 <strcpy+0x2>
800028a4:	8082                	ret

800028a6 <atol>:
800028a6:	00054703          	lbu	a4,0(a0)
800028aa:	02000693          	li	a3,32
800028ae:	87aa                	mv	a5,a0
800028b0:	00d71763          	bne	a4,a3,800028be <atol+0x18>
800028b4:	0017c703          	lbu	a4,1(a5)
800028b8:	0785                	add	a5,a5,1
800028ba:	fed70de3          	beq	a4,a3,800028b4 <atol+0xe>
800028be:	02d00693          	li	a3,45
800028c2:	02d70f63          	beq	a4,a3,80002900 <atol+0x5a>
800028c6:	02b00693          	li	a3,43
800028ca:	02d70563          	beq	a4,a3,800028f4 <atol+0x4e>
800028ce:	0007c703          	lbu	a4,0(a5)
800028d2:	4601                	li	a2,0
800028d4:	cb1d                	beqz	a4,8000290a <atol+0x64>
800028d6:	4501                	li	a0,0
800028d8:	0785                	add	a5,a5,1
800028da:	fd070693          	add	a3,a4,-48
800028de:	0007c703          	lbu	a4,0(a5)
800028e2:	20a54533          	sh2add	a0,a0,a0
800028e6:	20d52533          	sh1add	a0,a0,a3
800028ea:	f77d                	bnez	a4,800028d8 <atol+0x32>
800028ec:	c205                	beqz	a2,8000290c <atol+0x66>
800028ee:	40a00533          	neg	a0,a0
800028f2:	8082                	ret
800028f4:	0017c703          	lbu	a4,1(a5)
800028f8:	0785                	add	a5,a5,1
800028fa:	cb01                	beqz	a4,8000290a <atol+0x64>
800028fc:	4601                	li	a2,0
800028fe:	bfe1                	j	800028d6 <atol+0x30>
80002900:	0017c703          	lbu	a4,1(a5)
80002904:	4605                	li	a2,1
80002906:	0785                	add	a5,a5,1
80002908:	f779                	bnez	a4,800028d6 <atol+0x30>
8000290a:	4501                	li	a0,0
8000290c:	8082                	ret
8000290e:	0000                	unimp

80002910 <__moddi3>:
80002910:	00058e13          	mv	t3,a1
80002914:	00000813          	li	a6,0
80002918:	0005dc63          	bgez	a1,80002930 <__moddi3+0x20>
8000291c:	00a037b3          	snez	a5,a0
80002920:	40b00e33          	neg	t3,a1
80002924:	40fe0e33          	sub	t3,t3,a5
80002928:	40a00533          	neg	a0,a0
8000292c:	fff00813          	li	a6,-1
80002930:	0006da63          	bgez	a3,80002944 <__moddi3+0x34>
80002934:	00c037b3          	snez	a5,a2
80002938:	40d006b3          	neg	a3,a3
8000293c:	40f686b3          	sub	a3,a3,a5
80002940:	40c00633          	neg	a2,a2
80002944:	00060893          	mv	a7,a2
80002948:	00050793          	mv	a5,a0
8000294c:	000e0593          	mv	a1,t3
80002950:	22069063          	bnez	a3,80002b70 <__moddi3+0x260>
80002954:	80004737          	lui	a4,0x80004
80002958:	80c70713          	add	a4,a4,-2036 # 8000380c <__clz_tab>
8000295c:	0ece7663          	bgeu	t3,a2,80002a48 <__moddi3+0x138>
80002960:	000106b7          	lui	a3,0x10
80002964:	0cd67863          	bgeu	a2,a3,80002a34 <__moddi3+0x124>
80002968:	10063693          	sltiu	a3,a2,256
8000296c:	0016b693          	seqz	a3,a3
80002970:	00369693          	sll	a3,a3,0x3
80002974:	00d65333          	srl	t1,a2,a3
80002978:	00670733          	add	a4,a4,t1
8000297c:	00074703          	lbu	a4,0(a4)
80002980:	00d70733          	add	a4,a4,a3
80002984:	02000693          	li	a3,32
80002988:	40e68333          	sub	t1,a3,a4
8000298c:	00e68c63          	beq	a3,a4,800029a4 <__moddi3+0x94>
80002990:	006e15b3          	sll	a1,t3,t1
80002994:	00e55733          	srl	a4,a0,a4
80002998:	006618b3          	sll	a7,a2,t1
8000299c:	00b765b3          	or	a1,a4,a1
800029a0:	006517b3          	sll	a5,a0,t1
800029a4:	0108d613          	srl	a2,a7,0x10
800029a8:	02c5d6b3          	divu	a3,a1,a2
800029ac:	01089513          	sll	a0,a7,0x10
800029b0:	01055513          	srl	a0,a0,0x10
800029b4:	0107d713          	srl	a4,a5,0x10
800029b8:	02c5f5b3          	remu	a1,a1,a2
800029bc:	02a686b3          	mul	a3,a3,a0
800029c0:	01059593          	sll	a1,a1,0x10
800029c4:	00b76733          	or	a4,a4,a1
800029c8:	00d77a63          	bgeu	a4,a3,800029dc <__moddi3+0xcc>
800029cc:	00e88733          	add	a4,a7,a4
800029d0:	01176663          	bltu	a4,a7,800029dc <__moddi3+0xcc>
800029d4:	00d77463          	bgeu	a4,a3,800029dc <__moddi3+0xcc>
800029d8:	01170733          	add	a4,a4,a7
800029dc:	40d70733          	sub	a4,a4,a3
800029e0:	02c756b3          	divu	a3,a4,a2
800029e4:	02c77733          	remu	a4,a4,a2
800029e8:	02a686b3          	mul	a3,a3,a0
800029ec:	01079793          	sll	a5,a5,0x10
800029f0:	01071713          	sll	a4,a4,0x10
800029f4:	0107d793          	srl	a5,a5,0x10
800029f8:	00e7e7b3          	or	a5,a5,a4
800029fc:	00d7fa63          	bgeu	a5,a3,80002a10 <__moddi3+0x100>
80002a00:	00f887b3          	add	a5,a7,a5
80002a04:	0117e663          	bltu	a5,a7,80002a10 <__moddi3+0x100>
80002a08:	00d7f463          	bgeu	a5,a3,80002a10 <__moddi3+0x100>
80002a0c:	011787b3          	add	a5,a5,a7
80002a10:	40d787b3          	sub	a5,a5,a3
80002a14:	0067d533          	srl	a0,a5,t1
80002a18:	00000593          	li	a1,0
80002a1c:	00080a63          	beqz	a6,80002a30 <__moddi3+0x120>
80002a20:	00a037b3          	snez	a5,a0
80002a24:	40b005b3          	neg	a1,a1
80002a28:	40f585b3          	sub	a1,a1,a5
80002a2c:	40a00533          	neg	a0,a0
80002a30:	00008067          	ret
80002a34:	01000337          	lui	t1,0x1000
80002a38:	01800693          	li	a3,24
80002a3c:	f2667ce3          	bgeu	a2,t1,80002974 <__moddi3+0x64>
80002a40:	01000693          	li	a3,16
80002a44:	f31ff06f          	j	80002974 <__moddi3+0x64>
80002a48:	00000693          	li	a3,0
80002a4c:	00060c63          	beqz	a2,80002a64 <__moddi3+0x154>
80002a50:	000106b7          	lui	a3,0x10
80002a54:	06d67e63          	bgeu	a2,a3,80002ad0 <__moddi3+0x1c0>
80002a58:	10063693          	sltiu	a3,a2,256
80002a5c:	0016b693          	seqz	a3,a3
80002a60:	00369693          	sll	a3,a3,0x3
80002a64:	00d655b3          	srl	a1,a2,a3
80002a68:	00b70733          	add	a4,a4,a1
80002a6c:	00074703          	lbu	a4,0(a4)
80002a70:	00d70733          	add	a4,a4,a3
80002a74:	02000693          	li	a3,32
80002a78:	40e68333          	sub	t1,a3,a4
80002a7c:	06e69463          	bne	a3,a4,80002ae4 <__moddi3+0x1d4>
80002a80:	40ce0733          	sub	a4,t3,a2
80002a84:	0108d593          	srl	a1,a7,0x10
80002a88:	02b75633          	divu	a2,a4,a1
80002a8c:	01089513          	sll	a0,a7,0x10
80002a90:	01055513          	srl	a0,a0,0x10
80002a94:	0107d693          	srl	a3,a5,0x10
80002a98:	02b77733          	remu	a4,a4,a1
80002a9c:	02a60633          	mul	a2,a2,a0
80002aa0:	01071713          	sll	a4,a4,0x10
80002aa4:	00e6e733          	or	a4,a3,a4
80002aa8:	00c77a63          	bgeu	a4,a2,80002abc <__moddi3+0x1ac>
80002aac:	00e88733          	add	a4,a7,a4
80002ab0:	01176663          	bltu	a4,a7,80002abc <__moddi3+0x1ac>
80002ab4:	00c77463          	bgeu	a4,a2,80002abc <__moddi3+0x1ac>
80002ab8:	01170733          	add	a4,a4,a7
80002abc:	40c70733          	sub	a4,a4,a2
80002ac0:	02b756b3          	divu	a3,a4,a1
80002ac4:	02b77733          	remu	a4,a4,a1
80002ac8:	02a686b3          	mul	a3,a3,a0
80002acc:	f21ff06f          	j	800029ec <__moddi3+0xdc>
80002ad0:	010005b7          	lui	a1,0x1000
80002ad4:	01800693          	li	a3,24
80002ad8:	f8b676e3          	bgeu	a2,a1,80002a64 <__moddi3+0x154>
80002adc:	01000693          	li	a3,16
80002ae0:	f85ff06f          	j	80002a64 <__moddi3+0x154>
80002ae4:	006618b3          	sll	a7,a2,t1
80002ae8:	00ee56b3          	srl	a3,t3,a4
80002aec:	006517b3          	sll	a5,a0,t1
80002af0:	00e55733          	srl	a4,a0,a4
80002af4:	0108d513          	srl	a0,a7,0x10
80002af8:	02a6d5b3          	divu	a1,a3,a0
80002afc:	006e1e33          	sll	t3,t3,t1
80002b00:	01c76733          	or	a4,a4,t3
80002b04:	01089e13          	sll	t3,a7,0x10
80002b08:	010e5e13          	srl	t3,t3,0x10
80002b0c:	02a6f6b3          	remu	a3,a3,a0
80002b10:	03c585b3          	mul	a1,a1,t3
80002b14:	01069613          	sll	a2,a3,0x10
80002b18:	01075693          	srl	a3,a4,0x10
80002b1c:	00c6e6b3          	or	a3,a3,a2
80002b20:	00b6fa63          	bgeu	a3,a1,80002b34 <__moddi3+0x224>
80002b24:	00d886b3          	add	a3,a7,a3
80002b28:	0116e663          	bltu	a3,a7,80002b34 <__moddi3+0x224>
80002b2c:	00b6f463          	bgeu	a3,a1,80002b34 <__moddi3+0x224>
80002b30:	011686b3          	add	a3,a3,a7
80002b34:	40b686b3          	sub	a3,a3,a1
80002b38:	02a6d633          	divu	a2,a3,a0
80002b3c:	01071713          	sll	a4,a4,0x10
80002b40:	01075713          	srl	a4,a4,0x10
80002b44:	02a6f6b3          	remu	a3,a3,a0
80002b48:	03c60633          	mul	a2,a2,t3
80002b4c:	01069693          	sll	a3,a3,0x10
80002b50:	00d76733          	or	a4,a4,a3
80002b54:	00c77a63          	bgeu	a4,a2,80002b68 <__moddi3+0x258>
80002b58:	00e88733          	add	a4,a7,a4
80002b5c:	01176663          	bltu	a4,a7,80002b68 <__moddi3+0x258>
80002b60:	00c77463          	bgeu	a4,a2,80002b68 <__moddi3+0x258>
80002b64:	01170733          	add	a4,a4,a7
80002b68:	40c70733          	sub	a4,a4,a2
80002b6c:	f19ff06f          	j	80002a84 <__moddi3+0x174>
80002b70:	eade66e3          	bltu	t3,a3,80002a1c <__moddi3+0x10c>
80002b74:	00010737          	lui	a4,0x10
80002b78:	04e6fc63          	bgeu	a3,a4,80002bd0 <__moddi3+0x2c0>
80002b7c:	1006b713          	sltiu	a4,a3,256
80002b80:	00173713          	seqz	a4,a4
80002b84:	00371713          	sll	a4,a4,0x3
80002b88:	800048b7          	lui	a7,0x80004
80002b8c:	00e6d333          	srl	t1,a3,a4
80002b90:	80c88893          	add	a7,a7,-2036 # 8000380c <__clz_tab>
80002b94:	006888b3          	add	a7,a7,t1
80002b98:	0008c883          	lbu	a7,0(a7)
80002b9c:	02000313          	li	t1,32
80002ba0:	00e888b3          	add	a7,a7,a4
80002ba4:	41130733          	sub	a4,t1,a7
80002ba8:	03131e63          	bne	t1,a7,80002be4 <__moddi3+0x2d4>
80002bac:	01c6e463          	bltu	a3,t3,80002bb4 <__moddi3+0x2a4>
80002bb0:	00c56c63          	bltu	a0,a2,80002bc8 <__moddi3+0x2b8>
80002bb4:	40c50633          	sub	a2,a0,a2
80002bb8:	40de06b3          	sub	a3,t3,a3
80002bbc:	00c535b3          	sltu	a1,a0,a2
80002bc0:	00060793          	mv	a5,a2
80002bc4:	40b685b3          	sub	a1,a3,a1
80002bc8:	00078513          	mv	a0,a5
80002bcc:	e51ff06f          	j	80002a1c <__moddi3+0x10c>
80002bd0:	010008b7          	lui	a7,0x1000
80002bd4:	01800713          	li	a4,24
80002bd8:	fb16f8e3          	bgeu	a3,a7,80002b88 <__moddi3+0x278>
80002bdc:	01000713          	li	a4,16
80002be0:	fa9ff06f          	j	80002b88 <__moddi3+0x278>
80002be4:	00e696b3          	sll	a3,a3,a4
80002be8:	01165333          	srl	t1,a2,a7
80002bec:	00d36333          	or	t1,t1,a3
80002bf0:	011e57b3          	srl	a5,t3,a7
80002bf4:	01035e93          	srl	t4,t1,0x10
80002bf8:	03d7dfb3          	divu	t6,a5,t4
80002bfc:	00ee1e33          	sll	t3,t3,a4
80002c00:	011555b3          	srl	a1,a0,a7
80002c04:	01c5e5b3          	or	a1,a1,t3
80002c08:	01031e13          	sll	t3,t1,0x10
80002c0c:	010e5e13          	srl	t3,t3,0x10
80002c10:	00e61633          	sll	a2,a2,a4
80002c14:	00e51533          	sll	a0,a0,a4
80002c18:	03d7f7b3          	remu	a5,a5,t4
80002c1c:	03fe0f33          	mul	t5,t3,t6
80002c20:	01079693          	sll	a3,a5,0x10
80002c24:	0105d793          	srl	a5,a1,0x10
80002c28:	00d7e7b3          	or	a5,a5,a3
80002c2c:	000f8693          	mv	a3,t6
80002c30:	01e7fe63          	bgeu	a5,t5,80002c4c <__moddi3+0x33c>
80002c34:	00f307b3          	add	a5,t1,a5
80002c38:	ffff8693          	add	a3,t6,-1
80002c3c:	0067e863          	bltu	a5,t1,80002c4c <__moddi3+0x33c>
80002c40:	01e7f663          	bgeu	a5,t5,80002c4c <__moddi3+0x33c>
80002c44:	ffef8693          	add	a3,t6,-2
80002c48:	006787b3          	add	a5,a5,t1
80002c4c:	41e787b3          	sub	a5,a5,t5
80002c50:	03d7df33          	divu	t5,a5,t4
80002c54:	01059593          	sll	a1,a1,0x10
80002c58:	0105d593          	srl	a1,a1,0x10
80002c5c:	03d7f7b3          	remu	a5,a5,t4
80002c60:	03ee0e33          	mul	t3,t3,t5
80002c64:	01079793          	sll	a5,a5,0x10
80002c68:	00f5e5b3          	or	a1,a1,a5
80002c6c:	000f0793          	mv	a5,t5
80002c70:	01c5fe63          	bgeu	a1,t3,80002c8c <__moddi3+0x37c>
80002c74:	00b305b3          	add	a1,t1,a1
80002c78:	ffff0793          	add	a5,t5,-1
80002c7c:	0065e863          	bltu	a1,t1,80002c8c <__moddi3+0x37c>
80002c80:	01c5f663          	bgeu	a1,t3,80002c8c <__moddi3+0x37c>
80002c84:	ffef0793          	add	a5,t5,-2
80002c88:	006585b3          	add	a1,a1,t1
80002c8c:	01069693          	sll	a3,a3,0x10
80002c90:	00010fb7          	lui	t6,0x10
80002c94:	00f6e6b3          	or	a3,a3,a5
80002c98:	41c585b3          	sub	a1,a1,t3
80002c9c:	ffff8e13          	add	t3,t6,-1 # ffff <buflen.1+0xffbf>
80002ca0:	01c6f7b3          	and	a5,a3,t3
80002ca4:	01065e93          	srl	t4,a2,0x10
80002ca8:	0106d693          	srl	a3,a3,0x10
80002cac:	01c67e33          	and	t3,a2,t3
80002cb0:	03c78f33          	mul	t5,a5,t3
80002cb4:	03c68e33          	mul	t3,a3,t3
80002cb8:	03d787b3          	mul	a5,a5,t4
80002cbc:	03d686b3          	mul	a3,a3,t4
80002cc0:	01c78eb3          	add	t4,a5,t3
80002cc4:	010f5793          	srl	a5,t5,0x10
80002cc8:	01d787b3          	add	a5,a5,t4
80002ccc:	01c7f463          	bgeu	a5,t3,80002cd4 <__moddi3+0x3c4>
80002cd0:	01f686b3          	add	a3,a3,t6
80002cd4:	0107de13          	srl	t3,a5,0x10
80002cd8:	00de06b3          	add	a3,t3,a3
80002cdc:	00010e37          	lui	t3,0x10
80002ce0:	fffe0e13          	add	t3,t3,-1 # ffff <buflen.1+0xffbf>
80002ce4:	01c7f7b3          	and	a5,a5,t3
80002ce8:	01079793          	sll	a5,a5,0x10
80002cec:	01cf7f33          	and	t5,t5,t3
80002cf0:	01e787b3          	add	a5,a5,t5
80002cf4:	00d5e663          	bltu	a1,a3,80002d00 <__moddi3+0x3f0>
80002cf8:	00d59e63          	bne	a1,a3,80002d14 <__moddi3+0x404>
80002cfc:	00f57c63          	bgeu	a0,a5,80002d14 <__moddi3+0x404>
80002d00:	40c78633          	sub	a2,a5,a2
80002d04:	00c7be33          	sltu	t3,a5,a2
80002d08:	00060793          	mv	a5,a2
80002d0c:	006e0633          	add	a2,t3,t1
80002d10:	40c686b3          	sub	a3,a3,a2
80002d14:	40f507b3          	sub	a5,a0,a5
80002d18:	00f53533          	sltu	a0,a0,a5
80002d1c:	40d585b3          	sub	a1,a1,a3
80002d20:	40a585b3          	sub	a1,a1,a0
80002d24:	011598b3          	sll	a7,a1,a7
80002d28:	00e7d7b3          	srl	a5,a5,a4
80002d2c:	00f8e533          	or	a0,a7,a5
80002d30:	00e5d5b3          	srl	a1,a1,a4
80002d34:	ce9ff06f          	j	80002a1c <__moddi3+0x10c>

80002d38 <__udivdi3>:
80002d38:	00050893          	mv	a7,a0
80002d3c:	00058313          	mv	t1,a1
80002d40:	00060713          	mv	a4,a2
80002d44:	00050813          	mv	a6,a0
80002d48:	00058793          	mv	a5,a1
80002d4c:	28069263          	bnez	a3,80002fd0 <__udivdi3+0x298>
80002d50:	800045b7          	lui	a1,0x80004
80002d54:	80c58593          	add	a1,a1,-2036 # 8000380c <__clz_tab>
80002d58:	0ec37663          	bgeu	t1,a2,80002e44 <__udivdi3+0x10c>
80002d5c:	000106b7          	lui	a3,0x10
80002d60:	0cd67863          	bgeu	a2,a3,80002e30 <__udivdi3+0xf8>
80002d64:	10063693          	sltiu	a3,a2,256
80002d68:	0016b693          	seqz	a3,a3
80002d6c:	00369693          	sll	a3,a3,0x3
80002d70:	00d65533          	srl	a0,a2,a3
80002d74:	00a585b3          	add	a1,a1,a0
80002d78:	0005c583          	lbu	a1,0(a1)
80002d7c:	02000513          	li	a0,32
80002d80:	00d586b3          	add	a3,a1,a3
80002d84:	40d505b3          	sub	a1,a0,a3
80002d88:	00d50c63          	beq	a0,a3,80002da0 <__udivdi3+0x68>
80002d8c:	00b317b3          	sll	a5,t1,a1
80002d90:	00d8d6b3          	srl	a3,a7,a3
80002d94:	00b61733          	sll	a4,a2,a1
80002d98:	00f6e7b3          	or	a5,a3,a5
80002d9c:	00b89833          	sll	a6,a7,a1
80002da0:	01075593          	srl	a1,a4,0x10
80002da4:	02b7d333          	divu	t1,a5,a1
80002da8:	01071613          	sll	a2,a4,0x10
80002dac:	01065613          	srl	a2,a2,0x10
80002db0:	02b7f7b3          	remu	a5,a5,a1
80002db4:	00030513          	mv	a0,t1
80002db8:	026608b3          	mul	a7,a2,t1
80002dbc:	01079693          	sll	a3,a5,0x10
80002dc0:	01085793          	srl	a5,a6,0x10
80002dc4:	00d7e7b3          	or	a5,a5,a3
80002dc8:	0117fe63          	bgeu	a5,a7,80002de4 <__udivdi3+0xac>
80002dcc:	00f707b3          	add	a5,a4,a5
80002dd0:	fff30513          	add	a0,t1,-1 # ffffff <buflen.1+0xffffbf>
80002dd4:	00e7e863          	bltu	a5,a4,80002de4 <__udivdi3+0xac>
80002dd8:	0117f663          	bgeu	a5,a7,80002de4 <__udivdi3+0xac>
80002ddc:	ffe30513          	add	a0,t1,-2
80002de0:	00e787b3          	add	a5,a5,a4
80002de4:	411787b3          	sub	a5,a5,a7
80002de8:	02b7d8b3          	divu	a7,a5,a1
80002dec:	01081813          	sll	a6,a6,0x10
80002df0:	01085813          	srl	a6,a6,0x10
80002df4:	02b7f7b3          	remu	a5,a5,a1
80002df8:	031606b3          	mul	a3,a2,a7
80002dfc:	01079793          	sll	a5,a5,0x10
80002e00:	00f86833          	or	a6,a6,a5
80002e04:	00088793          	mv	a5,a7
80002e08:	00d87c63          	bgeu	a6,a3,80002e20 <__udivdi3+0xe8>
80002e0c:	01070833          	add	a6,a4,a6
80002e10:	fff88793          	add	a5,a7,-1 # ffffff <buflen.1+0xffffbf>
80002e14:	00e86663          	bltu	a6,a4,80002e20 <__udivdi3+0xe8>
80002e18:	00d87463          	bgeu	a6,a3,80002e20 <__udivdi3+0xe8>
80002e1c:	ffe88793          	add	a5,a7,-2
80002e20:	01051513          	sll	a0,a0,0x10
80002e24:	00f56533          	or	a0,a0,a5
80002e28:	00000593          	li	a1,0
80002e2c:	00008067          	ret
80002e30:	01000537          	lui	a0,0x1000
80002e34:	01800693          	li	a3,24
80002e38:	f2a67ce3          	bgeu	a2,a0,80002d70 <__udivdi3+0x38>
80002e3c:	01000693          	li	a3,16
80002e40:	f31ff06f          	j	80002d70 <__udivdi3+0x38>
80002e44:	00000693          	li	a3,0
80002e48:	00060c63          	beqz	a2,80002e60 <__udivdi3+0x128>
80002e4c:	000107b7          	lui	a5,0x10
80002e50:	0cf67063          	bgeu	a2,a5,80002f10 <__udivdi3+0x1d8>
80002e54:	10063693          	sltiu	a3,a2,256
80002e58:	0016b693          	seqz	a3,a3
80002e5c:	00369693          	sll	a3,a3,0x3
80002e60:	00d657b3          	srl	a5,a2,a3
80002e64:	00f585b3          	add	a1,a1,a5
80002e68:	0005c783          	lbu	a5,0(a1)
80002e6c:	00d787b3          	add	a5,a5,a3
80002e70:	02000693          	li	a3,32
80002e74:	40f685b3          	sub	a1,a3,a5
80002e78:	0af69663          	bne	a3,a5,80002f24 <__udivdi3+0x1ec>
80002e7c:	40c307b3          	sub	a5,t1,a2
80002e80:	00100593          	li	a1,1
80002e84:	01075893          	srl	a7,a4,0x10
80002e88:	0317de33          	divu	t3,a5,a7
80002e8c:	01071613          	sll	a2,a4,0x10
80002e90:	01065613          	srl	a2,a2,0x10
80002e94:	01085693          	srl	a3,a6,0x10
80002e98:	0317f7b3          	remu	a5,a5,a7
80002e9c:	000e0513          	mv	a0,t3
80002ea0:	03c60333          	mul	t1,a2,t3
80002ea4:	01079793          	sll	a5,a5,0x10
80002ea8:	00f6e7b3          	or	a5,a3,a5
80002eac:	0067fe63          	bgeu	a5,t1,80002ec8 <__udivdi3+0x190>
80002eb0:	00f707b3          	add	a5,a4,a5
80002eb4:	fffe0513          	add	a0,t3,-1
80002eb8:	00e7e863          	bltu	a5,a4,80002ec8 <__udivdi3+0x190>
80002ebc:	0067f663          	bgeu	a5,t1,80002ec8 <__udivdi3+0x190>
80002ec0:	ffee0513          	add	a0,t3,-2
80002ec4:	00e787b3          	add	a5,a5,a4
80002ec8:	406787b3          	sub	a5,a5,t1
80002ecc:	0317d333          	divu	t1,a5,a7
80002ed0:	01081813          	sll	a6,a6,0x10
80002ed4:	01085813          	srl	a6,a6,0x10
80002ed8:	0317f7b3          	remu	a5,a5,a7
80002edc:	026606b3          	mul	a3,a2,t1
80002ee0:	01079793          	sll	a5,a5,0x10
80002ee4:	00f86833          	or	a6,a6,a5
80002ee8:	00030793          	mv	a5,t1
80002eec:	00d87c63          	bgeu	a6,a3,80002f04 <__udivdi3+0x1cc>
80002ef0:	01070833          	add	a6,a4,a6
80002ef4:	fff30793          	add	a5,t1,-1
80002ef8:	00e86663          	bltu	a6,a4,80002f04 <__udivdi3+0x1cc>
80002efc:	00d87463          	bgeu	a6,a3,80002f04 <__udivdi3+0x1cc>
80002f00:	ffe30793          	add	a5,t1,-2
80002f04:	01051513          	sll	a0,a0,0x10
80002f08:	00f56533          	or	a0,a0,a5
80002f0c:	00008067          	ret
80002f10:	010007b7          	lui	a5,0x1000
80002f14:	01800693          	li	a3,24
80002f18:	f4f674e3          	bgeu	a2,a5,80002e60 <__udivdi3+0x128>
80002f1c:	01000693          	li	a3,16
80002f20:	f41ff06f          	j	80002e60 <__udivdi3+0x128>
80002f24:	00b61733          	sll	a4,a2,a1
80002f28:	00f356b3          	srl	a3,t1,a5
80002f2c:	01075513          	srl	a0,a4,0x10
80002f30:	00b31333          	sll	t1,t1,a1
80002f34:	00f8d7b3          	srl	a5,a7,a5
80002f38:	0067e7b3          	or	a5,a5,t1
80002f3c:	02a6d333          	divu	t1,a3,a0
80002f40:	01071613          	sll	a2,a4,0x10
80002f44:	01065613          	srl	a2,a2,0x10
80002f48:	00b89833          	sll	a6,a7,a1
80002f4c:	02a6f6b3          	remu	a3,a3,a0
80002f50:	026608b3          	mul	a7,a2,t1
80002f54:	01069593          	sll	a1,a3,0x10
80002f58:	0107d693          	srl	a3,a5,0x10
80002f5c:	00b6e6b3          	or	a3,a3,a1
80002f60:	00030593          	mv	a1,t1
80002f64:	0116fe63          	bgeu	a3,a7,80002f80 <__udivdi3+0x248>
80002f68:	00d706b3          	add	a3,a4,a3
80002f6c:	fff30593          	add	a1,t1,-1
80002f70:	00e6e863          	bltu	a3,a4,80002f80 <__udivdi3+0x248>
80002f74:	0116f663          	bgeu	a3,a7,80002f80 <__udivdi3+0x248>
80002f78:	ffe30593          	add	a1,t1,-2
80002f7c:	00e686b3          	add	a3,a3,a4
80002f80:	411686b3          	sub	a3,a3,a7
80002f84:	02a6d8b3          	divu	a7,a3,a0
80002f88:	01079793          	sll	a5,a5,0x10
80002f8c:	0107d793          	srl	a5,a5,0x10
80002f90:	02a6f6b3          	remu	a3,a3,a0
80002f94:	03160633          	mul	a2,a2,a7
80002f98:	01069693          	sll	a3,a3,0x10
80002f9c:	00d7e7b3          	or	a5,a5,a3
80002fa0:	00088693          	mv	a3,a7
80002fa4:	00c7fe63          	bgeu	a5,a2,80002fc0 <__udivdi3+0x288>
80002fa8:	00f707b3          	add	a5,a4,a5
80002fac:	fff88693          	add	a3,a7,-1
80002fb0:	00e7e863          	bltu	a5,a4,80002fc0 <__udivdi3+0x288>
80002fb4:	00c7f663          	bgeu	a5,a2,80002fc0 <__udivdi3+0x288>
80002fb8:	ffe88693          	add	a3,a7,-2
80002fbc:	00e787b3          	add	a5,a5,a4
80002fc0:	01059593          	sll	a1,a1,0x10
80002fc4:	40c787b3          	sub	a5,a5,a2
80002fc8:	00d5e5b3          	or	a1,a1,a3
80002fcc:	eb9ff06f          	j	80002e84 <__udivdi3+0x14c>
80002fd0:	18d5e663          	bltu	a1,a3,8000315c <__udivdi3+0x424>
80002fd4:	000107b7          	lui	a5,0x10
80002fd8:	04f6f463          	bgeu	a3,a5,80003020 <__udivdi3+0x2e8>
80002fdc:	1006b713          	sltiu	a4,a3,256
80002fe0:	00173713          	seqz	a4,a4
80002fe4:	00371713          	sll	a4,a4,0x3
80002fe8:	800047b7          	lui	a5,0x80004
80002fec:	00e6d5b3          	srl	a1,a3,a4
80002ff0:	80c78793          	add	a5,a5,-2036 # 8000380c <__clz_tab>
80002ff4:	00b787b3          	add	a5,a5,a1
80002ff8:	0007c783          	lbu	a5,0(a5)
80002ffc:	00e787b3          	add	a5,a5,a4
80003000:	02000713          	li	a4,32
80003004:	40f705b3          	sub	a1,a4,a5
80003008:	02f71663          	bne	a4,a5,80003034 <__udivdi3+0x2fc>
8000300c:	00100513          	li	a0,1
80003010:	e066eee3          	bltu	a3,t1,80002e2c <__udivdi3+0xf4>
80003014:	00c8b533          	sltu	a0,a7,a2
80003018:	00153513          	seqz	a0,a0
8000301c:	00008067          	ret
80003020:	010007b7          	lui	a5,0x1000
80003024:	01800713          	li	a4,24
80003028:	fcf6f0e3          	bgeu	a3,a5,80002fe8 <__udivdi3+0x2b0>
8000302c:	01000713          	li	a4,16
80003030:	fb9ff06f          	j	80002fe8 <__udivdi3+0x2b0>
80003034:	00f65733          	srl	a4,a2,a5
80003038:	00b696b3          	sll	a3,a3,a1
8000303c:	00d766b3          	or	a3,a4,a3
80003040:	00f35733          	srl	a4,t1,a5
80003044:	00b31333          	sll	t1,t1,a1
80003048:	00f8d7b3          	srl	a5,a7,a5
8000304c:	0067e7b3          	or	a5,a5,t1
80003050:	0106d313          	srl	t1,a3,0x10
80003054:	02675eb3          	divu	t4,a4,t1
80003058:	01069813          	sll	a6,a3,0x10
8000305c:	01085813          	srl	a6,a6,0x10
80003060:	00b61633          	sll	a2,a2,a1
80003064:	02677733          	remu	a4,a4,t1
80003068:	03d80e33          	mul	t3,a6,t4
8000306c:	01071513          	sll	a0,a4,0x10
80003070:	0107d713          	srl	a4,a5,0x10
80003074:	00a76733          	or	a4,a4,a0
80003078:	000e8513          	mv	a0,t4
8000307c:	01c77e63          	bgeu	a4,t3,80003098 <__udivdi3+0x360>
80003080:	00e68733          	add	a4,a3,a4
80003084:	fffe8513          	add	a0,t4,-1
80003088:	00d76863          	bltu	a4,a3,80003098 <__udivdi3+0x360>
8000308c:	01c77663          	bgeu	a4,t3,80003098 <__udivdi3+0x360>
80003090:	ffee8513          	add	a0,t4,-2
80003094:	00d70733          	add	a4,a4,a3
80003098:	41c70733          	sub	a4,a4,t3
8000309c:	02675e33          	divu	t3,a4,t1
800030a0:	01079793          	sll	a5,a5,0x10
800030a4:	0107d793          	srl	a5,a5,0x10
800030a8:	02677733          	remu	a4,a4,t1
800030ac:	03c80833          	mul	a6,a6,t3
800030b0:	01071713          	sll	a4,a4,0x10
800030b4:	00e7e7b3          	or	a5,a5,a4
800030b8:	000e0713          	mv	a4,t3
800030bc:	0107fe63          	bgeu	a5,a6,800030d8 <__udivdi3+0x3a0>
800030c0:	00f687b3          	add	a5,a3,a5
800030c4:	fffe0713          	add	a4,t3,-1
800030c8:	00d7e863          	bltu	a5,a3,800030d8 <__udivdi3+0x3a0>
800030cc:	0107f663          	bgeu	a5,a6,800030d8 <__udivdi3+0x3a0>
800030d0:	ffee0713          	add	a4,t3,-2
800030d4:	00d787b3          	add	a5,a5,a3
800030d8:	01051513          	sll	a0,a0,0x10
800030dc:	00010e37          	lui	t3,0x10
800030e0:	00e56533          	or	a0,a0,a4
800030e4:	fffe0693          	add	a3,t3,-1 # ffff <buflen.1+0xffbf>
800030e8:	00d57733          	and	a4,a0,a3
800030ec:	410787b3          	sub	a5,a5,a6
800030f0:	00d676b3          	and	a3,a2,a3
800030f4:	01055813          	srl	a6,a0,0x10
800030f8:	01065613          	srl	a2,a2,0x10
800030fc:	02d70333          	mul	t1,a4,a3
80003100:	02d806b3          	mul	a3,a6,a3
80003104:	02c70733          	mul	a4,a4,a2
80003108:	02c80833          	mul	a6,a6,a2
8000310c:	00d70633          	add	a2,a4,a3
80003110:	01035713          	srl	a4,t1,0x10
80003114:	00c70733          	add	a4,a4,a2
80003118:	00d77463          	bgeu	a4,a3,80003120 <__udivdi3+0x3e8>
8000311c:	01c80833          	add	a6,a6,t3
80003120:	01075693          	srl	a3,a4,0x10
80003124:	010686b3          	add	a3,a3,a6
80003128:	02d7e663          	bltu	a5,a3,80003154 <__udivdi3+0x41c>
8000312c:	ced79ee3          	bne	a5,a3,80002e28 <__udivdi3+0xf0>
80003130:	000107b7          	lui	a5,0x10
80003134:	fff78793          	add	a5,a5,-1 # ffff <buflen.1+0xffbf>
80003138:	00f77733          	and	a4,a4,a5
8000313c:	01071713          	sll	a4,a4,0x10
80003140:	00f37333          	and	t1,t1,a5
80003144:	00b898b3          	sll	a7,a7,a1
80003148:	00670733          	add	a4,a4,t1
8000314c:	00000593          	li	a1,0
80003150:	cce8fee3          	bgeu	a7,a4,80002e2c <__udivdi3+0xf4>
80003154:	fff50513          	add	a0,a0,-1 # ffffff <buflen.1+0xffffbf>
80003158:	cd1ff06f          	j	80002e28 <__udivdi3+0xf0>
8000315c:	00000593          	li	a1,0
80003160:	00000513          	li	a0,0
80003164:	00008067          	ret

80003168 <__umoddi3>:
80003168:	00060813          	mv	a6,a2
8000316c:	00050793          	mv	a5,a0
80003170:	00058713          	mv	a4,a1
80003174:	20069663          	bnez	a3,80003380 <__umoddi3+0x218>
80003178:	800048b7          	lui	a7,0x80004
8000317c:	80c88893          	add	a7,a7,-2036 # 8000380c <__clz_tab>
80003180:	0cc5fc63          	bgeu	a1,a2,80003258 <__umoddi3+0xf0>
80003184:	000106b7          	lui	a3,0x10
80003188:	0ad67e63          	bgeu	a2,a3,80003244 <__umoddi3+0xdc>
8000318c:	10063693          	sltiu	a3,a2,256
80003190:	0016b693          	seqz	a3,a3
80003194:	00369693          	sll	a3,a3,0x3
80003198:	00d65333          	srl	t1,a2,a3
8000319c:	006888b3          	add	a7,a7,t1
800031a0:	0008c883          	lbu	a7,0(a7)
800031a4:	02000313          	li	t1,32
800031a8:	00d886b3          	add	a3,a7,a3
800031ac:	40d308b3          	sub	a7,t1,a3
800031b0:	00d30c63          	beq	t1,a3,800031c8 <__umoddi3+0x60>
800031b4:	01159733          	sll	a4,a1,a7
800031b8:	00d556b3          	srl	a3,a0,a3
800031bc:	01161833          	sll	a6,a2,a7
800031c0:	00e6e733          	or	a4,a3,a4
800031c4:	011517b3          	sll	a5,a0,a7
800031c8:	01085613          	srl	a2,a6,0x10
800031cc:	02c756b3          	divu	a3,a4,a2
800031d0:	01081513          	sll	a0,a6,0x10
800031d4:	01055513          	srl	a0,a0,0x10
800031d8:	02c77733          	remu	a4,a4,a2
800031dc:	02a686b3          	mul	a3,a3,a0
800031e0:	01071593          	sll	a1,a4,0x10
800031e4:	0107d713          	srl	a4,a5,0x10
800031e8:	00b76733          	or	a4,a4,a1
800031ec:	00d77a63          	bgeu	a4,a3,80003200 <__umoddi3+0x98>
800031f0:	00e80733          	add	a4,a6,a4
800031f4:	01076663          	bltu	a4,a6,80003200 <__umoddi3+0x98>
800031f8:	00d77463          	bgeu	a4,a3,80003200 <__umoddi3+0x98>
800031fc:	01070733          	add	a4,a4,a6
80003200:	40d70733          	sub	a4,a4,a3
80003204:	02c756b3          	divu	a3,a4,a2
80003208:	02c77733          	remu	a4,a4,a2
8000320c:	02a686b3          	mul	a3,a3,a0
80003210:	01079793          	sll	a5,a5,0x10
80003214:	01071713          	sll	a4,a4,0x10
80003218:	0107d793          	srl	a5,a5,0x10
8000321c:	00e7e7b3          	or	a5,a5,a4
80003220:	00d7fa63          	bgeu	a5,a3,80003234 <__umoddi3+0xcc>
80003224:	00f807b3          	add	a5,a6,a5
80003228:	0107e663          	bltu	a5,a6,80003234 <__umoddi3+0xcc>
8000322c:	00d7f463          	bgeu	a5,a3,80003234 <__umoddi3+0xcc>
80003230:	010787b3          	add	a5,a5,a6
80003234:	40d787b3          	sub	a5,a5,a3
80003238:	0117d533          	srl	a0,a5,a7
8000323c:	00000593          	li	a1,0
80003240:	00008067          	ret
80003244:	01000337          	lui	t1,0x1000
80003248:	01800693          	li	a3,24
8000324c:	f46676e3          	bgeu	a2,t1,80003198 <__umoddi3+0x30>
80003250:	01000693          	li	a3,16
80003254:	f45ff06f          	j	80003198 <__umoddi3+0x30>
80003258:	00000693          	li	a3,0
8000325c:	00060c63          	beqz	a2,80003274 <__umoddi3+0x10c>
80003260:	00010737          	lui	a4,0x10
80003264:	06e67e63          	bgeu	a2,a4,800032e0 <__umoddi3+0x178>
80003268:	10063693          	sltiu	a3,a2,256
8000326c:	0016b693          	seqz	a3,a3
80003270:	00369693          	sll	a3,a3,0x3
80003274:	00d65733          	srl	a4,a2,a3
80003278:	00e888b3          	add	a7,a7,a4
8000327c:	0008c703          	lbu	a4,0(a7)
80003280:	00d70733          	add	a4,a4,a3
80003284:	02000693          	li	a3,32
80003288:	40e688b3          	sub	a7,a3,a4
8000328c:	06e69463          	bne	a3,a4,800032f4 <__umoddi3+0x18c>
80003290:	40c58733          	sub	a4,a1,a2
80003294:	01085593          	srl	a1,a6,0x10
80003298:	02b75633          	divu	a2,a4,a1
8000329c:	01081513          	sll	a0,a6,0x10
800032a0:	01055513          	srl	a0,a0,0x10
800032a4:	0107d693          	srl	a3,a5,0x10
800032a8:	02b77733          	remu	a4,a4,a1
800032ac:	02a60633          	mul	a2,a2,a0
800032b0:	01071713          	sll	a4,a4,0x10
800032b4:	00e6e733          	or	a4,a3,a4
800032b8:	00c77a63          	bgeu	a4,a2,800032cc <__umoddi3+0x164>
800032bc:	00e80733          	add	a4,a6,a4
800032c0:	01076663          	bltu	a4,a6,800032cc <__umoddi3+0x164>
800032c4:	00c77463          	bgeu	a4,a2,800032cc <__umoddi3+0x164>
800032c8:	01070733          	add	a4,a4,a6
800032cc:	40c70733          	sub	a4,a4,a2
800032d0:	02b756b3          	divu	a3,a4,a1
800032d4:	02b77733          	remu	a4,a4,a1
800032d8:	02a686b3          	mul	a3,a3,a0
800032dc:	f35ff06f          	j	80003210 <__umoddi3+0xa8>
800032e0:	01000737          	lui	a4,0x1000
800032e4:	01800693          	li	a3,24
800032e8:	f8e676e3          	bgeu	a2,a4,80003274 <__umoddi3+0x10c>
800032ec:	01000693          	li	a3,16
800032f0:	f85ff06f          	j	80003274 <__umoddi3+0x10c>
800032f4:	01161833          	sll	a6,a2,a7
800032f8:	00e5d6b3          	srl	a3,a1,a4
800032fc:	011517b3          	sll	a5,a0,a7
80003300:	011595b3          	sll	a1,a1,a7
80003304:	00e55733          	srl	a4,a0,a4
80003308:	01085513          	srl	a0,a6,0x10
8000330c:	00b76733          	or	a4,a4,a1
80003310:	02a6d5b3          	divu	a1,a3,a0
80003314:	01081313          	sll	t1,a6,0x10
80003318:	01035313          	srl	t1,t1,0x10
8000331c:	02a6f6b3          	remu	a3,a3,a0
80003320:	026585b3          	mul	a1,a1,t1
80003324:	01069613          	sll	a2,a3,0x10
80003328:	01075693          	srl	a3,a4,0x10
8000332c:	00c6e6b3          	or	a3,a3,a2
80003330:	00b6fa63          	bgeu	a3,a1,80003344 <__umoddi3+0x1dc>
80003334:	00d806b3          	add	a3,a6,a3
80003338:	0106e663          	bltu	a3,a6,80003344 <__umoddi3+0x1dc>
8000333c:	00b6f463          	bgeu	a3,a1,80003344 <__umoddi3+0x1dc>
80003340:	010686b3          	add	a3,a3,a6
80003344:	40b686b3          	sub	a3,a3,a1
80003348:	02a6d633          	divu	a2,a3,a0
8000334c:	01071713          	sll	a4,a4,0x10
80003350:	01075713          	srl	a4,a4,0x10
80003354:	02a6f6b3          	remu	a3,a3,a0
80003358:	02660633          	mul	a2,a2,t1
8000335c:	01069693          	sll	a3,a3,0x10
80003360:	00d76733          	or	a4,a4,a3
80003364:	00c77a63          	bgeu	a4,a2,80003378 <__umoddi3+0x210>
80003368:	00e80733          	add	a4,a6,a4
8000336c:	01076663          	bltu	a4,a6,80003378 <__umoddi3+0x210>
80003370:	00c77463          	bgeu	a4,a2,80003378 <__umoddi3+0x210>
80003374:	01070733          	add	a4,a4,a6
80003378:	40c70733          	sub	a4,a4,a2
8000337c:	f19ff06f          	j	80003294 <__umoddi3+0x12c>
80003380:	1cd5e463          	bltu	a1,a3,80003548 <__umoddi3+0x3e0>
80003384:	00010837          	lui	a6,0x10
80003388:	0506fe63          	bgeu	a3,a6,800033e4 <__umoddi3+0x27c>
8000338c:	1006b813          	sltiu	a6,a3,256
80003390:	00183813          	seqz	a6,a6
80003394:	00381813          	sll	a6,a6,0x3
80003398:	800048b7          	lui	a7,0x80004
8000339c:	0106d333          	srl	t1,a3,a6
800033a0:	80c88893          	add	a7,a7,-2036 # 8000380c <__clz_tab>
800033a4:	006888b3          	add	a7,a7,t1
800033a8:	0008c883          	lbu	a7,0(a7)
800033ac:	02000313          	li	t1,32
800033b0:	010888b3          	add	a7,a7,a6
800033b4:	41130833          	sub	a6,t1,a7
800033b8:	05131063          	bne	t1,a7,800033f8 <__umoddi3+0x290>
800033bc:	00b6e463          	bltu	a3,a1,800033c4 <__umoddi3+0x25c>
800033c0:	00c56c63          	bltu	a0,a2,800033d8 <__umoddi3+0x270>
800033c4:	40c50633          	sub	a2,a0,a2
800033c8:	40d586b3          	sub	a3,a1,a3
800033cc:	00c53733          	sltu	a4,a0,a2
800033d0:	00060793          	mv	a5,a2
800033d4:	40e68733          	sub	a4,a3,a4
800033d8:	00078513          	mv	a0,a5
800033dc:	00070593          	mv	a1,a4
800033e0:	00008067          	ret
800033e4:	010008b7          	lui	a7,0x1000
800033e8:	01800813          	li	a6,24
800033ec:	fb16f6e3          	bgeu	a3,a7,80003398 <__umoddi3+0x230>
800033f0:	01000813          	li	a6,16
800033f4:	fa5ff06f          	j	80003398 <__umoddi3+0x230>
800033f8:	011657b3          	srl	a5,a2,a7
800033fc:	010696b3          	sll	a3,a3,a6
80003400:	00d7e6b3          	or	a3,a5,a3
80003404:	0115d733          	srl	a4,a1,a7
80003408:	0106de13          	srl	t3,a3,0x10
8000340c:	03c75f33          	divu	t5,a4,t3
80003410:	01069313          	sll	t1,a3,0x10
80003414:	01035313          	srl	t1,t1,0x10
80003418:	010597b3          	sll	a5,a1,a6
8000341c:	011555b3          	srl	a1,a0,a7
80003420:	00f5e5b3          	or	a1,a1,a5
80003424:	0105d793          	srl	a5,a1,0x10
80003428:	01061633          	sll	a2,a2,a6
8000342c:	01051533          	sll	a0,a0,a6
80003430:	03c77733          	remu	a4,a4,t3
80003434:	03e30eb3          	mul	t4,t1,t5
80003438:	01071713          	sll	a4,a4,0x10
8000343c:	00e7e7b3          	or	a5,a5,a4
80003440:	000f0713          	mv	a4,t5
80003444:	01d7fe63          	bgeu	a5,t4,80003460 <__umoddi3+0x2f8>
80003448:	00f687b3          	add	a5,a3,a5
8000344c:	ffff0713          	add	a4,t5,-1
80003450:	00d7e863          	bltu	a5,a3,80003460 <__umoddi3+0x2f8>
80003454:	01d7f663          	bgeu	a5,t4,80003460 <__umoddi3+0x2f8>
80003458:	ffef0713          	add	a4,t5,-2
8000345c:	00d787b3          	add	a5,a5,a3
80003460:	41d787b3          	sub	a5,a5,t4
80003464:	03c7deb3          	divu	t4,a5,t3
80003468:	01059593          	sll	a1,a1,0x10
8000346c:	0105d593          	srl	a1,a1,0x10
80003470:	03c7f7b3          	remu	a5,a5,t3
80003474:	000e8e13          	mv	t3,t4
80003478:	03d30333          	mul	t1,t1,t4
8000347c:	01079793          	sll	a5,a5,0x10
80003480:	00f5e5b3          	or	a1,a1,a5
80003484:	0065fe63          	bgeu	a1,t1,800034a0 <__umoddi3+0x338>
80003488:	00b685b3          	add	a1,a3,a1
8000348c:	fffe8e13          	add	t3,t4,-1
80003490:	00d5e863          	bltu	a1,a3,800034a0 <__umoddi3+0x338>
80003494:	0065f663          	bgeu	a1,t1,800034a0 <__umoddi3+0x338>
80003498:	ffee8e13          	add	t3,t4,-2
8000349c:	00d585b3          	add	a1,a1,a3
800034a0:	01071793          	sll	a5,a4,0x10
800034a4:	00010f37          	lui	t5,0x10
800034a8:	01c7e7b3          	or	a5,a5,t3
800034ac:	406585b3          	sub	a1,a1,t1
800034b0:	ffff0313          	add	t1,t5,-1 # ffff <buflen.1+0xffbf>
800034b4:	0067f733          	and	a4,a5,t1
800034b8:	01065e13          	srl	t3,a2,0x10
800034bc:	0107d793          	srl	a5,a5,0x10
800034c0:	00667333          	and	t1,a2,t1
800034c4:	02670eb3          	mul	t4,a4,t1
800034c8:	02678333          	mul	t1,a5,t1
800034cc:	03c70733          	mul	a4,a4,t3
800034d0:	03c787b3          	mul	a5,a5,t3
800034d4:	00670e33          	add	t3,a4,t1
800034d8:	010ed713          	srl	a4,t4,0x10
800034dc:	01c70733          	add	a4,a4,t3
800034e0:	00677463          	bgeu	a4,t1,800034e8 <__umoddi3+0x380>
800034e4:	01e787b3          	add	a5,a5,t5
800034e8:	01075313          	srl	t1,a4,0x10
800034ec:	00f307b3          	add	a5,t1,a5
800034f0:	00010337          	lui	t1,0x10
800034f4:	fff30313          	add	t1,t1,-1 # ffff <buflen.1+0xffbf>
800034f8:	00677733          	and	a4,a4,t1
800034fc:	01071713          	sll	a4,a4,0x10
80003500:	006efeb3          	and	t4,t4,t1
80003504:	01d70733          	add	a4,a4,t4
80003508:	00f5e663          	bltu	a1,a5,80003514 <__umoddi3+0x3ac>
8000350c:	00f59e63          	bne	a1,a5,80003528 <__umoddi3+0x3c0>
80003510:	00e57c63          	bgeu	a0,a4,80003528 <__umoddi3+0x3c0>
80003514:	40c70633          	sub	a2,a4,a2
80003518:	00c73333          	sltu	t1,a4,a2
8000351c:	00d306b3          	add	a3,t1,a3
80003520:	00060713          	mv	a4,a2
80003524:	40d787b3          	sub	a5,a5,a3
80003528:	40e50733          	sub	a4,a0,a4
8000352c:	00e53533          	sltu	a0,a0,a4
80003530:	40f585b3          	sub	a1,a1,a5
80003534:	40a585b3          	sub	a1,a1,a0
80003538:	011598b3          	sll	a7,a1,a7
8000353c:	01075733          	srl	a4,a4,a6
80003540:	00e8e533          	or	a0,a7,a4
80003544:	0105d5b3          	srl	a1,a1,a6
80003548:	00008067          	ret

Disassembly of section .text.startup:

8000354c <main>:
8000354c:	7161                	add	sp,sp,-432
8000354e:	1a812423          	sw	s0,424(sp)
80003552:	1b212023          	sw	s2,416(sp)
80003556:	19612823          	sw	s6,400(sp)
8000355a:	00000917          	auipc	s2,0x0
8000355e:	59290913          	add	s2,s2,1426 # 80003aec <input_data2>
80003562:	00000417          	auipc	s0,0x0
80003566:	3fa40413          	add	s0,s0,1018 # 8000395c <input_data1>
8000356a:	8b0a                	mv	s6,sp
8000356c:	1a912223          	sw	s1,420(sp)
80003570:	19312e23          	sw	s3,412(sp)
80003574:	19412c23          	sw	s4,408(sp)
80003578:	19512a23          	sw	s5,404(sp)
8000357c:	1a112623          	sw	ra,428(sp)
80003580:	8aca                	mv	s5,s2
80003582:	8a5a                	mv	s4,s6
80003584:	89ca                	mv	s3,s2
80003586:	84a2                	mv	s1,s0
80003588:	0009a583          	lw	a1,0(s3)
8000358c:	4088                	lw	a0,0(s1)
8000358e:	0491                	add	s1,s1,4
80003590:	0991                	add	s3,s3,4
80003592:	a6ffe0ef          	jal	80002000 <multiply>
80003596:	00aa2023          	sw	a0,0(s4)
8000359a:	0a11                	add	s4,s4,4
8000359c:	ff5496e3          	bne	s1,s5,80003588 <main+0x3c>
800035a0:	4505                	li	a0,1
800035a2:	e45fe0ef          	jal	800023e6 <setStats>
800035a6:	84da                	mv	s1,s6
800035a8:	00092583          	lw	a1,0(s2)
800035ac:	4008                	lw	a0,0(s0)
800035ae:	0411                	add	s0,s0,4
800035b0:	0911                	add	s2,s2,4
800035b2:	a4ffe0ef          	jal	80002000 <multiply>
800035b6:	c088                	sw	a0,0(s1)
800035b8:	0491                	add	s1,s1,4
800035ba:	ff5417e3          	bne	s0,s5,800035a8 <main+0x5c>
800035be:	4501                	li	a0,0
800035c0:	e27fe0ef          	jal	800023e6 <setStats>
800035c4:	00000797          	auipc	a5,0x0
800035c8:	6b878793          	add	a5,a5,1720 # 80003c7c <verify_data>
800035cc:	4501                	li	a0,0
800035ce:	06400813          	li	a6,100
800035d2:	a801                	j	800035e2 <main+0x96>
800035d4:	0509                	add	a0,a0,2
800035d6:	00c59f63          	bne	a1,a2,800035f4 <main+0xa8>
800035da:	0b21                	add	s6,s6,8
800035dc:	07a1                	add	a5,a5,8
800035de:	03050d63          	beq	a0,a6,80003618 <main+0xcc>
800035e2:	000b2683          	lw	a3,0(s6)
800035e6:	4398                	lw	a4,0(a5)
800035e8:	004b2583          	lw	a1,4(s6)
800035ec:	43d0                	lw	a2,4(a5)
800035ee:	fee683e3          	beq	a3,a4,800035d4 <main+0x88>
800035f2:	0505                	add	a0,a0,1
800035f4:	1ac12083          	lw	ra,428(sp)
800035f8:	1a812403          	lw	s0,424(sp)
800035fc:	1a412483          	lw	s1,420(sp)
80003600:	1a012903          	lw	s2,416(sp)
80003604:	19c12983          	lw	s3,412(sp)
80003608:	19812a03          	lw	s4,408(sp)
8000360c:	19412a83          	lw	s5,404(sp)
80003610:	19012b03          	lw	s6,400(sp)
80003614:	615d                	add	sp,sp,432
80003616:	8082                	ret
80003618:	4501                	li	a0,0
8000361a:	bfe9                	j	800035f4 <main+0xa8>
8000361c:	1141                	add	sp,sp,-16
8000361e:	00000517          	auipc	a0,0x0
80003622:	03650513          	add	a0,a0,54 # 80003654 <main+0x108>
80003626:	c606                	sw	ra,12(sp)
80003628:	e3bfe0ef          	jal	80002462 <printstr>
8000362c:	40b2                	lw	ra,12(sp)
8000362e:	557d                	li	a0,-1
80003630:	0141                	add	sp,sp,16
80003632:	8082                	ret

Disassembly of section .data:

8000395c <input_data1>:
8000395c:	0029                	c.nop	10
8000395e:	0000                	unimp
80003960:	01c6                	sll	gp,gp,0x11
80003962:	0000                	unimp
80003964:	0341                	add	t1,t1,16
80003966:	0000                	unimp
80003968:	0000014f          	.insn	4, 0x014f
8000396c:	0234                	add	a3,sp,264
8000396e:	0000                	unimp
80003970:	0001                	nop
80003972:	0000                	unimp
80003974:	000000bb          	.insn	4, 0x00bb
80003978:	03dd                	add	t2,t2,23
8000397a:	0000                	unimp
8000397c:	02ed                	add	t0,t0,27
8000397e:	0000                	unimp
80003980:	016d                	add	sp,sp,27
80003982:	0000                	unimp
80003984:	015e                	sll	sp,sp,0x17
80003986:	0000                	unimp
80003988:	023c                	add	a5,sp,264
8000398a:	0000                	unimp
8000398c:	0084                	add	s1,sp,64
8000398e:	0000                	unimp
80003990:	0040                	add	s0,sp,4
80003992:	0000                	unimp
80003994:	03b5                	add	t2,t2,13
80003996:	0000                	unimp
80003998:	0099                	add	ra,ra,6
8000399a:	0000                	unimp
8000399c:	0248                	add	a0,sp,260
8000399e:	0000                	unimp
800039a0:	00d8                	add	a4,sp,68
800039a2:	0000                	unimp
800039a4:	0325                	add	t1,t1,9
800039a6:	0000                	unimp
800039a8:	008c                	add	a1,sp,64
800039aa:	0000                	unimp
800039ac:	026d                	add	tp,tp,27 # 1b <buf.2+0x1b>
800039ae:	0000                	unimp
800039b0:	00d2                	sll	ra,ra,0x14
800039b2:	0000                	unimp
800039b4:	0006                	c.slli	zero,0x1
800039b6:	0000                	unimp
800039b8:	023c                	add	a5,sp,264
800039ba:	0000                	unimp
800039bc:	000003a3          	sb	zero,7(zero) # 7 <buf.2+0x7>
800039c0:	00000153          	.insn	4, 0x0153
800039c4:	037a                	sll	t1,t1,0x1e
800039c6:	0000                	unimp
800039c8:	0251                	add	tp,tp,20 # 14 <buf.2+0x14>
800039ca:	0000                	unimp
800039cc:	0188                	add	a0,sp,192
800039ce:	0000                	unimp
800039d0:	0382                	c.slli64	t2
800039d2:	0000                	unimp
800039d4:	02b6                	sll	t0,t0,0xd
800039d6:	0000                	unimp
800039d8:	00e4                	add	s1,sp,76
800039da:	0000                	unimp
800039dc:	03c1                	add	t2,t2,16
800039de:	0000                	unimp
800039e0:	000c                	.insn	2, 0x000c
800039e2:	0000                	unimp
800039e4:	006e                	c.slli	zero,0x1b
800039e6:	0000                	unimp
800039e8:	00000373          	.insn	4, 0x0373
800039ec:	0074                	add	a3,sp,12
800039ee:	0000                	unimp
800039f0:	02ee                	sll	t0,t0,0x1b
800039f2:	0000                	unimp
800039f4:	0128                	add	a0,sp,136
800039f6:	0000                	unimp
800039f8:	0286                	sll	t0,t0,0x1
800039fa:	0000                	unimp
800039fc:	01aa                	sll	gp,gp,0xa
800039fe:	0000                	unimp
80003a00:	01f4                	add	a3,sp,204
80003a02:	0000                	unimp
80003a04:	013a                	sll	sp,sp,0xe
80003a06:	0000                	unimp
80003a08:	01b4                	add	a3,sp,200
80003a0a:	0000                	unimp
80003a0c:	00000293          	li	t0,0
80003a10:	02bd                	add	t0,t0,15
80003a12:	0000                	unimp
80003a14:	0306                	sll	t1,t1,0x1
80003a16:	0000                	unimp
80003a18:	032c                	add	a1,sp,392
80003a1a:	0000                	unimp
80003a1c:	0000013f 000003d5 	.insn	8, 0x03d50000013f
80003a24:	02a6                	sll	t0,t0,0x9
80003a26:	0000                	unimp
80003a28:	0096                	sll	ra,ra,0x5
80003a2a:	0000                	unimp
80003a2c:	0000036b          	.insn	4, 0x036b
80003a30:	02b8                	add	a4,sp,328
80003a32:	0000                	unimp
80003a34:	0178                	add	a4,sp,140
80003a36:	0000                	unimp
80003a38:	0234                	add	a3,sp,264
80003a3a:	0000                	unimp
80003a3c:	01da                	sll	gp,gp,0x16
80003a3e:	0000                	unimp
80003a40:	0110                	add	a2,sp,128
80003a42:	0000                	unimp
80003a44:	03aa                	sll	t2,t2,0xa
80003a46:	0000                	unimp
80003a48:	0102                	c.slli64	sp
80003a4a:	0000                	unimp
80003a4c:	0000021b          	.insn	4, 0x021b
80003a50:	00000287          	.insn	4, 0x0287
80003a54:	0239                	add	tp,tp,14 # e <buf.2+0xe>
80003a56:	0000                	unimp
80003a58:	01fd                	add	gp,gp,31 # 8000462b <__global_pointer$+0x1f>
80003a5a:	0000                	unimp
80003a5c:	000000cb          	.insn	4, 0x00cb
80003a60:	0058                	add	a4,sp,4
80003a62:	0000                	unimp
80003a64:	0118                	add	a4,sp,128
80003a66:	0000                	unimp
80003a68:	000002bf 000002f7 	.insn	8, 0x02f7000002bf
80003a70:	029d                	add	t0,t0,7
80003a72:	0000                	unimp
80003a74:	025e                	sll	tp,tp,0x17
80003a76:	0000                	unimp
80003a78:	00000177          	.insn	4, 0x0177
80003a7c:	01ff 0000 0227 0000 	.insn	10, 0x029100000227000001ff
80003a84:	0291 
80003a86:	0000                	unimp
80003a88:	03a8                	add	a0,sp,456
80003a8a:	0000                	unimp
80003a8c:	000000c3          	.insn	4, 0x00c3
80003a90:	0250                	add	a2,sp,260
80003a92:	0000                	unimp
80003a94:	0051                	c.nop	20
80003a96:	0000                	unimp
80003a98:	0239                	add	tp,tp,14 # e <buf.2+0xe>
80003a9a:	0000                	unimp
80003a9c:	0000010b          	.insn	4, 0x010b
80003aa0:	03b8                	add	a4,sp,456
80003aa2:	0000                	unimp
80003aa4:	00e5                	add	ra,ra,25
80003aa6:	0000                	unimp
80003aa8:	0320                	add	s0,sp,392
80003aaa:	0000                	unimp
80003aac:	0151                	add	sp,sp,20
80003aae:	0000                	unimp
80003ab0:	0248                	add	a0,sp,260
80003ab2:	0000                	unimp
80003ab4:	03b0                	add	a2,sp,456
80003ab6:	0000                	unimp
80003ab8:	00000283          	lb	t0,0(zero) # 0 <buf.2>
80003abc:	0386                	sll	t2,t2,0x1
80003abe:	0000                	unimp
80003ac0:	0170                	add	a2,sp,140
80003ac2:	0000                	unimp
80003ac4:	00f1                	add	ra,ra,28
80003ac6:	0000                	unimp
80003ac8:	01e9                	add	gp,gp,26 # 80004626 <__global_pointer$+0x1a>
80003aca:	0000                	unimp
80003acc:	0391                	add	t2,t2,4
80003ace:	0000                	unimp
80003ad0:	0148                	add	a0,sp,132
80003ad2:	0000                	unimp
80003ad4:	033a                	sll	t1,t1,0xe
80003ad6:	0000                	unimp
80003ad8:	0139                	add	sp,sp,14
80003ada:	0000                	unimp
80003adc:	03a5                	add	t2,t2,9
80003ade:	0000                	unimp
80003ae0:	0250                	add	a2,sp,260
80003ae2:	0000                	unimp
80003ae4:	03d9                	add	t2,t2,22
80003ae6:	0000                	unimp
80003ae8:	0184                	add	s1,sp,192
80003aea:	0000                	unimp

80003aec <input_data2>:
80003aec:	000000c3          	.insn	4, 0x00c3
80003af0:	021f 0000 03c0      	.insn	6, 0x03c00000021f
80003af6:	0000                	unimp
80003af8:	0289                	add	t0,t0,2
80003afa:	0000                	unimp
80003afc:	0236                	sll	tp,tp,0xd
80003afe:	0000                	unimp
80003b00:	000003d3          	.insn	4, 0x03d3
80003b04:	015e                	sll	sp,sp,0x17
80003b06:	0000                	unimp
80003b08:	03e5                	add	t2,t2,25
80003b0a:	0000                	unimp
80003b0c:	0289                	add	t0,t0,2
80003b0e:	0000                	unimp
80003b10:	032e                	sll	t1,t1,0xb
80003b12:	0000                	unimp
80003b14:	0291                	add	t0,t0,4
80003b16:	0000                	unimp
80003b18:	0000004f          	.insn	4, 0x004f
80003b1c:	00b5                	add	ra,ra,13
80003b1e:	0000                	unimp
80003b20:	00d0                	add	a2,sp,68
80003b22:	0000                	unimp
80003b24:	0000006f          	j	80003b24 <input_data2+0x38>
80003b28:	03e6                	sll	t2,t2,0x19
80003b2a:	0000                	unimp
80003b2c:	0000035b          	.insn	4, 0x035b
80003b30:	0275                	add	tp,tp,29 # 1d <buf.2+0x1d>
80003b32:	0000                	unimp
80003b34:	0041                	c.nop	16
80003b36:	0000                	unimp
80003b38:	0000034f          	.insn	4, 0x034f
80003b3c:	0120                	add	s0,sp,136
80003b3e:	0000                	unimp
80003b40:	02c0                	add	s0,sp,324
80003b42:	0000                	unimp
80003b44:	015d                	add	sp,sp,23
80003b46:	0000                	unimp
80003b48:	03e5                	add	t2,t2,25
80003b4a:	0000                	unimp
80003b4c:	008d                	add	ra,ra,3
80003b4e:	0000                	unimp
80003b50:	00fd                	add	ra,ra,31
80003b52:	0000                	unimp
80003b54:	0389                	add	t2,t2,2
80003b56:	0000                	unimp
80003b58:	000002cb          	.insn	4, 0x02cb
80003b5c:	0376                	sll	t1,t1,0x1d
80003b5e:	0000                	unimp
80003b60:	01ae                	sll	gp,gp,0xb
80003b62:	0000                	unimp
80003b64:	0108                	add	a0,sp,128
80003b66:	0000                	unimp
80003b68:	019f 0000 0240      	.insn	6, 0x02400000019f
80003b6e:	0000                	unimp
80003b70:	021a                	sll	tp,tp,0x6
80003b72:	0000                	unimp
80003b74:	000003d3          	.insn	4, 0x03d3
80003b78:	02bc                	add	a5,sp,328
80003b7a:	0000                	unimp
80003b7c:	02f9                	add	t0,t0,30
80003b7e:	0000                	unimp
80003b80:	0004                	.insn	2, 0x0004
80003b82:	0000                	unimp
80003b84:	00f1                	add	ra,ra,28
80003b86:	0000                	unimp
80003b88:	01ee                	sll	gp,gp,0x1b
80003b8a:	0000                	unimp
80003b8c:	01de                	sll	gp,gp,0x17
80003b8e:	0000                	unimp
80003b90:	0064                	add	s1,sp,12
80003b92:	0000                	unimp
80003b94:	000001f3          	.insn	4, 0x01f3
80003b98:	0360                	add	s0,sp,396
80003b9a:	0000                	unimp
80003b9c:	00000193          	li	gp,0
80003ba0:	02b5                	add	t0,t0,13
80003ba2:	0000                	unimp
80003ba4:	00de                	sll	ra,ra,0x17
80003ba6:	0000                	unimp
80003ba8:	01a0                	add	s0,sp,200
80003baa:	0000                	unimp
80003bac:	01bc                	add	a5,sp,200
80003bae:	0000                	unimp
80003bb0:	0128                	add	a0,sp,136
80003bb2:	0000                	unimp
80003bb4:	02d1                	add	t0,t0,20
80003bb6:	0000                	unimp
80003bb8:	011d                	add	sp,sp,7
80003bba:	0000                	unimp
80003bbc:	02a4                	add	s1,sp,328
80003bbe:	0000                	unimp
80003bc0:	026c                	add	a1,sp,268
80003bc2:	0000                	unimp
80003bc4:	013d                	add	sp,sp,15
80003bc6:	0000                	unimp
80003bc8:	004e                	c.slli	zero,0x13
80003bca:	0000                	unimp
80003bcc:	00e0                	add	s0,sp,76
80003bce:	0000                	unimp
80003bd0:	015f 0000 03a9      	.insn	6, 0x03a90000015f
80003bd6:	0000                	unimp
80003bd8:	021c                	add	a5,sp,256
80003bda:	0000                	unimp
80003bdc:	0120                	add	s0,sp,136
80003bde:	0000                	unimp
80003be0:	0286                	sll	t0,t0,0x1
80003be2:	0000                	unimp
80003be4:	00000077          	.insn	4, 0x0077
80003be8:	00a9                	add	ra,ra,10
80003bea:	0000                	unimp
80003bec:	00000267          	jalr	tp,zero # 0 <buf.2>
80003bf0:	0000020f          	.insn	4, 0x020f
80003bf4:	025e                	sll	tp,tp,0x17
80003bf6:	0000                	unimp
80003bf8:	0121                	add	sp,sp,8
80003bfa:	0000                	unimp
80003bfc:	0185                	add	gp,gp,1 # 8000460d <__global_pointer$+0x1>
80003bfe:	0000                	unimp
80003c00:	031c                	add	a5,sp,384
80003c02:	0000                	unimp
80003c04:	015f 0000 0321      	.insn	6, 0x03210000015f
80003c0a:	0000                	unimp
80003c0c:	000001c7          	.insn	4, 0x01c7
80003c10:	02d0                	add	a2,sp,324
80003c12:	0000                	unimp
80003c14:	0116                	sll	sp,sp,0x5
80003c16:	0000                	unimp
80003c18:	02f6                	sll	t0,t0,0x1d
80003c1a:	0000                	unimp
80003c1c:	0000016f          	jal	sp,80003c1c <input_data2+0x130>
80003c20:	02e9                	add	t0,t0,26
80003c22:	0000                	unimp
80003c24:	0166                	sll	sp,sp,0x19
80003c26:	0000                	unimp
80003c28:	005c                	add	a5,sp,4
80003c2a:	0000                	unimp
80003c2c:	0248                	add	a0,sp,260
80003c2e:	0000                	unimp
80003c30:	03dd                	add	t2,t2,23
80003c32:	0000                	unimp
80003c34:	003e                	c.slli	zero,0xf
80003c36:	0000                	unimp
80003c38:	0000010f          	.insn	4, 0x010f
80003c3c:	03d9                	add	t2,t2,22
80003c3e:	0000                	unimp
80003c40:	0355                	add	t1,t1,21
80003c42:	0000                	unimp
80003c44:	00000193          	li	gp,0
80003c48:	0314                	add	a3,sp,384
80003c4a:	0000                	unimp
80003c4c:	015a                	sll	sp,sp,0x16
80003c4e:	0000                	unimp
80003c50:	00000213          	li	tp,0
80003c54:	0205                	add	tp,tp,1 # 1 <buf.2+0x1>
80003c56:	0000                	unimp
80003c58:	00de                	sll	ra,ra,0x17
80003c5a:	0000                	unimp
80003c5c:	0000022f          	.insn	4, 0x022f
80003c60:	01cd                	add	gp,gp,19 # 8000461f <__global_pointer$+0x13>
80003c62:	0000                	unimp
80003c64:	038c                	add	a1,sp,448
80003c66:	0000                	unimp
80003c68:	00f1                	add	ra,ra,28
80003c6a:	0000                	unimp
80003c6c:	00000307          	.insn	4, 0x0307
80003c70:	0166                	sll	sp,sp,0x19
80003c72:	0000                	unimp
80003c74:	00ff 0000 014c 0000 	.insn	10, 0x1f3b0000014c000000ff
80003c7c:	 

80003c7c <verify_data>:
80003c7c:	00001f3b          	.insn	4, 0x1f3b
80003c80:	c2fa                	sw	t5,68(sp)
80003c82:	33c00003          	lb	zero,828(zero) # 33c <buflen.1+0x2fc>
80003c86:	000c                	.insn	2, 0x000c
80003c88:	00035147          	.insn	4, 0x00035147
80003c8c:	def8                	sw	a4,124(a3)
80003c8e:	0004                	.insn	2, 0x0004
80003c90:	000003d3          	.insn	4, 0x03d3
80003c94:	ffaa                	.insn	2, 0xffaa
80003c96:	0000                	unimp
80003c98:	0bb1                	add	s7,s7,12
80003c9a:	6ad5000f          	.insn	4, 0x6ad5000f
80003c9e:	88960007          	.insn	4, 0x88960007
80003ca2:	0004                	.insn	2, 0x0004
80003ca4:	823e                	mv	tp,a5
80003ca6:	b0840003          	lb	zero,-1272(s0)
80003caa:	0000                	unimp
80003cac:	5d54                	lw	a3,60(a0)
80003cae:	0000                	unimp
80003cb0:	3400                	.insn	2, 0x3400
80003cb2:	0000                	unimp
80003cb4:	00019b7b          	.insn	4, 0x00019b7b
80003cb8:	5476                	lw	s0,124(sp)
80003cba:	0002                	c.slli64	zero
80003cbc:	a798                	.insn	2, 0xa798
80003cbe:	12b80007          	.insn	4, 0x12b80007
80003cc2:	0002                	c.slli64	zero
80003cc4:	cc65                	beqz	s0,80003dbc <verify_data+0x140>
80003cc6:	0000                	unimp
80003cc8:	cf34                	sw	a3,88(a4)
80003cca:	0001                	nop
80003ccc:	baa0                	.insn	2, 0xbaa0
80003cce:	0002                	c.slli64	zero
80003cd0:	4180                	lw	s0,0(a1)
80003cd2:	0002                	c.slli64	zero
80003cd4:	082e                	sll	a6,a6,0xb
80003cd6:	0000                	unimp
80003cd8:	b3ac                	.insn	2, 0xb3ac
80003cda:	0008                	.insn	2, 0x0008
80003cdc:	000200c7          	.insn	4, 0x000200c7
80003ce0:	00014f07          	.insn	4, 0x00014f07
80003ce4:	4a4a                	lw	s4,144(sp)
80003ce6:	000c                	.insn	2, 0x000c
80003ce8:	0006783b          	.insn	4, 0x0006783b
80003cec:	4cb0                	lw	a2,88(s1)
80003cee:	0005                	c.nop	1
80003cf0:	e45c                	.insn	2, 0xe45c
80003cf2:	0005                	c.nop	1
80003cf4:	cbb0                	sw	a2,80(a5)
80003cf6:	0002                	c.slli64	zero
80003cf8:	719c                	.insn	2, 0x719c
80003cfa:	0001                	nop
80003cfc:	7240                	.insn	2, 0x7240
80003cfe:	0008                	.insn	2, 0x0008
80003d00:	1938                	add	a4,sp,184
80003d02:	0000                	unimp
80003d04:	a4aa                	.insn	2, 0xa4aa
80003d06:	0001                	nop
80003d08:	6e74                	.insn	2, 0x6e74
80003d0a:	0009                	c.nop	2
80003d0c:	58d4                	lw	a3,52(s1)
80003d0e:	0001                	nop
80003d10:	0bb8                	add	a4,sp,472
80003d12:	0000                	unimp
80003d14:	16a8                	add	a0,sp,872
80003d16:	0001                	nop
80003d18:	de94                	sw	a3,56(a3)
80003d1a:	0004                	.insn	2, 0x0004
80003d1c:	1b6c                	add	a1,sp,444
80003d1e:	c3500003          	lb	zero,-971(zero) # fffffc35 <__global_pointer$+0x7fffb629>
80003d22:	0000                	unimp
80003d24:	640e                	.insn	2, 0x640e
80003d26:	0002                	c.slli64	zero
80003d28:	bf80                	.insn	2, 0xbf80
80003d2a:	0005                	c.nop	1
80003d2c:	0d69                	add	s10,s10,26
80003d2e:	0004                	.insn	2, 0x0004
80003d30:	69a1                	lui	s3,0x8
80003d32:	9f340007          	.insn	4, 0x9f340007
80003d36:	0002                	c.slli64	zero
80003d38:	2780                	.insn	2, 0x2780
80003d3a:	0005                	c.nop	1
80003d3c:	2944                	.insn	2, 0x2944
80003d3e:	0002                	c.slli64	zero
80003d40:	6e48                	.insn	2, 0x6e48
80003d42:	0004                	.insn	2, 0x0004
80003d44:	7586                	.insn	2, 0x7586
80003d46:	a6fe0007          	.insn	4, 0xa6fe0007
80003d4a:	0000                	unimp
80003d4c:	068c                	add	a1,sp,832
80003d4e:	0009                	c.nop	2
80003d50:	95a0                	.insn	2, 0x95a0
80003d52:	0006                	c.slli	zero,0x1
80003d54:	d198                	sw	a4,32(a1)
80003d56:	0001                	nop
80003d58:	abd8                	.insn	2, 0xabd8
80003d5a:	0000                	unimp
80003d5c:	9ec0                	.insn	2, 0x9ec0
80003d5e:	0001                	nop
80003d60:	74f0                	.insn	2, 0x74f0
80003d62:	0001                	nop
80003d64:	693a                	.insn	2, 0x693a
80003d66:	000d                	c.nop	3
80003d68:	2038                	.insn	2, 0x2038
80003d6a:	0002                	c.slli64	zero
80003d6c:	5e60                	lw	s0,124(a2)
80003d6e:	0002                	c.slli64	zero
80003d70:	60aa                	.insn	2, 0x60aa
80003d72:	0006                	c.slli	zero,0x1
80003d74:	087f 0001 5005 0001 	.insn	10, 0xe7ad000150050001087f
80003d7c:	e7ad 
80003d7e:	0001                	nop
80003d80:	b528                	.insn	2, 0xb528
80003d82:	0000                	unimp
80003d84:	96d0                	.insn	2, 0x96d0
80003d86:	0002                	c.slli64	zero
80003d88:	199f 0003 8153      	.insn	6, 0x81530003199f
80003d8e:	0004                	.insn	2, 0x0004
80003d90:	202c                	.insn	2, 0x202c
80003d92:	0008                	.insn	2, 0x0008
80003d94:	3ee2                	.insn	2, 0x3ee2
80003d96:	95570003          	lb	zero,-1707(a4) # fff955 <buflen.1+0xfff915>
80003d9a:	0004                	.insn	2, 0x0004
80003d9c:	8c39                	xor	s0,s0,a4
80003d9e:	0db00003          	lb	zero,219(zero) # db <buflen.1+0x9b>
80003da2:	0006                	c.slli	zero,0x1
80003da4:	c976                	sw	t4,144(sp)
80003da6:	0002                	c.slli64	zero
80003da8:	d370                	sw	a2,100(a4)
80003daa:	000a                	c.slli	zero,0x2
80003dac:	178d                	add	a5,a5,-29
80003dae:	0001                	nop
80003db0:	bad0                	.insn	2, 0xbad0
80003db2:	0006                	c.slli	zero,0x1
80003db4:	7146                	.insn	2, 0x7146
80003db6:	0000                	unimp
80003db8:	cc7c                	sw	a5,92(s0)
80003dba:	0000                	unimp
80003dbc:	6118                	.insn	2, 0x6118
80003dbe:	0002                	c.slli64	zero
80003dc0:	5dd8                	lw	a4,60(a1)
80003dc2:	000e                	c.slli	zero,0x3
80003dc4:	3776                	.insn	2, 0x3776
80003dc6:	0000                	unimp
80003dc8:	4ee0                	lw	s0,92(a3)
80003dca:	10a90003          	lb	zero,266(s2)
80003dce:	0005                	c.nop	1
80003dd0:	99e8                	.insn	2, 0x99e8
80003dd2:	ce100007          	.insn	4, 0xce100007
80003dd6:	0005                	c.nop	1
80003dd8:	bb3c                	.insn	2, 0xbb3c
80003dda:	c31c0007          	.insn	4, 0xc31c0007
80003dde:	0004                	.insn	2, 0x0004
80003de0:	fb50                	.insn	2, 0xfb50
80003de2:	0002                	c.slli64	zero
80003de4:	e6b5                	bnez	a3,80003e50 <_end+0x10>
80003de6:	0001                	nop
80003de8:	a80e                	.insn	2, 0xa80e
80003dea:	0001                	nop
80003dec:	c99f 0007 4ea8      	.insn	6, 0x4ea80007c99f
80003df2:	0002                	c.slli64	zero
80003df4:	71b8                	.insn	2, 0x71b8
80003df6:	26a9000b          	.insn	4, 0x26a9000b
80003dfa:	0001                	nop
80003dfc:	000b0883          	lb	a7,0(s6)
80003e00:	3be0                	.insn	2, 0x3be0
80003e02:	d5270003          	lb	zero,-686(a4)
80003e06:	f7300003          	lb	zero,-141(zero) # ffffff73 <__global_pointer$+0x7fffb967>
80003e0a:	0001                	nop
