
qsort.riscv:     file format elf32-littleriscv


Disassembly of section .text.init:

80000000 <_start>:
80000000:	4081                	li	ra,0
80000002:	4101                	li	sp,0
80000004:	4181                	li	gp,0
80000006:	4201                	li	tp,0
80000008:	4281                	li	t0,0
8000000a:	4301                	li	t1,0
8000000c:	4381                	li	t2,0
8000000e:	4401                	li	s0,0
80000010:	4481                	li	s1,0
80000012:	4501                	li	a0,0
80000014:	4581                	li	a1,0
80000016:	4601                	li	a2,0
80000018:	4681                	li	a3,0
8000001a:	4701                	li	a4,0
8000001c:	4781                	li	a5,0
8000001e:	4801                	li	a6,0
80000020:	4881                	li	a7,0
80000022:	4901                	li	s2,0
80000024:	4981                	li	s3,0
80000026:	4a01                	li	s4,0
80000028:	4a81                	li	s5,0
8000002a:	4b01                	li	s6,0
8000002c:	4b81                	li	s7,0
8000002e:	4c01                	li	s8,0
80000030:	4c81                	li	s9,0
80000032:	4d01                	li	s10,0
80000034:	4d81                	li	s11,0
80000036:	4e01                	li	t3,0
80000038:	4e81                	li	t4,0
8000003a:	4f01                	li	t5,0
8000003c:	4f81                	li	t6,0
8000003e:	62f9                	lui	t0,0x1e
80000040:	60028293          	add	t0,t0,1536 # 1e600 <buflen.1+0x1e5c0>
80000044:	3002a073          	csrs	mstatus,t0
80000048:	4285                	li	t0,1
8000004a:	02fe                	sll	t0,t0,0x1f
8000004c:	0002c863          	bltz	t0,8000005c <_start+0x5c>
80000050:	4505                	li	a0,1
80000052:	00001297          	auipc	t0,0x1
80000056:	faa2a723          	sw	a0,-82(t0) # 80001000 <tohost>
8000005a:	bfdd                	j	80000050 <_start+0x50>
8000005c:	00000297          	auipc	t0,0x0
80000060:	03828293          	add	t0,t0,56 # 80000094 <trap_entry>
80000064:	30529073          	csrw	mtvec,t0
80000068:	00008197          	auipc	gp,0x8
8000006c:	1bc18193          	add	gp,gp,444 # 80008224 <__global_pointer$>
80000070:	85b18213          	add	tp,gp,-1957 # 80007a7f <_end+0x3f>
80000074:	fc027213          	and	tp,tp,-64
80000078:	f1402573          	csrr	a0,mhartid
8000007c:	4585                	li	a1,1
8000007e:	00b57063          	bgeu	a0,a1,8000007e <_start+0x7e>
80000082:	00150113          	add	sp,a0,1
80000086:	0146                	sll	sp,sp,0x11
80000088:	9112                	add	sp,sp,tp
8000008a:	01151613          	sll	a2,a0,0x11
8000008e:	9232                	add	tp,tp,a2
80000090:	7f60206f          	j	80002886 <_init>

80000094 <trap_entry>:
80000094:	716d                	add	sp,sp,-272
80000096:	c206                	sw	ra,4(sp)
80000098:	c40a                	sw	sp,8(sp)
8000009a:	c60e                	sw	gp,12(sp)
8000009c:	c812                	sw	tp,16(sp)
8000009e:	ca16                	sw	t0,20(sp)
800000a0:	cc1a                	sw	t1,24(sp)
800000a2:	ce1e                	sw	t2,28(sp)
800000a4:	d022                	sw	s0,32(sp)
800000a6:	d226                	sw	s1,36(sp)
800000a8:	d42a                	sw	a0,40(sp)
800000aa:	d62e                	sw	a1,44(sp)
800000ac:	d832                	sw	a2,48(sp)
800000ae:	da36                	sw	a3,52(sp)
800000b0:	dc3a                	sw	a4,56(sp)
800000b2:	de3e                	sw	a5,60(sp)
800000b4:	c0c2                	sw	a6,64(sp)
800000b6:	c2c6                	sw	a7,68(sp)
800000b8:	c4ca                	sw	s2,72(sp)
800000ba:	c6ce                	sw	s3,76(sp)
800000bc:	c8d2                	sw	s4,80(sp)
800000be:	cad6                	sw	s5,84(sp)
800000c0:	ccda                	sw	s6,88(sp)
800000c2:	cede                	sw	s7,92(sp)
800000c4:	d0e2                	sw	s8,96(sp)
800000c6:	d2e6                	sw	s9,100(sp)
800000c8:	d4ea                	sw	s10,104(sp)
800000ca:	d6ee                	sw	s11,108(sp)
800000cc:	d8f2                	sw	t3,112(sp)
800000ce:	daf6                	sw	t4,116(sp)
800000d0:	dcfa                	sw	t5,120(sp)
800000d2:	defe                	sw	t6,124(sp)
800000d4:	34202573          	csrr	a0,mcause
800000d8:	341025f3          	csrr	a1,mepc
800000dc:	860a                	mv	a2,sp
800000de:	4aa020ef          	jal	80002588 <handle_trap>
800000e2:	34151073          	csrw	mepc,a0
800000e6:	6289                	lui	t0,0x2
800000e8:	80028293          	add	t0,t0,-2048 # 1800 <buflen.1+0x17c0>
800000ec:	3002a073          	csrs	mstatus,t0
800000f0:	4092                	lw	ra,4(sp)
800000f2:	4122                	lw	sp,8(sp)
800000f4:	41b2                	lw	gp,12(sp)
800000f6:	4242                	lw	tp,16(sp)
800000f8:	42d2                	lw	t0,20(sp)
800000fa:	4362                	lw	t1,24(sp)
800000fc:	43f2                	lw	t2,28(sp)
800000fe:	5402                	lw	s0,32(sp)
80000100:	5492                	lw	s1,36(sp)
80000102:	5522                	lw	a0,40(sp)
80000104:	55b2                	lw	a1,44(sp)
80000106:	5642                	lw	a2,48(sp)
80000108:	56d2                	lw	a3,52(sp)
8000010a:	5762                	lw	a4,56(sp)
8000010c:	57f2                	lw	a5,60(sp)
8000010e:	4806                	lw	a6,64(sp)
80000110:	4896                	lw	a7,68(sp)
80000112:	4926                	lw	s2,72(sp)
80000114:	49b6                	lw	s3,76(sp)
80000116:	4a46                	lw	s4,80(sp)
80000118:	4ad6                	lw	s5,84(sp)
8000011a:	4b66                	lw	s6,88(sp)
8000011c:	4bf6                	lw	s7,92(sp)
8000011e:	5c06                	lw	s8,96(sp)
80000120:	5c96                	lw	s9,100(sp)
80000122:	5d26                	lw	s10,104(sp)
80000124:	5db6                	lw	s11,108(sp)
80000126:	5e46                	lw	t3,112(sp)
80000128:	5ed6                	lw	t4,116(sp)
8000012a:	5f66                	lw	t5,120(sp)
8000012c:	5ff6                	lw	t6,124(sp)
8000012e:	6151                	add	sp,sp,272
80000130:	30200073          	mret
80000134:	0000                	unimp

Disassembly of section .text:

80002000 <verify.constprop.0>:
80002000:	87aa                	mv	a5,a0
80002002:	00004717          	auipc	a4,0x4
80002006:	a2270713          	add	a4,a4,-1502 # 80005a24 <input_data>
8000200a:	4501                	li	a0,0
8000200c:	28b01893          	bset	a7,zero,0xb
80002010:	a801                	j	80002020 <verify.constprop.0+0x20>
80002012:	0509                	add	a0,a0,2
80002014:	02b81063          	bne	a6,a1,80002034 <verify.constprop.0+0x34>
80002018:	0721                	add	a4,a4,8
8000201a:	07a1                	add	a5,a5,8
8000201c:	01150b63          	beq	a0,a7,80002032 <verify.constprop.0+0x32>
80002020:	4310                	lw	a2,0(a4)
80002022:	4394                	lw	a3,0(a5)
80002024:	00472803          	lw	a6,4(a4)
80002028:	43cc                	lw	a1,4(a5)
8000202a:	fed604e3          	beq	a2,a3,80002012 <verify.constprop.0+0x12>
8000202e:	0505                	add	a0,a0,1
80002030:	8082                	ret
80002032:	4501                	li	a0,0
80002034:	8082                	ret

80002036 <sort>:
80002036:	7155                	add	sp,sp,-208
80002038:	00810f13          	add	t5,sp,8
8000203c:	40000fb7          	lui	t6,0x40000
80002040:	8eae                	mv	t4,a1
80002042:	837a                	mv	t1,t5
80002044:	0591                	add	a1,a1,4
80002046:	02400e13          	li	t3,36
8000204a:	1ffd                	add	t6,t6,-1 # 3fffffff <buflen.1+0x3fffffbf>
8000204c:	21d548b3          	sh2add	a7,a0,t4
80002050:	40b887b3          	sub	a5,a7,a1
80002054:	04fe4063          	blt	t3,a5,80002094 <sort+0x5e>
80002058:	ffc58613          	add	a2,a1,-4
8000205c:	0315f163          	bgeu	a1,a7,8000207e <sort+0x48>
80002060:	4194                	lw	a3,0(a1)
80002062:	87ae                	mv	a5,a1
80002064:	a029                	j	8000206e <sort+0x38>
80002066:	c398                	sw	a4,0(a5)
80002068:	17f1                	add	a5,a5,-4
8000206a:	00f60663          	beq	a2,a5,80002076 <sort+0x40>
8000206e:	ffc7a703          	lw	a4,-4(a5)
80002072:	fee6cae3          	blt	a3,a4,80002066 <sort+0x30>
80002076:	c394                	sw	a3,0(a5)
80002078:	0591                	add	a1,a1,4
8000207a:	ff15e3e3          	bltu	a1,a7,80002060 <sort+0x2a>
8000207e:	0de30c63          	beq	t1,t5,80002156 <sort+0x120>
80002082:	00032883          	lw	a7,0(t1)
80002086:	ffc32583          	lw	a1,-4(t1)
8000208a:	1361                	add	t1,t1,-8
8000208c:	40b887b3          	sub	a5,a7,a1
80002090:	fcfe54e3          	bge	t3,a5,80002058 <sort+0x22>
80002094:	41d58733          	sub	a4,a1,t4
80002098:	41d887b3          	sub	a5,a7,t4
8000209c:	8789                	sra	a5,a5,0x2
8000209e:	8709                	sra	a4,a4,0x2
800020a0:	973e                	add	a4,a4,a5
800020a2:	01f75793          	srl	a5,a4,0x1f
800020a6:	97ba                	add	a5,a5,a4
800020a8:	8785                	sra	a5,a5,0x1
800020aa:	4198                	lw	a4,0(a1)
800020ac:	97fe                	add	a5,a5,t6
800020ae:	21d7c7b3          	sh2add	a5,a5,t4
800020b2:	4394                	lw	a3,0(a5)
800020b4:	c398                	sw	a4,0(a5)
800020b6:	ffc5a703          	lw	a4,-4(a1)
800020ba:	c194                	sw	a3,0(a1)
800020bc:	ffc8a783          	lw	a5,-4(a7)
800020c0:	00e7d863          	bge	a5,a4,800020d0 <sort+0x9a>
800020c4:	fef5ae23          	sw	a5,-4(a1)
800020c8:	fee8ae23          	sw	a4,-4(a7)
800020cc:	4194                	lw	a3,0(a1)
800020ce:	87ba                	mv	a5,a4
800020d0:	00d7d663          	bge	a5,a3,800020dc <sort+0xa6>
800020d4:	c19c                	sw	a5,0(a1)
800020d6:	fed8ae23          	sw	a3,-4(a7)
800020da:	4194                	lw	a3,0(a1)
800020dc:	ffc5a783          	lw	a5,-4(a1)
800020e0:	00f6d663          	bge	a3,a5,800020ec <sort+0xb6>
800020e4:	fed5ae23          	sw	a3,-4(a1)
800020e8:	c19c                	sw	a5,0(a1)
800020ea:	86be                	mv	a3,a5
800020ec:	00458513          	add	a0,a1,4
800020f0:	87c6                	mv	a5,a7
800020f2:	00052803          	lw	a6,0(a0)
800020f6:	0511                	add	a0,a0,4
800020f8:	fed84de3          	blt	a6,a3,800020f2 <sort+0xbc>
800020fc:	ff87a703          	lw	a4,-8(a5)
80002100:	863e                	mv	a2,a5
80002102:	17f1                	add	a5,a5,-4
80002104:	fee6cce3          	blt	a3,a4,800020fc <sort+0xc6>
80002108:	00a7e763          	bltu	a5,a0,80002116 <sort+0xe0>
8000210c:	fee52e23          	sw	a4,-4(a0)
80002110:	ff07ae23          	sw	a6,-4(a5)
80002114:	bff9                	j	800020f2 <sort+0xbc>
80002116:	40a88833          	sub	a6,a7,a0
8000211a:	c198                	sw	a4,0(a1)
8000211c:	40285713          	sra	a4,a6,0x2
80002120:	40b78833          	sub	a6,a5,a1
80002124:	fed7ae23          	sw	a3,-4(a5)
80002128:	00170793          	add	a5,a4,1
8000212c:	40285713          	sra	a4,a6,0x2
80002130:	00830693          	add	a3,t1,8
80002134:	1661                	add	a2,a2,-8
80002136:	00e7c963          	blt	a5,a4,80002148 <sort+0x112>
8000213a:	01132423          	sw	a7,8(t1)
8000213e:	00a32223          	sw	a0,4(t1)
80002142:	88b2                	mv	a7,a2
80002144:	8336                	mv	t1,a3
80002146:	b729                	j	80002050 <sort+0x1a>
80002148:	00b32223          	sw	a1,4(t1)
8000214c:	00c32423          	sw	a2,8(t1)
80002150:	85aa                	mv	a1,a0
80002152:	8336                	mv	t1,a3
80002154:	bdf5                	j	80002050 <sort+0x1a>
80002156:	6169                	add	sp,sp,208
80002158:	8082                	ret

8000215a <cputchar>:
8000215a:	fffff697          	auipc	a3,0xfffff
8000215e:	ea668693          	add	a3,a3,-346 # 80001000 <tohost>
80002162:	0ff57713          	zext.b	a4,a0
80002166:	010107b7          	lui	a5,0x1010
8000216a:	c298                	sw	a4,0(a3)
8000216c:	c2dc                	sw	a5,4(a3)
8000216e:	0000100f          	fence.i
80002172:	8082                	ret

80002174 <vprintfmt>:
80002174:	714d                	add	sp,sp,-336
80002176:	14812423          	sw	s0,328(sp)
8000217a:	15212023          	sw	s2,320(sp)
8000217e:	13312e23          	sw	s3,316(sp)
80002182:	13512a23          	sw	s5,308(sp)
80002186:	14112623          	sw	ra,332(sp)
8000218a:	14912223          	sw	s1,324(sp)
8000218e:	13412c23          	sw	s4,312(sp)
80002192:	13712623          	sw	s7,300(sp)
80002196:	13812423          	sw	s8,296(sp)
8000219a:	13a12023          	sw	s10,288(sp)
8000219e:	11b12e23          	sw	s11,284(sp)
800021a2:	89aa                	mv	s3,a0
800021a4:	892e                	mv	s2,a1
800021a6:	8432                	mv	s0,a2
800021a8:	c636                	sw	a3,12(sp)
800021aa:	02500a93          	li	s5,37
800021ae:	a029                	j	800021b8 <vprintfmt+0x44>
800021b0:	c531                	beqz	a0,800021fc <vprintfmt+0x88>
800021b2:	85ca                	mv	a1,s2
800021b4:	0405                	add	s0,s0,1
800021b6:	9982                	jalr	s3
800021b8:	00044503          	lbu	a0,0(s0)
800021bc:	ff551ae3          	bne	a0,s5,800021b0 <vprintfmt+0x3c>
800021c0:	00144683          	lbu	a3,1(s0)
800021c4:	00140a13          	add	s4,s0,1
800021c8:	02000793          	li	a5,32
800021cc:	8752                	mv	a4,s4
800021ce:	c43e                	sw	a5,8(sp)
800021d0:	54fd                	li	s1,-1
800021d2:	5c7d                	li	s8,-1
800021d4:	4601                	li	a2,0
800021d6:	fdd68793          	add	a5,a3,-35
800021da:	0ff7f793          	zext.b	a5,a5
800021de:	05500593          	li	a1,85
800021e2:	00170413          	add	s0,a4,1
800021e6:	06f5e163          	bltu	a1,a5,80002248 <vprintfmt+0xd4>
800021ea:	00001597          	auipc	a1,0x1
800021ee:	59258593          	add	a1,a1,1426 # 8000377c <main+0xf0>
800021f2:	20b7c7b3          	sh2add	a5,a5,a1
800021f6:	439c                	lw	a5,0(a5)
800021f8:	97ae                	add	a5,a5,a1
800021fa:	8782                	jr	a5
800021fc:	14c12083          	lw	ra,332(sp)
80002200:	14812403          	lw	s0,328(sp)
80002204:	14412483          	lw	s1,324(sp)
80002208:	14012903          	lw	s2,320(sp)
8000220c:	13c12983          	lw	s3,316(sp)
80002210:	13812a03          	lw	s4,312(sp)
80002214:	13412a83          	lw	s5,308(sp)
80002218:	12c12b83          	lw	s7,300(sp)
8000221c:	12812c03          	lw	s8,296(sp)
80002220:	12012d03          	lw	s10,288(sp)
80002224:	11c12d83          	lw	s11,284(sp)
80002228:	6171                	add	sp,sp,336
8000222a:	8082                	ret
8000222c:	c436                	sw	a3,8(sp)
8000222e:	00174683          	lbu	a3,1(a4)
80002232:	05500593          	li	a1,85
80002236:	8722                	mv	a4,s0
80002238:	fdd68793          	add	a5,a3,-35
8000223c:	0ff7f793          	zext.b	a5,a5
80002240:	00170413          	add	s0,a4,1
80002244:	faf5f3e3          	bgeu	a1,a5,800021ea <vprintfmt+0x76>
80002248:	85ca                	mv	a1,s2
8000224a:	02500513          	li	a0,37
8000224e:	9982                	jalr	s3
80002250:	8452                	mv	s0,s4
80002252:	b79d                	j	800021b8 <vprintfmt+0x44>
80002254:	00174783          	lbu	a5,1(a4)
80002258:	4725                	li	a4,9
8000225a:	fd068493          	add	s1,a3,-48
8000225e:	fd078593          	add	a1,a5,-48 # 100ffd0 <buflen.1+0x100ff90>
80002262:	86be                	mv	a3,a5
80002264:	2ab76863          	bltu	a4,a1,80002514 <vprintfmt+0x3a0>
80002268:	8722                	mv	a4,s0
8000226a:	4525                	li	a0,9
8000226c:	0705                	add	a4,a4,1
8000226e:	2094c4b3          	sh2add	s1,s1,s1
80002272:	20f4a4b3          	sh1add	s1,s1,a5
80002276:	00074783          	lbu	a5,0(a4)
8000227a:	fd048493          	add	s1,s1,-48
8000227e:	fd078593          	add	a1,a5,-48
80002282:	86be                	mv	a3,a5
80002284:	feb574e3          	bgeu	a0,a1,8000226c <vprintfmt+0xf8>
80002288:	f40c57e3          	bgez	s8,800021d6 <vprintfmt+0x62>
8000228c:	8c26                	mv	s8,s1
8000228e:	54fd                	li	s1,-1
80002290:	b799                	j	800021d6 <vprintfmt+0x62>
80002292:	00174683          	lbu	a3,1(a4)
80002296:	8722                	mv	a4,s0
80002298:	bf3d                	j	800021d6 <vprintfmt+0x62>
8000229a:	85ca                	mv	a1,s2
8000229c:	02500513          	li	a0,37
800022a0:	9982                	jalr	s3
800022a2:	bf19                	j	800021b8 <vprintfmt+0x44>
800022a4:	47b2                	lw	a5,12(sp)
800022a6:	00174683          	lbu	a3,1(a4)
800022aa:	8722                	mv	a4,s0
800022ac:	4384                	lw	s1,0(a5)
800022ae:	0791                	add	a5,a5,4
800022b0:	c63e                	sw	a5,12(sp)
800022b2:	bfd9                	j	80002288 <vprintfmt+0x114>
800022b4:	85ca                	mv	a1,s2
800022b6:	03000513          	li	a0,48
800022ba:	13612823          	sw	s6,304(sp)
800022be:	9982                	jalr	s3
800022c0:	85ca                	mv	a1,s2
800022c2:	07800513          	li	a0,120
800022c6:	9982                	jalr	s3
800022c8:	47b2                	lw	a5,12(sp)
800022ca:	4bc1                	li	s7,16
800022cc:	4d81                	li	s11,0
800022ce:	00478713          	add	a4,a5,4
800022d2:	47b2                	lw	a5,12(sp)
800022d4:	4d01                	li	s10,0
800022d6:	4384                	lw	s1,0(a5)
800022d8:	c63a                	sw	a4,12(sp)
800022da:	865e                	mv	a2,s7
800022dc:	4681                	li	a3,0
800022de:	8526                	mv	a0,s1
800022e0:	85ea                	mv	a1,s10
800022e2:	7c7000ef          	jal	800032a8 <__umoddi3>
800022e6:	c82a                	sw	a0,16(sp)
800022e8:	1dad8c63          	beq	s11,s10,800024c0 <vprintfmt+0x34c>
800022ec:	13912223          	sw	s9,292(sp)
800022f0:	4b05                	li	s6,1
800022f2:	01410c93          	add	s9,sp,20
800022f6:	865e                	mv	a2,s7
800022f8:	4681                	li	a3,0
800022fa:	8526                	mv	a0,s1
800022fc:	85ea                	mv	a1,s10
800022fe:	37b000ef          	jal	80002e78 <__udivdi3>
80002302:	865e                	mv	a2,s7
80002304:	4681                	li	a3,0
80002306:	84aa                	mv	s1,a0
80002308:	8d2e                	mv	s10,a1
8000230a:	79f000ef          	jal	800032a8 <__umoddi3>
8000230e:	00aca023          	sw	a0,0(s9)
80002312:	8a5a                	mv	s4,s6
80002314:	0c91                	add	s9,s9,4
80002316:	0b05                	add	s6,s6,1
80002318:	fdad9fe3          	bne	s11,s10,800022f6 <vprintfmt+0x182>
8000231c:	fd74fde3          	bgeu	s1,s7,800022f6 <vprintfmt+0x182>
80002320:	12412c83          	lw	s9,292(sp)
80002324:	fffc0b93          	add	s7,s8,-1
80002328:	fffb0493          	add	s1,s6,-1
8000232c:	018b5863          	bge	s6,s8,8000233c <vprintfmt+0x1c8>
80002330:	4522                	lw	a0,8(sp)
80002332:	85ca                	mv	a1,s2
80002334:	1bfd                	add	s7,s7,-1
80002336:	9982                	jalr	s3
80002338:	fe9b9ce3          	bne	s7,s1,80002330 <vprintfmt+0x1bc>
8000233c:	0804                	add	s1,sp,16
8000233e:	4b25                	li	s6,9
80002340:	209a4a33          	sh2add	s4,s4,s1
80002344:	a011                	j	80002348 <vprintfmt+0x1d4>
80002346:	8a3e                	mv	s4,a5
80002348:	000a2783          	lw	a5,0(s4)
8000234c:	03000513          	li	a0,48
80002350:	00fb7463          	bgeu	s6,a5,80002358 <vprintfmt+0x1e4>
80002354:	05700513          	li	a0,87
80002358:	953e                	add	a0,a0,a5
8000235a:	85ca                	mv	a1,s2
8000235c:	9982                	jalr	s3
8000235e:	ffca0793          	add	a5,s4,-4
80002362:	ff4492e3          	bne	s1,s4,80002346 <vprintfmt+0x1d2>
80002366:	13012b03          	lw	s6,304(sp)
8000236a:	b5b9                	j	800021b8 <vprintfmt+0x44>
8000236c:	13612823          	sw	s6,304(sp)
80002370:	4785                	li	a5,1
80002372:	14c7cc63          	blt	a5,a2,800024ca <vprintfmt+0x356>
80002376:	47b2                	lw	a5,12(sp)
80002378:	4384                	lw	s1,0(a5)
8000237a:	0791                	add	a5,a5,4
8000237c:	c63e                	sw	a5,12(sp)
8000237e:	41f4dd13          	sra	s10,s1,0x1f
80002382:	000d5e63          	bgez	s10,8000239e <vprintfmt+0x22a>
80002386:	85ca                	mv	a1,s2
80002388:	02d00513          	li	a0,45
8000238c:	9982                	jalr	s3
8000238e:	00903733          	snez	a4,s1
80002392:	41a007b3          	neg	a5,s10
80002396:	409004b3          	neg	s1,s1
8000239a:	40e78d33          	sub	s10,a5,a4
8000239e:	4ba9                	li	s7,10
800023a0:	4d81                	li	s11,0
800023a2:	bf25                	j	800022da <vprintfmt+0x166>
800023a4:	00174683          	lbu	a3,1(a4)
800023a8:	0605                	add	a2,a2,1
800023aa:	8722                	mv	a4,s0
800023ac:	b52d                	j	800021d6 <vprintfmt+0x62>
800023ae:	13612823          	sw	s6,304(sp)
800023b2:	4bc1                	li	s7,16
800023b4:	4d81                	li	s11,0
800023b6:	4785                	li	a5,1
800023b8:	0ec7c363          	blt	a5,a2,8000249e <vprintfmt+0x32a>
800023bc:	47b2                	lw	a5,12(sp)
800023be:	00478713          	add	a4,a5,4
800023c2:	bf01                	j	800022d2 <vprintfmt+0x15e>
800023c4:	47b2                	lw	a5,12(sp)
800023c6:	13912223          	sw	s9,292(sp)
800023ca:	0007aa03          	lw	s4,0(a5)
800023ce:	00478c93          	add	s9,a5,4
800023d2:	040a0a63          	beqz	s4,80002426 <vprintfmt+0x2b2>
800023d6:	09805c63          	blez	s8,8000246e <vprintfmt+0x2fa>
800023da:	4722                	lw	a4,8(sp)
800023dc:	02d00793          	li	a5,45
800023e0:	06f71063          	bne	a4,a5,80002440 <vprintfmt+0x2cc>
800023e4:	000a4503          	lbu	a0,0(s4)
800023e8:	c505                	beqz	a0,80002410 <vprintfmt+0x29c>
800023ea:	13612823          	sw	s6,304(sp)
800023ee:	5b7d                	li	s6,-1
800023f0:	0004c563          	bltz	s1,800023fa <vprintfmt+0x286>
800023f4:	14fd                	add	s1,s1,-1
800023f6:	01648963          	beq	s1,s6,80002408 <vprintfmt+0x294>
800023fa:	85ca                	mv	a1,s2
800023fc:	9982                	jalr	s3
800023fe:	001a4503          	lbu	a0,1(s4)
80002402:	1c7d                	add	s8,s8,-1
80002404:	0a05                	add	s4,s4,1
80002406:	f56d                	bnez	a0,800023f0 <vprintfmt+0x27c>
80002408:	13012b03          	lw	s6,304(sp)
8000240c:	01805963          	blez	s8,8000241e <vprintfmt+0x2aa>
80002410:	85ca                	mv	a1,s2
80002412:	02000513          	li	a0,32
80002416:	1c7d                	add	s8,s8,-1
80002418:	9982                	jalr	s3
8000241a:	fe0c1be3          	bnez	s8,80002410 <vprintfmt+0x29c>
8000241e:	c666                	sw	s9,12(sp)
80002420:	12412c83          	lw	s9,292(sp)
80002424:	bb51                	j	800021b8 <vprintfmt+0x44>
80002426:	0d805d63          	blez	s8,80002500 <vprintfmt+0x38c>
8000242a:	4722                	lw	a4,8(sp)
8000242c:	02d00793          	li	a5,45
80002430:	00001a17          	auipc	s4,0x1
80002434:	2cca0a13          	add	s4,s4,716 # 800036fc <main+0x70>
80002438:	02800513          	li	a0,40
8000243c:	faf707e3          	beq	a4,a5,800023ea <vprintfmt+0x276>
80002440:	87d2                	mv	a5,s4
80002442:	009a06b3          	add	a3,s4,s1
80002446:	e489                	bnez	s1,80002450 <vprintfmt+0x2dc>
80002448:	a829                	j	80002462 <vprintfmt+0x2ee>
8000244a:	0785                	add	a5,a5,1
8000244c:	00d78563          	beq	a5,a3,80002456 <vprintfmt+0x2e2>
80002450:	0007c703          	lbu	a4,0(a5)
80002454:	fb7d                	bnez	a4,8000244a <vprintfmt+0x2d6>
80002456:	414787b3          	sub	a5,a5,s4
8000245a:	40fc0c33          	sub	s8,s8,a5
8000245e:	01805863          	blez	s8,8000246e <vprintfmt+0x2fa>
80002462:	4522                	lw	a0,8(sp)
80002464:	85ca                	mv	a1,s2
80002466:	1c7d                	add	s8,s8,-1
80002468:	9982                	jalr	s3
8000246a:	fe0c1ce3          	bnez	s8,80002462 <vprintfmt+0x2ee>
8000246e:	000a4503          	lbu	a0,0(s4)
80002472:	d555                	beqz	a0,8000241e <vprintfmt+0x2aa>
80002474:	13612823          	sw	s6,304(sp)
80002478:	bf9d                	j	800023ee <vprintfmt+0x27a>
8000247a:	00174683          	lbu	a3,1(a4)
8000247e:	0a0c6c33          	max	s8,s8,zero
80002482:	8722                	mv	a4,s0
80002484:	bb89                	j	800021d6 <vprintfmt+0x62>
80002486:	47b2                	lw	a5,12(sp)
80002488:	13912223          	sw	s9,292(sp)
8000248c:	85ca                	mv	a1,s2
8000248e:	4388                	lw	a0,0(a5)
80002490:	00478c93          	add	s9,a5,4
80002494:	9982                	jalr	s3
80002496:	c666                	sw	s9,12(sp)
80002498:	12412c83          	lw	s9,292(sp)
8000249c:	bb31                	j	800021b8 <vprintfmt+0x44>
8000249e:	47b2                	lw	a5,12(sp)
800024a0:	13912223          	sw	s9,292(sp)
800024a4:	00778c93          	add	s9,a5,7
800024a8:	ff8cfc93          	and	s9,s9,-8
800024ac:	008c8793          	add	a5,s9,8
800024b0:	000ca483          	lw	s1,0(s9)
800024b4:	004cad03          	lw	s10,4(s9)
800024b8:	c63e                	sw	a5,12(sp)
800024ba:	12412c83          	lw	s9,292(sp)
800024be:	bd31                	j	800022da <vprintfmt+0x166>
800024c0:	e374f6e3          	bgeu	s1,s7,800022ec <vprintfmt+0x178>
800024c4:	4a01                	li	s4,0
800024c6:	4b05                	li	s6,1
800024c8:	bdb1                	j	80002324 <vprintfmt+0x1b0>
800024ca:	47b2                	lw	a5,12(sp)
800024cc:	13912223          	sw	s9,292(sp)
800024d0:	00778c93          	add	s9,a5,7
800024d4:	ff8cfc93          	and	s9,s9,-8
800024d8:	008c8793          	add	a5,s9,8
800024dc:	000ca483          	lw	s1,0(s9)
800024e0:	004cad03          	lw	s10,4(s9)
800024e4:	c63e                	sw	a5,12(sp)
800024e6:	12412c83          	lw	s9,292(sp)
800024ea:	bd61                	j	80002382 <vprintfmt+0x20e>
800024ec:	13612823          	sw	s6,304(sp)
800024f0:	4ba9                	li	s7,10
800024f2:	4d81                	li	s11,0
800024f4:	b5c9                	j	800023b6 <vprintfmt+0x242>
800024f6:	13612823          	sw	s6,304(sp)
800024fa:	4ba1                	li	s7,8
800024fc:	4d81                	li	s11,0
800024fe:	bd65                	j	800023b6 <vprintfmt+0x242>
80002500:	13612823          	sw	s6,304(sp)
80002504:	00001a17          	auipc	s4,0x1
80002508:	1f8a0a13          	add	s4,s4,504 # 800036fc <main+0x70>
8000250c:	02800513          	li	a0,40
80002510:	5b7d                	li	s6,-1
80002512:	bdf9                	j	800023f0 <vprintfmt+0x27c>
80002514:	8722                	mv	a4,s0
80002516:	bb8d                	j	80002288 <vprintfmt+0x114>

80002518 <sprintf_putch.0>:
80002518:	419c                	lw	a5,0(a1)
8000251a:	00a78023          	sb	a0,0(a5)
8000251e:	419c                	lw	a5,0(a1)
80002520:	0785                	add	a5,a5,1
80002522:	c19c                	sw	a5,0(a1)
80002524:	8082                	ret

80002526 <setStats>:
80002526:	b0002773          	csrr	a4,mcycle
8000252a:	00005797          	auipc	a5,0x5
8000252e:	50278793          	add	a5,a5,1282 # 80007a2c <counters>
80002532:	c511                	beqz	a0,8000253e <setStats+0x18>
80002534:	c398                	sw	a4,0(a5)
80002536:	b0202773          	csrr	a4,minstret
8000253a:	c3d8                	sw	a4,4(a5)
8000253c:	8082                	ret
8000253e:	4390                	lw	a2,0(a5)
80002540:	00005697          	auipc	a3,0x5
80002544:	4e468693          	add	a3,a3,1252 # 80007a24 <counter_names>
80002548:	8f11                	sub	a4,a4,a2
8000254a:	00001617          	auipc	a2,0x1
8000254e:	1be60613          	add	a2,a2,446 # 80003708 <main+0x7c>
80002552:	c290                	sw	a2,0(a3)
80002554:	c398                	sw	a4,0(a5)
80002556:	b0202773          	csrr	a4,minstret
8000255a:	43d0                	lw	a2,4(a5)
8000255c:	00001597          	auipc	a1,0x1
80002560:	1b458593          	add	a1,a1,436 # 80003710 <main+0x84>
80002564:	c2cc                	sw	a1,4(a3)
80002566:	8f11                	sub	a4,a4,a2
80002568:	c3d8                	sw	a4,4(a5)
8000256a:	8082                	ret

8000256c <tohost_exit>:
8000256c:	00151693          	sll	a3,a0,0x1
80002570:	0016e713          	or	a4,a3,1
80002574:	fffff697          	auipc	a3,0xfffff
80002578:	a8c68693          	add	a3,a3,-1396 # 80001000 <tohost>
8000257c:	4781                	li	a5,0
8000257e:	c298                	sw	a4,0(a3)
80002580:	c2dc                	sw	a5,4(a3)
80002582:	0000100f          	fence.i
80002586:	a001                	j	80002586 <tohost_exit+0x1a>

80002588 <handle_trap>:
80002588:	1141                	add	sp,sp,-16
8000258a:	53900513          	li	a0,1337
8000258e:	c606                	sw	ra,12(sp)
80002590:	3ff1                	jal	8000256c <tohost_exit>

80002592 <exit>:
80002592:	1141                	add	sp,sp,-16
80002594:	c606                	sw	ra,12(sp)
80002596:	3fd9                	jal	8000256c <tohost_exit>

80002598 <abort>:
80002598:	1141                	add	sp,sp,-16
8000259a:	08600513          	li	a0,134
8000259e:	c606                	sw	ra,12(sp)
800025a0:	37f1                	jal	8000256c <tohost_exit>

800025a2 <printstr>:
800025a2:	00054783          	lbu	a5,0(a0)
800025a6:	7119                	add	sp,sp,-128
800025a8:	03f10613          	add	a2,sp,63
800025ac:	882a                	mv	a6,a0
800025ae:	fc067613          	and	a2,a2,-64
800025b2:	4881                	li	a7,0
800025b4:	cba5                	beqz	a5,80002624 <printstr+0x82>
800025b6:	87aa                	mv	a5,a0
800025b8:	0017c703          	lbu	a4,1(a5)
800025bc:	0785                	add	a5,a5,1
800025be:	ff6d                	bnez	a4,800025b8 <printstr+0x16>
800025c0:	40a78333          	sub	t1,a5,a0
800025c4:	4381                	li	t2,0
800025c6:	04000713          	li	a4,64
800025ca:	c218                	sw	a4,0(a2)
800025cc:	4781                	li	a5,0
800025ce:	c25c                	sw	a5,4(a2)
800025d0:	4705                	li	a4,1
800025d2:	c618                	sw	a4,8(a2)
800025d4:	4781                	li	a5,0
800025d6:	c65c                	sw	a5,12(a2)
800025d8:	01062823          	sw	a6,16(a2)
800025dc:	01162a23          	sw	a7,20(a2)
800025e0:	00662c23          	sw	t1,24(a2)
800025e4:	00762e23          	sw	t2,28(a2)
800025e8:	0ff0000f          	fence
800025ec:	fffff697          	auipc	a3,0xfffff
800025f0:	a1468693          	add	a3,a3,-1516 # 80001000 <tohost>
800025f4:	4781                	li	a5,0
800025f6:	c290                	sw	a2,0(a3)
800025f8:	c2dc                	sw	a5,4(a3)
800025fa:	0000100f          	fence.i
800025fe:	fffff697          	auipc	a3,0xfffff
80002602:	a4268693          	add	a3,a3,-1470 # 80001040 <fromhost>
80002606:	4298                	lw	a4,0(a3)
80002608:	42dc                	lw	a5,4(a3)
8000260a:	8f5d                	or	a4,a4,a5
8000260c:	df6d                	beqz	a4,80002606 <printstr+0x64>
8000260e:	4781                	li	a5,0
80002610:	c29c                	sw	a5,0(a3)
80002612:	4801                	li	a6,0
80002614:	0106a223          	sw	a6,4(a3)
80002618:	0ff0000f          	fence
8000261c:	4218                	lw	a4,0(a2)
8000261e:	425c                	lw	a5,4(a2)
80002620:	6109                	add	sp,sp,128
80002622:	8082                	ret
80002624:	4301                	li	t1,0
80002626:	4381                	li	t2,0
80002628:	bf79                	j	800025c6 <printstr+0x24>

8000262a <thread_entry>:
8000262a:	c111                	beqz	a0,8000262e <thread_entry+0x4>
8000262c:	a001                	j	8000262c <thread_entry+0x2>
8000262e:	8082                	ret

80002630 <putchar>:
80002630:	04022803          	lw	a6,64(tp) # 40 <buflen.1>
80002634:	00020793          	mv	a5,tp
80002638:	97c2                	add	a5,a5,a6
8000263a:	7119                	add	sp,sp,-128
8000263c:	00180713          	add	a4,a6,1
80002640:	04e22023          	sw	a4,64(tp) # 40 <buflen.1>
80002644:	00a78023          	sb	a0,0(a5)
80002648:	03f10693          	add	a3,sp,63
8000264c:	47a9                	li	a5,10
8000264e:	fc06f693          	and	a3,a3,-64
80002652:	00f50963          	beq	a0,a5,80002664 <putchar+0x34>
80002656:	04000793          	li	a5,64
8000265a:	00f70563          	beq	a4,a5,80002664 <putchar+0x34>
8000265e:	4501                	li	a0,0
80002660:	6109                	add	sp,sp,128
80002662:	8082                	ret
80002664:	04000813          	li	a6,64
80002668:	0106a023          	sw	a6,0(a3)
8000266c:	4881                	li	a7,0
8000266e:	0116a223          	sw	a7,4(a3)
80002672:	4e05                	li	t3,1
80002674:	01c6a423          	sw	t3,8(a3)
80002678:	4e81                	li	t4,0
8000267a:	01d6a623          	sw	t4,12(a3)
8000267e:	00020313          	mv	t1,tp
80002682:	0066a823          	sw	t1,16(a3)
80002686:	4381                	li	t2,0
80002688:	0076aa23          	sw	t2,20(a3)
8000268c:	ce98                	sw	a4,24(a3)
8000268e:	41f75893          	sra	a7,a4,0x1f
80002692:	0116ae23          	sw	a7,28(a3)
80002696:	0ff0000f          	fence
8000269a:	fffff617          	auipc	a2,0xfffff
8000269e:	96660613          	add	a2,a2,-1690 # 80001000 <tohost>
800026a2:	4781                	li	a5,0
800026a4:	c214                	sw	a3,0(a2)
800026a6:	c25c                	sw	a5,4(a2)
800026a8:	0000100f          	fence.i
800026ac:	fffff617          	auipc	a2,0xfffff
800026b0:	99460613          	add	a2,a2,-1644 # 80001040 <fromhost>
800026b4:	4218                	lw	a4,0(a2)
800026b6:	425c                	lw	a5,4(a2)
800026b8:	8f5d                	or	a4,a4,a5
800026ba:	df6d                	beqz	a4,800026b4 <putchar+0x84>
800026bc:	4781                	li	a5,0
800026be:	c21c                	sw	a5,0(a2)
800026c0:	4801                	li	a6,0
800026c2:	01062223          	sw	a6,4(a2)
800026c6:	0ff0000f          	fence
800026ca:	04022023          	sw	zero,64(tp) # 40 <buflen.1>
800026ce:	4298                	lw	a4,0(a3)
800026d0:	4501                	li	a0,0
800026d2:	42dc                	lw	a5,4(a3)
800026d4:	6109                	add	sp,sp,128
800026d6:	8082                	ret

800026d8 <printhex>:
800026d8:	7179                	add	sp,sp,-48
800026da:	872a                	mv	a4,a0
800026dc:	d606                	sw	ra,44(sp)
800026de:	0068                	add	a0,sp,12
800026e0:	01b10693          	add	a3,sp,27
800026e4:	4825                	li	a6,9
800026e6:	a011                	j	800026ea <printhex+0x12>
800026e8:	86be                	mv	a3,a5
800026ea:	00f77793          	and	a5,a4,15
800026ee:	00f837b3          	sltu	a5,a6,a5
800026f2:	40f007b3          	neg	a5,a5
800026f6:	0277f793          	and	a5,a5,39
800026fa:	00f77613          	and	a2,a4,15
800026fe:	03078793          	add	a5,a5,48
80002702:	97b2                	add	a5,a5,a2
80002704:	00f68023          	sb	a5,0(a3)
80002708:	01c59613          	sll	a2,a1,0x1c
8000270c:	8311                	srl	a4,a4,0x4
8000270e:	fff68793          	add	a5,a3,-1
80002712:	8f51                	or	a4,a4,a2
80002714:	8191                	srl	a1,a1,0x4
80002716:	fcd519e3          	bne	a0,a3,800026e8 <printhex+0x10>
8000271a:	00010e23          	sb	zero,28(sp)
8000271e:	3551                	jal	800025a2 <printstr>
80002720:	50b2                	lw	ra,44(sp)
80002722:	6145                	add	sp,sp,48
80002724:	8082                	ret

80002726 <printf>:
80002726:	7139                	add	sp,sp,-64
80002728:	02410313          	add	t1,sp,36
8000272c:	d22e                	sw	a1,36(sp)
8000272e:	d432                	sw	a2,40(sp)
80002730:	d636                	sw	a3,44(sp)
80002732:	862a                	mv	a2,a0
80002734:	869a                	mv	a3,t1
80002736:	00000517          	auipc	a0,0x0
8000273a:	a2450513          	add	a0,a0,-1500 # 8000215a <cputchar>
8000273e:	4581                	li	a1,0
80002740:	ce06                	sw	ra,28(sp)
80002742:	d83a                	sw	a4,48(sp)
80002744:	da3e                	sw	a5,52(sp)
80002746:	dc42                	sw	a6,56(sp)
80002748:	de46                	sw	a7,60(sp)
8000274a:	c61a                	sw	t1,12(sp)
8000274c:	3425                	jal	80002174 <vprintfmt>
8000274e:	40f2                	lw	ra,28(sp)
80002750:	4501                	li	a0,0
80002752:	6121                	add	sp,sp,64
80002754:	8082                	ret

80002756 <sprintf>:
80002756:	715d                	add	sp,sp,-80
80002758:	03810e13          	add	t3,sp,56
8000275c:	d422                	sw	s0,40(sp)
8000275e:	c62a                	sw	a0,12(sp)
80002760:	842a                	mv	s0,a0
80002762:	dc32                	sw	a2,56(sp)
80002764:	de36                	sw	a3,60(sp)
80002766:	862e                	mv	a2,a1
80002768:	00000517          	auipc	a0,0x0
8000276c:	db050513          	add	a0,a0,-592 # 80002518 <sprintf_putch.0>
80002770:	006c                	add	a1,sp,12
80002772:	86f2                	mv	a3,t3
80002774:	d606                	sw	ra,44(sp)
80002776:	c2be                	sw	a5,68(sp)
80002778:	c0ba                	sw	a4,64(sp)
8000277a:	c4c2                	sw	a6,72(sp)
8000277c:	c6c6                	sw	a7,76(sp)
8000277e:	ce72                	sw	t3,28(sp)
80002780:	3ad5                	jal	80002174 <vprintfmt>
80002782:	47b2                	lw	a5,12(sp)
80002784:	00078023          	sb	zero,0(a5)
80002788:	4532                	lw	a0,12(sp)
8000278a:	50b2                	lw	ra,44(sp)
8000278c:	8d01                	sub	a0,a0,s0
8000278e:	5422                	lw	s0,40(sp)
80002790:	6161                	add	sp,sp,80
80002792:	8082                	ret

80002794 <memcpy>:
80002794:	00c5e7b3          	or	a5,a1,a2
80002798:	8fc9                	or	a5,a5,a0
8000279a:	8b8d                	and	a5,a5,3
8000279c:	00c50833          	add	a6,a0,a2
800027a0:	cf91                	beqz	a5,800027bc <memcpy+0x28>
800027a2:	962e                	add	a2,a2,a1
800027a4:	87aa                	mv	a5,a0
800027a6:	09057b63          	bgeu	a0,a6,8000283c <memcpy+0xa8>
800027aa:	0005c703          	lbu	a4,0(a1)
800027ae:	0585                	add	a1,a1,1
800027b0:	0785                	add	a5,a5,1
800027b2:	fee78fa3          	sb	a4,-1(a5)
800027b6:	fec59ae3          	bne	a1,a2,800027aa <memcpy+0x16>
800027ba:	8082                	ret
800027bc:	02050693          	add	a3,a0,32
800027c0:	0706ff63          	bgeu	a3,a6,8000283e <memcpy+0xaa>
800027c4:	87b6                	mv	a5,a3
800027c6:	872e                	mv	a4,a1
800027c8:	00072383          	lw	t2,0(a4)
800027cc:	00472283          	lw	t0,4(a4)
800027d0:	00872f83          	lw	t6,8(a4)
800027d4:	00c72f03          	lw	t5,12(a4)
800027d8:	01072e83          	lw	t4,16(a4)
800027dc:	01472e03          	lw	t3,20(a4)
800027e0:	01872303          	lw	t1,24(a4)
800027e4:	01c72883          	lw	a7,28(a4)
800027e8:	02078793          	add	a5,a5,32
800027ec:	fc77a023          	sw	t2,-64(a5)
800027f0:	fc57a223          	sw	t0,-60(a5)
800027f4:	fdf7a423          	sw	t6,-56(a5)
800027f8:	fde7a623          	sw	t5,-52(a5)
800027fc:	fdd7a823          	sw	t4,-48(a5)
80002800:	fdc7aa23          	sw	t3,-44(a5)
80002804:	fc67ac23          	sw	t1,-40(a5)
80002808:	fd17ae23          	sw	a7,-36(a5)
8000280c:	02070713          	add	a4,a4,32
80002810:	fb07ece3          	bltu	a5,a6,800027c8 <memcpy+0x34>
80002814:	fdf60613          	add	a2,a2,-33
80002818:	fe067793          	and	a5,a2,-32
8000281c:	02078793          	add	a5,a5,32
80002820:	9a01                	and	a2,a2,-32
80002822:	95be                	add	a1,a1,a5
80002824:	00c687b3          	add	a5,a3,a2
80002828:	f907f9e3          	bgeu	a5,a6,800027ba <memcpy+0x26>
8000282c:	4198                	lw	a4,0(a1)
8000282e:	0791                	add	a5,a5,4
80002830:	0591                	add	a1,a1,4
80002832:	fee7ae23          	sw	a4,-4(a5)
80002836:	ff07ebe3          	bltu	a5,a6,8000282c <memcpy+0x98>
8000283a:	8082                	ret
8000283c:	8082                	ret
8000283e:	87aa                	mv	a5,a0
80002840:	b7e5                	j	80002828 <memcpy+0x94>

80002842 <memset>:
80002842:	00c567b3          	or	a5,a0,a2
80002846:	8b8d                	and	a5,a5,3
80002848:	962a                	add	a2,a2,a0
8000284a:	cf81                	beqz	a5,80002862 <memset+0x20>
8000284c:	0ff5f593          	zext.b	a1,a1
80002850:	87aa                	mv	a5,a0
80002852:	02c57963          	bgeu	a0,a2,80002884 <memset+0x42>
80002856:	0785                	add	a5,a5,1
80002858:	feb78fa3          	sb	a1,-1(a5)
8000285c:	fec79de3          	bne	a5,a2,80002856 <memset+0x14>
80002860:	8082                	ret
80002862:	0ff5f593          	zext.b	a1,a1
80002866:	00859713          	sll	a4,a1,0x8
8000286a:	972e                	add	a4,a4,a1
8000286c:	01071793          	sll	a5,a4,0x10
80002870:	973e                	add	a4,a4,a5
80002872:	fec577e3          	bgeu	a0,a2,80002860 <memset+0x1e>
80002876:	87aa                	mv	a5,a0
80002878:	0791                	add	a5,a5,4
8000287a:	fee7ae23          	sw	a4,-4(a5)
8000287e:	fec7ede3          	bltu	a5,a2,80002878 <memset+0x36>
80002882:	8082                	ret
80002884:	8082                	ret

80002886 <_init>:
80002886:	7135                	add	sp,sp,-160
80002888:	00005797          	auipc	a5,0x5
8000288c:	1ac78793          	add	a5,a5,428 # 80007a34 <_tdata_begin>
80002890:	c552                	sw	s4,136(sp)
80002892:	00005a17          	auipc	s4,0x5
80002896:	1a2a0a13          	add	s4,s4,418 # 80007a34 <_tdata_begin>
8000289a:	c74e                	sw	s3,140(sp)
8000289c:	40fa09b3          	sub	s3,s4,a5
800028a0:	cb26                	sw	s1,148(sp)
800028a2:	c94a                	sw	s2,144(sp)
800028a4:	84aa                	mv	s1,a0
800028a6:	892e                	mv	s2,a1
800028a8:	8512                	mv	a0,tp
800028aa:	85be                	mv	a1,a5
800028ac:	864e                	mv	a2,s3
800028ae:	cf06                	sw	ra,156(sp)
800028b0:	cd22                	sw	s0,152(sp)
800028b2:	c356                	sw	s5,132(sp)
800028b4:	8a92                	mv	s5,tp
800028b6:	3df9                	jal	80002794 <memcpy>
800028b8:	86018613          	add	a2,gp,-1952 # 80007a84 <_tbss_end>
800028bc:	41460633          	sub	a2,a2,s4
800028c0:	4581                	li	a1,0
800028c2:	013a8533          	add	a0,s5,s3
800028c6:	3fb5                	jal	80002842 <memset>
800028c8:	85ca                	mv	a1,s2
800028ca:	8526                	mv	a0,s1
800028cc:	3bb9                	jal	8000262a <thread_entry>
800028ce:	03f10413          	add	s0,sp,63
800028d2:	00001517          	auipc	a0,0x1
800028d6:	e6250513          	add	a0,a0,-414 # 80003734 <main+0xa8>
800028da:	35b1                	jal	80002726 <printf>
800028dc:	fc047413          	and	s0,s0,-64
800028e0:	b0002a73          	csrr	s4,mcycle
800028e4:	b0202973          	csrr	s2,minstret
800028e8:	4581                	li	a1,0
800028ea:	4501                	li	a0,0
800028ec:	5a1000ef          	jal	8000368c <main>
800028f0:	84aa                	mv	s1,a0
800028f2:	b00025f3          	csrr	a1,mcycle
800028f6:	b02029f3          	csrr	s3,minstret
800028fa:	00001517          	auipc	a0,0x1
800028fe:	e4a50513          	add	a0,a0,-438 # 80003744 <main+0xb8>
80002902:	414585b3          	sub	a1,a1,s4
80002906:	3505                	jal	80002726 <printf>
80002908:	412985b3          	sub	a1,s3,s2
8000290c:	00001517          	auipc	a0,0x1
80002910:	e4c50513          	add	a0,a0,-436 # 80003758 <main+0xcc>
80002914:	3d09                	jal	80002726 <printf>
80002916:	00005917          	auipc	s2,0x5
8000291a:	11690913          	add	s2,s2,278 # 80007a2c <counters>
8000291e:	00092683          	lw	a3,0(s2)
80002922:	ea8d                	bnez	a3,80002954 <_init+0xce>
80002924:	00492683          	lw	a3,4(s2)
80002928:	e299                	bnez	a3,8000292e <_init+0xa8>
8000292a:	8526                	mv	a0,s1
8000292c:	3181                	jal	8000256c <tohost_exit>
8000292e:	8922                	mv	s2,s0
80002930:	00005997          	auipc	s3,0x5
80002934:	0f498993          	add	s3,s3,244 # 80007a24 <counter_names>
80002938:	0049a603          	lw	a2,4(s3)
8000293c:	854a                	mv	a0,s2
8000293e:	00001597          	auipc	a1,0x1
80002942:	e3258593          	add	a1,a1,-462 # 80003770 <main+0xe4>
80002946:	3d01                	jal	80002756 <sprintf>
80002948:	992a                	add	s2,s2,a0
8000294a:	ff2400e3          	beq	s0,s2,8000292a <_init+0xa4>
8000294e:	8522                	mv	a0,s0
80002950:	3989                	jal	800025a2 <printstr>
80002952:	bfe1                	j	8000292a <_init+0xa4>
80002954:	00005997          	auipc	s3,0x5
80002958:	0d098993          	add	s3,s3,208 # 80007a24 <counter_names>
8000295c:	0009a603          	lw	a2,0(s3)
80002960:	00001597          	auipc	a1,0x1
80002964:	e1058593          	add	a1,a1,-496 # 80003770 <main+0xe4>
80002968:	8522                	mv	a0,s0
8000296a:	33f5                	jal	80002756 <sprintf>
8000296c:	00492683          	lw	a3,4(s2)
80002970:	00a40933          	add	s2,s0,a0
80002974:	daf9                	beqz	a3,8000294a <_init+0xc4>
80002976:	b7c9                	j	80002938 <_init+0xb2>

80002978 <strlen>:
80002978:	00054783          	lbu	a5,0(a0)
8000297c:	cb89                	beqz	a5,8000298e <strlen+0x16>
8000297e:	87aa                	mv	a5,a0
80002980:	0017c703          	lbu	a4,1(a5)
80002984:	0785                	add	a5,a5,1
80002986:	ff6d                	bnez	a4,80002980 <strlen+0x8>
80002988:	40a78533          	sub	a0,a5,a0
8000298c:	8082                	ret
8000298e:	4501                	li	a0,0
80002990:	8082                	ret

80002992 <strnlen>:
80002992:	00b506b3          	add	a3,a0,a1
80002996:	87aa                	mv	a5,a0
80002998:	e589                	bnez	a1,800029a2 <strnlen+0x10>
8000299a:	a829                	j	800029b4 <strnlen+0x22>
8000299c:	0785                	add	a5,a5,1
8000299e:	00f68863          	beq	a3,a5,800029ae <strnlen+0x1c>
800029a2:	0007c703          	lbu	a4,0(a5)
800029a6:	fb7d                	bnez	a4,8000299c <strnlen+0xa>
800029a8:	40a78533          	sub	a0,a5,a0
800029ac:	8082                	ret
800029ae:	40a68533          	sub	a0,a3,a0
800029b2:	8082                	ret
800029b4:	4501                	li	a0,0
800029b6:	8082                	ret

800029b8 <strcmp>:
800029b8:	00054783          	lbu	a5,0(a0)
800029bc:	0585                	add	a1,a1,1
800029be:	0505                	add	a0,a0,1
800029c0:	fff5c703          	lbu	a4,-1(a1)
800029c4:	c791                	beqz	a5,800029d0 <strcmp+0x18>
800029c6:	fee789e3          	beq	a5,a4,800029b8 <strcmp>
800029ca:	40e78533          	sub	a0,a5,a4
800029ce:	8082                	ret
800029d0:	4781                	li	a5,0
800029d2:	bfe5                	j	800029ca <strcmp+0x12>

800029d4 <strcpy>:
800029d4:	87aa                	mv	a5,a0
800029d6:	0005c703          	lbu	a4,0(a1)
800029da:	0785                	add	a5,a5,1
800029dc:	0585                	add	a1,a1,1
800029de:	fee78fa3          	sb	a4,-1(a5)
800029e2:	fb75                	bnez	a4,800029d6 <strcpy+0x2>
800029e4:	8082                	ret

800029e6 <atol>:
800029e6:	00054703          	lbu	a4,0(a0)
800029ea:	02000693          	li	a3,32
800029ee:	87aa                	mv	a5,a0
800029f0:	00d71763          	bne	a4,a3,800029fe <atol+0x18>
800029f4:	0017c703          	lbu	a4,1(a5)
800029f8:	0785                	add	a5,a5,1
800029fa:	fed70de3          	beq	a4,a3,800029f4 <atol+0xe>
800029fe:	02d00693          	li	a3,45
80002a02:	02d70f63          	beq	a4,a3,80002a40 <atol+0x5a>
80002a06:	02b00693          	li	a3,43
80002a0a:	02d70563          	beq	a4,a3,80002a34 <atol+0x4e>
80002a0e:	0007c703          	lbu	a4,0(a5)
80002a12:	4601                	li	a2,0
80002a14:	cb1d                	beqz	a4,80002a4a <atol+0x64>
80002a16:	4501                	li	a0,0
80002a18:	0785                	add	a5,a5,1
80002a1a:	fd070693          	add	a3,a4,-48
80002a1e:	0007c703          	lbu	a4,0(a5)
80002a22:	20a54533          	sh2add	a0,a0,a0
80002a26:	20d52533          	sh1add	a0,a0,a3
80002a2a:	f77d                	bnez	a4,80002a18 <atol+0x32>
80002a2c:	c205                	beqz	a2,80002a4c <atol+0x66>
80002a2e:	40a00533          	neg	a0,a0
80002a32:	8082                	ret
80002a34:	0017c703          	lbu	a4,1(a5)
80002a38:	0785                	add	a5,a5,1
80002a3a:	cb01                	beqz	a4,80002a4a <atol+0x64>
80002a3c:	4601                	li	a2,0
80002a3e:	bfe1                	j	80002a16 <atol+0x30>
80002a40:	0017c703          	lbu	a4,1(a5)
80002a44:	4605                	li	a2,1
80002a46:	0785                	add	a5,a5,1
80002a48:	f779                	bnez	a4,80002a16 <atol+0x30>
80002a4a:	4501                	li	a0,0
80002a4c:	8082                	ret
80002a4e:	0000                	unimp

80002a50 <__moddi3>:
80002a50:	00058e13          	mv	t3,a1
80002a54:	00000813          	li	a6,0
80002a58:	0005dc63          	bgez	a1,80002a70 <__moddi3+0x20>
80002a5c:	00a037b3          	snez	a5,a0
80002a60:	40b00e33          	neg	t3,a1
80002a64:	40fe0e33          	sub	t3,t3,a5
80002a68:	40a00533          	neg	a0,a0
80002a6c:	fff00813          	li	a6,-1
80002a70:	0006da63          	bgez	a3,80002a84 <__moddi3+0x34>
80002a74:	00c037b3          	snez	a5,a2
80002a78:	40d006b3          	neg	a3,a3
80002a7c:	40f686b3          	sub	a3,a3,a5
80002a80:	40c00633          	neg	a2,a2
80002a84:	00060893          	mv	a7,a2
80002a88:	00050793          	mv	a5,a0
80002a8c:	000e0593          	mv	a1,t3
80002a90:	22069063          	bnez	a3,80002cb0 <__moddi3+0x260>
80002a94:	80004737          	lui	a4,0x80004
80002a98:	8d470713          	add	a4,a4,-1836 # 800038d4 <__clz_tab>
80002a9c:	0ece7663          	bgeu	t3,a2,80002b88 <__moddi3+0x138>
80002aa0:	000106b7          	lui	a3,0x10
80002aa4:	0cd67863          	bgeu	a2,a3,80002b74 <__moddi3+0x124>
80002aa8:	10063693          	sltiu	a3,a2,256
80002aac:	0016b693          	seqz	a3,a3
80002ab0:	00369693          	sll	a3,a3,0x3
80002ab4:	00d65333          	srl	t1,a2,a3
80002ab8:	00670733          	add	a4,a4,t1
80002abc:	00074703          	lbu	a4,0(a4)
80002ac0:	00d70733          	add	a4,a4,a3
80002ac4:	02000693          	li	a3,32
80002ac8:	40e68333          	sub	t1,a3,a4
80002acc:	00e68c63          	beq	a3,a4,80002ae4 <__moddi3+0x94>
80002ad0:	006e15b3          	sll	a1,t3,t1
80002ad4:	00e55733          	srl	a4,a0,a4
80002ad8:	006618b3          	sll	a7,a2,t1
80002adc:	00b765b3          	or	a1,a4,a1
80002ae0:	006517b3          	sll	a5,a0,t1
80002ae4:	0108d613          	srl	a2,a7,0x10
80002ae8:	02c5d6b3          	divu	a3,a1,a2
80002aec:	01089513          	sll	a0,a7,0x10
80002af0:	01055513          	srl	a0,a0,0x10
80002af4:	0107d713          	srl	a4,a5,0x10
80002af8:	02c5f5b3          	remu	a1,a1,a2
80002afc:	02a686b3          	mul	a3,a3,a0
80002b00:	01059593          	sll	a1,a1,0x10
80002b04:	00b76733          	or	a4,a4,a1
80002b08:	00d77a63          	bgeu	a4,a3,80002b1c <__moddi3+0xcc>
80002b0c:	00e88733          	add	a4,a7,a4
80002b10:	01176663          	bltu	a4,a7,80002b1c <__moddi3+0xcc>
80002b14:	00d77463          	bgeu	a4,a3,80002b1c <__moddi3+0xcc>
80002b18:	01170733          	add	a4,a4,a7
80002b1c:	40d70733          	sub	a4,a4,a3
80002b20:	02c756b3          	divu	a3,a4,a2
80002b24:	02c77733          	remu	a4,a4,a2
80002b28:	02a686b3          	mul	a3,a3,a0
80002b2c:	01079793          	sll	a5,a5,0x10
80002b30:	01071713          	sll	a4,a4,0x10
80002b34:	0107d793          	srl	a5,a5,0x10
80002b38:	00e7e7b3          	or	a5,a5,a4
80002b3c:	00d7fa63          	bgeu	a5,a3,80002b50 <__moddi3+0x100>
80002b40:	00f887b3          	add	a5,a7,a5
80002b44:	0117e663          	bltu	a5,a7,80002b50 <__moddi3+0x100>
80002b48:	00d7f463          	bgeu	a5,a3,80002b50 <__moddi3+0x100>
80002b4c:	011787b3          	add	a5,a5,a7
80002b50:	40d787b3          	sub	a5,a5,a3
80002b54:	0067d533          	srl	a0,a5,t1
80002b58:	00000593          	li	a1,0
80002b5c:	00080a63          	beqz	a6,80002b70 <__moddi3+0x120>
80002b60:	00a037b3          	snez	a5,a0
80002b64:	40b005b3          	neg	a1,a1
80002b68:	40f585b3          	sub	a1,a1,a5
80002b6c:	40a00533          	neg	a0,a0
80002b70:	00008067          	ret
80002b74:	01000337          	lui	t1,0x1000
80002b78:	01800693          	li	a3,24
80002b7c:	f2667ce3          	bgeu	a2,t1,80002ab4 <__moddi3+0x64>
80002b80:	01000693          	li	a3,16
80002b84:	f31ff06f          	j	80002ab4 <__moddi3+0x64>
80002b88:	00000693          	li	a3,0
80002b8c:	00060c63          	beqz	a2,80002ba4 <__moddi3+0x154>
80002b90:	000106b7          	lui	a3,0x10
80002b94:	06d67e63          	bgeu	a2,a3,80002c10 <__moddi3+0x1c0>
80002b98:	10063693          	sltiu	a3,a2,256
80002b9c:	0016b693          	seqz	a3,a3
80002ba0:	00369693          	sll	a3,a3,0x3
80002ba4:	00d655b3          	srl	a1,a2,a3
80002ba8:	00b70733          	add	a4,a4,a1
80002bac:	00074703          	lbu	a4,0(a4)
80002bb0:	00d70733          	add	a4,a4,a3
80002bb4:	02000693          	li	a3,32
80002bb8:	40e68333          	sub	t1,a3,a4
80002bbc:	06e69463          	bne	a3,a4,80002c24 <__moddi3+0x1d4>
80002bc0:	40ce0733          	sub	a4,t3,a2
80002bc4:	0108d593          	srl	a1,a7,0x10
80002bc8:	02b75633          	divu	a2,a4,a1
80002bcc:	01089513          	sll	a0,a7,0x10
80002bd0:	01055513          	srl	a0,a0,0x10
80002bd4:	0107d693          	srl	a3,a5,0x10
80002bd8:	02b77733          	remu	a4,a4,a1
80002bdc:	02a60633          	mul	a2,a2,a0
80002be0:	01071713          	sll	a4,a4,0x10
80002be4:	00e6e733          	or	a4,a3,a4
80002be8:	00c77a63          	bgeu	a4,a2,80002bfc <__moddi3+0x1ac>
80002bec:	00e88733          	add	a4,a7,a4
80002bf0:	01176663          	bltu	a4,a7,80002bfc <__moddi3+0x1ac>
80002bf4:	00c77463          	bgeu	a4,a2,80002bfc <__moddi3+0x1ac>
80002bf8:	01170733          	add	a4,a4,a7
80002bfc:	40c70733          	sub	a4,a4,a2
80002c00:	02b756b3          	divu	a3,a4,a1
80002c04:	02b77733          	remu	a4,a4,a1
80002c08:	02a686b3          	mul	a3,a3,a0
80002c0c:	f21ff06f          	j	80002b2c <__moddi3+0xdc>
80002c10:	010005b7          	lui	a1,0x1000
80002c14:	01800693          	li	a3,24
80002c18:	f8b676e3          	bgeu	a2,a1,80002ba4 <__moddi3+0x154>
80002c1c:	01000693          	li	a3,16
80002c20:	f85ff06f          	j	80002ba4 <__moddi3+0x154>
80002c24:	006618b3          	sll	a7,a2,t1
80002c28:	00ee56b3          	srl	a3,t3,a4
80002c2c:	006517b3          	sll	a5,a0,t1
80002c30:	00e55733          	srl	a4,a0,a4
80002c34:	0108d513          	srl	a0,a7,0x10
80002c38:	02a6d5b3          	divu	a1,a3,a0
80002c3c:	006e1e33          	sll	t3,t3,t1
80002c40:	01c76733          	or	a4,a4,t3
80002c44:	01089e13          	sll	t3,a7,0x10
80002c48:	010e5e13          	srl	t3,t3,0x10
80002c4c:	02a6f6b3          	remu	a3,a3,a0
80002c50:	03c585b3          	mul	a1,a1,t3
80002c54:	01069613          	sll	a2,a3,0x10
80002c58:	01075693          	srl	a3,a4,0x10
80002c5c:	00c6e6b3          	or	a3,a3,a2
80002c60:	00b6fa63          	bgeu	a3,a1,80002c74 <__moddi3+0x224>
80002c64:	00d886b3          	add	a3,a7,a3
80002c68:	0116e663          	bltu	a3,a7,80002c74 <__moddi3+0x224>
80002c6c:	00b6f463          	bgeu	a3,a1,80002c74 <__moddi3+0x224>
80002c70:	011686b3          	add	a3,a3,a7
80002c74:	40b686b3          	sub	a3,a3,a1
80002c78:	02a6d633          	divu	a2,a3,a0
80002c7c:	01071713          	sll	a4,a4,0x10
80002c80:	01075713          	srl	a4,a4,0x10
80002c84:	02a6f6b3          	remu	a3,a3,a0
80002c88:	03c60633          	mul	a2,a2,t3
80002c8c:	01069693          	sll	a3,a3,0x10
80002c90:	00d76733          	or	a4,a4,a3
80002c94:	00c77a63          	bgeu	a4,a2,80002ca8 <__moddi3+0x258>
80002c98:	00e88733          	add	a4,a7,a4
80002c9c:	01176663          	bltu	a4,a7,80002ca8 <__moddi3+0x258>
80002ca0:	00c77463          	bgeu	a4,a2,80002ca8 <__moddi3+0x258>
80002ca4:	01170733          	add	a4,a4,a7
80002ca8:	40c70733          	sub	a4,a4,a2
80002cac:	f19ff06f          	j	80002bc4 <__moddi3+0x174>
80002cb0:	eade66e3          	bltu	t3,a3,80002b5c <__moddi3+0x10c>
80002cb4:	00010737          	lui	a4,0x10
80002cb8:	04e6fc63          	bgeu	a3,a4,80002d10 <__moddi3+0x2c0>
80002cbc:	1006b713          	sltiu	a4,a3,256
80002cc0:	00173713          	seqz	a4,a4
80002cc4:	00371713          	sll	a4,a4,0x3
80002cc8:	800048b7          	lui	a7,0x80004
80002ccc:	00e6d333          	srl	t1,a3,a4
80002cd0:	8d488893          	add	a7,a7,-1836 # 800038d4 <__clz_tab>
80002cd4:	006888b3          	add	a7,a7,t1
80002cd8:	0008c883          	lbu	a7,0(a7)
80002cdc:	02000313          	li	t1,32
80002ce0:	00e888b3          	add	a7,a7,a4
80002ce4:	41130733          	sub	a4,t1,a7
80002ce8:	03131e63          	bne	t1,a7,80002d24 <__moddi3+0x2d4>
80002cec:	01c6e463          	bltu	a3,t3,80002cf4 <__moddi3+0x2a4>
80002cf0:	00c56c63          	bltu	a0,a2,80002d08 <__moddi3+0x2b8>
80002cf4:	40c50633          	sub	a2,a0,a2
80002cf8:	40de06b3          	sub	a3,t3,a3
80002cfc:	00c535b3          	sltu	a1,a0,a2
80002d00:	00060793          	mv	a5,a2
80002d04:	40b685b3          	sub	a1,a3,a1
80002d08:	00078513          	mv	a0,a5
80002d0c:	e51ff06f          	j	80002b5c <__moddi3+0x10c>
80002d10:	010008b7          	lui	a7,0x1000
80002d14:	01800713          	li	a4,24
80002d18:	fb16f8e3          	bgeu	a3,a7,80002cc8 <__moddi3+0x278>
80002d1c:	01000713          	li	a4,16
80002d20:	fa9ff06f          	j	80002cc8 <__moddi3+0x278>
80002d24:	00e696b3          	sll	a3,a3,a4
80002d28:	01165333          	srl	t1,a2,a7
80002d2c:	00d36333          	or	t1,t1,a3
80002d30:	011e57b3          	srl	a5,t3,a7
80002d34:	01035e93          	srl	t4,t1,0x10
80002d38:	03d7dfb3          	divu	t6,a5,t4
80002d3c:	00ee1e33          	sll	t3,t3,a4
80002d40:	011555b3          	srl	a1,a0,a7
80002d44:	01c5e5b3          	or	a1,a1,t3
80002d48:	01031e13          	sll	t3,t1,0x10
80002d4c:	010e5e13          	srl	t3,t3,0x10
80002d50:	00e61633          	sll	a2,a2,a4
80002d54:	00e51533          	sll	a0,a0,a4
80002d58:	03d7f7b3          	remu	a5,a5,t4
80002d5c:	03fe0f33          	mul	t5,t3,t6
80002d60:	01079693          	sll	a3,a5,0x10
80002d64:	0105d793          	srl	a5,a1,0x10
80002d68:	00d7e7b3          	or	a5,a5,a3
80002d6c:	000f8693          	mv	a3,t6
80002d70:	01e7fe63          	bgeu	a5,t5,80002d8c <__moddi3+0x33c>
80002d74:	00f307b3          	add	a5,t1,a5
80002d78:	ffff8693          	add	a3,t6,-1
80002d7c:	0067e863          	bltu	a5,t1,80002d8c <__moddi3+0x33c>
80002d80:	01e7f663          	bgeu	a5,t5,80002d8c <__moddi3+0x33c>
80002d84:	ffef8693          	add	a3,t6,-2
80002d88:	006787b3          	add	a5,a5,t1
80002d8c:	41e787b3          	sub	a5,a5,t5
80002d90:	03d7df33          	divu	t5,a5,t4
80002d94:	01059593          	sll	a1,a1,0x10
80002d98:	0105d593          	srl	a1,a1,0x10
80002d9c:	03d7f7b3          	remu	a5,a5,t4
80002da0:	03ee0e33          	mul	t3,t3,t5
80002da4:	01079793          	sll	a5,a5,0x10
80002da8:	00f5e5b3          	or	a1,a1,a5
80002dac:	000f0793          	mv	a5,t5
80002db0:	01c5fe63          	bgeu	a1,t3,80002dcc <__moddi3+0x37c>
80002db4:	00b305b3          	add	a1,t1,a1
80002db8:	ffff0793          	add	a5,t5,-1
80002dbc:	0065e863          	bltu	a1,t1,80002dcc <__moddi3+0x37c>
80002dc0:	01c5f663          	bgeu	a1,t3,80002dcc <__moddi3+0x37c>
80002dc4:	ffef0793          	add	a5,t5,-2
80002dc8:	006585b3          	add	a1,a1,t1
80002dcc:	01069693          	sll	a3,a3,0x10
80002dd0:	00010fb7          	lui	t6,0x10
80002dd4:	00f6e6b3          	or	a3,a3,a5
80002dd8:	41c585b3          	sub	a1,a1,t3
80002ddc:	ffff8e13          	add	t3,t6,-1 # ffff <buflen.1+0xffbf>
80002de0:	01c6f7b3          	and	a5,a3,t3
80002de4:	01065e93          	srl	t4,a2,0x10
80002de8:	0106d693          	srl	a3,a3,0x10
80002dec:	01c67e33          	and	t3,a2,t3
80002df0:	03c78f33          	mul	t5,a5,t3
80002df4:	03c68e33          	mul	t3,a3,t3
80002df8:	03d787b3          	mul	a5,a5,t4
80002dfc:	03d686b3          	mul	a3,a3,t4
80002e00:	01c78eb3          	add	t4,a5,t3
80002e04:	010f5793          	srl	a5,t5,0x10
80002e08:	01d787b3          	add	a5,a5,t4
80002e0c:	01c7f463          	bgeu	a5,t3,80002e14 <__moddi3+0x3c4>
80002e10:	01f686b3          	add	a3,a3,t6
80002e14:	0107de13          	srl	t3,a5,0x10
80002e18:	00de06b3          	add	a3,t3,a3
80002e1c:	00010e37          	lui	t3,0x10
80002e20:	fffe0e13          	add	t3,t3,-1 # ffff <buflen.1+0xffbf>
80002e24:	01c7f7b3          	and	a5,a5,t3
80002e28:	01079793          	sll	a5,a5,0x10
80002e2c:	01cf7f33          	and	t5,t5,t3
80002e30:	01e787b3          	add	a5,a5,t5
80002e34:	00d5e663          	bltu	a1,a3,80002e40 <__moddi3+0x3f0>
80002e38:	00d59e63          	bne	a1,a3,80002e54 <__moddi3+0x404>
80002e3c:	00f57c63          	bgeu	a0,a5,80002e54 <__moddi3+0x404>
80002e40:	40c78633          	sub	a2,a5,a2
80002e44:	00c7be33          	sltu	t3,a5,a2
80002e48:	00060793          	mv	a5,a2
80002e4c:	006e0633          	add	a2,t3,t1
80002e50:	40c686b3          	sub	a3,a3,a2
80002e54:	40f507b3          	sub	a5,a0,a5
80002e58:	00f53533          	sltu	a0,a0,a5
80002e5c:	40d585b3          	sub	a1,a1,a3
80002e60:	40a585b3          	sub	a1,a1,a0
80002e64:	011598b3          	sll	a7,a1,a7
80002e68:	00e7d7b3          	srl	a5,a5,a4
80002e6c:	00f8e533          	or	a0,a7,a5
80002e70:	00e5d5b3          	srl	a1,a1,a4
80002e74:	ce9ff06f          	j	80002b5c <__moddi3+0x10c>

80002e78 <__udivdi3>:
80002e78:	00050893          	mv	a7,a0
80002e7c:	00058313          	mv	t1,a1
80002e80:	00060713          	mv	a4,a2
80002e84:	00050813          	mv	a6,a0
80002e88:	00058793          	mv	a5,a1
80002e8c:	28069263          	bnez	a3,80003110 <__udivdi3+0x298>
80002e90:	800045b7          	lui	a1,0x80004
80002e94:	8d458593          	add	a1,a1,-1836 # 800038d4 <__clz_tab>
80002e98:	0ec37663          	bgeu	t1,a2,80002f84 <__udivdi3+0x10c>
80002e9c:	000106b7          	lui	a3,0x10
80002ea0:	0cd67863          	bgeu	a2,a3,80002f70 <__udivdi3+0xf8>
80002ea4:	10063693          	sltiu	a3,a2,256
80002ea8:	0016b693          	seqz	a3,a3
80002eac:	00369693          	sll	a3,a3,0x3
80002eb0:	00d65533          	srl	a0,a2,a3
80002eb4:	00a585b3          	add	a1,a1,a0
80002eb8:	0005c583          	lbu	a1,0(a1)
80002ebc:	02000513          	li	a0,32
80002ec0:	00d586b3          	add	a3,a1,a3
80002ec4:	40d505b3          	sub	a1,a0,a3
80002ec8:	00d50c63          	beq	a0,a3,80002ee0 <__udivdi3+0x68>
80002ecc:	00b317b3          	sll	a5,t1,a1
80002ed0:	00d8d6b3          	srl	a3,a7,a3
80002ed4:	00b61733          	sll	a4,a2,a1
80002ed8:	00f6e7b3          	or	a5,a3,a5
80002edc:	00b89833          	sll	a6,a7,a1
80002ee0:	01075593          	srl	a1,a4,0x10
80002ee4:	02b7d333          	divu	t1,a5,a1
80002ee8:	01071613          	sll	a2,a4,0x10
80002eec:	01065613          	srl	a2,a2,0x10
80002ef0:	02b7f7b3          	remu	a5,a5,a1
80002ef4:	00030513          	mv	a0,t1
80002ef8:	026608b3          	mul	a7,a2,t1
80002efc:	01079693          	sll	a3,a5,0x10
80002f00:	01085793          	srl	a5,a6,0x10
80002f04:	00d7e7b3          	or	a5,a5,a3
80002f08:	0117fe63          	bgeu	a5,a7,80002f24 <__udivdi3+0xac>
80002f0c:	00f707b3          	add	a5,a4,a5
80002f10:	fff30513          	add	a0,t1,-1 # ffffff <buflen.1+0xffffbf>
80002f14:	00e7e863          	bltu	a5,a4,80002f24 <__udivdi3+0xac>
80002f18:	0117f663          	bgeu	a5,a7,80002f24 <__udivdi3+0xac>
80002f1c:	ffe30513          	add	a0,t1,-2
80002f20:	00e787b3          	add	a5,a5,a4
80002f24:	411787b3          	sub	a5,a5,a7
80002f28:	02b7d8b3          	divu	a7,a5,a1
80002f2c:	01081813          	sll	a6,a6,0x10
80002f30:	01085813          	srl	a6,a6,0x10
80002f34:	02b7f7b3          	remu	a5,a5,a1
80002f38:	031606b3          	mul	a3,a2,a7
80002f3c:	01079793          	sll	a5,a5,0x10
80002f40:	00f86833          	or	a6,a6,a5
80002f44:	00088793          	mv	a5,a7
80002f48:	00d87c63          	bgeu	a6,a3,80002f60 <__udivdi3+0xe8>
80002f4c:	01070833          	add	a6,a4,a6
80002f50:	fff88793          	add	a5,a7,-1 # ffffff <buflen.1+0xffffbf>
80002f54:	00e86663          	bltu	a6,a4,80002f60 <__udivdi3+0xe8>
80002f58:	00d87463          	bgeu	a6,a3,80002f60 <__udivdi3+0xe8>
80002f5c:	ffe88793          	add	a5,a7,-2
80002f60:	01051513          	sll	a0,a0,0x10
80002f64:	00f56533          	or	a0,a0,a5
80002f68:	00000593          	li	a1,0
80002f6c:	00008067          	ret
80002f70:	01000537          	lui	a0,0x1000
80002f74:	01800693          	li	a3,24
80002f78:	f2a67ce3          	bgeu	a2,a0,80002eb0 <__udivdi3+0x38>
80002f7c:	01000693          	li	a3,16
80002f80:	f31ff06f          	j	80002eb0 <__udivdi3+0x38>
80002f84:	00000693          	li	a3,0
80002f88:	00060c63          	beqz	a2,80002fa0 <__udivdi3+0x128>
80002f8c:	000107b7          	lui	a5,0x10
80002f90:	0cf67063          	bgeu	a2,a5,80003050 <__udivdi3+0x1d8>
80002f94:	10063693          	sltiu	a3,a2,256
80002f98:	0016b693          	seqz	a3,a3
80002f9c:	00369693          	sll	a3,a3,0x3
80002fa0:	00d657b3          	srl	a5,a2,a3
80002fa4:	00f585b3          	add	a1,a1,a5
80002fa8:	0005c783          	lbu	a5,0(a1)
80002fac:	00d787b3          	add	a5,a5,a3
80002fb0:	02000693          	li	a3,32
80002fb4:	40f685b3          	sub	a1,a3,a5
80002fb8:	0af69663          	bne	a3,a5,80003064 <__udivdi3+0x1ec>
80002fbc:	40c307b3          	sub	a5,t1,a2
80002fc0:	00100593          	li	a1,1
80002fc4:	01075893          	srl	a7,a4,0x10
80002fc8:	0317de33          	divu	t3,a5,a7
80002fcc:	01071613          	sll	a2,a4,0x10
80002fd0:	01065613          	srl	a2,a2,0x10
80002fd4:	01085693          	srl	a3,a6,0x10
80002fd8:	0317f7b3          	remu	a5,a5,a7
80002fdc:	000e0513          	mv	a0,t3
80002fe0:	03c60333          	mul	t1,a2,t3
80002fe4:	01079793          	sll	a5,a5,0x10
80002fe8:	00f6e7b3          	or	a5,a3,a5
80002fec:	0067fe63          	bgeu	a5,t1,80003008 <__udivdi3+0x190>
80002ff0:	00f707b3          	add	a5,a4,a5
80002ff4:	fffe0513          	add	a0,t3,-1
80002ff8:	00e7e863          	bltu	a5,a4,80003008 <__udivdi3+0x190>
80002ffc:	0067f663          	bgeu	a5,t1,80003008 <__udivdi3+0x190>
80003000:	ffee0513          	add	a0,t3,-2
80003004:	00e787b3          	add	a5,a5,a4
80003008:	406787b3          	sub	a5,a5,t1
8000300c:	0317d333          	divu	t1,a5,a7
80003010:	01081813          	sll	a6,a6,0x10
80003014:	01085813          	srl	a6,a6,0x10
80003018:	0317f7b3          	remu	a5,a5,a7
8000301c:	026606b3          	mul	a3,a2,t1
80003020:	01079793          	sll	a5,a5,0x10
80003024:	00f86833          	or	a6,a6,a5
80003028:	00030793          	mv	a5,t1
8000302c:	00d87c63          	bgeu	a6,a3,80003044 <__udivdi3+0x1cc>
80003030:	01070833          	add	a6,a4,a6
80003034:	fff30793          	add	a5,t1,-1
80003038:	00e86663          	bltu	a6,a4,80003044 <__udivdi3+0x1cc>
8000303c:	00d87463          	bgeu	a6,a3,80003044 <__udivdi3+0x1cc>
80003040:	ffe30793          	add	a5,t1,-2
80003044:	01051513          	sll	a0,a0,0x10
80003048:	00f56533          	or	a0,a0,a5
8000304c:	00008067          	ret
80003050:	010007b7          	lui	a5,0x1000
80003054:	01800693          	li	a3,24
80003058:	f4f674e3          	bgeu	a2,a5,80002fa0 <__udivdi3+0x128>
8000305c:	01000693          	li	a3,16
80003060:	f41ff06f          	j	80002fa0 <__udivdi3+0x128>
80003064:	00b61733          	sll	a4,a2,a1
80003068:	00f356b3          	srl	a3,t1,a5
8000306c:	01075513          	srl	a0,a4,0x10
80003070:	00b31333          	sll	t1,t1,a1
80003074:	00f8d7b3          	srl	a5,a7,a5
80003078:	0067e7b3          	or	a5,a5,t1
8000307c:	02a6d333          	divu	t1,a3,a0
80003080:	01071613          	sll	a2,a4,0x10
80003084:	01065613          	srl	a2,a2,0x10
80003088:	00b89833          	sll	a6,a7,a1
8000308c:	02a6f6b3          	remu	a3,a3,a0
80003090:	026608b3          	mul	a7,a2,t1
80003094:	01069593          	sll	a1,a3,0x10
80003098:	0107d693          	srl	a3,a5,0x10
8000309c:	00b6e6b3          	or	a3,a3,a1
800030a0:	00030593          	mv	a1,t1
800030a4:	0116fe63          	bgeu	a3,a7,800030c0 <__udivdi3+0x248>
800030a8:	00d706b3          	add	a3,a4,a3
800030ac:	fff30593          	add	a1,t1,-1
800030b0:	00e6e863          	bltu	a3,a4,800030c0 <__udivdi3+0x248>
800030b4:	0116f663          	bgeu	a3,a7,800030c0 <__udivdi3+0x248>
800030b8:	ffe30593          	add	a1,t1,-2
800030bc:	00e686b3          	add	a3,a3,a4
800030c0:	411686b3          	sub	a3,a3,a7
800030c4:	02a6d8b3          	divu	a7,a3,a0
800030c8:	01079793          	sll	a5,a5,0x10
800030cc:	0107d793          	srl	a5,a5,0x10
800030d0:	02a6f6b3          	remu	a3,a3,a0
800030d4:	03160633          	mul	a2,a2,a7
800030d8:	01069693          	sll	a3,a3,0x10
800030dc:	00d7e7b3          	or	a5,a5,a3
800030e0:	00088693          	mv	a3,a7
800030e4:	00c7fe63          	bgeu	a5,a2,80003100 <__udivdi3+0x288>
800030e8:	00f707b3          	add	a5,a4,a5
800030ec:	fff88693          	add	a3,a7,-1
800030f0:	00e7e863          	bltu	a5,a4,80003100 <__udivdi3+0x288>
800030f4:	00c7f663          	bgeu	a5,a2,80003100 <__udivdi3+0x288>
800030f8:	ffe88693          	add	a3,a7,-2
800030fc:	00e787b3          	add	a5,a5,a4
80003100:	01059593          	sll	a1,a1,0x10
80003104:	40c787b3          	sub	a5,a5,a2
80003108:	00d5e5b3          	or	a1,a1,a3
8000310c:	eb9ff06f          	j	80002fc4 <__udivdi3+0x14c>
80003110:	18d5e663          	bltu	a1,a3,8000329c <__udivdi3+0x424>
80003114:	000107b7          	lui	a5,0x10
80003118:	04f6f463          	bgeu	a3,a5,80003160 <__udivdi3+0x2e8>
8000311c:	1006b713          	sltiu	a4,a3,256
80003120:	00173713          	seqz	a4,a4
80003124:	00371713          	sll	a4,a4,0x3
80003128:	800047b7          	lui	a5,0x80004
8000312c:	00e6d5b3          	srl	a1,a3,a4
80003130:	8d478793          	add	a5,a5,-1836 # 800038d4 <__clz_tab>
80003134:	00b787b3          	add	a5,a5,a1
80003138:	0007c783          	lbu	a5,0(a5)
8000313c:	00e787b3          	add	a5,a5,a4
80003140:	02000713          	li	a4,32
80003144:	40f705b3          	sub	a1,a4,a5
80003148:	02f71663          	bne	a4,a5,80003174 <__udivdi3+0x2fc>
8000314c:	00100513          	li	a0,1
80003150:	e066eee3          	bltu	a3,t1,80002f6c <__udivdi3+0xf4>
80003154:	00c8b533          	sltu	a0,a7,a2
80003158:	00153513          	seqz	a0,a0
8000315c:	00008067          	ret
80003160:	010007b7          	lui	a5,0x1000
80003164:	01800713          	li	a4,24
80003168:	fcf6f0e3          	bgeu	a3,a5,80003128 <__udivdi3+0x2b0>
8000316c:	01000713          	li	a4,16
80003170:	fb9ff06f          	j	80003128 <__udivdi3+0x2b0>
80003174:	00f65733          	srl	a4,a2,a5
80003178:	00b696b3          	sll	a3,a3,a1
8000317c:	00d766b3          	or	a3,a4,a3
80003180:	00f35733          	srl	a4,t1,a5
80003184:	00b31333          	sll	t1,t1,a1
80003188:	00f8d7b3          	srl	a5,a7,a5
8000318c:	0067e7b3          	or	a5,a5,t1
80003190:	0106d313          	srl	t1,a3,0x10
80003194:	02675eb3          	divu	t4,a4,t1
80003198:	01069813          	sll	a6,a3,0x10
8000319c:	01085813          	srl	a6,a6,0x10
800031a0:	00b61633          	sll	a2,a2,a1
800031a4:	02677733          	remu	a4,a4,t1
800031a8:	03d80e33          	mul	t3,a6,t4
800031ac:	01071513          	sll	a0,a4,0x10
800031b0:	0107d713          	srl	a4,a5,0x10
800031b4:	00a76733          	or	a4,a4,a0
800031b8:	000e8513          	mv	a0,t4
800031bc:	01c77e63          	bgeu	a4,t3,800031d8 <__udivdi3+0x360>
800031c0:	00e68733          	add	a4,a3,a4
800031c4:	fffe8513          	add	a0,t4,-1
800031c8:	00d76863          	bltu	a4,a3,800031d8 <__udivdi3+0x360>
800031cc:	01c77663          	bgeu	a4,t3,800031d8 <__udivdi3+0x360>
800031d0:	ffee8513          	add	a0,t4,-2
800031d4:	00d70733          	add	a4,a4,a3
800031d8:	41c70733          	sub	a4,a4,t3
800031dc:	02675e33          	divu	t3,a4,t1
800031e0:	01079793          	sll	a5,a5,0x10
800031e4:	0107d793          	srl	a5,a5,0x10
800031e8:	02677733          	remu	a4,a4,t1
800031ec:	03c80833          	mul	a6,a6,t3
800031f0:	01071713          	sll	a4,a4,0x10
800031f4:	00e7e7b3          	or	a5,a5,a4
800031f8:	000e0713          	mv	a4,t3
800031fc:	0107fe63          	bgeu	a5,a6,80003218 <__udivdi3+0x3a0>
80003200:	00f687b3          	add	a5,a3,a5
80003204:	fffe0713          	add	a4,t3,-1
80003208:	00d7e863          	bltu	a5,a3,80003218 <__udivdi3+0x3a0>
8000320c:	0107f663          	bgeu	a5,a6,80003218 <__udivdi3+0x3a0>
80003210:	ffee0713          	add	a4,t3,-2
80003214:	00d787b3          	add	a5,a5,a3
80003218:	01051513          	sll	a0,a0,0x10
8000321c:	00010e37          	lui	t3,0x10
80003220:	00e56533          	or	a0,a0,a4
80003224:	fffe0693          	add	a3,t3,-1 # ffff <buflen.1+0xffbf>
80003228:	00d57733          	and	a4,a0,a3
8000322c:	410787b3          	sub	a5,a5,a6
80003230:	00d676b3          	and	a3,a2,a3
80003234:	01055813          	srl	a6,a0,0x10
80003238:	01065613          	srl	a2,a2,0x10
8000323c:	02d70333          	mul	t1,a4,a3
80003240:	02d806b3          	mul	a3,a6,a3
80003244:	02c70733          	mul	a4,a4,a2
80003248:	02c80833          	mul	a6,a6,a2
8000324c:	00d70633          	add	a2,a4,a3
80003250:	01035713          	srl	a4,t1,0x10
80003254:	00c70733          	add	a4,a4,a2
80003258:	00d77463          	bgeu	a4,a3,80003260 <__udivdi3+0x3e8>
8000325c:	01c80833          	add	a6,a6,t3
80003260:	01075693          	srl	a3,a4,0x10
80003264:	010686b3          	add	a3,a3,a6
80003268:	02d7e663          	bltu	a5,a3,80003294 <__udivdi3+0x41c>
8000326c:	ced79ee3          	bne	a5,a3,80002f68 <__udivdi3+0xf0>
80003270:	000107b7          	lui	a5,0x10
80003274:	fff78793          	add	a5,a5,-1 # ffff <buflen.1+0xffbf>
80003278:	00f77733          	and	a4,a4,a5
8000327c:	01071713          	sll	a4,a4,0x10
80003280:	00f37333          	and	t1,t1,a5
80003284:	00b898b3          	sll	a7,a7,a1
80003288:	00670733          	add	a4,a4,t1
8000328c:	00000593          	li	a1,0
80003290:	cce8fee3          	bgeu	a7,a4,80002f6c <__udivdi3+0xf4>
80003294:	fff50513          	add	a0,a0,-1 # ffffff <buflen.1+0xffffbf>
80003298:	cd1ff06f          	j	80002f68 <__udivdi3+0xf0>
8000329c:	00000593          	li	a1,0
800032a0:	00000513          	li	a0,0
800032a4:	00008067          	ret

800032a8 <__umoddi3>:
800032a8:	00060813          	mv	a6,a2
800032ac:	00050793          	mv	a5,a0
800032b0:	00058713          	mv	a4,a1
800032b4:	20069663          	bnez	a3,800034c0 <__umoddi3+0x218>
800032b8:	800048b7          	lui	a7,0x80004
800032bc:	8d488893          	add	a7,a7,-1836 # 800038d4 <__clz_tab>
800032c0:	0cc5fc63          	bgeu	a1,a2,80003398 <__umoddi3+0xf0>
800032c4:	000106b7          	lui	a3,0x10
800032c8:	0ad67e63          	bgeu	a2,a3,80003384 <__umoddi3+0xdc>
800032cc:	10063693          	sltiu	a3,a2,256
800032d0:	0016b693          	seqz	a3,a3
800032d4:	00369693          	sll	a3,a3,0x3
800032d8:	00d65333          	srl	t1,a2,a3
800032dc:	006888b3          	add	a7,a7,t1
800032e0:	0008c883          	lbu	a7,0(a7)
800032e4:	02000313          	li	t1,32
800032e8:	00d886b3          	add	a3,a7,a3
800032ec:	40d308b3          	sub	a7,t1,a3
800032f0:	00d30c63          	beq	t1,a3,80003308 <__umoddi3+0x60>
800032f4:	01159733          	sll	a4,a1,a7
800032f8:	00d556b3          	srl	a3,a0,a3
800032fc:	01161833          	sll	a6,a2,a7
80003300:	00e6e733          	or	a4,a3,a4
80003304:	011517b3          	sll	a5,a0,a7
80003308:	01085613          	srl	a2,a6,0x10
8000330c:	02c756b3          	divu	a3,a4,a2
80003310:	01081513          	sll	a0,a6,0x10
80003314:	01055513          	srl	a0,a0,0x10
80003318:	02c77733          	remu	a4,a4,a2
8000331c:	02a686b3          	mul	a3,a3,a0
80003320:	01071593          	sll	a1,a4,0x10
80003324:	0107d713          	srl	a4,a5,0x10
80003328:	00b76733          	or	a4,a4,a1
8000332c:	00d77a63          	bgeu	a4,a3,80003340 <__umoddi3+0x98>
80003330:	00e80733          	add	a4,a6,a4
80003334:	01076663          	bltu	a4,a6,80003340 <__umoddi3+0x98>
80003338:	00d77463          	bgeu	a4,a3,80003340 <__umoddi3+0x98>
8000333c:	01070733          	add	a4,a4,a6
80003340:	40d70733          	sub	a4,a4,a3
80003344:	02c756b3          	divu	a3,a4,a2
80003348:	02c77733          	remu	a4,a4,a2
8000334c:	02a686b3          	mul	a3,a3,a0
80003350:	01079793          	sll	a5,a5,0x10
80003354:	01071713          	sll	a4,a4,0x10
80003358:	0107d793          	srl	a5,a5,0x10
8000335c:	00e7e7b3          	or	a5,a5,a4
80003360:	00d7fa63          	bgeu	a5,a3,80003374 <__umoddi3+0xcc>
80003364:	00f807b3          	add	a5,a6,a5
80003368:	0107e663          	bltu	a5,a6,80003374 <__umoddi3+0xcc>
8000336c:	00d7f463          	bgeu	a5,a3,80003374 <__umoddi3+0xcc>
80003370:	010787b3          	add	a5,a5,a6
80003374:	40d787b3          	sub	a5,a5,a3
80003378:	0117d533          	srl	a0,a5,a7
8000337c:	00000593          	li	a1,0
80003380:	00008067          	ret
80003384:	01000337          	lui	t1,0x1000
80003388:	01800693          	li	a3,24
8000338c:	f46676e3          	bgeu	a2,t1,800032d8 <__umoddi3+0x30>
80003390:	01000693          	li	a3,16
80003394:	f45ff06f          	j	800032d8 <__umoddi3+0x30>
80003398:	00000693          	li	a3,0
8000339c:	00060c63          	beqz	a2,800033b4 <__umoddi3+0x10c>
800033a0:	00010737          	lui	a4,0x10
800033a4:	06e67e63          	bgeu	a2,a4,80003420 <__umoddi3+0x178>
800033a8:	10063693          	sltiu	a3,a2,256
800033ac:	0016b693          	seqz	a3,a3
800033b0:	00369693          	sll	a3,a3,0x3
800033b4:	00d65733          	srl	a4,a2,a3
800033b8:	00e888b3          	add	a7,a7,a4
800033bc:	0008c703          	lbu	a4,0(a7)
800033c0:	00d70733          	add	a4,a4,a3
800033c4:	02000693          	li	a3,32
800033c8:	40e688b3          	sub	a7,a3,a4
800033cc:	06e69463          	bne	a3,a4,80003434 <__umoddi3+0x18c>
800033d0:	40c58733          	sub	a4,a1,a2
800033d4:	01085593          	srl	a1,a6,0x10
800033d8:	02b75633          	divu	a2,a4,a1
800033dc:	01081513          	sll	a0,a6,0x10
800033e0:	01055513          	srl	a0,a0,0x10
800033e4:	0107d693          	srl	a3,a5,0x10
800033e8:	02b77733          	remu	a4,a4,a1
800033ec:	02a60633          	mul	a2,a2,a0
800033f0:	01071713          	sll	a4,a4,0x10
800033f4:	00e6e733          	or	a4,a3,a4
800033f8:	00c77a63          	bgeu	a4,a2,8000340c <__umoddi3+0x164>
800033fc:	00e80733          	add	a4,a6,a4
80003400:	01076663          	bltu	a4,a6,8000340c <__umoddi3+0x164>
80003404:	00c77463          	bgeu	a4,a2,8000340c <__umoddi3+0x164>
80003408:	01070733          	add	a4,a4,a6
8000340c:	40c70733          	sub	a4,a4,a2
80003410:	02b756b3          	divu	a3,a4,a1
80003414:	02b77733          	remu	a4,a4,a1
80003418:	02a686b3          	mul	a3,a3,a0
8000341c:	f35ff06f          	j	80003350 <__umoddi3+0xa8>
80003420:	01000737          	lui	a4,0x1000
80003424:	01800693          	li	a3,24
80003428:	f8e676e3          	bgeu	a2,a4,800033b4 <__umoddi3+0x10c>
8000342c:	01000693          	li	a3,16
80003430:	f85ff06f          	j	800033b4 <__umoddi3+0x10c>
80003434:	01161833          	sll	a6,a2,a7
80003438:	00e5d6b3          	srl	a3,a1,a4
8000343c:	011517b3          	sll	a5,a0,a7
80003440:	011595b3          	sll	a1,a1,a7
80003444:	00e55733          	srl	a4,a0,a4
80003448:	01085513          	srl	a0,a6,0x10
8000344c:	00b76733          	or	a4,a4,a1
80003450:	02a6d5b3          	divu	a1,a3,a0
80003454:	01081313          	sll	t1,a6,0x10
80003458:	01035313          	srl	t1,t1,0x10
8000345c:	02a6f6b3          	remu	a3,a3,a0
80003460:	026585b3          	mul	a1,a1,t1
80003464:	01069613          	sll	a2,a3,0x10
80003468:	01075693          	srl	a3,a4,0x10
8000346c:	00c6e6b3          	or	a3,a3,a2
80003470:	00b6fa63          	bgeu	a3,a1,80003484 <__umoddi3+0x1dc>
80003474:	00d806b3          	add	a3,a6,a3
80003478:	0106e663          	bltu	a3,a6,80003484 <__umoddi3+0x1dc>
8000347c:	00b6f463          	bgeu	a3,a1,80003484 <__umoddi3+0x1dc>
80003480:	010686b3          	add	a3,a3,a6
80003484:	40b686b3          	sub	a3,a3,a1
80003488:	02a6d633          	divu	a2,a3,a0
8000348c:	01071713          	sll	a4,a4,0x10
80003490:	01075713          	srl	a4,a4,0x10
80003494:	02a6f6b3          	remu	a3,a3,a0
80003498:	02660633          	mul	a2,a2,t1
8000349c:	01069693          	sll	a3,a3,0x10
800034a0:	00d76733          	or	a4,a4,a3
800034a4:	00c77a63          	bgeu	a4,a2,800034b8 <__umoddi3+0x210>
800034a8:	00e80733          	add	a4,a6,a4
800034ac:	01076663          	bltu	a4,a6,800034b8 <__umoddi3+0x210>
800034b0:	00c77463          	bgeu	a4,a2,800034b8 <__umoddi3+0x210>
800034b4:	01070733          	add	a4,a4,a6
800034b8:	40c70733          	sub	a4,a4,a2
800034bc:	f19ff06f          	j	800033d4 <__umoddi3+0x12c>
800034c0:	1cd5e463          	bltu	a1,a3,80003688 <__umoddi3+0x3e0>
800034c4:	00010837          	lui	a6,0x10
800034c8:	0506fe63          	bgeu	a3,a6,80003524 <__umoddi3+0x27c>
800034cc:	1006b813          	sltiu	a6,a3,256
800034d0:	00183813          	seqz	a6,a6
800034d4:	00381813          	sll	a6,a6,0x3
800034d8:	800048b7          	lui	a7,0x80004
800034dc:	0106d333          	srl	t1,a3,a6
800034e0:	8d488893          	add	a7,a7,-1836 # 800038d4 <__clz_tab>
800034e4:	006888b3          	add	a7,a7,t1
800034e8:	0008c883          	lbu	a7,0(a7)
800034ec:	02000313          	li	t1,32
800034f0:	010888b3          	add	a7,a7,a6
800034f4:	41130833          	sub	a6,t1,a7
800034f8:	05131063          	bne	t1,a7,80003538 <__umoddi3+0x290>
800034fc:	00b6e463          	bltu	a3,a1,80003504 <__umoddi3+0x25c>
80003500:	00c56c63          	bltu	a0,a2,80003518 <__umoddi3+0x270>
80003504:	40c50633          	sub	a2,a0,a2
80003508:	40d586b3          	sub	a3,a1,a3
8000350c:	00c53733          	sltu	a4,a0,a2
80003510:	00060793          	mv	a5,a2
80003514:	40e68733          	sub	a4,a3,a4
80003518:	00078513          	mv	a0,a5
8000351c:	00070593          	mv	a1,a4
80003520:	00008067          	ret
80003524:	010008b7          	lui	a7,0x1000
80003528:	01800813          	li	a6,24
8000352c:	fb16f6e3          	bgeu	a3,a7,800034d8 <__umoddi3+0x230>
80003530:	01000813          	li	a6,16
80003534:	fa5ff06f          	j	800034d8 <__umoddi3+0x230>
80003538:	011657b3          	srl	a5,a2,a7
8000353c:	010696b3          	sll	a3,a3,a6
80003540:	00d7e6b3          	or	a3,a5,a3
80003544:	0115d733          	srl	a4,a1,a7
80003548:	0106de13          	srl	t3,a3,0x10
8000354c:	03c75f33          	divu	t5,a4,t3
80003550:	01069313          	sll	t1,a3,0x10
80003554:	01035313          	srl	t1,t1,0x10
80003558:	010597b3          	sll	a5,a1,a6
8000355c:	011555b3          	srl	a1,a0,a7
80003560:	00f5e5b3          	or	a1,a1,a5
80003564:	0105d793          	srl	a5,a1,0x10
80003568:	01061633          	sll	a2,a2,a6
8000356c:	01051533          	sll	a0,a0,a6
80003570:	03c77733          	remu	a4,a4,t3
80003574:	03e30eb3          	mul	t4,t1,t5
80003578:	01071713          	sll	a4,a4,0x10
8000357c:	00e7e7b3          	or	a5,a5,a4
80003580:	000f0713          	mv	a4,t5
80003584:	01d7fe63          	bgeu	a5,t4,800035a0 <__umoddi3+0x2f8>
80003588:	00f687b3          	add	a5,a3,a5
8000358c:	ffff0713          	add	a4,t5,-1
80003590:	00d7e863          	bltu	a5,a3,800035a0 <__umoddi3+0x2f8>
80003594:	01d7f663          	bgeu	a5,t4,800035a0 <__umoddi3+0x2f8>
80003598:	ffef0713          	add	a4,t5,-2
8000359c:	00d787b3          	add	a5,a5,a3
800035a0:	41d787b3          	sub	a5,a5,t4
800035a4:	03c7deb3          	divu	t4,a5,t3
800035a8:	01059593          	sll	a1,a1,0x10
800035ac:	0105d593          	srl	a1,a1,0x10
800035b0:	03c7f7b3          	remu	a5,a5,t3
800035b4:	000e8e13          	mv	t3,t4
800035b8:	03d30333          	mul	t1,t1,t4
800035bc:	01079793          	sll	a5,a5,0x10
800035c0:	00f5e5b3          	or	a1,a1,a5
800035c4:	0065fe63          	bgeu	a1,t1,800035e0 <__umoddi3+0x338>
800035c8:	00b685b3          	add	a1,a3,a1
800035cc:	fffe8e13          	add	t3,t4,-1
800035d0:	00d5e863          	bltu	a1,a3,800035e0 <__umoddi3+0x338>
800035d4:	0065f663          	bgeu	a1,t1,800035e0 <__umoddi3+0x338>
800035d8:	ffee8e13          	add	t3,t4,-2
800035dc:	00d585b3          	add	a1,a1,a3
800035e0:	01071793          	sll	a5,a4,0x10
800035e4:	00010f37          	lui	t5,0x10
800035e8:	01c7e7b3          	or	a5,a5,t3
800035ec:	406585b3          	sub	a1,a1,t1
800035f0:	ffff0313          	add	t1,t5,-1 # ffff <buflen.1+0xffbf>
800035f4:	0067f733          	and	a4,a5,t1
800035f8:	01065e13          	srl	t3,a2,0x10
800035fc:	0107d793          	srl	a5,a5,0x10
80003600:	00667333          	and	t1,a2,t1
80003604:	02670eb3          	mul	t4,a4,t1
80003608:	02678333          	mul	t1,a5,t1
8000360c:	03c70733          	mul	a4,a4,t3
80003610:	03c787b3          	mul	a5,a5,t3
80003614:	00670e33          	add	t3,a4,t1
80003618:	010ed713          	srl	a4,t4,0x10
8000361c:	01c70733          	add	a4,a4,t3
80003620:	00677463          	bgeu	a4,t1,80003628 <__umoddi3+0x380>
80003624:	01e787b3          	add	a5,a5,t5
80003628:	01075313          	srl	t1,a4,0x10
8000362c:	00f307b3          	add	a5,t1,a5
80003630:	00010337          	lui	t1,0x10
80003634:	fff30313          	add	t1,t1,-1 # ffff <buflen.1+0xffbf>
80003638:	00677733          	and	a4,a4,t1
8000363c:	01071713          	sll	a4,a4,0x10
80003640:	006efeb3          	and	t4,t4,t1
80003644:	01d70733          	add	a4,a4,t4
80003648:	00f5e663          	bltu	a1,a5,80003654 <__umoddi3+0x3ac>
8000364c:	00f59e63          	bne	a1,a5,80003668 <__umoddi3+0x3c0>
80003650:	00e57c63          	bgeu	a0,a4,80003668 <__umoddi3+0x3c0>
80003654:	40c70633          	sub	a2,a4,a2
80003658:	00c73333          	sltu	t1,a4,a2
8000365c:	00d306b3          	add	a3,t1,a3
80003660:	00060713          	mv	a4,a2
80003664:	40d787b3          	sub	a5,a5,a3
80003668:	40e50733          	sub	a4,a0,a4
8000366c:	00e53533          	sltu	a0,a0,a4
80003670:	40f585b3          	sub	a1,a1,a5
80003674:	40a585b3          	sub	a1,a1,a0
80003678:	011598b3          	sll	a7,a1,a7
8000367c:	01075733          	srl	a4,a4,a6
80003680:	00e8e533          	or	a0,a7,a4
80003684:	0105d5b3          	srl	a1,a1,a6
80003688:	00008067          	ret

Disassembly of section .text.startup:

8000368c <main>:
8000368c:	1141                	add	sp,sp,-16
8000368e:	28b01513          	bset	a0,zero,0xb
80003692:	00000597          	auipc	a1,0x0
80003696:	39258593          	add	a1,a1,914 # 80003a24 <verify_data>
8000369a:	c606                	sw	ra,12(sp)
8000369c:	99bfe0ef          	jal	80002036 <sort>
800036a0:	00002517          	auipc	a0,0x2
800036a4:	38450513          	add	a0,a0,900 # 80005a24 <input_data>
800036a8:	959fe0ef          	jal	80002000 <verify.constprop.0>
800036ac:	c509                	beqz	a0,800036b6 <main+0x2a>
800036ae:	40b2                	lw	ra,12(sp)
800036b0:	4505                	li	a0,1
800036b2:	0141                	add	sp,sp,16
800036b4:	8082                	ret
800036b6:	4505                	li	a0,1
800036b8:	e6ffe0ef          	jal	80002526 <setStats>
800036bc:	00002597          	auipc	a1,0x2
800036c0:	36858593          	add	a1,a1,872 # 80005a24 <input_data>
800036c4:	28b01513          	bset	a0,zero,0xb
800036c8:	96ffe0ef          	jal	80002036 <sort>
800036cc:	4501                	li	a0,0
800036ce:	e59fe0ef          	jal	80002526 <setStats>
800036d2:	40b2                	lw	ra,12(sp)
800036d4:	00000517          	auipc	a0,0x0
800036d8:	35050513          	add	a0,a0,848 # 80003a24 <verify_data>
800036dc:	0141                	add	sp,sp,16
800036de:	923fe06f          	j	80002000 <verify.constprop.0>
800036e2:	1141                	add	sp,sp,-16
800036e4:	00000517          	auipc	a0,0x0
800036e8:	03850513          	add	a0,a0,56 # 8000371c <main+0x90>
800036ec:	c606                	sw	ra,12(sp)
800036ee:	eb5fe0ef          	jal	800025a2 <printstr>
800036f2:	40b2                	lw	ra,12(sp)
800036f4:	557d                	li	a0,-1
800036f6:	0141                	add	sp,sp,16
800036f8:	8082                	ret

Disassembly of section .data:

80003a24 <verify_data>:
80003a24:	000a8b27          	.insn	4, 0x000a8b27
80003a28:	bef4                	.insn	2, 0xbef4
80003a2a:	000d                	c.nop	3
80003a2c:	83c4                	.insn	2, 0x83c4
80003a2e:	0021                	c.nop	8
80003a30:	9b62                	add	s6,s6,s8
80003a32:	0026                	c.slli	zero,0x9
80003a34:	0030356f          	jal	a0,80007236 <input_data+0x1812>
80003a38:	be92                	.insn	2, 0xbe92
80003a3a:	0035                	c.nop	13
80003a3c:	0039e5ef          	jal	a1,800a223e <__global_pointer$+0x9a01a>
80003a40:	82bc                	.insn	2, 0x82bc
80003a42:	003d                	c.nop	15
80003a44:	02d6                	sll	t0,t0,0x15
80003a46:	0051                	c.nop	20
80003a48:	d704                	sw	s1,40(a4)
80003a4a:	0051                	c.nop	20
80003a4c:	00949033          	sll	zero,s1,s1
80003a50:	1df9                	add	s11,s11,-2
80003a52:	779600af          	.insn	4, 0x779600af
80003a56:	00c2                	sll	ra,ra,0x10
80003a58:	1040                	add	s0,sp,36
80003a5a:	00c4                	add	s1,sp,68
80003a5c:	00c56a53          	.insn	4, 0x00c56a53
80003a60:	1f1d                	add	t5,t5,-25
80003a62:	00c9                	add	ra,ra,18
80003a64:	00d3e7bb          	.insn	4, 0x00d3e7bb
80003a68:	8b4c                	.insn	2, 0x8b4c
80003a6a:	459500d7          	.insn	4, 0x459500d7
80003a6e:	00d9                	add	ra,ra,22
80003a70:	6bd8                	.insn	2, 0x6bd8
80003a72:	00fa                	sll	ra,ra,0x1e
80003a74:	0125630f          	.insn	4, 0x0125630f
80003a78:	ffb9                	bnez	a5,800039d6 <__clz_tab+0x102>
80003a7a:	013a                	sll	sp,sp,0xe
80003a7c:	d932                	sw	a2,176(sp)
80003a7e:	0144                	add	s1,sp,132
80003a80:	c7f5                	beqz	a5,80003b6c <verify_data+0x148>
80003a82:	0151                	add	sp,sp,20
80003a84:	54ee                	lw	s1,248(sp)
80003a86:	5b5b015b          	.insn	4, 0x5b5b015b
80003a8a:	00ad0163          	beq	s10,a0,80003a8c <verify_data+0x68>
80003a8e:	0174                	add	a3,sp,140
80003a90:	fa95                	bnez	a3,800039c4 <__clz_tab+0xf0>
80003a92:	018a                	sll	gp,gp,0x2
80003a94:	30b0                	.insn	2, 0x30b0
80003a96:	0191                	add	gp,gp,4 # 80008228 <__global_pointer$+0x4>
80003a98:	019736cb          	.insn	4, 0x019736cb
80003a9c:	befe                	.insn	2, 0xbefe
80003a9e:	01a1                	add	gp,gp,8 # 8000822c <__global_pointer$+0x8>
80003aa0:	9418                	.insn	2, 0x9418
80003aa2:	01a4                	add	s1,sp,200
80003aa4:	2a85                	jal	80003c14 <verify_data+0x1f0>
80003aa6:	532401af          	.insn	4, 0x532401af
80003aaa:	e9c701b7          	lui	gp,0xe9c70
80003aae:	01d8                	add	a4,sp,196
80003ab0:	01db5cd7          	.insn	4, 0x01db5cd7
80003ab4:	c8a5                	beqz	s1,80003b24 <verify_data+0x100>
80003ab6:	01e1                	add	gp,gp,24 # e9c70018 <__global_pointer$+0x69c67df4>
80003ab8:	2134                	.insn	2, 0x2134
80003aba:	01e2                	sll	gp,gp,0x18
80003abc:	2442                	.insn	2, 0x2442
80003abe:	021f 2b34 0223      	.insn	6, 0x02232b34021f
80003ac4:	d6fc                	sw	a5,108(a3)
80003ac6:	0234                	add	a3,sp,264
80003ac8:	bdad                	j	80003942 <__clz_tab+0x6e>
80003aca:	0236                	sll	tp,tp,0xd
80003acc:	4c36                	lw	s8,76(sp)
80003ace:	024d                	add	tp,tp,19 # 13 <buf.2+0x13>
80003ad0:	8266                	mv	tp,s9
80003ad2:	027c                	add	a5,sp,268
80003ad4:	31ca                	.insn	2, 0x31ca
80003ad6:	0281                	add	t0,t0,0
80003ad8:	b6de                	.insn	2, 0xb6de
80003ada:	029e                	sll	t0,t0,0x7
80003adc:	b6a6                	.insn	2, 0xb6a6
80003ade:	02cd                	add	t0,t0,19
80003ae0:	127d                	add	tp,tp,-1 # ffffffff <__global_pointer$+0x7fff7ddb>
80003ae2:	02d4                	add	a3,sp,324
80003ae4:	3e02                	.insn	2, 0x3e02
80003ae6:	02d4                	add	a3,sp,324
80003ae8:	02e12ea7          	.insn	4, 0x02e12ea7
80003aec:	4258                	lw	a4,4(a2)
80003aee:	02e8                	add	a0,sp,332
80003af0:	03065ce3          	bge	a2,a6,80004328 <verify_data+0x904>
80003af4:	b802                	.insn	2, 0xb802
80003af6:	0309                	add	t1,t1,2
80003af8:	c325                	beqz	a4,80003b58 <verify_data+0x134>
80003afa:	0314                	add	a3,sp,384
80003afc:	f686                	.insn	2, 0xf686
80003afe:	0335                	add	t1,t1,13
80003b00:	472e                	lw	a4,200(sp)
80003b02:	034e                	sll	t1,t1,0x13
80003b04:	705c                	.insn	2, 0x705c
80003b06:	55e00377          	.insn	4, 0x55e00377
80003b0a:	0378                	add	a4,sp,396
80003b0c:	2382                	.insn	2, 0x2382
80003b0e:	038a                	sll	t2,t2,0x2
80003b10:	b6cd                	j	800036f2 <main+0x66>
80003b12:	b922039b          	.insn	4, 0xb922039b
80003b16:	03ad                	add	t2,t2,11
80003b18:	3e1f 03b5 08ea      	.insn	6, 0x08ea03b53e1f
80003b1e:	03c5                	add	t2,t2,17
80003b20:	b410                	.insn	2, 0xb410
80003b22:	03dc                	add	a5,sp,452
80003b24:	ea69                	bnez	a2,80003bf6 <verify_data+0x1d2>
80003b26:	a10703f7          	.insn	4, 0xa10703f7
80003b2a:	040e                	sll	s0,s0,0x3
80003b2c:	aaf4                	.insn	2, 0xaaf4
80003b2e:	041e                	sll	s0,s0,0x7
80003b30:	6f58                	.insn	2, 0x6f58
80003b32:	042a                	sll	s0,s0,0xa
80003b34:	042c2c93          	slti	s9,s8,66
80003b38:	c4c2                	sw	a6,72(sp)
80003b3a:	0439                	add	s0,s0,14
80003b3c:	82a8                	.insn	2, 0x82a8
80003b3e:	e231044f          	.insn	4, 0xe231044f
80003b42:	0456                	sll	s0,s0,0x15
80003b44:	f6c6                	.insn	2, 0xf6c6
80003b46:	0458                	add	a4,sp,516
80003b48:	b2da                	.insn	2, 0xb2da
80003b4a:	0476                	sll	s0,s0,0x1d
80003b4c:	7e24                	.insn	2, 0x7e24
80003b4e:	0486                	sll	s1,s1,0x1
80003b50:	86b6                	mv	a3,a3
80003b52:	0498                	add	a4,sp,576
80003b54:	49b6                	lw	s3,76(sp)
80003b56:	049e                	sll	s1,s1,0x7
80003b58:	80f2                	mv	ra,t3
80003b5a:	9c1c04ab          	.insn	4, 0x9c1c04ab
80003b5e:	04c9                	add	s1,s1,18
80003b60:	deea                	sw	s10,124(sp)
80003b62:	04ca                	sll	s1,s1,0x12
80003b64:	04d2734b          	.insn	4, 0x04d2734b
80003b68:	04da198b          	.insn	4, 0x04da198b
80003b6c:	a428                	.insn	2, 0xa428
80003b6e:	04f0                	add	a2,sp,588
80003b70:	d981                	beqz	a1,80003a80 <verify_data+0x5c>
80003b72:	3571050f          	.insn	4, 0x3571050f
80003b76:	053d                	add	a0,a0,15
80003b78:	5552                	lw	a0,52(sp)
80003b7a:	24a4054b          	.insn	4, 0x24a4054b
80003b7e:	0554                	add	a3,sp,644
80003b80:	415f 055e 41a4      	.insn	6, 0x41a4055e415f
80003b86:	f25c056f          	jal	a0,7ffc4aaa <buflen.1+0x7ffc4a6a>
80003b8a:	057f 45bf 0585 efda 	.insn	10, 0x0588efda058545bf057f
80003b92:	0588 
80003b94:	058dfb67          	.insn	4, 0x058dfb67
80003b98:	05a5ef07          	.insn	4, 0x05a5ef07
80003b9c:	1220                	add	s0,sp,296
80003b9e:	05b5                	add	a1,a1,13
80003ba0:	6e11                	lui	t3,0x4
80003ba2:	05ee                	sll	a1,a1,0x1b
80003ba4:	a4ed                	j	80003e8e <verify_data+0x46a>
80003ba6:	063c                	add	a5,sp,776
80003ba8:	0340                	add	s0,sp,388
80003baa:	063e                	sll	a2,a2,0xf
80003bac:	091f 0648 d5d4      	.insn	6, 0xd5d40648091f
80003bb2:	0654                	add	a3,sp,772
80003bb4:	065a84b7          	lui	s1,0x65a8
80003bb8:	06622783          	lw	a5,102(tp) # 66 <buflen.1+0x26>
80003bbc:	2422                	.insn	2, 0x2422
80003bbe:	47c40663          	beq	s0,t3,8000402a <verify_data+0x606>
80003bc2:	0670                	add	a2,sp,780
80003bc4:	3ad6                	.insn	2, 0x3ad6
80003bc6:	0675                	add	a2,a2,29
80003bc8:	417f 0676 895f 0679 	.insn	18, 0x864806873ee4067fc1000679895f0676417f
80003bd0:	c100 067f 3ee4 0687 
80003bd8:	8648 
80003bda:	06ad                	add	a3,a3,11 # 1000b <buflen.1+0xffcb>
80003bdc:	e19d                	bnez	a1,80003c02 <verify_data+0x1de>
80003bde:	06b6                	sll	a3,a3,0xd
80003be0:	06c34b8b          	.insn	4, 0x06c34b8b
80003be4:	1870                	add	a2,sp,60
80003be6:	06c5                	add	a3,a3,17
80003be8:	9628                	.insn	2, 0x9628
80003bea:	06ce                	sll	a3,a3,0x13
80003bec:	02e2                	sll	t0,t0,0x18
80003bee:	b7c306db          	.insn	4, 0xb7c306db
80003bf2:	06f5                	add	a3,a3,29
80003bf4:	3fc0                	.insn	2, 0x3fc0
80003bf6:	06fd                	add	a3,a3,31
80003bf8:	8f21                	xor	a4,a4,s0
80003bfa:	06fd                	add	a3,a3,31
80003bfc:	f79f 0704 25d6      	.insn	6, 0x25d60704f79f
80003c02:	071c                	add	a5,sp,896
80003c04:	d1ee                	sw	s11,224(sp)
80003c06:	0721                	add	a4,a4,8 # 1000008 <buflen.1+0xffffc8>
80003c08:	07477a3f 075a3493 	.insn	8, 0x075a349307477a3f
80003c10:	076267bf 079f193f 	.insn	8, 0x079f193f076267bf
80003c18:	afe9                	j	800043f2 <verify_data+0x9ce>
80003c1a:	07a1                	add	a5,a5,8
80003c1c:	a8fc                	.insn	2, 0xa8fc
80003c1e:	154507bf 7b3807d5 	.insn	8, 0x7b3807d5154507bf
80003c26:	07f9                	add	a5,a5,30
80003c28:	08039873          	csrrw	a6,0x80,t2
80003c2c:	2215                	jal	80003d50 <verify_data+0x32c>
80003c2e:	080c                	add	a1,sp,16
80003c30:	49ca                	lw	s3,144(sp)
80003c32:	0816                	sll	a6,a6,0x5
80003c34:	082b2a17          	auipc	s4,0x82b2
80003c38:	9b68                	.insn	2, 0x9b68
80003c3a:	0836                	sll	a6,a6,0xd
80003c3c:	8469                	sra	s0,s0,0x1a
80003c3e:	0850                	add	a2,sp,20
80003c40:	08606c9b          	.insn	4, 0x08606c9b
80003c44:	da71                	beqz	a2,80003c18 <verify_data+0x1f4>
80003c46:	08ad                	add	a7,a7,11 # 100000b <buflen.1+0xffffcb>
80003c48:	08b3d3db          	.insn	4, 0x08b3d3db
80003c4c:	09fd                	add	s3,s3,31
80003c4e:	08d4                	add	a3,sp,84
80003c50:	08da5b6b          	.insn	4, 0x08da5b6b
80003c54:	2c11                	jal	80003e68 <verify_data+0x444>
80003c56:	08e4                	add	s1,sp,92
80003c58:	08fe3757          	.insn	4, 0x08fe3757
80003c5c:	6d30                	.insn	2, 0x6d30
80003c5e:	0906                	sll	s2,s2,0x1
80003c60:	8185                	srl	a1,a1,0x1
80003c62:	03e50913          	add	s2,a0,62
80003c66:	094a                	sll	s2,s2,0x12
80003c68:	f9c1                	bnez	a1,80003bf8 <verify_data+0x1d4>
80003c6a:	f94f0953          	.insn	4, 0xf94f0953
80003c6e:	89600957          	.insn	4, 0x89600957
80003c72:	099f 54b6 09a0      	.insn	6, 0x09a054b6099f
80003c78:	b5b6                	.insn	2, 0xb5b6
80003c7a:	09bc                	add	a5,sp,216
80003c7c:	09fe3077          	.insn	4, 0x09fe3077
80003c80:	4130                	lw	a2,64(a0)
80003c82:	379b0a0f          	.insn	4, 0x379b0a0f
80003c86:	d3450a17          	auipc	s4,0xd3450
80003c8a:	0a1d                	add	s4,s4,7 # 53453c8d <buflen.1+0x53453c4d>
80003c8c:	4a15                	li	s4,5
80003c8e:	0a26                	sll	s4,s4,0x9
80003c90:	2f1a                	.insn	2, 0x2f1a
80003c92:	0a42                	sll	s4,s4,0x10
80003c94:	0a50ba03          	.insn	4, 0x0a50ba03
80003c98:	53d9                	li	t2,-10
80003c9a:	0a5c                	add	a5,sp,276
80003c9c:	48d2                	lw	a7,20(sp)
80003c9e:	0a60                	add	s0,sp,284
80003ca0:	0a6dc44f          	.insn	4, 0x0a6dc44f
80003ca4:	c97f 0a79 2930 0a7b 	.insn	18, 0xd0990a8e58740a7dea250a7b29300a79c97f
80003cac:	ea25 0a7d 5874 0a8e 
80003cb4:	d099 
80003cb6:	0aa9                	add	s5,s5,10
80003cb8:	f591                	bnez	a1,80003bc4 <verify_data+0x1a0>
80003cba:	0ac2                	sll	s5,s5,0x10
80003cbc:	0ac3bca3          	.insn	4, 0x0ac3bca3
80003cc0:	8142                	mv	sp,a6
80003cc2:	0ad2                	sll	s5,s5,0x14
80003cc4:	3aae                	.insn	2, 0x3aae
80003cc6:	0ae2                	sll	s5,s5,0x18
80003cc8:	ba5a                	.insn	2, 0xba5a
80003cca:	0af2                	sll	s5,s5,0x1c
80003ccc:	0b0fe933          	max	s2,t6,a6
80003cd0:	eae8                	.insn	2, 0xeae8
80003cd2:	0b10                	add	a2,sp,400
80003cd4:	d360                	sw	s0,100(a4)
80003cd6:	0b15                	add	s6,s6,5
80003cd8:	dbe0                	sw	s0,116(a5)
80003cda:	dcd00b17          	auipc	s6,0xdcd00
80003cde:	0b18                	add	a4,sp,400
80003ce0:	e892                	.insn	2, 0xe892
80003ce2:	0b34                	add	a3,sp,408
80003ce4:	0b5676e3          	bgeu	a2,s5,80004590 <verify_data+0xb6c>
80003ce8:	5a9a                	lw	s5,164(sp)
80003cea:	7c260b5b          	.insn	4, 0x7c260b5b
80003cee:	0b5f 4814 0b8e      	.insn	6, 0x0b8e48140b5f
80003cf4:	3f66                	.insn	2, 0x3f66
80003cf6:	0ba5                	add	s7,s7,9
80003cf8:	db0a                	sw	sp,180(sp)
80003cfa:	0bb4                	add	a3,sp,472
80003cfc:	b420                	.insn	2, 0xb420
80003cfe:	0bcc                	add	a1,sp,468
80003d00:	16b9                	add	a3,a3,-18
80003d02:	0bd0                	add	a2,sp,468
80003d04:	cd60                	sw	s0,92(a0)
80003d06:	0bd0                	add	a2,sp,468
80003d08:	0919                	add	s2,s2,6
80003d0a:	0bed                	add	s7,s7,27
80003d0c:	9f16                	add	t5,t5,t0
80003d0e:	f2ea0bef          	jal	s7,7ffa443c <buflen.1+0x7ffa43fc>
80003d12:	0c11                	add	s8,s8,4
80003d14:	0c30a657          	.insn	4, 0x0c30a657
80003d18:	2cec                	.insn	2, 0x2cec
80003d1a:	0c38                	add	a4,sp,536
80003d1c:	0c514963          	blt	sp,t0,80003dee <verify_data+0x3ca>
80003d20:	45e2                	lw	a1,24(sp)
80003d22:	0c68                	add	a0,sp,540
80003d24:	6fc0                	.insn	2, 0x6fc0
80003d26:	0c6c                	add	a1,sp,540
80003d28:	d928                	sw	a0,112(a0)
80003d2a:	0c85                	add	s9,s9,1
80003d2c:	c4ff 0c8f 366e 0c92 	.insn	18, 0x75090caf65910ca390c00c92366e0c8fc4ff
80003d34:	90c0 0ca3 6591 0caf 
80003d3c:	7509 
80003d3e:	0ccc                	add	a1,sp,596
80003d40:	ea80                	.insn	2, 0xea80
80003d42:	0cd0                	add	a2,sp,596
80003d44:	8aa1                	and	a3,a3,8
80003d46:	0ce6                	sll	s9,s9,0x19
80003d48:	68ec                	.insn	2, 0x68ec
80003d4a:	0ce8                	add	a0,sp,604
80003d4c:	cc9f 0cfa a7e9      	.insn	6, 0xa7e90cfacc9f
80003d52:	0d08                	add	a0,sp,656
80003d54:	3b0a                	.insn	2, 0x3b0a
80003d56:	0d31                	add	s10,s10,12
80003d58:	0d36494b          	.insn	4, 0x0d36494b
80003d5c:	88d1                	and	s1,s1,20
80003d5e:	9e8b0d43          	.insn	4, 0x9e8b0d43
80003d62:	0d6a                	sll	s10,s10,0x1a
80003d64:	18cd                	add	a7,a7,-13
80003d66:	7e030d77          	.insn	4, 0x7e030d77
80003d6a:	85140d77          	.insn	4, 0x85140d77
80003d6e:	90d40d83          	lb	s11,-1779(s0)
80003d72:	507c0d83          	lb	s11,1287(s8)
80003d76:	0d86                	sll	s11,s11,0x1
80003d78:	0d8789af          	.insn	4, 0x0d8789af
80003d7c:	0d8e43d3          	.insn	4, 0x0d8e43d3
80003d80:	05ac                	add	a1,sp,712
80003d82:	0d95                	add	s11,s11,5
80003d84:	a911                	j	80004198 <verify_data+0x774>
80003d86:	0da5                	add	s11,s11,9
80003d88:	1500                	add	s0,sp,672
80003d8a:	0db4                	add	a3,sp,728
80003d8c:	b6ca                	.insn	2, 0xb6ca
80003d8e:	0dba                	sll	s11,s11,0xe
80003d90:	323a                	.insn	2, 0x323a
80003d92:	8d110dbf a4550dc7 	.insn	8, 0xa4550dc78d110dbf
80003d9a:	0dd6                	sll	s11,s11,0x15
80003d9c:	27b1                	jal	800044e8 <verify_data+0xac4>
80003d9e:	124f0df3          	.insn	4, 0x124f0df3
80003da2:	0e1e                	sll	t3,t3,0x7
80003da4:	0e20a51b          	.insn	4, 0x0e20a51b
80003da8:	d8e0                	sw	s0,116(s1)
80003daa:	3b240e33          	.insn	4, 0x3b240e33
80003dae:	0e38                	add	a4,sp,792
80003db0:	f698                	.insn	2, 0xf698
80003db2:	0e4d                	add	t3,t3,19 # 4013 <buflen.1+0x3fd3>
80003db4:	0e578ce3          	beq	a5,t0,800046ac <verify_data+0xc88>
80003db8:	b631                	j	800038c4 <main+0x238>
80003dba:	0e64                	add	s1,sp,796
80003dbc:	938a                	add	t2,t2,sp
80003dbe:	0e65                	add	t3,t3,25
80003dc0:	3a1d                	jal	800036f6 <main+0x6a>
80003dc2:	0e68                	add	a0,sp,796
80003dc4:	f848                	.insn	2, 0xf848
80003dc6:	0e95                	add	t4,t4,5
80003dc8:	06c9                	add	a3,a3,18
80003dca:	0e9a                	sll	t4,t4,0x6
80003dcc:	83b2                	mv	t2,a2
80003dce:	0e9f a14b 0ebc      	.insn	6, 0x0ebca14b0e9f
80003dd4:	be14                	.insn	2, 0xbe14
80003dd6:	c3680ebf 1ec70ebf 	.insn	8, 0x1ec70ebfc3680ebf
80003dde:	0ee2                	sll	t4,t4,0x18
80003de0:	0ee70b53          	.insn	4, 0x0ee70b53
80003de4:	ab91                	j	80004338 <verify_data+0x914>
80003de6:	0ee8                	add	a0,sp,860
80003de8:	db66                	sw	s9,180(sp)
80003dea:	0ef1                	add	t4,t4,28
80003dec:	cfda                	sw	s6,220(sp)
80003dee:	cd000ef3          	.insn	4, 0xcd000ef3
80003df2:	0efd                	add	t4,t4,31
80003df4:	2f3e                	.insn	2, 0x2f3e
80003df6:	0f22                	sll	t5,t5,0x8
80003df8:	73da                	.insn	2, 0x73da
80003dfa:	0f36                	sll	t5,t5,0xd
80003dfc:	760e                	.insn	2, 0x760e
80003dfe:	0f45                	add	t5,t5,17
80003e00:	61f6                	.insn	2, 0x61f6
80003e02:	9eb70f4f          	.insn	4, 0x9eb70f4f
80003e06:	0f5c                	add	a5,sp,916
80003e08:	0f637b73          	csrrc	s6,0xf6,6
80003e0c:	c1b1                	beqz	a1,80003e50 <verify_data+0x42c>
80003e0e:	dcbd0f7b          	.insn	4, 0xdcbd0f7b
80003e12:	5fc40f7b          	.insn	4, 0x5fc40f7b
80003e16:	82b70f83          	lb	t6,-2005(a4)
80003e1a:	0f89                	add	t6,t6,2
80003e1c:	9338                	.insn	2, 0x9338
80003e1e:	0f89                	add	t6,t6,2
80003e20:	0f8b5fbf 0f97096e 	.insn	8, 0x0f97096e0f8b5fbf
80003e28:	1efe                	sll	t4,t4,0x3f
80003e2a:	0fd1                	add	t6,t6,20
80003e2c:	c2dc                	sw	a5,4(a3)
80003e2e:	0fec                	add	a1,sp,988
80003e30:	b0dc                	.insn	2, 0xb0dc
80003e32:	0ffa                	sll	t6,t6,0x1e
80003e34:	2d4e                	.insn	2, 0x2d4e
80003e36:	233d100b          	.insn	4, 0x233d100b
80003e3a:	101e                	c.slli	zero,0x27
80003e3c:	10244d23          	.insn	4, 0x10244d23
80003e40:	f81f 1034 4c25      	.insn	6, 0x4c251034f81f
80003e46:	1060                	add	s0,sp,44
80003e48:	45f5                	li	a1,29
80003e4a:	108a                	sll	ra,ra,0x22
80003e4c:	0f29                	add	t5,t5,10
80003e4e:	1091                	add	ra,ra,-28
80003e50:	0db2                	sll	s11,s11,0xc
80003e52:	10a5                	add	ra,ra,-23
80003e54:	8f9a                	mv	t6,t1
80003e56:	10c4                	add	s1,sp,100
80003e58:	10e4ceaf          	.insn	4, 0x10e4ceaf
80003e5c:	8979                	and	a0,a0,30
80003e5e:	dde610f7          	.insn	4, 0xdde610f7
80003e62:	1122                	sll	sp,sp,0x28
80003e64:	112b5d0f          	.insn	4, 0x112b5d0f
80003e68:	43c8                	lw	a0,4(a5)
80003e6a:	1144                	add	s1,sp,164
80003e6c:	dc36                	sw	a3,56(sp)
80003e6e:	115c                	add	a5,sp,164
80003e70:	7eec                	.insn	2, 0x7eec
80003e72:	1178                	add	a4,sp,172
80003e74:	0002                	c.slli64	zero
80003e76:	1189                	add	gp,gp,-30 # 80008206 <_tbss_end+0x782>
80003e78:	119f8227          	.insn	4, 0x119f8227
80003e7c:	4fc8                	lw	a0,28(a5)
80003e7e:	182611cf          	.insn	4, 0x182611cf
80003e82:	11da                	sll	gp,gp,0x36
80003e84:	8de8                	.insn	2, 0x8de8
80003e86:	11e4                	add	s1,sp,236
80003e88:	12e0                	add	s0,sp,364
80003e8a:	3fa611eb          	.insn	4, 0x3fa611eb
80003e8e:	11f6                	sll	gp,gp,0x3d
80003e90:	04bd                	add	s1,s1,15 # 65a800f <buflen.1+0x65a7fcf>
80003e92:	2b6111fb          	.insn	4, 0x2b6111fb
80003e96:	824211fb          	.insn	4, 0x824211fb
80003e9a:	51f61203          	lh	tp,1311(a2)
80003e9e:	121c                	add	a5,sp,288
80003ea0:	acb4                	.insn	2, 0xacb4
80003ea2:	1220                	add	s0,sp,296
80003ea4:	e474                	.insn	2, 0xe474
80003ea6:	1221                	add	tp,tp,-24 # ffffffe8 <__global_pointer$+0x7fff7dc4>
80003ea8:	321c                	.insn	2, 0x321c
80003eaa:	1225                	add	tp,tp,-23 # ffffffe9 <__global_pointer$+0x7fff7dc5>
80003eac:	671f 1235 6343      	.insn	6, 0x63431235671f
80003eb2:	1239                	add	tp,tp,-18 # ffffffee <__global_pointer$+0x7fff7dca>
80003eb4:	c895                	beqz	s1,80003ee8 <verify_data+0x4c4>
80003eb6:	63be125b          	.insn	4, 0x63be125b
80003eba:	1266                	sll	tp,tp,0x39
80003ebc:	6746                	.insn	2, 0x6746
80003ebe:	1268                	add	a0,sp,300
80003ec0:	c920                	sw	s0,80(a0)
80003ec2:	1268                	add	a0,sp,300
80003ec4:	6408                	.insn	2, 0x6408
80003ec6:	127e                	sll	tp,tp,0x3f
80003ec8:	6db5                	lui	s11,0xd
80003eca:	1744128b          	.insn	4, 0x1744128b
80003ece:	12dd                	add	t0,t0,-9
80003ed0:	12f40083          	lb	ra,303(s0)
80003ed4:	bfaa                	.insn	2, 0xbfaa
80003ed6:	e74112ff c0ac1314 	.insn	12, 0x2441133cc0ac1314e74112ff
80003ede:	2441133c 
80003ee2:	0e9b1353          	.insn	4, 0x0e9b1353
80003ee6:	1364                	add	s1,sp,428
80003ee8:	136948cb          	.insn	4, 0x136948cb
80003eec:	4dd8                	lw	a4,28(a1)
80003eee:	1395                	add	t2,t2,-27
80003ef0:	e4b2                	.insn	2, 0xe4b2
80003ef2:	139c                	add	a5,sp,480
80003ef4:	db86                	sw	ra,244(sp)
80003ef6:	a26a13a7          	.insn	4, 0xa26a13a7
80003efa:	13b2                	sll	t2,t2,0x2c
80003efc:	13bf00c7          	.insn	4, 0x13bf00c7
80003f00:	13ccfe2f          	.insn	4, 0x13ccfe2f
80003f04:	b436                	.insn	2, 0xb436
80003f06:	13e5                	add	t2,t2,-7
80003f08:	13e702e3          	beq	a4,t5,8000482c <verify_data+0xe08>
80003f0c:	0138                	add	a4,sp,136
80003f0e:	13e9                	add	t2,t2,-6
80003f10:	a794                	.insn	2, 0xa794
80003f12:	13fe                	sll	t2,t2,0x3f
80003f14:	140a3777          	.insn	4, 0x140a3777
80003f18:	98ae                	add	a7,a7,a1
80003f1a:	142d                	add	s0,s0,-21
80003f1c:	8655                	sra	a2,a2,0x15
80003f1e:	bdd61447          	.insn	4, 0xbdd61447
80003f22:	144a                	sll	s0,s0,0x32
80003f24:	81a2                	mv	gp,s0
80003f26:	145a                	sll	s0,s0,0x36
80003f28:	145d8bd7          	.insn	4, 0x145d8bd7
80003f2c:	14624fa3          	.insn	4, 0x14624fa3
80003f30:	5a5e                	lw	s4,244(sp)
80003f32:	1472                	sll	s0,s0,0x3c
80003f34:	14739627          	.insn	4, 0x14739627
80003f38:	2e08                	.insn	2, 0x2e08
80003f3a:	147c                	add	a5,sp,556
80003f3c:	e22a                	.insn	2, 0xe22a
80003f3e:	1488                	add	a0,sp,608
80003f40:	2630                	.insn	2, 0x2630
80003f42:	148e                	sll	s1,s1,0x23
80003f44:	14a8aca7          	.insn	4, 0x14a8aca7
80003f48:	108a                	sll	ra,ra,0x22
80003f4a:	14c0                	add	s0,sp,612
80003f4c:	14d11f33          	.insn	4, 0x14d11f33
80003f50:	14df5beb          	.insn	4, 0x14df5beb
80003f54:	26d6                	.insn	2, 0x26d6
80003f56:	caae14f7          	.insn	4, 0xcaae14f7
80003f5a:	1518                	add	a4,sp,672
80003f5c:	3f1e                	.insn	2, 0x3f1e
80003f5e:	1532                	sll	a0,a0,0x2c
80003f60:	7742                	.insn	2, 0x7742
80003f62:	1540                	add	s0,sp,676
80003f64:	1541dfdb          	.insn	4, 0x1541dfdb
80003f68:	63a5                	lui	t2,0x9
80003f6a:	1542                	sll	a0,a0,0x30
80003f6c:	1fe2                	sll	t6,t6,0x38
80003f6e:	1571                	add	a0,a0,-4
80003f70:	d1f1                	beqz	a1,80003f34 <verify_data+0x510>
80003f72:	157e                	sll	a0,a0,0x3f
80003f74:	18e0                	add	s0,sp,124
80003f76:	159f b440 15aa      	.insn	6, 0x15aab440159f
80003f7c:	15bb2fe7          	.insn	4, 0x15bb2fe7
80003f80:	a9d0                	.insn	2, 0xa9d0
80003f82:	a7d115bb          	.insn	4, 0xa7d115bb
80003f86:	15c5                	add	a1,a1,-15
80003f88:	7f16                	.insn	2, 0x7f16
80003f8a:	15ce                	sll	a1,a1,0x33
80003f8c:	68b2                	.insn	2, 0x68b2
80003f8e:	0f8915db          	.insn	4, 0x0f8915db
80003f92:	15ee                	sll	a1,a1,0x3b
80003f94:	15f77ee7          	.insn	4, 0x15f77ee7
80003f98:	15fcce2f          	.insn	4, 0x15fcce2f
80003f9c:	12d6                	sll	t0,t0,0x35
80003f9e:	1629                	add	a2,a2,-22
80003fa0:	8dc1                	or	a1,a1,s0
80003fa2:	1630                	add	a2,sp,808
80003fa4:	5f2d                	li	t5,-21
80003fa6:	eb5f1633          	.insn	4, 0xeb5f1633
80003faa:	fd611633          	.insn	4, 0xfd611633
80003fae:	163e                	sll	a2,a2,0x2f
80003fb0:	2ff2                	.insn	2, 0x2ff2
80003fb2:	1640                	add	s0,sp,804
80003fb4:	379a                	.insn	2, 0x379a
80003fb6:	39421667          	.insn	4, 0x39421667
80003fba:	1675                	add	a2,a2,-3
80003fbc:	bf1f 1695 42fc      	.insn	6, 0x42fc1695bf1f
80003fc2:	169e                	sll	a3,a3,0x27
80003fc4:	6ad2                	.insn	2, 0x6ad2
80003fc6:	0ad616a7          	.insn	4, 0x0ad616a7
80003fca:	534b16b7          	lui	a3,0x534b1
80003fce:	16be                	sll	a3,a3,0x2f
80003fd0:	d8e5                	beqz	s1,80003fc0 <verify_data+0x59c>
80003fd2:	4eab16c3          	.insn	4, 0x4eab16c3
80003fd6:	098116cb          	.insn	4, 0x098116cb
80003fda:	1700                	add	s0,sp,928
80003fdc:	1692                	sll	a3,a3,0x24
80003fde:	170d                	add	a4,a4,-29
80003fe0:	1621                	add	a2,a2,-24
80003fe2:	1712                	sll	a4,a4,0x24
80003fe4:	17155447          	.insn	4, 0x17155447
80003fe8:	7b35                	lui	s6,0xfffed
80003fea:	171a                	sll	a4,a4,0x26
80003fec:	172d75a3          	.insn	4, 0x172d75a3
80003ff0:	3a26                	.insn	2, 0x3a26
80003ff2:	46e31733          	.insn	4, 0x46e31733
80003ff6:	174a                	sll	a4,a4,0x32
80003ff8:	1753184b          	.insn	4, 0x1753184b
80003ffc:	b7d5                	j	80003fe0 <verify_data+0x5bc>
80003ffe:	1790                	add	a2,sp,992
80004000:	394c                	.insn	2, 0x394c
80004002:	17bc                	add	a5,sp,1000
80004004:	bb4a                	.insn	2, 0xbb4a
80004006:	17bc                	add	a5,sp,1000
80004008:	e6da                	.insn	2, 0xe6da
8000400a:	17c6                	sll	a5,a5,0x31
8000400c:	ff59                	bnez	a4,80003faa <verify_data+0x586>
8000400e:	17c9                	add	a5,a5,-14
80004010:	3abd                	jal	8000398e <__clz_tab+0xba>
80004012:	61c617cf          	.insn	4, 0x61c617cf
80004016:	974017d7          	.insn	4, 0x974017d7
8000401a:	17ed                	add	a5,a5,-5
8000401c:	eeec                	.insn	2, 0xeeec
8000401e:	1802                	sll	a6,a6,0x20
80004020:	10d2                	sll	ra,ra,0x34
80004022:	1aef180b          	.insn	4, 0x1aef180b
80004026:	184e                	sll	a6,a6,0x33
80004028:	8e8d                	sub	a3,a3,a1
8000402a:	188c                	add	a1,sp,112
8000402c:	c656                	sw	s5,12(sp)
8000402e:	189e                	sll	a7,a7,0x27
80004030:	a1ce                	.insn	2, 0xa1ce
80004032:	18d2                	sll	a7,a7,0x34
80004034:	9675                	sra	a2,a2,0x3d
80004036:	3dfe18e3          	bne	t3,t6,80004c06 <verify_data+0x11e2>
8000403a:	18fa                	sll	a7,a7,0x3e
8000403c:	19de                	sll	s3,s3,0x37
8000403e:	b28018fb          	.insn	4, 0xb28018fb
80004042:	1900                	add	s0,sp,176
80004044:	4ff0                	lw	a2,92(a5)
80004046:	190a                	sll	s2,s2,0x22
80004048:	191afacb          	.insn	4, 0x191afacb
8000404c:	ed44                	.insn	2, 0xed44
8000404e:	0a531927          	.insn	4, 0x0a531927
80004052:	b1bf193b          	.insn	4, 0xb1bf193b
80004056:	194e                	sll	s2,s2,0x33
80004058:	19a2b58b          	.insn	4, 0x19a2b58b
8000405c:	5cc9                	li	s9,-14
8000405e:	19c1                	add	s3,s3,-16
80004060:	1980                	add	s0,sp,240
80004062:	19c9                	add	s3,s3,-14
80004064:	19cee96b          	.insn	4, 0x19cee96b
80004068:	59f1                	li	s3,-4
8000406a:	19d5                	add	s3,s3,-11
8000406c:	4af1                	li	s5,28
8000406e:	306d19eb          	.insn	4, 0x306d19eb
80004072:	19f1                	add	s3,s3,-4
80004074:	f8f2                	.insn	2, 0xf8f2
80004076:	19f1                	add	s3,s3,-4
80004078:	1886                	sll	a7,a7,0x21
8000407a:	1a04                	add	s1,sp,304
8000407c:	af00                	.insn	2, 0xaf00
8000407e:	1a05                	add	s4,s4,-31
80004080:	1a067347          	.insn	4, 0x1a067347
80004084:	efe9                	bnez	a5,8000415e <verify_data+0x73a>
80004086:	1a16                	sll	s4,s4,0x25
80004088:	34a2                	.insn	2, 0x34a2
8000408a:	1a26                	sll	s4,s4,0x29
8000408c:	6680                	.insn	2, 0x6680
8000408e:	1a72                	sll	s4,s4,0x3c
80004090:	6a3e                	.insn	2, 0x6a3e
80004092:	1a7c                	add	a5,sp,316
80004094:	1a9b193f 1ab845a1 	.insn	8, 0x1ab845a11a9b193f
8000409c:	c174                	sw	a3,68(a0)
8000409e:	1abe                	sll	s5,s5,0x2f
800040a0:	8f99                	sub	a5,a5,a4
800040a2:	1ae8                	add	a0,sp,380
800040a4:	88d5                	and	s1,s1,21
800040a6:	1afe                	sll	s5,s5,0x3f
800040a8:	fbb4                	.insn	2, 0xfbb4
800040aa:	1b14                	add	a3,sp,432
800040ac:	2e78                	.insn	2, 0x2e78
800040ae:	1b16                	sll	s6,s6,0x25
800040b0:	1b1ae0d3          	.insn	4, 0x1b1ae0d3
800040b4:	d252                	sw	s4,36(sp)
800040b6:	0fbf1b2b          	.insn	4, 0x0fbf1b2b
800040ba:	1b35                	add	s6,s6,-19 # fffecfed <__global_pointer$+0x7ffe4dc9>
800040bc:	fb86                	.insn	2, 0xfb86
800040be:	1b60                	add	s0,sp,444
800040c0:	1b717563          	bgeu	sp,s7,8000426a <verify_data+0x846>
800040c4:	ab66                	.insn	2, 0xab66
800040c6:	1b78                	add	a4,sp,444
800040c8:	0f16                	sll	t5,t5,0x5
800040ca:	1b81                	add	s7,s7,-32
800040cc:	1b825af3          	csrrw	s5,0x1b8,4
800040d0:	e83e                	.insn	2, 0xe83e
800040d2:	1b94                	add	a3,sp,496
800040d4:	a632                	.insn	2, 0xa632
800040d6:	1b96                	sll	s7,s7,0x25
800040d8:	1baab177          	.insn	4, 0x1baab177
800040dc:	1bb4383f 1bb928d5 	.insn	8, 0x1bb928d51bb4383f
800040e4:	0309                	add	t1,t1,2
800040e6:	1c05                	add	s8,s8,-31
800040e8:	84d0                	.insn	2, 0x84d0
800040ea:	1c2d                	add	s8,s8,-21
800040ec:	1c2f74ab          	.insn	4, 0x1c2f74ab
800040f0:	4355                	li	t1,21
800040f2:	1c36                	sll	s8,s8,0x2d
800040f4:	4b00                	lw	s0,16(a4)
800040f6:	a9601c73          	csrrw	s8,0xa96,zero
800040fa:	1c74                	add	a3,sp,572
800040fc:	b4a9                	j	80003b46 <verify_data+0x122>
800040fe:	1c88                	add	a0,sp,624
80004100:	0ac5                	add	s5,s5,17
80004102:	1cb4                	add	a3,sp,632
80004104:	12d4                	add	a3,sp,356
80004106:	1cb4                	add	a3,sp,632
80004108:	bb55                	j	80003ebc <verify_data+0x498>
8000410a:	1cc8                	add	a0,sp,628
8000410c:	1ccf4e3b          	.insn	4, 0x1ccf4e3b
80004110:	000d                	c.nop	3
80004112:	1cf5                	add	s9,s9,-3
80004114:	4c05                	li	s8,1
80004116:	1cfa                	sll	s9,s9,0x3e
80004118:	88a1                	and	s1,s1,8
8000411a:	1cfa                	sll	s9,s9,0x3e
8000411c:	9565                	sra	a0,a0,0x39
8000411e:	1d14                	add	a3,sp,688
80004120:	da5f 1d42 1082      	.insn	6, 0x10821d42da5f
80004126:	71bc1d5b          	.insn	4, 0x71bc1d5b
8000412a:	97091d77          	.insn	4, 0x97091d77
8000412e:	1d82                	sll	s11,s11,0x20
80004130:	daea                	sw	s10,116(sp)
80004132:	1dac                	add	a1,sp,760
80004134:	9829                	and	s0,s0,-22
80004136:	1db9                	add	s11,s11,-18 # cfee <buflen.1+0xcfae>
80004138:	d75f 1dcb 2524      	.insn	6, 0x25241dcbd75f
8000413e:	9af51dd3          	.insn	4, 0x9af51dd3
80004142:	1dd8                	add	a4,sp,756
80004144:	8a44                	.insn	2, 0x8a44
80004146:	daf91def          	jal	s11,7ff95ef4 <buflen.1+0x7ff95eb4>
8000414a:	1df0                	add	a2,sp,764
8000414c:	6e48                	.insn	2, 0x6e48
8000414e:	1df4                	add	a3,sp,764
80004150:	c9c9                	beqz	a1,800041e2 <verify_data+0x7be>
80004152:	1e00                	add	s0,sp,816
80004154:	d51d                	beqz	a0,80004082 <verify_data+0x65e>
80004156:	1e08                	add	a0,sp,816
80004158:	1e300f6b          	.insn	4, 0x1e300f6b
8000415c:	25de                	.insn	2, 0x25de
8000415e:	1e45                	add	t3,t3,-15
80004160:	8062                	c.mv	zero,s8
80004162:	1e46                	sll	t3,t3,0x31
80004164:	1e48192b          	.insn	4, 0x1e48192b
80004168:	7f46                	.insn	2, 0x7f46
8000416a:	1e58                	add	a4,sp,820
8000416c:	1641                	add	a2,a2,-16
8000416e:	1e62                	sll	t3,t3,0x38
80004170:	47e8                	lw	a0,76(a5)
80004172:	1e6d                	add	t3,t3,-5
80004174:	932c                	.insn	2, 0x932c
80004176:	1e6d                	add	t3,t3,-5
80004178:	0b6e                	sll	s6,s6,0x1b
8000417a:	1e8c                	add	a1,sp,880
8000417c:	e911                	bnez	a0,80004190 <verify_data+0x76c>
8000417e:	540d1e93          	.insn	4, 0x540d1e93
80004182:	1e9c                	add	a5,sp,880
80004184:	1e9ca763          	.insn	4, 0x1e9ca763
80004188:	49c4                	lw	s1,20(a1)
8000418a:	1ea6                	sll	t4,t4,0x29
8000418c:	f87d                	bnez	s0,80004182 <verify_data+0x75e>
8000418e:	1eb0                	add	a2,sp,888
80004190:	98ac                	.insn	2, 0x98ac
80004192:	1eb8                	add	a4,sp,888
80004194:	a950                	.insn	2, 0xa950
80004196:	1ebe                	sll	t4,t4,0x2f
80004198:	8110                	.insn	2, 0x8110
8000419a:	1edc                	add	a5,sp,884
8000419c:	2d32                	.insn	2, 0x2d32
8000419e:	1ee1                	add	t4,t4,-8
800041a0:	4855                	li	a6,21
800041a2:	1ef2                	sll	t4,t4,0x3c
800041a4:	1ef490c3          	.insn	4, 0x1ef490c3
800041a8:	1ef9fd23          	.insn	4, 0x1ef9fd23
800041ac:	9906                	add	s2,s2,ra
800041ae:	5e7e1f03          	lh	t5,1511(t3)
800041b2:	1f06                	sll	t5,t5,0x21
800041b4:	3d39                	jal	80003fd2 <verify_data+0x5ae>
800041b6:	1f09                	add	t5,t5,-30
800041b8:	8905                	and	a0,a0,1
800041ba:	1f1f 5071 1f23      	.insn	6, 0x1f2350711f1f
800041c0:	1f407de7          	.insn	4, 0x1f407de7
800041c4:	1c49                	add	s8,s8,-14
800041c6:	1f54                	add	a3,sp,948
800041c8:	0239                	add	tp,tp,14 # e <buf.2+0xe>
800041ca:	1f79                	add	t5,t5,-2
800041cc:	1f8b77b7          	lui	a5,0x1f8b7
800041d0:	96fd                	sra	a3,a3,0x3f
800041d2:	1f98                	add	a4,sp,1008
800041d4:	b1ee                	.insn	2, 0xb1ee
800041d6:	cd531fb7          	lui	t6,0xcd531
800041da:	1fbc                	add	a5,sp,1016
800041dc:	7b61                	lui	s6,0xffff8
800041de:	1fc6                	sll	t6,t6,0x31
800041e0:	0dde                	sll	s11,s11,0x17
800041e2:	1fda                	sll	t6,t6,0x36
800041e4:	16f9                	add	a3,a3,-2 # 534b0ffe <buflen.1+0x534b0fbe>
800041e6:	1ff0                	add	a2,sp,1020
800041e8:	adc6                	.insn	2, 0xadc6
800041ea:	73bb1ff3          	csrrw	t6,mhpmevent27h,s6
800041ee:	201f 0c4c 2027      	.insn	6, 0x20270c4c201f
800041f4:	202edda7          	.insn	4, 0x202edda7
800041f8:	202fd7d7          	.insn	4, 0x202fd7d7
800041fc:	2c8c                	.insn	2, 0x2c8c
800041fe:	2031                	jal	8000420a <verify_data+0x7e6>
80004200:	46f4                	lw	a3,76(a3)
80004202:	203e                	.insn	2, 0x203e
80004204:	8ed1                	or	a3,a3,a2
80004206:	0db82057          	.insn	4, 0x0db82057
8000420a:	206c                	.insn	2, 0x206c
8000420c:	7fd8                	.insn	2, 0x7fd8
8000420e:	207a                	.insn	2, 0x207a
80004210:	0d30                	add	a2,sp,664
80004212:	207d                	jal	800042c0 <verify_data+0x89c>
80004214:	3aed                	jal	80003c0e <verify_data+0x1ea>
80004216:	2085                	jal	80004276 <verify_data+0x852>
80004218:	7fc9                	lui	t6,0xffff2
8000421a:	2090                	.insn	2, 0x2090
8000421c:	78d4                	.insn	2, 0x78d4
8000421e:	f31d20b3          	.insn	4, 0xf31d20b3
80004222:	20bc                	.insn	2, 0x20bc
80004224:	7518                	.insn	2, 0x7518
80004226:	20d0                	.insn	2, 0x20d0
80004228:	cf61                	beqz	a4,80004300 <verify_data+0x8dc>
8000422a:	e50320fb          	.insn	4, 0xe50320fb
8000422e:	2128                	.insn	2, 0x2128
80004230:	7078                	.insn	2, 0x7078
80004232:	2159                	jal	800046b8 <verify_data+0xc94>
80004234:	0b52                	sll	s6,s6,0x14
80004236:	9d30216b          	.insn	4, 0x9d30216b
8000423a:	218e                	.insn	2, 0x218e
8000423c:	81de                	mv	gp,s7
8000423e:	03af21af          	.insn	4, 0x03af21af
80004242:	a15d21bf f16e21d7 	.insn	8, 0xf16e21d7a15d21bf
8000424a:	21e4                	.insn	2, 0x21e4
8000424c:	21f8bbe7          	.insn	4, 0x21f8bbe7
80004250:	757d                	lui	a0,0xfffff
80004252:	2212                	.insn	2, 0x2212
80004254:	221bb1f3          	csrrc	gp,0x221,s7
80004258:	27e4                	.insn	2, 0x27e4
8000425a:	223a                	.insn	2, 0x223a
8000425c:	e330                	.insn	2, 0xe330
8000425e:	2262                	.insn	2, 0x2262
80004260:	226a2ea7          	.insn	4, 0x226a2ea7
80004264:	9562                	add	a0,a0,s8
80004266:	226a                	.insn	2, 0x226a
80004268:	227f96f7          	.insn	4, 0x227f96f7
8000426c:	810a                	mv	sp,sp
8000426e:	2285                	jal	800043ce <verify_data+0x9aa>
80004270:	22992e4b          	.insn	4, 0x22992e4b
80004274:	aa91                	j	800043c8 <verify_data+0x9a4>
80004276:	229c                	.insn	2, 0x229c
80004278:	9608                	.insn	2, 0x9608
8000427a:	22c1                	jal	8000443a <verify_data+0xa16>
8000427c:	fb81                	bnez	a5,8000418c <verify_data+0x768>
8000427e:	22e0                	.insn	2, 0x22e0
80004280:	ab60                	.insn	2, 0xab60
80004282:	22ea                	.insn	2, 0x22ea
80004284:	2fa9                	jal	800049de <verify_data+0xfba>
80004286:	231c                	.insn	2, 0x231c
80004288:	39df 2335 4e2b      	.insn	6, 0x4e2b233539df
8000428e:	2349                	jal	80004810 <verify_data+0xdec>
80004290:	c94a                	sw	s2,144(sp)
80004292:	234c                	.insn	2, 0x234c
80004294:	23688f3b          	.insn	4, 0x23688f3b
80004298:	278e                	.insn	2, 0x278e
8000429a:	2374                	.insn	2, 0x2374
8000429c:	ed70                	.insn	2, 0xed70
8000429e:	2381                	jal	800047de <verify_data+0xdba>
800042a0:	04c5                	add	s1,s1,17
800042a2:	239c                	.insn	2, 0x239c
800042a4:	034d                	add	t1,t1,19
800042a6:	23a5                	jal	8000480e <verify_data+0xdea>
800042a8:	6a30                	.insn	2, 0x6a30
800042aa:	a2f223e7          	.insn	4, 0xa2f223e7
800042ae:	7ca623ef          	jal	t2,80066a78 <__global_pointer$+0x5e854>
800042b2:	e3c123f3          	csrrs	t2,0xe3c,sp
800042b6:	23fe                	.insn	2, 0x23fe
800042b8:	240481ab          	.insn	4, 0x240481ab
800042bc:	37ea                	.insn	2, 0x37ea
800042be:	491c240f          	.insn	4, 0x491c240f
800042c2:	2435                	jal	800044ee <verify_data+0xaca>
800042c4:	b44a                	.insn	2, 0xb44a
800042c6:	2439                	jal	800044d4 <verify_data+0xab0>
800042c8:	cd3e                	sw	a5,152(sp)
800042ca:	247e                	.insn	2, 0x247e
800042cc:	490d                	li	s2,3
800042ce:	249c                	.insn	2, 0x249c
800042d0:	3ecd                	jal	80003ec2 <verify_data+0x49e>
800042d2:	24a2                	.insn	2, 0x24a2
800042d4:	5cb5                	li	s9,-19
800042d6:	66c324b3          	.insn	4, 0x66c324b3
800042da:	24d2                	.insn	2, 0x24d2
800042dc:	24d5dd8b          	.insn	4, 0x24d5dd8b
800042e0:	81fd                	srl	a1,a1,0x1f
800042e2:	24d8                	.insn	2, 0x24d8
800042e4:	5376                	lw	t1,124(sp)
800042e6:	24e0                	.insn	2, 0x24e0
800042e8:	bbfa                	.insn	2, 0xbbfa
800042ea:	3a3624eb          	.insn	4, 0x3a3624eb
800042ee:	24ec                	.insn	2, 0x24ec
800042f0:	05f9                	add	a1,a1,30
800042f2:	24f4                	.insn	2, 0x24f4
800042f4:	0b3d                	add	s6,s6,15 # ffff800f <__global_pointer$+0x7ffefdeb>
800042f6:	24fc                	.insn	2, 0x24fc
800042f8:	c3bd                	beqz	a5,8000435e <verify_data+0x93a>
800042fa:	2511                	jal	800048fe <verify_data+0xeda>
800042fc:	b685                	j	80003e5c <verify_data+0x438>
800042fe:	2514                	.insn	2, 0x2514
80004300:	90ea                	add	ra,ra,s10
80004302:	2515                	jal	80004926 <verify_data+0xf02>
80004304:	76c0                	.insn	2, 0x76c0
80004306:	252c                	.insn	2, 0x252c
80004308:	18b0                	add	a2,sp,120
8000430a:	2530                	.insn	2, 0x2530
8000430c:	dc48                	sw	a0,60(s0)
8000430e:	253a                	.insn	2, 0x253a
80004310:	625f 253c d083      	.insn	6, 0xd083253c625f
80004316:	e0d6253f 5203254f 	.insn	8, 0x5203254fe0d6253f
8000431e:	2575                	jal	800049ca <verify_data+0xfa6>
80004320:	0af0                	add	a2,sp,348
80004322:	a39e2593          	slti	a1,t3,-1479
80004326:	259c                	.insn	2, 0x259c
80004328:	648d                	lui	s1,0x3
8000432a:	25a2                	.insn	2, 0x25a2
8000432c:	25aa979b          	.insn	4, 0x25aa979b
80004330:	e378                	.insn	2, 0xe378
80004332:	25b4                	.insn	2, 0x25b4
80004334:	25bbf907          	.insn	4, 0x25bbf907
80004338:	7b4a                	.insn	2, 0x7b4a
8000433a:	25be                	.insn	2, 0x25be
8000433c:	ff86                	.insn	2, 0xff86
8000433e:	eb4f25ef          	jal	a1,7fff69f2 <buflen.1+0x7fff69b2>
80004342:	2601                	jal	80004642 <verify_data+0xc1e>
80004344:	a9bd                	j	800047c2 <verify_data+0xd9e>
80004346:	2609                	jal	80004648 <verify_data+0xc24>
80004348:	5fae                	lw	t6,232(sp)
8000434a:	2632                	.insn	2, 0x2632
8000434c:	2540                	.insn	2, 0x2540
8000434e:	83a92667          	.insn	4, 0x83a92667
80004352:	afc1266f          	jal	a2,7ff1664e <buflen.1+0x7ff1660e>
80004356:	78e9268b          	.insn	4, 0x78e9268b
8000435a:	26ba                	.insn	2, 0x26ba
8000435c:	0b60                	add	s0,sp,412
8000435e:	26c6                	.insn	2, 0x26c6
80004360:	a9e2                	.insn	2, 0xa9e2
80004362:	26d5                	jal	80004746 <verify_data+0xd22>
80004364:	ed86                	.insn	2, 0xed86
80004366:	26d8                	.insn	2, 0x26d8
80004368:	ebc4                	.insn	2, 0xebc4
8000436a:	26dd                	jal	80004750 <verify_data+0xd2c>
8000436c:	e848                	.insn	2, 0xe848
8000436e:	26e2                	.insn	2, 0x26e2
80004370:	26ecc43f 26f58add 	.insn	8, 0x26f58add26ecc43f
80004378:	2ad8                	.insn	2, 0x2ad8
8000437a:	2709                	jal	80004a7c <verify_data+0x1058>
8000437c:	9280                	.insn	2, 0x9280
8000437e:	270d                	jal	80004aa0 <verify_data+0x107c>
80004380:	4fba                	lw	t6,140(sp)
80004382:	2711                	jal	80004a86 <verify_data+0x1062>
80004384:	53c2                	lw	t2,48(sp)
80004386:	2728                	.insn	2, 0x2728
80004388:	272cdbc7          	.insn	4, 0x272cdbc7
8000438c:	ec5c                	.insn	2, 0xec5c
8000438e:	276a                	.insn	2, 0x276a
80004390:	bfb6                	.insn	2, 0xbfb6
80004392:	2799                	jal	80004ad8 <verify_data+0x10b4>
80004394:	27ac473b          	.insn	4, 0x27ac473b
80004398:	e2fd                	bnez	a3,8000447e <verify_data+0xa5a>
8000439a:	dfd027bb          	.insn	4, 0xdfd027bb
8000439e:	27f8                	.insn	2, 0x27f8
800043a0:	280b98c7          	.insn	4, 0x280b98c7
800043a4:	d6ad                	beqz	a3,8000430e <verify_data+0x8ea>
800043a6:	2812                	.insn	2, 0x2812
800043a8:	281bbd27          	.insn	4, 0x281bbd27
800043ac:	fe11                	bnez	a2,800042c8 <verify_data+0x8a4>
800043ae:	2828                	.insn	2, 0x2828
800043b0:	49a5                	li	s3,9
800043b2:	2835                	jal	800043ee <verify_data+0x9ca>
800043b4:	10f8                	add	a4,sp,108
800043b6:	2844                	.insn	2, 0x2844
800043b8:	2845d05b          	.insn	4, 0x2845d05b
800043bc:	9189                	srl	a1,a1,0x22
800043be:	285d                	jal	80004474 <verify_data+0xa50>
800043c0:	2870b66f          	jal	a2,8000fe46 <__global_pointer$+0x7c22>
800043c4:	a34d                	j	80004966 <verify_data+0xf42>
800043c6:	2880                	.insn	2, 0x2880
800043c8:	9bfd                	and	a5,a5,-1
800043ca:	288a                	.insn	2, 0x288a
800043cc:	c5f0                	sw	a2,76(a1)
800043ce:	28a6                	.insn	2, 0x28a6
800043d0:	c1b4                	sw	a3,64(a1)
800043d2:	f15328bb          	.insn	4, 0xf15328bb
800043d6:	28bd                	jal	80004454 <verify_data+0xa30>
800043d8:	5d55                	li	s10,-11
800043da:	28d4                	.insn	2, 0x28d4
800043dc:	b431                	j	80003de8 <verify_data+0x3c4>
800043de:	25ea28ef          	jal	a7,800a663c <__global_pointer$+0x9e418>
800043e2:	2901                	jal	800047f2 <verify_data+0xdce>
800043e4:	290737e7          	.insn	4, 0x290737e7
800043e8:	6c64                	.insn	2, 0x6c64
800043ea:	2909                	jal	800047fc <verify_data+0xdd8>
800043ec:	292b6803          	.insn	4, 0x292b6803
800043f0:	de5d                	beqz	a2,800043ae <verify_data+0x98a>
800043f2:	292c                	.insn	2, 0x292c
800043f4:	292dc637          	lui	a2,0x292dc
800043f8:	4190                	lw	a2,0(a1)
800043fa:	2931                	jal	80004816 <verify_data+0xdf2>
800043fc:	fc5d                	bnez	s0,800043ba <verify_data+0x996>
800043fe:	9857294b          	.insn	4, 0x9857294b
80004402:	2959                	jal	80004898 <verify_data+0xe74>
80004404:	28ae                	.insn	2, 0x28ae
80004406:	297c                	.insn	2, 0x297c
80004408:	297efd5b          	.insn	4, 0x297efd5b
8000440c:	f432                	.insn	2, 0xf432
8000440e:	2982                	.insn	2, 0x2982
80004410:	d515                	beqz	a0,8000433c <verify_data+0x918>
80004412:	2995                	jal	80004886 <verify_data+0xe62>
80004414:	daa0                	sw	s0,112(a3)
80004416:	986b2997          	auipc	s3,0x986b2
8000441a:	2998                	.insn	2, 0x2998
8000441c:	29a4b67b          	.insn	4, 0x29a4b67b
80004420:	29c439a7          	.insn	4, 0x29c439a7
80004424:	29d70e33          	.insn	4, 0x29d70e33
80004428:	7a22                	.insn	2, 0x7a22
8000442a:	29dd                	jal	80004920 <verify_data+0xefc>
8000442c:	eae5                	bnez	a3,8000451c <verify_data+0xaf8>
8000442e:	29e8                	.insn	2, 0x29e8
80004430:	35ba                	.insn	2, 0x35ba
80004432:	2a0d                	jal	80004564 <verify_data+0xb40>
80004434:	2a12718f          	.insn	4, 0x2a12718f
80004438:	2885                	jal	800044a8 <verify_data+0xa84>
8000443a:	2a1a                	.insn	2, 0x2a1a
8000443c:	4eda                	lw	t4,148(sp)
8000443e:	2a21                	jal	80004556 <verify_data+0xb32>
80004440:	2a22a5e3          	.insn	4, 0x2a22a5e3
80004444:	6ac2                	.insn	2, 0x6ac2
80004446:	2a4c                	.insn	2, 0x2a4c
80004448:	2a8f6b6f          	jal	s6,800fa6f0 <__global_pointer$+0xf24cc>
8000444c:	bc82                	.insn	2, 0xbc82
8000444e:	2a95                	jal	800045c2 <verify_data+0xb9e>
80004450:	6351                	lui	t1,0x14
80004452:	2aac                	.insn	2, 0x2aac
80004454:	74f2                	.insn	2, 0x74f2
80004456:	2aca                	.insn	2, 0x2aca
80004458:	832c                	.insn	2, 0x832c
8000445a:	4d282aef          	jal	s5,8008692c <__global_pointer$+0x7e708>
8000445e:	2afa                	.insn	2, 0x2afa
80004460:	9719                	sra	a4,a4,0x26
80004462:	2b01                	jal	80004972 <verify_data+0xf4e>
80004464:	2b0b5427          	.insn	4, 0x2b0b5427
80004468:	d0ed                	beqz	s1,8000444a <verify_data+0xa26>
8000446a:	2b0c                	.insn	2, 0x2b0c
8000446c:	261f 2b0e deec      	.insn	6, 0xdeec2b0e261f
80004472:	2b16                	.insn	2, 0x2b16
80004474:	0b2a                	sll	s6,s6,0xa
80004476:	2b1d                	jal	800049ac <verify_data+0xf88>
80004478:	4dbe                	lw	s11,204(sp)
8000447a:	2b26                	.insn	2, 0x2b26
8000447c:	0c12                	sll	s8,s8,0x4
8000447e:	2b48                	.insn	2, 0x2b48
80004480:	2488                	.insn	2, 0x2488
80004482:	1c4b2b53          	.insn	4, 0x1c4b2b53
80004486:	2b5e                	.insn	2, 0x2b5e
80004488:	e58d                	bnez	a1,800044b2 <verify_data+0xa8e>
8000448a:	2b7a                	.insn	2, 0x2b7a
8000448c:	6fa2                	.insn	2, 0x6fa2
8000448e:	4d812b7b          	.insn	4, 0x4d812b7b
80004492:	2b84                	.insn	2, 0x2b84
80004494:	70c8                	.insn	2, 0x70c8
80004496:	5d0d2b87          	.insn	4, 0x5d0d2b87
8000449a:	2b89                	jal	800049ec <verify_data+0xfc8>
8000449c:	d1e1                	beqz	a1,8000445c <verify_data+0xa38>
8000449e:	6ca02b8f          	.insn	4, 0x6ca02b8f
800044a2:	d24e2b9b          	.insn	4, 0xd24e2b9b
800044a6:	2b9d                	jal	80004a1c <verify_data+0xff8>
800044a8:	5d49                	li	s10,-14
800044aa:	35dc2ba7          	.insn	4, 0x35dc2ba7
800044ae:	2ba8                	.insn	2, 0x2ba8
800044b0:	6a49                	lui	s4,0x12
800044b2:	2be5                	jal	80004aaa <verify_data+0x1086>
800044b4:	7d20                	.insn	2, 0x7d20
800044b6:	a3052bf3          	csrrs	s7,0xa30,a0
800044ba:	2bf5                	jal	80004ab6 <verify_data+0x1092>
800044bc:	64c0                	.insn	2, 0x64c0
800044be:	58672c07          	.insn	4, 0x58672c07
800044c2:	2c15                	jal	800046f6 <verify_data+0xcd2>
800044c4:	aecc                	.insn	2, 0xaecc
800044c6:	f5572c23          	sw	s5,-168(a4)
800044ca:	94b82c2b          	.insn	4, 0x94b82c2b
800044ce:	2c2d                	jal	80004708 <verify_data+0xce4>
800044d0:	2c3cdaab          	.insn	4, 0x2c3cdaab
800044d4:	0379                	add	t1,t1,30 # 1401e <buflen.1+0x13fde>
800044d6:	2c52                	.insn	2, 0x2c52
800044d8:	2c54a803          	lw	a6,709(s1) # 32c5 <buflen.1+0x3285>
800044dc:	983d                	and	s0,s0,-17
800044de:	2c6a                	.insn	2, 0x2c6a
800044e0:	aaad                	j	8000465a <verify_data+0xc36>
800044e2:	5cab2c73          	csrrs	s8,0x5ca,s6
800044e6:	9f222c8f          	.insn	4, 0x9f222c8f
800044ea:	2c9d                	jal	80004760 <verify_data+0xd3c>
800044ec:	2c45                	jal	8000479c <verify_data+0xd78>
800044ee:	b88a2cab          	.insn	4, 0xb88a2cab
800044f2:	2cbd                	jal	80004770 <verify_data+0xd4c>
800044f4:	2cc21eab          	.insn	4, 0x2cc21eab
800044f8:	ddc4                	sw	s1,60(a1)
800044fa:	2cd0                	.insn	2, 0x2cd0
800044fc:	8849                	and	s0,s0,18
800044fe:	2cd8                	.insn	2, 0x2cd8
80004500:	2ce66627          	.insn	4, 0x2ce66627
80004504:	6b72                	.insn	2, 0x6b72
80004506:	2cf4                	.insn	2, 0x2cf4
80004508:	e584                	.insn	2, 0xe584
8000450a:	2cf4                	.insn	2, 0x2cf4
8000450c:	ceea                	sw	s10,92(sp)
8000450e:	2cfe                	.insn	2, 0x2cfe
80004510:	d921                	beqz	a0,80004460 <verify_data+0xa3c>
80004512:	2d08                	.insn	2, 0x2d08
80004514:	9006                	c.add	zero,ra
80004516:	2d0c                	.insn	2, 0x2d0c
80004518:	2d2aea73          	csrrs	s4,0x2d2,21
8000451c:	8c8c                	.insn	2, 0x8c8c
8000451e:	2d2d                	jal	80004b58 <verify_data+0x1134>
80004520:	d426                	sw	s1,40(sp)
80004522:	2d30                	.insn	2, 0x2d30
80004524:	eda1                	bnez	a1,8000457c <verify_data+0xb58>
80004526:	2d68                	.insn	2, 0x2d68
80004528:	2d73d15b          	.insn	4, 0x2d73d15b
8000452c:	7cb6                	.insn	2, 0x7cb6
8000452e:	fe492d97          	auipc	s11,0xfe492
80004532:	ddde2d97          	auipc	s11,0xddde2
80004536:	2d9e                	.insn	2, 0x2d9e
80004538:	ac55                	j	800047ec <verify_data+0xdc8>
8000453a:	0f762da3          	sw	s7,251(a2) # 292dc0fb <buflen.1+0x292dc0bb>
8000453e:	ec892dbb          	.insn	4, 0xec892dbb
80004542:	2dc4                	.insn	2, 0x2dc4
80004544:	95c4                	.insn	2, 0x95c4
80004546:	2dc9                	jal	80004c18 <verify_data+0x11f4>
80004548:	17e0                	add	s0,sp,1004
8000454a:	2dd6                	.insn	2, 0x2dd6
8000454c:	2deb91bf 2df3dfcb 	.insn	8, 0x2df3dfcb2deb91bf
80004554:	2e04b247          	.insn	4, 0x2e04b247
80004558:	9db6                	add	s11,s11,a3
8000455a:	77ef2e07          	.insn	4, 0x77ef2e07
8000455e:	0dbb2e0b          	.insn	4, 0x0dbb2e0b
80004562:	2e16                	.insn	2, 0x2e16
80004564:	2e56b07f 2e6a0f7c 	.insn	16, 0x2e70078a2e6c133b2e6a0f7c2e56b07f
8000456c:	2e6c133b 2e70078a 
80004574:	26e2                	.insn	2, 0x26e2
80004576:	2eb2                	.insn	2, 0x2eb2
80004578:	3bb4                	.insn	2, 0x3bb4
8000457a:	2ed0                	.insn	2, 0x2ed0
8000457c:	4040                	lw	s0,4(s0)
8000457e:	2ed9                	jal	80004954 <verify_data+0xf30>
80004580:	f2c1                	bnez	a3,80004500 <verify_data+0xadc>
80004582:	2edd                	jal	80004978 <verify_data+0xf54>
80004584:	0df8                	add	a4,sp,732
80004586:	2ee2                	.insn	2, 0x2ee2
80004588:	2eea494b          	.insn	4, 0x2eea494b
8000458c:	def5                	beqz	a3,80004588 <verify_data+0xb64>
8000458e:	2ef0                	.insn	2, 0x2ef0
80004590:	8746                	mv	a4,a7
80004592:	2ef5                	jal	8000498e <verify_data+0xf6a>
80004594:	9bd8                	.insn	2, 0x9bd8
80004596:	2ef6                	.insn	2, 0x2ef6
80004598:	5b1f 2f1a 9f26      	.insn	6, 0x9f262f1a5b1f
8000459e:	2f24                	.insn	2, 0x2f24
800045a0:	9259                	srl	a2,a2,0x36
800045a2:	2f28                	.insn	2, 0x2f28
800045a4:	91a6                	add	gp,gp,s1
800045a6:	ef642f2b          	.insn	4, 0xef642f2b
800045aa:	b4642f4b          	.insn	4, 0xb4642f4b
800045ae:	2f70                	.insn	2, 0x2f70
800045b0:	2c50                	.insn	2, 0x2c50
800045b2:	2f82                	.insn	2, 0x2f82
800045b4:	5026                	.insn	2, 0x5026
800045b6:	d1cb2f97          	auipc	t6,0xd1cb2
800045ba:	b6d42fa7          	.insn	4, 0xb6d42fa7
800045be:	2faa                	.insn	2, 0x2faa
800045c0:	2fb80fd7          	.insn	4, 0x2fb80fd7
800045c4:	21dc                	.insn	2, 0x21dc
800045c6:	2fb9                	jal	80004d24 <verify_data+0x1300>
800045c8:	2fbefe13          	and	t3,t4,763
800045cc:	2fc79aeb          	.insn	4, 0x2fc79aeb
800045d0:	2fcade4f          	.insn	4, 0x2fcade4f
800045d4:	b366                	.insn	2, 0xb366
800045d6:	2fd8                	.insn	2, 0x2fd8
800045d8:	2ff1affb          	.insn	4, 0x2ff1affb
800045dc:	30107333          	.insn	4, 0x30107333
800045e0:	301453e7          	.insn	4, 0x301453e7
800045e4:	3014dbb7          	lui	s7,0x3014d
800045e8:	94ee                	add	s1,s1,s11
800045ea:	3041                	jal	80003e6a <verify_data+0x446>
800045ec:	86c8                	.insn	2, 0x86c8
800045ee:	304d                	jal	80003e90 <verify_data+0x46c>
800045f0:	81e5                	srl	a1,a1,0x19
800045f2:	93fd304f          	.insn	4, 0x93fd304f
800045f6:	89643067          	.insn	4, 0x89643067
800045fa:	306a                	.insn	2, 0x306a
800045fc:	2809                	jal	8000460e <verify_data+0xbea>
800045fe:	3401306b          	.insn	4, 0x3401306b
80004602:	307d                	jal	80003eb0 <verify_data+0x48c>
80004604:	46b2                	lw	a3,12(sp)
80004606:	3089                	jal	80003e48 <verify_data+0x424>
80004608:	9914                	.insn	2, 0x9914
8000460a:	3095                	jal	80003e6e <verify_data+0x44a>
8000460c:	cd5f 30b8 735e      	.insn	6, 0x735e30b8cd5f
80004612:	30ee                	.insn	2, 0x30ee
80004614:	d0d4                	sw	a3,36(s1)
80004616:	30f6                	.insn	2, 0x30f6
80004618:	6af4                	.insn	2, 0x6af4
8000461a:	3108                	.insn	2, 0x3108
8000461c:	1d65                	add	s10,s10,-7
8000461e:	3116                	.insn	2, 0x3116
80004620:	31529973          	csrrw	s2,0x315,t0
80004624:	3170694b          	.insn	4, 0x3170694b
80004628:	31766a3f 3181e05e 	.insn	8, 0x3181e05e31766a3f
80004630:	318c2ea3          	sw	s8,797(s8)
80004634:	318c39e7          	.insn	4, 0x318c39e7
80004638:	8c7a                	mv	s8,t5
8000463a:	3198                	.insn	2, 0x3198
8000463c:	dfc5                	beqz	a5,800045f4 <verify_data+0xbd0>
8000463e:	31a6                	.insn	2, 0x31a6
80004640:	31bc1683          	lh	a3,795(s8)
80004644:	0fec                	add	a1,sp,988
80004646:	31c6                	.insn	2, 0x31c6
80004648:	d196                	sw	t0,224(sp)
8000464a:	31cc                	.insn	2, 0x31cc
8000464c:	0a74                	add	a3,sp,284
8000464e:	31d9                	jal	80004314 <verify_data+0x8f0>
80004650:	58ee                	lw	a7,248(sp)
80004652:	fa4731e3          	.insn	4, 0xfa4731e3
80004656:	100a31e3          	.insn	4, 0x100a31e3
8000465a:	31ec                	.insn	2, 0x31ec
8000465c:	de75                	beqz	a2,80004658 <verify_data+0xc34>
8000465e:	3209                	jal	80003f60 <verify_data+0x53c>
80004660:	3213004b          	.insn	4, 0x3213004b
80004664:	6e71                	lui	t3,0x1c
80004666:	324a                	.insn	2, 0x324a
80004668:	324f49f7          	.insn	4, 0x324f49f7
8000466c:	5676                	lw	a2,124(sp)
8000466e:	3268                	.insn	2, 0x3268
80004670:	e084                	.insn	2, 0xe084
80004672:	326e                	.insn	2, 0x326e
80004674:	dd86                	sw	ra,248(sp)
80004676:	3276                	.insn	2, 0x3276
80004678:	19a6                	sll	s3,s3,0x29
8000467a:	3280                	.insn	2, 0x3280
8000467c:	9e1e                	add	t3,t3,t2
8000467e:	328d                	jal	80003fe0 <verify_data+0x5bc>
80004680:	32919983          	lh	s3,809(gp) # 8000854d <__global_pointer$+0x329>
80004684:	2dde                	.insn	2, 0x2dde
80004686:	32a2                	.insn	2, 0x32a2
80004688:	24ff 32be 29b6 32c4 	.insn	14, 0x6a7432cda56532c429b632be24ff
80004690:	a565 32cd 6a74 
80004696:	32ce                	.insn	2, 0x32ce
80004698:	3d32                	.insn	2, 0x3d32
8000469a:	32d5                	jal	8000407e <verify_data+0x65a>
8000469c:	127e                	sll	tp,tp,0x3f
8000469e:	32e0                	.insn	2, 0x32e0
800046a0:	32ee431b          	.insn	4, 0x32ee431b
800046a4:	e815                	bnez	s0,800046d8 <verify_data+0xcb4>
800046a6:	ffd432f7          	.insn	4, 0xffd432f7
800046aa:	330e                	.insn	2, 0x330e
800046ac:	4b8a                	lw	s7,128(sp)
800046ae:	3312                	.insn	2, 0x3312
800046b0:	33226d3b          	.insn	4, 0x33226d3b
800046b4:	bb69                	j	8000444e <verify_data+0xa2a>
800046b6:	3324                	.insn	2, 0x3324
800046b8:	57fc                	lw	a5,108(a5)
800046ba:	3326                	.insn	2, 0x3326
800046bc:	3085                	jal	80003f1c <verify_data+0x4f8>
800046be:	3339                	jal	800043cc <verify_data+0x9a8>
800046c0:	a3bc                	.insn	2, 0xa3bc
800046c2:	333c                	.insn	2, 0x333c
800046c4:	3348100b          	.insn	4, 0x3348100b
800046c8:	bf5f 3378 37b1      	.insn	6, 0x37b13378bf5f
800046ce:	337a                	.insn	2, 0x337a
800046d0:	9944                	.insn	2, 0x9944
800046d2:	339f 69aa 33a5      	.insn	6, 0x33a569aa339f
800046d8:	26c9                	jal	80004a9a <verify_data+0x1076>
800046da:	d57033ab          	.insn	4, 0xd57033ab
800046de:	33ac                	.insn	2, 0x33ac
800046e0:	f61d                	bnez	a2,8000460e <verify_data+0xbea>
800046e2:	33b6                	.insn	2, 0x33b6
800046e4:	e796                	.insn	2, 0xe796
800046e6:	33d8                	.insn	2, 0x33d8
800046e8:	33f842cb          	.insn	4, 0x33f842cb
800046ec:	34127047          	.insn	4, 0x34127047
800046f0:	3417d43b          	.insn	4, 0x3417d43b
800046f4:	86a9                	sra	a3,a3,0xa
800046f6:	341a                	.insn	2, 0x341a
800046f8:	342ec987          	.insn	4, 0x342ec987
800046fc:	b01d                	j	80003f22 <verify_data+0x4fe>
800046fe:	3438                	.insn	2, 0x3438
80004700:	c77a                	sw	t5,140(sp)
80004702:	345f 935e 3460      	.insn	6, 0x3460935e345f
80004708:	b74e                	.insn	2, 0xb74e
8000470a:	3462                	.insn	2, 0x3462
8000470c:	47ff 346a e798 346c 	.insn	18, 0x3b97347ab34e3471e0a8346ce798346a47ff
80004714:	e0a8 3471 b34e 347a 
8000471c:	3b97 
8000471e:	347e                	.insn	2, 0x347e
80004720:	3491fb3f 34968f93 	.insn	8, 0x34968f933491fb3f
80004728:	3499a707          	.insn	4, 0x3499a707
8000472c:	5b28                	lw	a0,112(a4)
8000472e:	34cd                	jal	80004210 <verify_data+0x7ec>
80004730:	3644                	.insn	2, 0x3644
80004732:	34de                	.insn	2, 0x34de
80004734:	6341                	lui	t1,0x10
80004736:	5cce34eb          	.insn	4, 0x5cce34eb
8000473a:	6b953513          	sltiu	a0,a0,1721
8000473e:	3526                	.insn	2, 0x3526
80004740:	99c5                	and	a1,a1,-15
80004742:	2e883533          	.insn	4, 0x2e883533
80004746:	3539                	jal	80004554 <verify_data+0xb30>
80004748:	b79f 353e 36c6      	.insn	6, 0x36c6353eb79f
8000474e:	b68b3543          	.insn	4, 0xb68b3543
80004752:	3548                	.insn	2, 0x3548
80004754:	1a2c                	add	a1,sp,312
80004756:	3555                	jal	800045fa <verify_data+0xbd6>
80004758:	a8ed                	j	80004852 <verify_data+0xe2e>
8000475a:	d7583557          	.insn	4, 0xd7583557
8000475e:	3559                	jal	800045e4 <verify_data+0xbc0>
80004760:	3150                	.insn	2, 0x3150
80004762:	3561                	jal	800045ea <verify_data+0xbc6>
80004764:	05a2                	sll	a1,a1,0x8
80004766:	3594                	.insn	2, 0x3594
80004768:	35ae                	.insn	2, 0x35ae
8000476a:	35c0                	.insn	2, 0x35c0
8000476c:	5411                	li	s0,-28
8000476e:	35e6                	.insn	2, 0x35e6
80004770:	360e2f13          	slti	t5,t3,864
80004774:	3615d7bf 36182d7f 	.insn	8, 0x36182d7f3615d7bf
8000477c:	69d9                	lui	s3,0x16
8000477e:	3632                	.insn	2, 0x3632
80004780:	93c9                	srl	a5,a5,0x32
80004782:	3634                	.insn	2, 0x3634
80004784:	d420                	sw	s0,104(s0)
80004786:	d5de3647          	.insn	4, 0xd5de3647
8000478a:	3661                	jal	80004312 <verify_data+0x8ee>
8000478c:	5b94                	lw	a3,48(a5)
8000478e:	3688                	.insn	2, 0x3688
80004790:	42ad                	li	t0,11
80004792:	3698                	.insn	2, 0x3698
80004794:	2b51                	jal	80004d28 <verify_data+0x1304>
80004796:	369a                	.insn	2, 0x369a
80004798:	10ae                	sll	ra,ra,0x2b
8000479a:	36b0                	.insn	2, 0x36b0
8000479c:	36bd5793          	.insn	4, 0x36bd5793
800047a0:	36d21197          	auipc	gp,0x36d21
800047a4:	181a                	sll	a6,a6,0x26
800047a6:	36ee                	.insn	2, 0x36ee
800047a8:	712a                	.insn	2, 0x712a
800047aa:	2af736f7          	.insn	4, 0x2af736f7
800047ae:	953f370b          	.insn	4, 0x953f370b
800047b2:	6219370f          	.insn	4, 0x6219370f
800047b6:	99ac371b          	.insn	4, 0x99ac371b
800047ba:	42b9372b          	.insn	4, 0x42b9372b
800047be:	3731                	jal	800046ca <verify_data+0xca6>
800047c0:	b46e                	.insn	2, 0xb46e
800047c2:	3734                	.insn	2, 0x3734
800047c4:	f7b8                	.insn	2, 0xf7b8
800047c6:	98ff373f e5553741 	.insn	8, 0xe555374198ff373f
800047ce:	3748                	.insn	2, 0x3748
800047d0:	3752e6c7          	.insn	4, 0x3752e6c7
800047d4:	375ced43          	.insn	4, 0x375ced43
800047d8:	c88e                	sw	gp,80(sp)
800047da:	3764                	.insn	2, 0x3764
800047dc:	3774479b          	.insn	4, 0x3774479b
800047e0:	a8b1                	j	8000483c <verify_data+0xe18>
800047e2:	a7273793          	sltiu	a5,a4,-1422
800047e6:	37a5                	jal	8000474e <verify_data+0xd2a>
800047e8:	37a6bc03          	.insn	4, 0x37a6bc03
800047ec:	74e5                	lui	s1,0xffff9
800047ee:	37ac                	.insn	2, 0x37ac
800047f0:	66c0                	.insn	2, 0x66c0
800047f2:	37b6                	.insn	2, 0x37b6
800047f4:	7574                	.insn	2, 0x7574
800047f6:	37c2                	.insn	2, 0x37c2
800047f8:	37c3b8f7          	.insn	4, 0x37c3b8f7
800047fc:	7da5                	lui	s11,0xfffe9
800047fe:	37c5                	jal	800047de <verify_data+0xdba>
80004800:	37c94eb3          	.insn	4, 0x37c94eb3
80004804:	b958                	.insn	2, 0xb958
80004806:	37da                	.insn	2, 0x37da
80004808:	626c                	.insn	2, 0x626c
8000480a:	37e8                	.insn	2, 0x37e8
8000480c:	8c39                	xor	s0,s0,a4
8000480e:	37e8                	.insn	2, 0x37e8
80004810:	9834                	.insn	2, 0x9834
80004812:	b6ea37ff b3cd381d 	.insn	16, 0x20f13842578e3834b3cd381db6ea37ff
8000481a:	578e3834 20f13842 
80004822:	384a                	.insn	2, 0x384a
80004824:	092d                	add	s2,s2,11
80004826:	3862                	.insn	2, 0x3862
80004828:	38679167          	.insn	4, 0x38679167
8000482c:	4d02                	lw	s10,0(sp)
8000482e:	3869                	jal	800040c8 <verify_data+0x6a4>
80004830:	386a4a27          	.insn	4, 0x386a4a27
80004834:	cfc9                	beqz	a5,800048ce <verify_data+0xeaa>
80004836:	c145388b          	.insn	4, 0xc145388b
8000483a:	3890                	.insn	2, 0x3890
8000483c:	3893fc2f          	.insn	4, 0x3893fc2f
80004840:	ffda                	.insn	2, 0xffda
80004842:	389f 05d1 38b3      	.insn	6, 0x38b305d1389f
80004848:	38b93c73          	csrrc	s8,0x38b,s2
8000484c:	f23d                	bnez	a2,800047b2 <verify_data+0xd8e>
8000484e:	38ca                	.insn	2, 0x38ca
80004850:	7b46                	.insn	2, 0x7b46
80004852:	023138d3          	.insn	4, 0x023138d3
80004856:	a07c38db          	.insn	4, 0xa07c38db
8000485a:	db9c38e3          	.insn	4, 0xdb9c38e3
8000485e:	38ea                	.insn	2, 0x38ea
80004860:	4292                	lw	t0,4(sp)
80004862:	3b0338eb          	.insn	4, 0x3b0338eb
80004866:	bd26390b          	.insn	4, 0xbd26390b
8000486a:	3925                	jal	800044a2 <verify_data+0xa7e>
8000486c:	9561                	sra	a0,a0,0x38
8000486e:	392e                	.insn	2, 0x392e
80004870:	6cd4                	.insn	2, 0x6cd4
80004872:	c9d63947          	.insn	4, 0xc9d63947
80004876:	397a                	.insn	2, 0x397a
80004878:	35c4                	.insn	2, 0x35c4
8000487a:	398c                	.insn	2, 0x398c
8000487c:	398d5073          	csrw	0x398,26
80004880:	399987cf          	.insn	4, 0x399987cf
80004884:	737c                	.insn	2, 0x737c
80004886:	eec339bf 6d6839c2 	.insn	8, 0x6d6839c2eec339bf
8000488e:	39c6                	.insn	2, 0x39c6
80004890:	39c73b7f 39c96743 	.insn	16, 0x39f0708e39d3fdf639c9674339c73b7f
80004898:	39d3fdf6 39f0708e 
800048a0:	6835                	lui	a6,0xd
800048a2:	3a04                	.insn	2, 0x3a04
800048a4:	493e                	lw	s2,204(sp)
800048a6:	3a06                	.insn	2, 0x3a06
800048a8:	56e2                	lw	a3,56(sp)
800048aa:	3a06                	.insn	2, 0x3a06
800048ac:	3a0a8c2b          	.insn	4, 0x3a0a8c2b
800048b0:	cef4                	sw	a3,92(a3)
800048b2:	3a2c                	.insn	2, 0x3a2c
800048b4:	8a86                	mv	s5,ra
800048b6:	3a2d                	jal	800041f0 <verify_data+0x7cc>
800048b8:	c658                	sw	a4,12(a2)
800048ba:	3a42                	.insn	2, 0x3a42
800048bc:	3a49aebb          	.insn	4, 0x3a49aebb
800048c0:	de5c                	sw	a5,60(a2)
800048c2:	3a4e                	.insn	2, 0x3a4e
800048c4:	56ec                	lw	a1,108(a3)
800048c6:	3a74                	.insn	2, 0x3a74
800048c8:	c985                	beqz	a1,800048f8 <verify_data+0xed4>
800048ca:	3a76                	.insn	2, 0x3a76
800048cc:	3a980e8b          	.insn	4, 0x3a980e8b
800048d0:	3aba90eb          	.insn	4, 0x3aba90eb
800048d4:	3ac8d43b          	.insn	4, 0x3ac8d43b
800048d8:	0afe                	sll	s5,s5,0x1f
800048da:	3ae0                	.insn	2, 0x3ae0
800048dc:	4361                	li	t1,24
800048de:	3aea                	.insn	2, 0x3aea
800048e0:	3b13e5b7          	lui	a1,0x3b13e
800048e4:	cef1                	beqz	a3,800049c0 <verify_data+0xf9c>
800048e6:	3b1e                	.insn	2, 0x3b1e
800048e8:	fafd                	bnez	a3,800048de <verify_data+0xeba>
800048ea:	3b26                	.insn	2, 0x3b26
800048ec:	fdc5                	bnez	a1,800048a4 <verify_data+0xe80>
800048ee:	fc5c3b37          	lui	s6,0xfc5c3
800048f2:	af763b3b          	.insn	4, 0xaf763b3b
800048f6:	ed023b43          	.insn	4, 0xed023b43
800048fa:	3b76                	.insn	2, 0x3b76
800048fc:	7cce                	.insn	2, 0x7cce
800048fe:	3b8a                	.insn	2, 0x3b8a
80004900:	07e4                	add	s1,sp,972
80004902:	d0de3b8f          	.insn	4, 0xd0de3b8f
80004906:	3b90                	.insn	2, 0x3b90
80004908:	3b99408f          	.insn	4, 0x3b99408f
8000490c:	3eb0                	.insn	2, 0x3eb0
8000490e:	3c06                	.insn	2, 0x3c06
80004910:	e4c1                	bnez	s1,80004998 <verify_data+0xf74>
80004912:	3c39                	jal	80004330 <verify_data+0x90c>
80004914:	02ec                	add	a1,sp,332
80004916:	3c49                	jal	800043a8 <verify_data+0x984>
80004918:	de19                	beqz	a2,80004836 <verify_data+0xe12>
8000491a:	3c49                	jal	800043ac <verify_data+0x988>
8000491c:	bdbd                	j	8000479a <verify_data+0xd76>
8000491e:	3a763c4b          	.insn	4, 0x3a763c4b
80004922:	e86b3c5b          	.insn	4, 0xe86b3c5b
80004926:	3c6e                	.insn	2, 0x3c6e
80004928:	1752                	sll	a4,a4,0x34
8000492a:	3c96                	.insn	2, 0x3c96
8000492c:	3c985217          	auipc	tp,0x3c985
80004930:	8b6a                	mv	s6,s10
80004932:	3ccc                	.insn	2, 0x3ccc
80004934:	71b9                	lui	gp,0xfffee
80004936:	a1413cdb          	.insn	4, 0xa1413cdb
8000493a:	0d013cf7          	.insn	4, 0x0d013cf7
8000493e:	3d1a                	.insn	2, 0x3d1a
80004940:	bfe5                	j	80004938 <verify_data+0xf14>
80004942:	3d2c                	.insn	2, 0x3d2c
80004944:	54be                	lw	s1,236(sp)
80004946:	3d2d                	jal	80004780 <verify_data+0xd5c>
80004948:	5ae1                	li	s5,-8
8000494a:	3d42                	.insn	2, 0x3d42
8000494c:	3d4262f7          	.insn	4, 0x3d4262f7
80004950:	1d74                	add	a3,sp,700
80004952:	3d4e                	.insn	2, 0x3d4e
80004954:	8d0c                	.insn	2, 0x8d0c
80004956:	3d52                	.insn	2, 0x3d52
80004958:	56d6                	lw	a3,116(sp)
8000495a:	3d54                	.insn	2, 0x3d54
8000495c:	fb3a                	.insn	2, 0xfb3a
8000495e:	742a3d57          	.insn	4, 0x742a3d57
80004962:	3d5a                	.insn	2, 0x3d5a
80004964:	00fc                	add	a5,sp,76
80004966:	3d62                	.insn	2, 0x3d62
80004968:	592a                	lw	s2,168(sp)
8000496a:	3d7d                	jal	80004828 <verify_data+0xe04>
8000496c:	7fc4                	.insn	2, 0x7fc4
8000496e:	3d8e                	.insn	2, 0x3d8e
80004970:	3d9105a3          	sb	s9,971(sp)
80004974:	38e6                	.insn	2, 0x38e6
80004976:	3da0                	.insn	2, 0x3da0
80004978:	ffa0                	.insn	2, 0xffa0
8000497a:	3db1                	jal	800047d6 <verify_data+0xdb2>
8000497c:	3dbf7153          	.insn	4, 0x3dbf7153
80004980:	50ad                	li	ra,-21
80004982:	e9283dd7          	.insn	4, 0xe9283dd7
80004986:	3dde                	.insn	2, 0x3dde
80004988:	4c2e                	lw	s8,200(sp)
8000498a:	b7773deb          	.insn	4, 0xb7773deb
8000498e:	0a4d3e27          	.insn	4, 0x0a4d3e27
80004992:	3e2a                	.insn	2, 0x3e2a
80004994:	f67f                	.insn	2, 0xf67f
80004996:	3e38                	.insn	2, 0x3e38
80004998:	3e3b8743          	.insn	4, 0x3e3b8743
8000499c:	3e5303f7          	.insn	4, 0x3e5303f7
800049a0:	79d1                	lui	s3,0xffff4
800049a2:	17143e53          	.insn	4, 0x17143e53
800049a6:	3e6d                	jal	80004560 <verify_data+0xb3c>
800049a8:	99ec                	.insn	2, 0x99ec
800049aa:	3e85                	jal	8000451a <verify_data+0xaf6>
800049ac:	b8b0                	.insn	2, 0xb8b0
800049ae:	3e8d                	jal	80004520 <verify_data+0xafc>
800049b0:	6ce8                	.insn	2, 0x6ce8
800049b2:	8b753e9b          	.insn	4, 0x8b753e9b
800049b6:	3e9d                	jal	8000452c <verify_data+0xb08>
800049b8:	ccad                	beqz	s1,80004a32 <verify_data+0x100e>
800049ba:	c5723ea7          	.insn	4, 0xc5723ea7
800049be:	99263ed3          	.insn	4, 0x99263ed3
800049c2:	3f00                	.insn	2, 0x3f00
800049c4:	227f 3f1a 1b75 3f1e 	.insn	14, 0x204c3f4ac5ee3f1e1b753f1a227f
800049cc:	c5ee 3f4a 204c 
800049d2:	3f66                	.insn	2, 0x3f66
800049d4:	7168                	.insn	2, 0x7168
800049d6:	d17c3f67          	.insn	4, 0xd17c3f67
800049da:	e53c3f67          	.insn	4, 0xe53c3f67
800049de:	3f68                	.insn	2, 0x3f68
800049e0:	b11e                	.insn	2, 0xb11e
800049e2:	3f7c                	.insn	2, 0x3f7c
800049e4:	f425                	bnez	s0,8000494c <verify_data+0xf28>
800049e6:	3f81                	jal	80004936 <verify_data+0xf12>
800049e8:	156e                	sll	a0,a0,0x3b
800049ea:	3f8a                	.insn	2, 0x3f8a
800049ec:	3f95e34b          	.insn	4, 0x3f95e34b
800049f0:	f67d                	bnez	a2,800049de <verify_data+0xfba>
800049f2:	3fa4                	.insn	2, 0x3fa4
800049f4:	5aa8                	lw	a0,112(a3)
800049f6:	3fb1                	jal	80004952 <verify_data+0xf2e>
800049f8:	91b1                	srl	a1,a1,0x2c
800049fa:	3fb4                	.insn	2, 0x3fb4
800049fc:	83ba                	mv	t2,a4
800049fe:	3fbe                	.insn	2, 0x3fbe
80004a00:	4afd                	li	s5,31
80004a02:	fa463fff 12294001 	.insn	16, 0x7e40401ed5c8400712294001fa463fff
80004a0a:	d5c84007 7e40401e 
80004a12:	4025                	c.li	zero,9
80004a14:	4043fd5b          	.insn	4, 0x4043fd5b
80004a18:	405d5a9b          	.insn	4, 0x405d5a9b
80004a1c:	a050                	.insn	2, 0xa050
80004a1e:	4085                	li	ra,1
80004a20:	345c                	.insn	2, 0x345c
80004a22:	7651408b          	.insn	4, 0x7651408b
80004a26:	c4ff408b          	.insn	4, 0xc4ff408b
80004a2a:	40b0                	lw	a2,64(s1)
80004a2c:	4885                	li	a7,1
80004a2e:	40cd                	li	ra,19
80004a30:	0d2d                	add	s10,s10,11
80004a32:	40ce                	lw	ra,208(sp)
80004a34:	24f2                	.insn	2, 0x24f2
80004a36:	40ce                	lw	ra,208(sp)
80004a38:	cc41                	beqz	s0,80004ad0 <verify_data+0x10ac>
80004a3a:	40d2                	lw	ra,20(sp)
80004a3c:	a17a                	.insn	2, 0xa17a
80004a3e:	40d5                	li	ra,21
80004a40:	0dea                	sll	s11,s11,0x1a
80004a42:	a95e40ef          	jal	7ffe94d6 <buflen.1+0x7ffe9496>
80004a46:	ad3840f3          	.insn	4, 0xad3840f3
80004a4a:	40f9                	li	ra,30
80004a4c:	f865                	bnez	s0,80004a3c <verify_data+0x1018>
80004a4e:	40fd                	li	ra,31
80004a50:	40fed847          	.insn	4, 0x40fed847
80004a54:	411c6f63          	bltu	s8,a7,80004e72 <verify_data+0x144e>
80004a58:	41240a87          	.insn	4, 0x41240a87
80004a5c:	6f6a                	.insn	2, 0x6f6a
80004a5e:	4139                	li	sp,14
80004a60:	3ab2                	.insn	2, 0x3ab2
80004a62:	413d                	li	sp,15
80004a64:	88ae                	mv	a7,a1
80004a66:	414a                	lw	sp,144(sp)
80004a68:	58f0                	lw	a2,116(s1)
80004a6a:	418e                	lw	gp,192(sp)
80004a6c:	4ba0                	lw	s0,80(a5)
80004a6e:	4191                	li	gp,4
80004a70:	07d4                	add	a3,sp,964
80004a72:	4192                	lw	gp,4(sp)
80004a74:	41aaf2ef          	jal	t0,800b3e8e <__global_pointer$+0xabc6a>
80004a78:	2be4                	.insn	2, 0x2be4
80004a7a:	41ae                	lw	gp,200(sp)
80004a7c:	a764                	.insn	2, 0xa764
80004a7e:	41b5                	li	gp,13
80004a80:	65ff 41b8 a514 41be 	.insn	22, 0xa0e2423bc726422f299741f694ba41bea51441b865ff
80004a88:	94ba 41f6 2997 422f 
80004a90:	c726 423b a0e2 
80004a96:	4248                	lw	a0,4(a2)
80004a98:	f095                	bnez	s1,800049bc <verify_data+0xf98>
80004a9a:	4252                	lw	tp,20(sp)
80004a9c:	9e80                	.insn	2, 0x9e80
80004a9e:	4261                	li	tp,24
80004aa0:	8d86                	mv	s11,ra
80004aa2:	42d0                	lw	a2,4(a3)
80004aa4:	42d7b4a3          	.insn	4, 0x42d7b4a3
80004aa8:	42dd5013          	sra	zero,s10,0x2d
80004aac:	42dfc0af          	.insn	4, 0x42dfc0af
80004ab0:	1664                	add	s1,sp,812
80004ab2:	42ec                	lw	a1,68(a3)
80004ab4:	aca1                	j	80004d0c <verify_data+0x12e8>
80004ab6:	42f4                	lw	a3,68(a3)
80004ab8:	1936                	sll	s2,s2,0x2d
80004aba:	42f8                	lw	a4,68(a3)
80004abc:	430fbce7          	.insn	4, 0x430fbce7
80004ac0:	b1f5                	j	800047ac <verify_data+0xd88>
80004ac2:	431a                	lw	t1,132(sp)
80004ac4:	aba4                	.insn	2, 0xaba4
80004ac6:	431d                	li	t1,7
80004ac8:	4d99                	li	s11,6
80004aca:	8fd1432f          	.insn	4, 0x8fd1432f
80004ace:	433a                	lw	t1,140(sp)
80004ad0:	9488                	.insn	2, 0x9488
80004ad2:	4349                	li	t1,18
80004ad4:	6781                	.insn	2, 0x6781
80004ad6:	c7ab4367          	.insn	4, 0xc7ab4367
80004ada:	0f3a4373          	.insn	4, 0x0f3a4373
80004ade:	4382                	lw	t2,0(sp)
80004ae0:	7015                	c.lui	zero,0xfffe5
80004ae2:	19f2438f          	.insn	4, 0x19f2438f
80004ae6:	4396                	lw	t2,68(sp)
80004ae8:	4adc                	lw	a5,20(a3)
80004aea:	439a                	lw	t2,132(sp)
80004aec:	d65f 43b2 0354      	.insn	6, 0x035443b2d65f
80004af2:	43ba                	lw	t2,140(sp)
80004af4:	6d74                	.insn	2, 0x6d74
80004af6:	0be443bb          	.insn	4, 0x0be443bb
80004afa:	43cd                	li	t2,19
80004afc:	43e409b7          	lui	s3,0x43e40
80004b00:	3234                	.insn	2, 0x3234
80004b02:	43e6                	lw	t2,88(sp)
80004b04:	247f 43f3 22f9 43fe 	.insn	14, 0x99ca44235c1243fe22f943f3247f
80004b0c:	5c12 4423 99ca 
80004b12:	4428                	lw	a0,72(s0)
80004b14:	d032                	sw	a2,32(sp)
80004b16:	442d                	li	s0,11
80004b18:	5118                	lw	a4,32(a0)
80004b1a:	4430                	lw	a2,72(s0)
80004b1c:	463a                	lw	a2,140(sp)
80004b1e:	443a                	lw	s0,140(sp)
80004b20:	44630ba3          	sb	t1,1111(t1) # 10457 <buflen.1+0x10417>
80004b24:	ef61                	bnez	a4,80004bfc <verify_data+0x11d8>
80004b26:	4469                	li	s0,26
80004b28:	4477c207          	.insn	4, 0x4477c207
80004b2c:	1402                	sll	s0,s0,0x20
80004b2e:	447e                	lw	s0,220(sp)
80004b30:	82a8                	.insn	2, 0x82a8
80004b32:	3cf24497          	auipc	s1,0x3cf24
80004b36:	79ab44af          	.insn	4, 0x79ab44af
80004b3a:	44b0                	lw	a2,72(s1)
80004b3c:	7ed5                	lui	t4,0xffff5
80004b3e:	44d5                	li	s1,21
80004b40:	e886                	.insn	2, 0xe886
80004b42:	44de                	lw	s1,212(sp)
80004b44:	44e034f3          	csrrc	s1,0x44e,zero
80004b48:	be30                	.insn	2, 0xbe30
80004b4a:	980f44f3          	.insn	4, 0x980f44f3
80004b4e:	4500                	lw	s0,8(a0)
80004b50:	3ef5                	jal	8000474c <verify_data+0xd28>
80004b52:	451f 4e25 4520      	.insn	6, 0x45204e25451f
80004b58:	a5a0                	.insn	2, 0xa5a0
80004b5a:	4522                	lw	a0,8(sp)
80004b5c:	bf66                	.insn	2, 0xbf66
80004b5e:	4524                	lw	s1,72(a0)
80004b60:	452708a7          	.insn	4, 0x452708a7
80004b64:	45288ea3          	sb	s2,1117(a7)
80004b68:	452947fb          	.insn	4, 0x452947fb
80004b6c:	6738                	.insn	2, 0x6738
80004b6e:	452c                	lw	a1,72(a0)
80004b70:	4f90                	lw	a2,24(a5)
80004b72:	453c                	lw	a5,72(a0)
80004b74:	14c2                	sll	s1,s1,0x30
80004b76:	454d                	li	a0,19
80004b78:	4f41                	li	t5,16
80004b7a:	39da4577          	.insn	4, 0x39da4577
80004b7e:	2dac4583          	lbu	a1,730(s8)
80004b82:	4592                	lw	a1,4(sp)
80004b84:	45a55e33          	.insn	4, 0x45a55e33
80004b88:	8575                	sra	a0,a0,0x1d
80004b8a:	45b2                	lw	a1,12(sp)
80004b8c:	91ea                	add	gp,gp,s10
80004b8e:	45c4                	lw	s1,12(a1)
80004b90:	601e                	.insn	2, 0x601e
80004b92:	45c8                	lw	a0,12(a1)
80004b94:	d378                	sw	a4,100(a4)
80004b96:	45cc                	lw	a1,12(a1)
80004b98:	45da2b4b          	.insn	4, 0x45da2b4b
80004b9c:	45dfbae3          	.insn	4, 0x45dfbae3
80004ba0:	60d8                	.insn	2, 0x60d8
80004ba2:	22c245f7          	.insn	4, 0x22c245f7
80004ba6:	45f8                	lw	a4,76(a1)
80004ba8:	c688                	sw	a0,8(a3)
80004baa:	4602                	lw	a2,0(sp)
80004bac:	2449                	jal	80004e2e <verify_data+0x140a>
80004bae:	4609                	li	a2,2
80004bb0:	952d                	sra	a0,a0,0x2b
80004bb2:	4616                	lw	a2,68(sp)
80004bb4:	2b82                	.insn	2, 0x2b82
80004bb6:	4638                	lw	a4,72(a2)
80004bb8:	d58c                	sw	a1,40(a1)
80004bba:	463a                	lw	a2,140(sp)
80004bbc:	20ae                	.insn	2, 0x20ae
80004bbe:	464e                	lw	a2,208(sp)
80004bc0:	5558                	lw	a4,44(a0)
80004bc2:	4656                	lw	a2,84(sp)
80004bc4:	465d649b          	.insn	4, 0x465d649b
80004bc8:	8db4                	.insn	2, 0x8db4
80004bca:	3a7a4667          	.insn	4, 0x3a7a4667
80004bce:	468a                	lw	a3,128(sp)
80004bd0:	fa54                	.insn	2, 0xfa54
80004bd2:	469a                	lw	a3,132(sp)
80004bd4:	42ff 46ae 9d13 46d0 	.insn	18, 0xa1b846e0db7846dadd1346d09d1346ae42ff
80004bdc:	dd13 46da db78 46e0 
80004be4:	a1b8 
80004be6:	8a9e46e3          	blt	t3,s1,80004492 <verify_data+0xa6e>
80004bea:	6c8346fb          	.insn	4, 0x6c8346fb
80004bee:	46fe                	lw	a3,220(sp)
80004bf0:	0e38                	add	a4,sp,792
80004bf2:	4705                	li	a4,1
80004bf4:	dae5                	beqz	a3,80004be4 <verify_data+0x11c0>
80004bf6:	470e                	lw	a4,192(sp)
80004bf8:	9f7d                	.insn	2, 0x9f7d
80004bfa:	d0aa472b          	.insn	4, 0xd0aa472b
80004bfe:	4735                	li	a4,13
80004c00:	47c5                	li	a5,17
80004c02:	ead3476b          	.insn	4, 0xead3476b
80004c06:	1b49476b          	.insn	4, 0x1b49476b
80004c0a:	4775                	li	a4,29
80004c0c:	229c                	.insn	2, 0x229c
80004c0e:	477c                	lw	a5,76(a4)
80004c10:	4797b60f          	.insn	4, 0x4797b60f
80004c14:	479820a3          	sw	s9,1121(a6) # d461 <buflen.1+0xd421>
80004c18:	ddb4                	sw	a3,120(a1)
80004c1a:	479f 3740 47a5      	.insn	6, 0x47a53740479f
80004c20:	8ad5                	and	a3,a3,21
80004c22:	155447a7          	.insn	4, 0x155447a7
80004c26:	47ba                	lw	a5,140(sp)
80004c28:	0524                	add	s1,sp,648
80004c2a:	47c2                	lw	a5,16(sp)
80004c2c:	b8f5                	j	80004528 <verify_data+0xb04>
80004c2e:	47d2                	lw	a5,20(sp)
80004c30:	d05f 47da 8286      	.insn	6, 0x828647dad05f
80004c36:	47e0                	lw	s0,76(a5)
80004c38:	b732                	.insn	2, 0xb732
80004c3a:	47e6                	lw	a5,88(sp)
80004c3c:	481bd9f3          	csrrw	s3,0x481,23
80004c40:	0125                	add	sp,sp,9
80004c42:	481f 3db3 4847      	.insn	6, 0x48473db3481f
80004c48:	8551                	sra	a0,a0,0x14
80004c4a:	484c                	lw	a1,20(s0)
80004c4c:	f4ee                	.insn	2, 0xf4ee
80004c4e:	4861                	li	a6,24
80004c50:	adb0                	.insn	2, 0xadb0
80004c52:	486a                	lw	a6,152(sp)
80004c54:	6559                	lui	a0,0x16
80004c56:	486c                	lw	a1,84(s0)
80004c58:	0341                	add	t1,t1,16
80004c5a:	486d                	li	a6,27
80004c5c:	4881f2b7          	lui	t0,0x4881f
80004c60:	36f5                	jal	8000484c <verify_data+0xe28>
80004c62:	4896                	lw	a7,68(sp)
80004c64:	2d61                	jal	800052fc <verify_data+0x18d8>
80004c66:	48a1                	li	a7,8
80004c68:	48bfb5ef          	jal	a1,801008f2 <__global_pointer$+0xf86ce>
80004c6c:	b06d                	j	80004516 <verify_data+0xaf2>
80004c6e:	48c5                	li	a7,17
80004c70:	a2c4                	.insn	2, 0xa2c4
80004c72:	48c8                	lw	a0,20(s1)
80004c74:	48d2104f          	.insn	4, 0x48d2104f
80004c78:	48deb2b3          	.insn	4, 0x48deb2b3
80004c7c:	c11e                	sw	t2,128(sp)
80004c7e:	48ec                	lw	a1,84(s1)
80004c80:	48ee3bd3          	.insn	4, 0x48ee3bd3
80004c84:	662c                	.insn	2, 0x662c
80004c86:	48ee                	lw	a7,216(sp)
80004c88:	493e456f          	jal	a0,800e991a <__global_pointer$+0xe16f6>
80004c8c:	2b3c                	.insn	2, 0x2b3c
80004c8e:	44f24957          	.insn	4, 0x44f24957
80004c92:	4961                	li	s2,24
80004c94:	d92d                	beqz	a0,80004c06 <verify_data+0x11e2>
80004c96:	4961                	li	s2,24
80004c98:	49635f53          	.insn	4, 0x49635f53
80004c9c:	523d                	li	tp,-17
80004c9e:	4969                	li	s2,26
80004ca0:	ccf5                	beqz	s1,80004d9c <verify_data+0x1378>
80004ca2:	496d                	li	s2,27
80004ca4:	49777d6b          	.insn	4, 0x49777d6b
80004ca8:	f754                	.insn	2, 0xf754
80004caa:	497d                	li	s2,31
80004cac:	6fb9                	lui	t6,0xe
80004cae:	497e                	lw	s2,220(sp)
80004cb0:	c139                	beqz	a0,80004cf6 <verify_data+0x12d2>
80004cb2:	c342498f          	.insn	4, 0xc342498f
80004cb6:	cba1499b          	.insn	4, 0xcba1499b
80004cba:	49b049e3          	bgtz	s11,8000594c <verify_data+0x1f28>
80004cbe:	49ed                	li	s3,27
80004cc0:	4a41b0ab          	.insn	4, 0x4a41b0ab
80004cc4:	4a5ba023          	sw	t0,1184(s7) # 3014d4a0 <buflen.1+0x3014d460>
80004cc8:	8c9f 4a73 0635      	.insn	6, 0x06354a738c9f
80004cce:	4a75                	li	s4,29
80004cd0:	fd96                	.insn	2, 0xfd96
80004cd2:	4a86                	lw	s5,64(sp)
80004cd4:	ca59                	beqz	a2,80004d6a <verify_data+0x1346>
80004cd6:	4ad5                	li	s5,21
80004cd8:	4699                	li	a3,6
80004cda:	4add                	li	s5,23
80004cdc:	5c10                	lw	a2,56(s0)
80004cde:	4adf bad6 4ae2      	.insn	6, 0x4ae2bad64adf
80004ce4:	0a4e                	sll	s4,s4,0x13
80004ce6:	4af4                	lw	a3,84(a3)
80004ce8:	4b27318b          	.insn	4, 0x4b27318b
80004cec:	af6d                	j	800054a6 <verify_data+0x1a82>
80004cee:	4b3e                	lw	s6,204(sp)
80004cf0:	4b8786af          	.insn	4, 0x4b8786af
80004cf4:	3372                	.insn	2, 0x3372
80004cf6:	4bae                	lw	s7,200(sp)
80004cf8:	91ec                	.insn	2, 0x91ec
80004cfa:	d9bb4bc7          	.insn	4, 0xd9bb4bc7
80004cfe:	058c4be3          	blt	s8,s8,80005554 <verify_data+0x1b30>
80004d02:	9b834bef          	jal	s7,7ff38eba <buflen.1+0x7ff38e7a>
80004d06:	4bf2                	lw	s7,28(sp)
80004d08:	5c1f 4bf6 040c      	.insn	6, 0x040c4bf65c1f
80004d0e:	4c04                	lw	s1,24(s0)
80004d10:	97d2                	add	a5,a5,s4
80004d12:	4c06                	lw	s8,64(sp)
80004d14:	58c2                	lw	a7,48(sp)
80004d16:	4c11                	li	s8,4
80004d18:	8cce                	mv	s9,s3
80004d1a:	4c2d                	li	s8,11
80004d1c:	4c38983f 4c38dab4 	.insn	8, 0x4c38dab44c38983f
80004d24:	4c3ceec7          	.insn	4, 0x4c3ceec7
80004d28:	f69e                	.insn	2, 0xf69e
80004d2a:	4c4a                	lw	s8,144(sp)
80004d2c:	465f 4c61 7db2      	.insn	6, 0x7db24c61465f
80004d32:	e8004c9b          	.insn	4, 0xe8004c9b
80004d36:	4cb5                	li	s9,13
80004d38:	acda                	.insn	2, 0xacda
80004d3a:	4cb8                	lw	a4,88(s1)
80004d3c:	4cc2bb0b          	.insn	4, 0x4cc2bb0b
80004d40:	c236                	sw	a3,4(sp)
80004d42:	47684ccf          	.insn	4, 0x47684ccf
80004d46:	4cd9                	li	s9,22
80004d48:	4ced7143          	.insn	4, 0x4ced7143
80004d4c:	a049                	j	80004dce <verify_data+0x13aa>
80004d4e:	4cf2                	lw	s9,28(sp)
80004d50:	7b64                	.insn	2, 0x7b64
80004d52:	2ba04cf3          	.insn	4, 0x2ba04cf3
80004d56:	4cf4                	lw	a3,92(s1)
80004d58:	cad2                	sw	s4,84(sp)
80004d5a:	4cf9                	li	s9,30
80004d5c:	1e4c                	add	a1,sp,820
80004d5e:	aadb4d03          	lbu	s10,-1363(s6) # fc5c2aad <__global_pointer$+0x7c5ba889>
80004d62:	4d08                	lw	a0,24(a0)
80004d64:	4d130333          	.insn	4, 0x4d130333
80004d68:	345f 4d2e 799b      	.insn	6, 0x799b4d2e345f
80004d6e:	4d4c                	lw	a1,28(a0)
80004d70:	f848                	.insn	2, 0xf848
80004d72:	4d60                	lw	s0,92(a0)
80004d74:	5bb8                	lw	a4,112(a5)
80004d76:	1a904d77          	.insn	4, 0x1a904d77
80004d7a:	4d9f fe51 4da5      	.insn	6, 0x4da5fe514d9f
80004d80:	6f29                	lui	t5,0xa
80004d82:	4db5                	li	s11,13
80004d84:	cec0                	sw	s0,28(a3)
80004d86:	4dc9                	li	s11,18
80004d88:	4e03cf67          	.insn	4, 0x4e03cf67
80004d8c:	b8a4                	.insn	2, 0xb8a4
80004d8e:	82044e17          	auipc	t3,0x82044
80004d92:	4e34                	lw	a3,88(a2)
80004d94:	b850                	.insn	2, 0xb850
80004d96:	4e3a                	lw	t3,140(sp)
80004d98:	4e448da7          	.insn	4, 0x4e448da7
80004d9c:	4e4c9107          	.insn	4, 0x4e4c9107
80004da0:	1808                	add	a0,sp,48
80004da2:	4e50                	lw	a2,28(a2)
80004da4:	6961                	lui	s2,0x18
80004da6:	4e72                	lw	t3,28(sp)
80004da8:	0276                	sll	tp,tp,0x1d
80004daa:	4e81                	li	t4,0
80004dac:	e729                	bnez	a4,80004df6 <verify_data+0x13d2>
80004dae:	4e82                	lw	t4,0(sp)
80004db0:	94d2                	add	s1,s1,s4
80004db2:	d2144e8f          	.insn	4, 0xd2144e8f
80004db6:	4e9c                	lw	a5,24(a3)
80004db8:	4eaa874f          	.insn	4, 0x4eaa874f
80004dbc:	8f85                	sub	a5,a5,s1
80004dbe:	4eca                	lw	t4,144(sp)
80004dc0:	687e                	.insn	2, 0x687e
80004dc2:	4ed0                	lw	a2,28(a3)
80004dc4:	4ed6bee3          	.insn	4, 0x4ed6bee3
80004dc8:	9124                	.insn	2, 0x9124
80004dca:	85ea4ee7          	.insn	4, 0x85ea4ee7
80004dce:	4eec                	lw	a1,92(a3)
80004dd0:	aeb6                	.insn	2, 0xaeb6
80004dd2:	4ef5                	li	t4,29
80004dd4:	4efa053b          	.insn	4, 0x4efa053b
80004dd8:	2d0a                	.insn	2, 0x2d0a
80004dda:	6b084efb          	.insn	4, 0x6b084efb
80004dde:	4f09                	li	t5,2
80004de0:	d49f 4f2b 2e2c      	.insn	6, 0x2e2c4f2bd49f
80004de6:	4f35                	li	t5,13
80004de8:	4c14                	lw	a3,24(s0)
80004dea:	82e34f5b          	.insn	4, 0x82e34f5b
80004dee:	4f5e                	lw	t5,212(sp)
80004df0:	7e0c                	.insn	2, 0x7e0c
80004df2:	4f6a                	lw	t5,152(sp)
80004df4:	d6f6                	sw	t4,108(sp)
80004df6:	2e644f6b          	.insn	4, 0x2e644f6b
80004dfa:	4f6e                	lw	t5,216(sp)
80004dfc:	4f730137          	lui	sp,0x4f730
80004e00:	0661                	add	a2,a2,24
80004e02:	4f80                	lw	s0,24(a5)
80004e04:	4e44                	lw	s1,28(a2)
80004e06:	4f90                	lw	a2,24(a5)
80004e08:	177e                	sll	a4,a4,0x3f
80004e0a:	4f96                	lw	t6,68(sp)
80004e0c:	08d9                	add	a7,a7,22
80004e0e:	6eff4f97          	auipc	t6,0x6eff4
80004e12:	4f9c                	lw	a5,24(a5)
80004e14:	9f10                	.insn	2, 0x9f10
80004e16:	4f9f 6481 4fa3      	.insn	6, 0x4fa364814f9f
80004e1c:	94c6                	add	s1,s1,a7
80004e1e:	4fa9                	li	t6,10
80004e20:	3271                	jal	800047ac <verify_data+0xd88>
80004e22:	a3944fb7          	lui	t6,0xa3944
80004e26:	4fc1                	li	t6,16
80004e28:	fda0                	.insn	2, 0xfda0
80004e2a:	44314fd3          	.insn	4, 0x44314fd3
80004e2e:	4fed                	li	t6,27
80004e30:	b9ad                	j	80004aaa <verify_data+0x1086>
80004e32:	501d                	c.li	zero,-25
80004e34:	495f 502b d8ac      	.insn	6, 0xd8ac502b495f
80004e3a:	5030                	lw	a2,96(s0)
80004e3c:	503866b3          	.insn	4, 0x503866b3
80004e40:	259f 503a ed35      	.insn	6, 0xed35503a259f
80004e46:	504d                	c.li	zero,-13
80004e48:	5c0d                	li	s8,-29
80004e4a:	505e                	.insn	2, 0x505e
80004e4c:	8da5                	xor	a1,a1,s1
80004e4e:	505e                	.insn	2, 0x505e
80004e50:	5615                	li	a2,-27
80004e52:	5081                	li	ra,-32
80004e54:	9ad6                	add	s5,s5,s5
80004e56:	50a2                	lw	ra,40(sp)
80004e58:	5896                	lw	a7,100(sp)
80004e5a:	636650a7          	.insn	4, 0x636650a7
80004e5e:	50b4                	lw	a3,96(s1)
80004e60:	fc05                	bnez	s0,80004d98 <verify_data+0x1374>
80004e62:	50c4                	lw	s1,36(s1)
80004e64:	a0ae                	.insn	2, 0xa0ae
80004e66:	50c9                	li	ra,-14
80004e68:	50dfdaef          	jal	s5,80102b74 <__global_pointer$+0xfa950>
80004e6c:	67d5                	lui	a5,0x15
80004e6e:	511f 6762 5120      	.insn	6, 0x51206762511f
80004e74:	b562                	.insn	2, 0xb562
80004e76:	5162                	lw	sp,56(sp)
80004e78:	eb98                	.insn	2, 0xeb98
80004e7a:	5185                	li	gp,-31
80004e7c:	518d9d7b          	.insn	4, 0x518d9d7b
80004e80:	9932                	add	s2,s2,a2
80004e82:	51b0                	lw	a2,96(a1)
80004e84:	a63a                	.insn	2, 0xa63a
80004e86:	51c9                	li	gp,-14
80004e88:	3fa1                	jal	80004de0 <verify_data+0x13bc>
80004e8a:	51e5                	li	gp,-7
80004e8c:	7c82                	.insn	2, 0x7c82
80004e8e:	049e51e7          	.insn	4, 0x049e51e7
80004e92:	51fc                	lw	a5,100(a1)
80004e94:	8b7a                	mv	s6,t5
80004e96:	5222                	lw	tp,40(sp)
80004e98:	5235d287          	.insn	4, 0x5235d287
80004e9c:	e641                	bnez	a2,80004f24 <verify_data+0x1500>
80004e9e:	5238                	lw	a4,96(a2)
80004ea0:	10ed                	add	ra,ra,-5
80004ea2:	5241                	li	tp,-16
80004ea4:	34f5                	jal	80004990 <verify_data+0xf6c>
80004ea6:	5266                	lw	tp,120(sp)
80004ea8:	52670823          	sb	t1,1328(a4)
80004eac:	52680fd7          	.insn	4, 0x52680fd7
80004eb0:	4906                	lw	s2,64(sp)
80004eb2:	526d                	li	tp,-5
80004eb4:	9a3e                	add	s4,s4,a5
80004eb6:	adf35273          	csrrw	tp,0xadf,6
80004eba:	5278                	lw	a4,100(a2)
80004ebc:	5282f6af          	.insn	4, 0x5282f6af
80004ec0:	b9a9                	j	80004b1a <verify_data+0x10f6>
80004ec2:	9ede5297          	auipc	t0,0x9ede5
80004ec6:	52a0                	lw	s0,96(a3)
80004ec8:	47ea                	lw	a5,152(sp)
80004eca:	52a2                	lw	t0,40(sp)
80004ecc:	8c68                	.insn	2, 0x8c68
80004ece:	52ac                	lw	a1,96(a3)
80004ed0:	2390                	.insn	2, 0x2390
80004ed2:	52b9                	li	t0,-18
80004ed4:	cb54                	sw	a3,20(a4)
80004ed6:	52c6                	lw	t0,112(sp)
80004ed8:	52d6793b          	.insn	4, 0x52d6793b
80004edc:	52d9061b          	.insn	4, 0x52d9061b
80004ee0:	52da5463          	bge	s4,a3,80005408 <verify_data+0x19e4>
80004ee4:	e6d4                	.insn	2, 0xe6d4
80004ee6:	52dd                	li	t0,-9
80004ee8:	6649                	lui	a2,0x12
80004eea:	52de                	lw	t0,244(sp)
80004eec:	02a1                	add	t0,t0,8 # 1ede9eca <buflen.1+0x1ede9e8a>
80004eee:	52e1                	li	t0,-8
80004ef0:	bc78                	.insn	2, 0xbc78
80004ef2:	70bb52e3          	bge	s6,a1,80005df6 <input_data+0x3d2>
80004ef6:	52ea                	lw	t0,184(sp)
80004ef8:	9892                	add	a7,a7,tp
80004efa:	52f5                	li	t0,-3
80004efc:	b766                	.insn	2, 0xb766
80004efe:	52fa                	lw	t0,188(sp)
80004f00:	5324eef7          	.insn	4, 0x5324eef7
80004f04:	5328610f          	.insn	4, 0x5328610f
80004f08:	6e6c                	.insn	2, 0x6e6c
80004f0a:	532a                	lw	t1,168(sp)
80004f0c:	5f7c                	lw	a5,124(a4)
80004f0e:	50f6533f 167d536d 	.insn	8, 0x167d536d50f6533f
80004f16:	5370                	lw	a2,100(a4)
80004f18:	537361cf          	.insn	4, 0x537361cf
80004f1c:	53807c37          	lui	s8,0x53807
80004f20:	538275d3          	.insn	4, 0x538275d3
80004f24:	8780                	.insn	2, 0x8780
80004f26:	5390                	lw	a2,32(a5)
80004f28:	099e                	sll	s3,s3,0x7
80004f2a:	539c                	lw	a5,32(a5)
80004f2c:	53a33aef          	jal	s5,80038466 <__global_pointer$+0x30242>
80004f30:	da66                	sw	s9,52(sp)
80004f32:	70b553ab          	.insn	4, 0x70b553ab
80004f36:	53ba                	lw	t2,172(sp)
80004f38:	53c8cb9b          	.insn	4, 0x53c8cb9b
80004f3c:	53ca3e2f          	.insn	4, 0x53ca3e2f
80004f40:	8d40                	.insn	2, 0x8d40
80004f42:	53de                	lw	t2,244(sp)
80004f44:	53f8a88b          	.insn	4, 0x53f8a88b
80004f48:	a9d0                	.insn	2, 0xa9d0
80004f4a:	a88853fb          	.insn	4, 0xa88853fb
80004f4e:	5431                	li	s0,-20
80004f50:	ce4c                	sw	a1,28(a2)
80004f52:	5445                	li	s0,-15
80004f54:	148d                	add	s1,s1,-29 # bcf28b15 <__global_pointer$+0x3cf208f1>
80004f56:	544a                	lw	s0,176(sp)
80004f58:	6075                	c.lui	zero,0x1d
80004f5a:	544a                	lw	s0,176(sp)
80004f5c:	2416                	.insn	2, 0x2416
80004f5e:	545d                	li	s0,-9
80004f60:	0c00                	add	s0,sp,528
80004f62:	547c                	lw	a5,108(s0)
80004f64:	e13c                	.insn	2, 0xe13c
80004f66:	547e                	lw	s0,252(sp)
80004f68:	d742                	sw	a6,172(sp)
80004f6a:	af9c54af          	.insn	4, 0xaf9c54af
80004f6e:	54ec                	lw	a1,108(s1)
80004f70:	a2b4                	.insn	2, 0xa2b4
80004f72:	54ed                	li	s1,-5
80004f74:	6adf 5506 fc8e      	.insn	6, 0xfc8e55066adf
80004f7a:	5515                	li	a0,-27
80004f7c:	f601                	bnez	a2,80004e84 <verify_data+0x1460>
80004f7e:	5520                	lw	s0,104(a0)
80004f80:	9b08                	.insn	2, 0x9b08
80004f82:	5548                	lw	a0,44(a0)
80004f84:	5552d8af          	.insn	4, 0x5552d8af
80004f88:	5557c007          	.insn	4, 0x5557c007
80004f8c:	5579cfa7          	.insn	4, 0x5579cfa7
80004f90:	5582c697          	auipc	a3,0x5582c
80004f94:	7b2e                	.insn	2, 0x7b2e
80004f96:	5595                	li	a1,-27
80004f98:	1f9c                	add	a5,sp,1008
80004f9a:	55a9                	li	a1,-22
80004f9c:	e12a                	.insn	2, 0xe12a
80004f9e:	55d6                	lw	a1,116(sp)
80004fa0:	4c62                	lw	s8,24(sp)
80004fa2:	55f0                	lw	a2,108(a1)
80004fa4:	56126e87          	.insn	4, 0x56126e87
80004fa8:	ddb0                	sw	a2,120(a1)
80004faa:	5612                	lw	a2,36(sp)
80004fac:	657f 5624 35e2 5625 	.insn	22, 0xdc38564cd7805646a03f562654c2562535e25624657f
80004fb4:	54c2 5626 a03f 5646 
80004fbc:	d780 564c dc38 
80004fc2:	567a                	lw	a2,188(sp)
80004fc4:	5680bd3f 56834290 	.insn	8, 0x568342905680bd3f
80004fcc:	17e6                	sll	a5,a5,0x39
80004fce:	56a1                	li	a3,-24
80004fd0:	56be5ff3          	csrrw	t6,0x56b,28
80004fd4:	16b2                	sll	a3,a3,0x2c
80004fd6:	56c5                	li	a3,-15
80004fd8:	263e                	.insn	2, 0x263e
80004fda:	56df 1c4d 56f8      	.insn	6, 0x56f81c4d56df
80004fe0:	b0b9                	j	8000482e <verify_data+0xe0a>
80004fe2:	56f8                	lw	a4,108(a3)
80004fe4:	3468                	.insn	2, 0x3468
80004fe6:	56fe                	lw	a3,252(sp)
80004fe8:	0bc1                	add	s7,s7,16
80004fea:	5700                	lw	s0,40(a4)
80004fec:	4838                	lw	a4,80(s0)
80004fee:	02115727          	.insn	4, 0x02115727
80004ff2:	572c                	lw	a1,104(a4)
80004ff4:	3a00                	.insn	2, 0x3a00
80004ff6:	5730                	lw	a2,104(a4)
80004ff8:	6a81                	.insn	2, 0x6a81
80004ffa:	5732                	lw	a4,44(sp)
80004ffc:	5737b9e3          	.insn	4, 0x5737b9e3
80005000:	08ff 576b c149 576b 	.insn	10, 0x6483576bc149576b08ff
80005008:	6483 
8000500a:	5776                	lw	a4,124(sp)
8000500c:	5511                	li	a0,-28
8000500e:	c65d5787          	.insn	4, 0xc65d5787
80005012:	57a2                	lw	a5,40(sp)
80005014:	b06e                	.insn	2, 0xb06e
80005016:	b82b57af          	.insn	4, 0xb82b57af
8000501a:	57b4                	lw	a3,104(a5)
8000501c:	ceb2                	sw	a2,92(sp)
8000501e:	57b6                	lw	a5,108(sp)
80005020:	973c                	.insn	2, 0x973c
80005022:	57c5                	li	a5,-15
80005024:	57cebc73          	csrrc	s8,0x57c,t4
80005028:	6a2e                	.insn	2, 0x6a2e
8000502a:	73e657d7          	.insn	4, 0x73e657d7
8000502e:	57f4                	lw	a3,108(a5)
80005030:	2e9a                	.insn	2, 0x2e9a
80005032:	f556583b          	.insn	4, 0xf556583b
80005036:	b0c8583b          	.insn	4, 0xb0c8583b
8000503a:	583d                	li	a6,-17
8000503c:	86a0                	.insn	2, 0x86a0
8000503e:	5864                	lw	s1,116(s0)
80005040:	9850                	.insn	2, 0x9850
80005042:	588e                	lw	a7,224(sp)
80005044:	a0ea                	.insn	2, 0xa0ea
80005046:	4ae3589b          	.insn	4, 0x4ae3589b
8000504a:	01ab58ab          	.insn	4, 0x01ab58ab
8000504e:	236f58cb          	.insn	4, 0x236f58cb
80005052:	58e6                	lw	a7,120(sp)
80005054:	3434                	.insn	2, 0x3434
80005056:	917d58ef          	jal	a7,7ffda96c <buflen.1+0x7ffda92c>
8000505a:	58f5                	li	a7,-3
8000505c:	592c584b          	.insn	4, 0x592c584b
80005060:	62d6                	.insn	2, 0x62d6
80005062:	ca9b592f          	.insn	4, 0xca9b592f
80005066:	5944                	lw	s1,52(a0)
80005068:	8add                	and	a3,a3,23
8000506a:	5948                	lw	a0,52(a0)
8000506c:	1fe2                	sll	t6,t6,0x38
8000506e:	5952                	lw	s2,52(sp)
80005070:	5969bfbf 597a35f0 	.insn	8, 0x597a35f05969bfbf
80005078:	c412                	sw	tp,8(sp)
8000507a:	598a                	lw	s3,160(sp)
8000507c:	09c4                	add	s1,sp,212
8000507e:	598e                	lw	s3,224(sp)
80005080:	359a                	.insn	2, 0x359a
80005082:	930e598f          	.insn	4, 0x930e598f
80005086:	59a5                	li	s3,-23
80005088:	d140                	sw	s0,36(a0)
8000508a:	59b4                	lw	a3,112(a1)
8000508c:	59bbba97          	auipc	s5,0x59bbb
80005090:	ad26                	.insn	2, 0xad26
80005092:	59ce                	lw	s3,240(sp)
80005094:	9a45                	and	a2,a2,-15
80005096:	59d9                	li	s3,-10
80005098:	0492                	sll	s1,s1,0x4
8000509a:	59ed                	li	s3,-5
8000509c:	ce14                	sw	a3,24(a2)
8000509e:	5a02                	lw	s4,32(sp)
800050a0:	5c31                	li	s8,-20
800050a2:	5a21                	li	s4,-24
800050a4:	ca46                	sw	a7,20(sp)
800050a6:	5a21                	li	s4,-24
800050a8:	7271                	lui	tp,0xffffc
800050aa:	5a32                	lw	s4,44(sp)
800050ac:	0f8e                	sll	t6,t6,0x3
800050ae:	5a42                	lw	s4,48(sp)
800050b0:	5a46b2c3          	.insn	4, 0x5a46b2c3
800050b4:	e44c                	.insn	2, 0xe44c
800050b6:	5a49                	li	s4,-14
800050b8:	11fa                	sll	gp,gp,0x3e
800050ba:	5a51                	li	s4,-12
800050bc:	2220                	.insn	2, 0x2220
800050be:	5a55                	li	s4,-11
800050c0:	50ec                	lw	a1,100(s1)
800050c2:	5d345a5b          	.insn	4, 0x5d345a5b
800050c6:	5a8a                	lw	s5,160(sp)
800050c8:	8bfd                	and	a5,a5,31
800050ca:	e4a25aa3          	.insn	4, 0xe4a25aa3
800050ce:	5aa6                	lw	s5,104(sp)
800050d0:	5aadf643          	.insn	4, 0x5aadf643
800050d4:	b38c                	.insn	2, 0xb38c
800050d6:	5abc                	lw	a5,112(a3)
800050d8:	7ebd                	lui	t4,0xfffef
800050da:	5ad6                	lw	s5,116(sp)
800050dc:	e652                	.insn	2, 0xe652
800050de:	5add                	li	s5,-9
800050e0:	8a1a                	mv	s4,t1
800050e2:	5aec                	lw	a1,116(a3)
800050e4:	8572                	mv	a0,t3
800050e6:	5b04                	lw	s1,48(a4)
800050e8:	5b13e84b          	.insn	4, 0x5b13e84b
800050ec:	5b668c23          	sb	s6,1464(a3) # d5831548 <__global_pointer$+0x55829324>
800050f0:	4e8e                	lw	t4,192(sp)
800050f2:	085b5b67          	.insn	4, 0x085b5b67
800050f6:	5b74                	lw	a3,116(a4)
800050f8:	c33a                	sw	a4,132(sp)
800050fa:	5b90                	lw	a2,48(a5)
800050fc:	c554                	sw	a3,12(a0)
800050fe:	13985ba3          	.insn	4, 0x13985ba3
80005102:	5bad                	li	s7,-21
80005104:	fea1                	bnez	a3,8000505c <verify_data+0x1638>
80005106:	5bb1                	li	s7,-20
80005108:	5bc3d43b          	.insn	4, 0x5bc3d43b
8000510c:	5bdbb757          	.insn	4, 0x5bdbb757
80005110:	d285                	beqz	a3,80005030 <verify_data+0x160c>
80005112:	20625bdb          	.insn	4, 0x20625bdb
80005116:	5be2                	lw	s7,56(sp)
80005118:	4fe1                	li	t6,24
8000511a:	5c1f f7b7 5c26      	.insn	6, 0x5c26f7b75c1f
80005120:	ae74                	.insn	2, 0xae74
80005122:	754a5c27          	.insn	4, 0x754a5c27
80005126:	96b35c3f e1405c4d 	.insn	8, 0xe1405c4d96b35c3f
8000512e:	5c50                	lw	a2,60(s0)
80005130:	4f7e                	lw	t5,220(sp)
80005132:	8f185c63          	bge	a6,a7,8000422a <verify_data+0x806>
80005136:	5c65                	li	s8,-7
80005138:	5c6b23e3          	.insn	4, 0x5c6b23e3
8000513c:	21b4                	.insn	2, 0x21b4
8000513e:	5c6e                	lw	s8,248(sp)
80005140:	5c7c7ae7          	.insn	4, 0x5c7c7ae7
80005144:	4274                	lw	a3,68(a2)
80005146:	5c99                	li	s9,-26
80005148:	c924                	sw	s1,80(a0)
8000514a:	5ca1                	li	s9,-24
8000514c:	6251                	lui	tp,0x14
8000514e:	5cb4                	lw	a3,120(s1)
80005150:	7dfd                	lui	s11,0xfffff
80005152:	5cb9                	li	s9,-18
80005154:	ecf0                	.insn	2, 0xecf0
80005156:	5ce0                	lw	s0,124(s1)
80005158:	cf1d                	beqz	a4,80005196 <verify_data+0x1772>
8000515a:	e2f05ce7          	.insn	4, 0xe2f05ce7
8000515e:	5cfd                	li	s9,-1
80005160:	5d0e34db          	.insn	4, 0x5d0e34db
80005164:	cf00                	sw	s0,24(a4)
80005166:	5d0e                	lw	s10,224(sp)
80005168:	6bb9                	lui	s7,0xe
8000516a:	5d11                	li	s10,-28
8000516c:	5d161ea7          	.insn	4, 0x5d161ea7
80005170:	5d347033          	.insn	4, 0x5d347033
80005174:	5d39ae3b          	.insn	4, 0x5d39ae3b
80005178:	52b6                	lw	t0,108(sp)
8000517a:	5d51                	li	s10,-12
8000517c:	5d52b08f          	.insn	4, 0x5d52b08f
80005180:	acbd                	j	800053fe <verify_data+0x19da>
80005182:	5d64                	lw	s1,124(a0)
80005184:	791e                	.insn	2, 0x791e
80005186:	5d78                	lw	a4,124(a0)
80005188:	d049                	beqz	s0,8000510a <verify_data+0x16e6>
8000518a:	861e5d7b          	.insn	4, 0x861e5d7b
8000518e:	5cf85d83          	lhu	s11,1487(a6)
80005192:	5d8c                	lw	a1,56(a1)
80005194:	2534                	.insn	2, 0x2534
80005196:	5d9e                	lw	s11,228(sp)
80005198:	af35                	j	800058d4 <verify_data+0x1eb0>
8000519a:	5dac                	lw	a1,120(a1)
8000519c:	5db6107f 5de66704 	.insn	12, 0x5dffa3b25de667045db6107f
800051a4:	5dffa3b2 
800051a8:	b1aa                	.insn	2, 0xb1aa
800051aa:	5e0d                	li	t3,-29
800051ac:	b1a2                	.insn	2, 0xb1a2
800051ae:	5e28                	lw	a0,120(a2)
800051b0:	1801                	add	a6,a6,-32
800051b2:	5e3d                	li	t3,-17
800051b4:	f449                	bnez	s0,8000513e <verify_data+0x171a>
800051b6:	5e3d                	li	t3,-17
800051b8:	5f29                	li	t5,-22
800051ba:	5e48                	lw	a0,60(a2)
800051bc:	2640                	.insn	2, 0x2640
800051be:	5e70                	lw	a2,124(a2)
800051c0:	f286                	.insn	2, 0xf286
800051c2:	5e79                	li	t3,-2
800051c4:	58ce                	lw	a7,240(sp)
800051c6:	5eaa                	lw	t4,168(sp)
800051c8:	5eb1deab          	.insn	4, 0x5eb1deab
800051cc:	2f60                	.insn	2, 0x2f60
800051ce:	5eb9                	li	t4,-18
800051d0:	859f 5ecc 3d98      	.insn	6, 0x3d985ecc859f
800051d6:	5ed1                	li	t4,-12
800051d8:	babe                	.insn	2, 0xbabe
800051da:	5ef8                	lw	a4,124(a3)
800051dc:	5f000727          	.insn	4, 0x5f000727
800051e0:	fee2                	.insn	2, 0xfee2
800051e2:	ae285f0b          	.insn	4, 0xae285f0b
800051e6:	5f21                	li	t5,-24
800051e8:	5f2d8e87          	.insn	4, 0x5f2d8e87
800051ec:	0230                	add	a2,sp,264
800051ee:	5f38                	lw	a4,120(a4)
800051f0:	3635                	jal	80004d1c <verify_data+0x12f8>
800051f2:	5f46                	lw	t5,112(sp)
800051f4:	5f5770ab          	.insn	4, 0x5f5770ab
800051f8:	2df2                	.insn	2, 0x2df2
800051fa:	5f5c                	lw	a5,60(a4)
800051fc:	6aa2                	.insn	2, 0x6aa2
800051fe:	5f5e                	lw	t5,244(sp)
80005200:	9731                	sra	a4,a4,0x2c
80005202:	5f65                	li	t5,-7
80005204:	5ea0                	lw	s0,120(a3)
80005206:	183e5f6f          	jal	t5,800eab88 <__global_pointer$+0xe2964>
8000520a:	5f71                	li	t5,-4
8000520c:	bf85                	j	8000517c <verify_data+0x1758>
8000520e:	5f76                	lw	t5,124(sp)
80005210:	796a                	.insn	2, 0x796a
80005212:	5f84                	lw	s1,56(a5)
80005214:	3495                	jal	80004c78 <verify_data+0x1254>
80005216:	5f89                	li	t6,-30
80005218:	5f8b586b          	.insn	4, 0x5f8b586b
8000521c:	5ed6                	lw	t4,116(sp)
8000521e:	5f92                	lw	t6,36(sp)
80005220:	25c2                	.insn	2, 0x25c2
80005222:	5fa0                	lw	s0,120(a5)
80005224:	8e1a                	mv	t3,t1
80005226:	5fa0                	lw	s0,120(a5)
80005228:	5faed877          	.insn	4, 0x5faed877
8000522c:	5faffcaf          	.insn	4, 0x5faffcaf
80005230:	fdc5                	bnez	a1,800051e8 <verify_data+0x17c4>
80005232:	beb65fcb          	.insn	4, 0xbeb65fcb
80005236:	5fd0                	lw	a2,60(a5)
80005238:	7672                	.insn	2, 0x7672
8000523a:	5fd2                	lw	t6,52(sp)
8000523c:	378e                	.insn	2, 0x378e
8000523e:	f9555fd3          	.insn	4, 0xf9555fd3
80005242:	5ff5                	li	t6,-3
80005244:	5ffa6057          	.insn	4, 0x5ffa6057
80005248:	e246                	.insn	2, 0xe246
8000524a:	5ffe                	lw	t6,252(sp)
8000524c:	8c4e                	mv	s8,s3
8000524e:	600d                	c.lui	zero,0x3
80005250:	6f54                	.insn	2, 0x6f54
80005252:	600e                	.insn	2, 0x600e
80005254:	4a40                	lw	s0,20(a2)
80005256:	6010                	.insn	2, 0x6010
80005258:	3b49                	jal	80004fea <verify_data+0x15c6>
8000525a:	601e                	.insn	2, 0x601e
8000525c:	601e79bb          	.insn	4, 0x601e79bb
80005260:	9910                	.insn	2, 0x9910
80005262:	f51e603f 804f6064 	.insn	8, 0x804f6064f51e603f
8000526a:	6076                	.insn	2, 0x6076
8000526c:	1c78                	add	a4,sp,572
8000526e:	6089                	lui	ra,0x2
80005270:	c63a                	sw	a4,12(sp)
80005272:	6089                	lui	ra,0x2
80005274:	d200                	sw	s0,32(a2)
80005276:	7ef86097          	auipc	ra,0x7ef86
8000527a:	540c609b          	.insn	4, 0x540c609b
8000527e:	60b8                	.insn	2, 0x60b8
80005280:	52a1                	li	t0,-24
80005282:	60b9                	lui	ra,0xe
80005284:	3d99                	jal	800050da <verify_data+0x16b6>
80005286:	60d6                	.insn	2, 0x60d6
80005288:	7a9e                	.insn	2, 0x7a9e
8000528a:	60ff 3a28 610f 407d 	.insn	22, 0x612c4ec4612686e061223bea610f407d610f3a2860ff
80005292:	610f 3bea 6122 86e0 
8000529a:	6126 4ec4 612c 
800052a0:	6133ac8b          	.insn	4, 0x6133ac8b
800052a4:	4569                	li	a0,26
800052a6:	613d                	add	sp,sp,480
800052a8:	5b08                	lw	a0,48(a4)
800052aa:	6145                	add	sp,sp,48
800052ac:	6ca9                	lui	s9,0xa
800052ae:	615d                	add	sp,sp,432
800052b0:	a80d                	j	800052e2 <verify_data+0x18be>
800052b2:	a6ab616b          	.insn	4, 0xa6ab616b
800052b6:	6182                	.insn	2, 0x6182
800052b8:	7cc8                	.insn	2, 0x7cc8
800052ba:	6186                	.insn	2, 0x6186
800052bc:	8322                	mv	t1,s0
800052be:	6190                	.insn	2, 0x6190
800052c0:	f3c1                	bnez	a5,80005240 <verify_data+0x181c>
800052c2:	61ce                	.insn	2, 0x61ce
800052c4:	19ad                	add	s3,s3,-21 # 43e3ffeb <buflen.1+0x43e3ffab>
800052c6:	61e4                	.insn	2, 0x61e4
800052c8:	6d64                	.insn	2, 0x6d64
800052ca:	61ec                	.insn	2, 0x61ec
800052cc:	52ca                	lw	t0,176(sp)
800052ce:	61fd                	lui	gp,0x1f
800052d0:	d948                	sw	a0,52(a0)
800052d2:	6202                	.insn	2, 0x6202
800052d4:	800e                	c.mv	zero,gp
800052d6:	b61d621b          	.insn	4, 0xb61d621b
800052da:	6226                	.insn	2, 0x6226
800052dc:	4380                	lw	s0,0(a5)
800052de:	fe036243          	.insn	4, 0xfe036243
800052e2:	624e                	.insn	2, 0x624e
800052e4:	b9e0                	.insn	2, 0xb9e0
800052e6:	bb78624f          	.insn	4, 0xbb78624f
800052ea:	6266                	.insn	2, 0x6266
800052ec:	2af9                	jal	800054ca <verify_data+0x1aa6>
800052ee:	6279                	lui	tp,0x1e
800052f0:	628bd913          	ror	s2,s7,0x28
800052f4:	62a986eb          	.insn	4, 0x62a986eb
800052f8:	9932                	add	s2,s2,a2
800052fa:	62bc                	.insn	2, 0x62bc
800052fc:	62c3d607          	.insn	4, 0x62c3d607
80005300:	a545                	j	800059a0 <verify_data+0x1f7c>
80005302:	8bab62d3          	.insn	4, 0x8bab62d3
80005306:	6d6f62e3          	bltu	t5,s6,800061ca <input_data+0x7a6>
8000530a:	62e4                	.insn	2, 0x62e4
8000530c:	f09c                	.insn	2, 0xf09c
8000530e:	e6d262fb          	.insn	4, 0xe6d262fb
80005312:	6320                	.insn	2, 0x6320
80005314:	632cf297          	auipc	t0,0x632cf
80005318:	d69d                	beqz	a3,80005246 <verify_data+0x1822>
8000531a:	463a634b          	.insn	4, 0x463a634b
8000531e:	634e                	.insn	2, 0x634e
80005320:	f658                	.insn	2, 0xf658
80005322:	635d                	lui	t1,0x17
80005324:	c3dd                	beqz	a5,800053ca <verify_data+0x19a6>
80005326:	6366                	.insn	2, 0x6366
80005328:	a131                	j	80005734 <verify_data+0x1d10>
8000532a:	c12363ab          	.insn	4, 0xc12363ab
8000532e:	63bc                	.insn	2, 0x63bc
80005330:	e759                	bnez	a4,800053be <verify_data+0x199a>
80005332:	0cb163c7          	.insn	4, 0x0cb163c7
80005336:	032663db          	.insn	4, 0x032663db
8000533a:	63de                	.insn	2, 0x63de
8000533c:	da45                	beqz	a2,800052ec <verify_data+0x18c8>
8000533e:	036f63fb          	.insn	4, 0x036f63fb
80005342:	748b6413          	or	s0,s6,1864
80005346:	6418                	.insn	2, 0x6418
80005348:	5eb2                	lw	t4,44(sp)
8000534a:	641f 9a25 6426      	.insn	6, 0x64269a25641f
80005350:	4216                	lw	tp,68(sp)
80005352:	3fdd6427          	.insn	4, 0x3fdd6427
80005356:	f9ef643f 83b4644b 	.insn	8, 0x83b4644bf9ef643f
8000535e:	645e                	.insn	2, 0x645e
80005360:	1629                	add	a2,a2,-22 # 11fea <buflen.1+0x11faa>
80005362:	6460                	.insn	2, 0x6460
80005364:	6941                	lui	s2,0x10
80005366:	6474                	.insn	2, 0x6474
80005368:	7cc8                	.insn	2, 0x7cc8
8000536a:	647c                	.insn	2, 0x647c
8000536c:	9cdc                	.insn	2, 0x9cdc
8000536e:	6481                	.insn	2, 0x6481
80005370:	a0ff 6485 071f 6487 	.insn	14, 0xf0a06495d2ea6487071f6485a0ff
80005378:	d2ea 6495 f0a0 
8000537e:	c97d649b          	.insn	4, 0xc97d649b
80005382:	64a6                	.insn	2, 0x64a6
80005384:	8b6a                	mv	s6,s10
80005386:	64ba                	.insn	2, 0x64ba
80005388:	e9f0                	.insn	2, 0xe9f0
8000538a:	64bd                	lui	s1,0xf
8000538c:	0924                	add	s1,sp,152
8000538e:	64d2                	.insn	2, 0x64d2
80005390:	ef6e                	.insn	2, 0xef6e
80005392:	64d4                	.insn	2, 0x64d4
80005394:	938e                	add	t2,t2,gp
80005396:	650a                	.insn	2, 0x650a
80005398:	1121                	add	sp,sp,-24 # 4f72ffe8 <buflen.1+0x4f72ffa8>
8000539a:	6511                	lui	a0,0x4
8000539c:	a2b8                	.insn	2, 0xa2b8
8000539e:	6530                	.insn	2, 0x6530
800053a0:	f2a1                	bnez	a3,800052e0 <verify_data+0x18bc>
800053a2:	6578                	.insn	2, 0x6578
800053a4:	8ac2                	mv	s5,a6
800053a6:	6599                	lui	a1,0x6
800053a8:	65a60287          	.insn	4, 0x65a60287
800053ac:	0f15                	add	t5,t5,5 # a005 <buflen.1+0x9fc5>
800053ae:	65ae                	.insn	2, 0x65ae
800053b0:	8f02                	jr	t5
800053b2:	0e4c65b7          	lui	a1,0xe4c6
800053b6:	65ce                	.insn	2, 0x65ce
800053b8:	a371                	j	80005944 <verify_data+0x1f20>
800053ba:	ef3e65cf          	.insn	4, 0xef3e65cf
800053be:	924f65cf          	.insn	4, 0x924f65cf
800053c2:	65dd                	lui	a1,0x17
800053c4:	eb55                	bnez	a4,80005478 <verify_data+0x1a54>
800053c6:	d54865e7          	.insn	4, 0xd54865e7
800053ca:	65e9                	lui	a1,0x1a
800053cc:	31f2                	.insn	2, 0x31f2
800053ce:	65f1                	lui	a1,0x1c
800053d0:	660479c3          	.insn	4, 0x660479c3
800053d4:	c086                	sw	ra,64(sp)
800053d6:	6606                	.insn	2, 0x6606
800053d8:	66076677          	.insn	4, 0x66076677
800053dc:	77b2                	.insn	2, 0x77b2
800053de:	27536607          	.insn	4, 0x27536607
800053e2:	436d660f          	.insn	4, 0x436d660f
800053e6:	6610                	.insn	2, 0x6610
800053e8:	661d2f27          	.insn	4, 0x661d2f27
800053ec:	8e36                	mv	t3,a3
800053ee:	6621                	lui	a2,0x8
800053f0:	12f4                	add	a3,sp,364
800053f2:	662e                	.insn	2, 0x662e
800053f4:	160e                	sll	a2,a2,0x23
800053f6:	663d                	lui	a2,0xf
800053f8:	9be5                	and	a5,a5,-7
800053fa:	663e                	.insn	2, 0x663e
800053fc:	663ef68b          	.insn	4, 0x663ef68b
80005400:	192a                	sll	s2,s2,0x2a
80005402:	6655                	lui	a2,0x15
80005404:	02a2                	sll	t0,t0,0x8
80005406:	6676                	.insn	2, 0x6676
80005408:	667e9cb3          	.insn	4, 0x667e9cb3
8000540c:	66a01657          	.insn	4, 0x66a01657
80005410:	152e                	sll	a0,a0,0x2b
80005412:	66b5                	lui	a3,0xd
80005414:	ac6e                	.insn	2, 0xac6e
80005416:	66d9                	lui	a3,0x16
80005418:	bcfc                	.insn	2, 0xbcfc
8000541a:	d44c66ef          	jal	a3,7ffcb95e <buflen.1+0x7ffcb91e>
8000541e:	66f8                	.insn	2, 0x66f8
80005420:	ca7a                	sw	t5,20(sp)
80005422:	6722                	.insn	2, 0x6722
80005424:	b5d9                	j	800052ea <verify_data+0x18c6>
80005426:	6728                	.insn	2, 0x6728
80005428:	72c2                	.insn	2, 0x72c2
8000542a:	a6b0673b          	.insn	4, 0xa6b0673b
8000542e:	673c                	.insn	2, 0x673c
80005430:	1266                	sll	tp,tp,0x39
80005432:	6751                	lui	a4,0x14
80005434:	79cd                	lui	s3,0xffff3
80005436:	675a                	.insn	2, 0x675a
80005438:	6796bc67          	.insn	4, 0x6796bc67
8000543c:	2ace                	.insn	2, 0x2ace
8000543e:	679d                	lui	a5,0x7
80005440:	67b7ceef          	jal	t4,800822ba <__global_pointer$+0x7a096>
80005444:	2ddd                	jal	80005b3a <input_data+0x116>
80005446:	67c2                	.insn	2, 0x67c2
80005448:	3ffd                	jal	80005446 <verify_data+0x1a22>
8000544a:	67c2                	.insn	2, 0x67c2
8000544c:	67d54dcb          	.insn	4, 0x67d54dcb
80005450:	6f8c                	.insn	2, 0x6f8c
80005452:	5d2467db          	.insn	4, 0x5d2467db
80005456:	6806                	.insn	2, 0x6806
80005458:	96cd                	sra	a3,a3,0x33
8000545a:	6808                	.insn	2, 0x6808
8000545c:	680ae06b          	.insn	4, 0x680ae06b
80005460:	68160343          	.insn	4, 0x68160343
80005464:	1e9a                	sll	t4,t4,0x26
80005466:	6819                	lui	a6,0x6
80005468:	a664                	.insn	2, 0xa664
8000546a:	681f 3f29 682e      	.insn	6, 0x682e3f29681f
80005470:	778c                	.insn	2, 0x778c
80005472:	684e                	.insn	2, 0x684e
80005474:	e6c8                	.insn	2, 0xe6c8
80005476:	6851                	lui	a6,0x14
80005478:	a4ba                	.insn	2, 0xa4ba
8000547a:	6855                	lui	a6,0x15
8000547c:	685d77c3          	.insn	4, 0x685d77c3
80005480:	686ebe97          	auipc	t4,0x686eb
80005484:	42d6                	lw	t0,84(sp)
80005486:	6872                	.insn	2, 0x6872
80005488:	86aa                	mv	a3,a0
8000548a:	6876                	.insn	2, 0x6876
8000548c:	9209                	srl	a2,a2,0x22
8000548e:	687e                	.insn	2, 0x687e
80005490:	6892be83          	.insn	4, 0x6892be83
80005494:	4cb0                	lw	a2,88(s1)
80005496:	689e                	.insn	2, 0x689e
80005498:	1f5a                	sll	t5,t5,0x36
8000549a:	68ba                	.insn	2, 0x68ba
8000549c:	6041                	c.lui	zero,0x10
8000549e:	68d4                	.insn	2, 0x68d4
800054a0:	68f47697          	auipc	a3,0x68f47
800054a4:	24b9                	jal	800056f2 <verify_data+0x1cce>
800054a6:	3a4f68fb          	.insn	4, 0x3a4f68fb
800054aa:	6921                	lui	s2,0x8
800054ac:	29f1                	jal	80005988 <verify_data+0x1f64>
800054ae:	2dd1692b          	.insn	4, 0x2dd1692b
800054b2:	6939                	lui	s2,0xe
800054b4:	6e7e                	.insn	2, 0x6e7e
800054b6:	6940                	.insn	2, 0x6940
800054b8:	1426                	sll	s0,s0,0x29
800054ba:	6958                	.insn	2, 0x6958
800054bc:	ac82                	.insn	2, 0xac82
800054be:	696d                	lui	s2,0x1b
800054c0:	a53a                	.insn	2, 0xa53a
800054c2:	b03a6987          	.insn	4, 0xb03a6987
800054c6:	6998                	.insn	2, 0x6998
800054c8:	6b32                	.insn	2, 0x6b32
800054ca:	699d                	lui	s3,0x7
800054cc:	2da4                	.insn	2, 0x2da4
800054ce:	69aa                	.insn	2, 0x69aa
800054d0:	69c06c73          	csrrs	s8,0x69c,0
800054d4:	0ac0                	add	s0,sp,340
800054d6:	404869c7          	.insn	4, 0x404869c7
800054da:	69c9                	lui	s3,0x12
800054dc:	679c                	.insn	2, 0x679c
800054de:	69d1                	lui	s3,0x14
800054e0:	a229                	j	800055ea <verify_data+0x1bc6>
800054e2:	69d5                	lui	s3,0x15
800054e4:	a2f9                	j	800056b2 <verify_data+0x1c8e>
800054e6:	69d8                	.insn	2, 0x69d8
800054e8:	cf72                	sw	t3,156(sp)
800054ea:	69e2                	.insn	2, 0x69e2
800054ec:	bb2a                	.insn	2, 0xbb2a
800054ee:	6e2669e7          	.insn	4, 0x6e2669e7
800054f2:	6a02                	.insn	2, 0x6a02
800054f4:	7850                	.insn	2, 0x7850
800054f6:	809e6a2b          	.insn	4, 0x809e6a2b
800054fa:	6a35                	lui	s4,0xd
800054fc:	fa95                	bnez	a3,80005430 <verify_data+0x1a0c>
800054fe:	6a49                	lui	s4,0x12
80005500:	cfe1                	beqz	a5,800055d8 <verify_data+0x1bb4>
80005502:	6a54                	.insn	2, 0x6a54
80005504:	182e                	sll	a6,a6,0x2b
80005506:	6a60                	.insn	2, 0x6a60
80005508:	9f9f 6a88 6f2a      	.insn	6, 0x6f2a6a889f9f
8000550e:	6a89                	lui	s5,0x2
80005510:	6a98a6bb          	.insn	4, 0x6a98a6bb
80005514:	bdbc                	.insn	2, 0xbdbc
80005516:	6ab9                	lui	s5,0xe
80005518:	4a64                	lw	s1,84(a2)
8000551a:	ec2c6adb          	.insn	4, 0xec2c6adb
8000551e:	6ae1                	lui	s5,0x18
80005520:	6a98                	.insn	2, 0x6a98
80005522:	6aea                	.insn	2, 0x6aea
80005524:	d36e                	sw	s11,164(sp)
80005526:	6b25                	lui	s6,0x9
80005528:	c5fc                	sw	a5,76(a1)
8000552a:	6b3d                	lui	s6,0xf
8000552c:	a94d                	j	800059de <verify_data+0x1fba>
8000552e:	6b4c                	.insn	2, 0x6b4c
80005530:	6b51cb4f          	.insn	4, 0x6b51cb4f
80005534:	6b6b5947          	.insn	4, 0x6b6b5947
80005538:	56e2                	lw	a3,56(sp)
8000553a:	6b6d                	lui	s6,0x1b
8000553c:	6522                	.insn	2, 0x6522
8000553e:	6b7a                	.insn	2, 0x6b7a
80005540:	5071                	c.li	zero,-4
80005542:	6ba6                	.insn	2, 0x6ba6
80005544:	f150                	.insn	2, 0xf150
80005546:	6bb5                	lui	s7,0xd
80005548:	6bb744cb          	.insn	4, 0x6bb744cb
8000554c:	845e                	mv	s0,s7
8000554e:	02a06bc7          	.insn	4, 0x02a06bc7
80005552:	f0ee6bf3          	csrrs	s7,0xf0e,28
80005556:	6c34                	.insn	2, 0x6c34
80005558:	6c47c04b          	.insn	4, 0x6c47c04b
8000555c:	9a26                	add	s4,s4,s1
8000555e:	4a886c4f          	.insn	4, 0x4a886c4f
80005562:	6c7f 9de8 6c91 cb9d 	.insn	22, 0x6ca995026ca2da286c9dc8546c92cb9d6c919de86c7f
8000556a:	6c92 c854 6c9d da28 
80005572:	6ca2 9502 6ca9 
80005578:	8e32                	mv	t3,a2
8000557a:	6cdf 2228 6ce0      	.insn	6, 0x6ce022286cdf
80005580:	6ce3fc13          	and	s8,t2,1742
80005584:	c129                	beqz	a0,800055c6 <verify_data+0x1ba2>
80005586:	a8146cef          	jal	s9,7ff4c006 <buflen.1+0x7ff4bfc6>
8000558a:	6d49                	lui	s10,0x12
8000558c:	929f 6d4a 14f7      	.insn	6, 0x14f76d4a929f
80005592:	82826d53          	.insn	4, 0x82826d53
80005596:	6d54                	.insn	2, 0x6d54
80005598:	6d54fafb          	.insn	4, 0x6d54fafb
8000559c:	7909                	lui	s2,0xfffe2
8000559e:	6d55                	lui	s10,0x15
800055a0:	8b9f 6d56 a105      	.insn	6, 0xa1056d568b9f
800055a6:	6d5d                	lui	s10,0x17
800055a8:	fa38                	.insn	2, 0xfa38
800055aa:	6d62                	.insn	2, 0x6d62
800055ac:	003e                	c.slli	zero,0xf
800055ae:	6d6d                	lui	s10,0x1b
800055b0:	ccb2                	sw	a2,88(sp)
800055b2:	6d6e                	.insn	2, 0x6d6e
800055b4:	f5ee                	.insn	2, 0xf5ee
800055b6:	6d70                	.insn	2, 0x6d70
800055b8:	ac1f 6d82 fbd7      	.insn	6, 0xfbd76d82ac1f
800055be:	6d90                	.insn	2, 0x6d90
800055c0:	6d9de20f          	.insn	4, 0x6d9de20f
800055c4:	6db9d8c7          	.insn	4, 0x6db9d8c7
800055c8:	f7a0                	.insn	2, 0xf7a0
800055ca:	6e10                	.insn	2, 0x6e10
800055cc:	6e24d8eb          	.insn	4, 0x6e24d8eb
800055d0:	a2ea                	.insn	2, 0xa2ea
800055d2:	6e30                	.insn	2, 0x6e30
800055d4:	6e3d0eeb          	.insn	4, 0x6e3d0eeb
800055d8:	6e3f8a0b          	.insn	4, 0x6e3f8a0b
800055dc:	d051                	beqz	s0,80005560 <verify_data+0x1b3c>
800055de:	0dc06e3f 89186e66 	.insn	8, 0x89186e660dc06e3f
800055e6:	6e96                	.insn	2, 0x6e96
800055e8:	8f2e                	mv	t5,a1
800055ea:	6ec8                	.insn	2, 0x6ec8
800055ec:	1281                	add	t0,t0,-32 # e32d42f4 <__global_pointer$+0x632cc0d0>
800055ee:	6ecd                	lui	t4,0x13
800055f0:	82f5                	srl	a3,a3,0x1d
800055f2:	6ed8                	.insn	2, 0x6ed8
800055f4:	fea4                	.insn	2, 0xfea4
800055f6:	28036ee3          	bltu	t1,zero,80006092 <input_data+0x66e>
800055fa:	6eea                	.insn	2, 0x6eea
800055fc:	3c64                	.insn	2, 0x3c64
800055fe:	6f09                	lui	t5,0x2
80005600:	ec4e                	.insn	2, 0xec4e
80005602:	6f28                	.insn	2, 0x6f28
80005604:	6f3a5657          	.insn	4, 0x6f3a5657
80005608:	bc8d                	j	8000507a <verify_data+0x1656>
8000560a:	6f59                	lui	t5,0x16
8000560c:	d541                	beqz	a0,80005594 <verify_data+0x1b70>
8000560e:	b5926f5b          	.insn	4, 0xb5926f5b
80005612:	6f6a                	.insn	2, 0x6f6a
80005614:	6f793433          	.insn	4, 0x6f793433
80005618:	0ec2                	sll	t4,t4,0x10
8000561a:	1d7a6f83          	.insn	4, 0x1d7a6f83
8000561e:	6f86                	.insn	2, 0x6f86
80005620:	a3d2                	.insn	2, 0xa3d2
80005622:	73bb6f8f          	.insn	4, 0x73bb6f8f
80005626:	6fb1                	lui	t6,0xc
80005628:	6fb360db          	.insn	4, 0x6fb360db
8000562c:	6fc00817          	auipc	a6,0x6fc00
80005630:	6241                	lui	tp,0x10
80005632:	6fd5                	lui	t6,0x15
80005634:	e188                	.insn	2, 0xe188
80005636:	a4ac6ff3          	csrrs	t6,0xa4a,24
8000563a:	6ff6                	.insn	2, 0x6ff6
8000563c:	7008f7cb          	.insn	4, 0x7008f7cb
80005640:	e7fa                	.insn	2, 0xe7fa
80005642:	7015                	c.lui	zero,0xfffe5
80005644:	701755cb          	.insn	4, 0x701755cb
80005648:	a7de                	.insn	2, 0xa7de
8000564a:	7021                	c.lui	zero,0xfffe8
8000564c:	e0a1                	bnez	s1,8000568c <verify_data+0x1c68>
8000564e:	703e                	.insn	2, 0x703e
80005650:	8c1c                	.insn	2, 0x8c1c
80005652:	ed6c704b          	.insn	4, 0xed6c704b
80005656:	706e                	.insn	2, 0x706e
80005658:	70b4af37          	lui	t5,0x70b4a
8000565c:	6f0e                	.insn	2, 0x6f0e
8000565e:	70b5                	lui	ra,0xfffed
80005660:	fc69                	bnez	s0,8000563a <verify_data+0x1c16>
80005662:	2dc170bf 482e70c4 	.insn	8, 0x482e70c42dc170bf
8000566a:	584070cb          	.insn	4, 0x584070cb
8000566e:	70d6                	.insn	2, 0x70d6
80005670:	3381                	jal	800053b0 <verify_data+0x198c>
80005672:	7111                	add	sp,sp,-256
80005674:	711c785b          	.insn	4, 0x711c785b
80005678:	c500                	sw	s0,8(a0)
8000567a:	711f 12ec 712a      	.insn	6, 0x712a12ec711f
80005680:	71422f0f          	.insn	4, 0x71422f0f
80005684:	71490dbf 7157291f 	.insn	8, 0x7157291f71490dbf
8000568c:	df4c                	sw	a1,60(a4)
8000568e:	7165                	add	sp,sp,-400
80005690:	4d82                	lw	s11,0(sp)
80005692:	74f47167          	.insn	4, 0x74f47167
80005696:	7180                	.insn	2, 0x7180
80005698:	94e1                	sra	s1,s1,0x38
8000569a:	7184                	.insn	2, 0x7184
8000569c:	88e1                	and	s1,s1,24
8000569e:	7185                	lui	gp,0xfffe1
800056a0:	7f30                	.insn	2, 0x7f30
800056a2:	7188                	.insn	2, 0x7188
800056a4:	420c                	lw	a1,0(a2)
800056a6:	7190                	.insn	2, 0x7190
800056a8:	86fc                	.insn	2, 0x86fc
800056aa:	71a0                	.insn	2, 0x71a0
800056ac:	9e52                	add	t3,t3,s4
800056ae:	71b6                	.insn	2, 0x71b6
800056b0:	328d                	jal	80005012 <verify_data+0x15ee>
800056b2:	6c2a71bb          	.insn	4, 0x6c2a71bb
800056b6:	364471d3          	.insn	4, 0x364471d3
800056ba:	ceae71e7          	.insn	4, 0xceae71e7
800056be:	887a71f7          	.insn	4, 0x887a71f7
800056c2:	720d                	lui	tp,0xfffe3
800056c4:	ee24                	.insn	2, 0xee24
800056c6:	720e                	.insn	2, 0x720e
800056c8:	32b5                	jal	80005034 <verify_data+0x1610>
800056ca:	7214                	.insn	2, 0x7214
800056cc:	7220fd73          	csrrc	s10,0x722,1
800056d0:	adc9                	j	80005da2 <input_data+0x37e>
800056d2:	7221                	lui	tp,0xfffe8
800056d4:	3950                	.insn	2, 0x3950
800056d6:	06f2722b          	.insn	4, 0x06f2722b
800056da:	723d                	lui	tp,0xfffef
800056dc:	c58d                	beqz	a1,80005706 <verify_data+0x1ce2>
800056de:	a9257257          	.insn	4, 0xa9257257
800056e2:	1f647273          	csrrc	tp,0x1f6,8
800056e6:	5fea72b7          	lui	t0,0x5fea7
800056ea:	496172d7          	.insn	4, 0x496172d7
800056ee:	72e1                	lui	t0,0xffff8
800056f0:	ac02                	.insn	2, 0xac02
800056f2:	58a272ef          	jal	t0,8002cc7c <__global_pointer$+0x24a58>
800056f6:	90f072f3          	csrrc	t0,0x90f,0
800056fa:	e6287313          	and	t1,a6,-414
800056fe:	7316                	.insn	2, 0x7316
80005700:	0655                	add	a2,a2,21 # 15015 <buflen.1+0x14fd5>
80005702:	731d                	lui	t1,0xfffe7
80005704:	4038                	lw	a4,64(s0)
80005706:	7320                	.insn	2, 0x7320
80005708:	a425                	j	80005930 <verify_data+0x1f0c>
8000570a:	7329                	lui	t1,0xfffea
8000570c:	5cd4                	lw	a3,60(s1)
8000570e:	53ad733f e6707345 	.insn	8, 0xe670734553ad733f
80005716:	7359                	lui	t1,0xffff6
80005718:	736f35b7          	lui	a1,0x736f3
8000571c:	73877afb          	.insn	4, 0x73877afb
80005720:	739d378b          	.insn	4, 0x739d378b
80005724:	eeb2                	.insn	2, 0xeeb2
80005726:	73c1                	lui	t2,0xffff0
80005728:	ee10                	.insn	2, 0xee10
8000572a:	73d1                	lui	t2,0xffff4
8000572c:	73d9c2c7          	.insn	4, 0x73d9c2c7
80005730:	73e9750b          	.insn	4, 0x73e9750b
80005734:	0760                	add	s0,sp,908
80005736:	73f0                	.insn	2, 0x73f0
80005738:	aae2                	.insn	2, 0xaae2
8000573a:	73fd                	lui	t2,0xfffff
8000573c:	fa75                	bnez	a2,80005730 <verify_data+0x1d0c>
8000573e:	741d                	lui	s0,0xfffe7
80005740:	1086                	sll	ra,ra,0x21
80005742:	7439                	lui	s0,0xfffee
80005744:	8909                	and	a0,a0,2
80005746:	743c                	.insn	2, 0x743c
80005748:	744d6397          	auipc	t2,0x744d6
8000574c:	dd6a                	sw	s10,184(sp)
8000574e:	b729745b          	.insn	4, 0xb729745b
80005752:	745e                	.insn	2, 0x745e
80005754:	7465                	lui	s0,0xffff9
80005756:	7465                	lui	s0,0xffff9
80005758:	4bc0                	lw	s0,20(a5)
8000575a:	7398746f          	jal	s0,8008d692 <__global_pointer$+0x8546e>
8000575e:	7476                	.insn	2, 0x7476
80005760:	748d9613          	.insn	4, 0x748d9613
80005764:	8ffa                	mv	t6,t5
80005766:	74b0                	.insn	2, 0x74b0
80005768:	d7c8                	sw	a0,44(a5)
8000576a:	74b2                	.insn	2, 0x74b2
8000576c:	74bac3d7          	.insn	4, 0x74bac3d7
80005770:	5bd8                	lw	a4,52(a5)
80005772:	6dec74c7          	.insn	4, 0x6dec74c7
80005776:	74c8                	.insn	2, 0x74c8
80005778:	f214                	.insn	2, 0xf214
8000577a:	5c8374eb          	.insn	4, 0x5c8374eb
8000577e:	74ec                	.insn	2, 0x74ec
80005780:	43cd                	li	t2,19
80005782:	74fc                	.insn	2, 0x74fc
80005784:	d010                	sw	a2,32(s0)
80005786:	7501                	lui	a0,0xfffe0
80005788:	ff5d                	bnez	a4,80005746 <verify_data+0x1d22>
8000578a:	7524                	.insn	2, 0x7524
8000578c:	91ec                	.insn	2, 0x91ec
8000578e:	752c                	.insn	2, 0x752c
80005790:	cea2                	sw	s0,92(sp)
80005792:	7548                	.insn	2, 0x7548
80005794:	7556939b          	.insn	4, 0x7556939b
80005798:	ce81                	beqz	a3,800057b0 <verify_data+0x1d8c>
8000579a:	7556                	.insn	2, 0x7556
8000579c:	ae6e                	.insn	2, 0xae6e
8000579e:	fa5f7567          	.insn	4, 0xfa5f7567
800057a2:	76de7577          	.insn	4, 0x76de7577
800057a6:	7582                	.insn	2, 0x7582
800057a8:	10d0                	add	a2,sp,100
800057aa:	7585                	lui	a1,0xfffe1
800057ac:	d4b4                	sw	a3,104(s1)
800057ae:	803b75e3          	bgeu	s6,gp,80004fb8 <verify_data+0x1594>
800057b2:	7612                	.insn	2, 0x7612
800057b4:	01e6                	sll	gp,gp,0x19
800057b6:	f891761b          	.insn	4, 0xf891761b
800057ba:	a0507637          	lui	a2,0xa0507
800057be:	c41b7643          	.insn	4, 0xc41b7643
800057c2:	5c327643          	.insn	4, 0x5c327643
800057c6:	765e                	.insn	2, 0x765e
800057c8:	039c                	add	a5,sp,448
800057ca:	766e                	.insn	2, 0x766e
800057cc:	66c4                	.insn	2, 0x66c4
800057ce:	7691                	lui	a3,0xfffe4
800057d0:	76c9de3b          	.insn	4, 0x76c9de3b
800057d4:	76e02b87          	.insn	4, 0x76e02b87
800057d8:	770d9d97          	auipc	s11,0x770d9
800057dc:	b4d1                	j	800052a0 <verify_data+0x187c>
800057de:	7745                	lui	a4,0xffff1
800057e0:	8a60                	.insn	2, 0x8a60
800057e2:	7761                	lui	a4,0xffff8
800057e4:	c005                	beqz	s0,80005804 <verify_data+0x1de0>
800057e6:	777c                	.insn	2, 0x777c
800057e8:	5dbc                	lw	a5,120(a1)
800057ea:	777e                	.insn	2, 0x777e
800057ec:	3159                	jal	80005472 <verify_data+0x1a4e>
800057ee:	7782                	.insn	2, 0x7782
800057f0:	d711                	beqz	a4,800056fc <verify_data+0x1cd8>
800057f2:	56c3778b          	.insn	4, 0x56c3778b
800057f6:	778e                	.insn	2, 0x778e
800057f8:	0736                	sll	a4,a4,0xd
800057fa:	7796                	.insn	2, 0x7796
800057fc:	779e33eb          	.insn	4, 0x779e33eb
80005800:	a4f9                	j	80005ace <input_data+0xaa>
80005802:	77c2                	.insn	2, 0x77c2
80005804:	8b1a                	mv	s6,t1
80005806:	77d6                	.insn	2, 0x77d6
80005808:	0db6                	sll	s11,s11,0xd
8000580a:	77ea                	.insn	2, 0x77ea
8000580c:	96b1                	sra	a3,a3,0x2c
8000580e:	780c                	.insn	2, 0x780c
80005810:	2c8c                	.insn	2, 0x2c8c
80005812:	780d                	lui	a6,0xfffe3
80005814:	78276307          	.insn	4, 0x78276307
80005818:	3012                	.insn	2, 0x3012
8000581a:	782c                	.insn	2, 0x782c
8000581c:	d041                	beqz	s0,8000579c <verify_data+0x1d78>
8000581e:	7830                	.insn	2, 0x7830
80005820:	783be667          	.insn	4, 0x783be667
80005824:	5ebc                	lw	a5,120(a3)
80005826:	784d                	lui	a6,0xffff3
80005828:	b865                	j	800050e0 <verify_data+0x16bc>
8000582a:	7889                	lui	a7,0xfffe2
8000582c:	1f55                	add	t5,t5,-11 # 70b49ff5 <buflen.1+0x70b49fb5>
8000582e:	7894                	.insn	2, 0x7894
80005830:	23fa                	.insn	2, 0x23fa
80005832:	789c                	.insn	2, 0x789c
80005834:	d08a                	sw	sp,96(sp)
80005836:	78b0                	.insn	2, 0x78b0
80005838:	5dae                	lw	s11,232(sp)
8000583a:	78d8                	.insn	2, 0x78d8
8000583c:	fd24                	.insn	2, 0xfd24
8000583e:	78dd                	lui	a7,0xffff7
80005840:	35aa                	.insn	2, 0x35aa
80005842:	78de                	.insn	2, 0x78de
80005844:	7171                	add	sp,sp,-176
80005846:	78df 9a07 78e2      	.insn	6, 0x78e29a0778df
8000584c:	78f220af          	.insn	4, 0x78f220af
80005850:	f786                	.insn	2, 0xf786
80005852:	78fd                	lui	a7,0xfffff
80005854:	2c44                	.insn	2, 0x2c44
80005856:	792d                	lui	s2,0xfffeb
80005858:	c459                	beqz	s0,800058e6 <verify_data+0x1ec2>
8000585a:	7939                	lui	s2,0xfffee
8000585c:	1798                	add	a4,sp,992
8000585e:	7948                	.insn	2, 0x7948
80005860:	d530                	sw	a2,104(a0)
80005862:	574d795b          	.insn	4, 0x574d795b
80005866:	7966                	.insn	2, 0x7966
80005868:	ee36                	.insn	2, 0xee36
8000586a:	796c                	.insn	2, 0x796c
8000586c:	89e9                	and	a1,a1,26
8000586e:	de277987          	.insn	4, 0xde277987
80005872:	7988                	.insn	2, 0x7988
80005874:	79b5933b          	.insn	4, 0x79b5933b
80005878:	79c39977          	.insn	4, 0x79c39977
8000587c:	35d0                	.insn	2, 0x35d0
8000587e:	79d5                	lui	s3,0xffff5
80005880:	79ea714f          	.insn	4, 0x79ea714f
80005884:	c122                	sw	s0,128(sp)
80005886:	79f0                	.insn	2, 0x79f0
80005888:	135a                	sll	t1,t1,0x36
8000588a:	79ff                	.insn	2, 0x79ff
8000588c:	7a02d7ff 7a0e7c57 	.insn	20, 0x7a2bec617a1a8d0d7a1523997a0e7c577a02d7ff
80005894:	7a152399 7a1a8d0d 
8000589c:	7a2bec61 
800058a0:	f0f9                	bnez	s1,80005866 <verify_data+0x1e42>
800058a2:	0e127a53          	.insn	4, 0x0e127a53
800058a6:	7a54                	.insn	2, 0x7a54
800058a8:	7a54488b          	.insn	4, 0x7a54488b
800058ac:	039a                	sll	t2,t2,0x6
800058ae:	7a6c                	.insn	2, 0x7a6c
800058b0:	cbd4                	sw	a3,20(a5)
800058b2:	7a70                	.insn	2, 0x7a70
800058b4:	c442                	sw	a6,8(sp)
800058b6:	7a88                	.insn	2, 0x7a88
800058b8:	e546                	.insn	2, 0xe546
800058ba:	939c7ad7          	.insn	4, 0x939c7ad7
800058be:	7ada                	.insn	2, 0x7ada
800058c0:	7afd1cd3          	.insn	4, 0x7afd1cd3
800058c4:	5c90                	lw	a2,56(s1)
800058c6:	7b08                	.insn	2, 0x7b08
800058c8:	d916                	sw	t0,176(sp)
800058ca:	7b0a                	.insn	2, 0x7b0a
800058cc:	7b2b5f8b          	.insn	4, 0x7b2b5f8b
800058d0:	de31                	beqz	a2,8000582c <verify_data+0x1e08>
800058d2:	7b31                	lui	s6,0xfffec
800058d4:	7b35733f 7b3b8ae9 	.insn	8, 0x7b3b8ae97b35733f
800058dc:	69d2                	.insn	2, 0x69d2
800058de:	7b48                	.insn	2, 0x7b48
800058e0:	84c1                	sra	s1,s1,0x10
800058e2:	7b4e                	.insn	2, 0x7b4e
800058e4:	26e9                	jal	80005cae <input_data+0x28a>
800058e6:	7b55                	lui	s6,0xffff5
800058e8:	d215                	beqz	a2,8000580c <verify_data+0x1de8>
800058ea:	7b68                	.insn	2, 0x7b68
800058ec:	7b86eff3          	csrrs	t6,0x7b8,13
800058f0:	d676                	sw	t4,44(sp)
800058f2:	7b96                	.insn	2, 0x7b96
800058f4:	8d3a                	mv	s10,a4
800058f6:	678e7bab          	.insn	4, 0x678e7bab
800058fa:	7bac                	.insn	2, 0x7bac
800058fc:	7bc697fb          	.insn	4, 0x7bc697fb
80005900:	b108                	.insn	2, 0xb108
80005902:	7bd6                	.insn	2, 0x7bd6
80005904:	7be3d2d7          	.insn	4, 0x7be3d2d7
80005908:	8a2c                	.insn	2, 0x8a2c
8000590a:	7bf2                	.insn	2, 0x7bf2
8000590c:	80f5                	srl	s1,s1,0x1d
8000590e:	7c05                	lui	s8,0xfffe1
80005910:	da01                	beqz	a2,80005820 <verify_data+0x1dfc>
80005912:	7c11                	lui	s8,0xfffe4
80005914:	67a4                	.insn	2, 0x67a4
80005916:	7c24                	.insn	2, 0x7c24
80005918:	7c45df3b          	.insn	4, 0x7c45df3b
8000591c:	8234                	.insn	2, 0x8234
8000591e:	2dab7c4b          	.insn	4, 0x2dab7c4b
80005922:	27d67c6f          	jal	s8,8006d39e <__global_pointer$+0x6517a>
80005926:	7c7d                	lui	s8,0xfffff
80005928:	5be8                	lw	a0,116(a5)
8000592a:	7c80                	.insn	2, 0x7c80
8000592c:	ee66                	.insn	2, 0xee66
8000592e:	7c82                	.insn	2, 0x7c82
80005930:	7c9296e3          	bne	t0,s1,800068fc <input_data+0xed8>
80005934:	7c93425b          	.insn	4, 0x7c93425b
80005938:	29ad                	jal	80005db2 <input_data+0x38e>
8000593a:	91207c9b          	.insn	4, 0x91207c9b
8000593e:	4ee17c9b          	.insn	4, 0x4ee17c9b
80005942:	7c9d                	lui	s9,0xfffe7
80005944:	ae2c                	.insn	2, 0xae2c
80005946:	da267cab          	.insn	4, 0xda267cab
8000594a:	35837cc7          	.insn	4, 0x35837cc7
8000594e:	7cd1                	lui	s9,0xffff4
80005950:	5531                	li	a0,-20
80005952:	7cd2                	.insn	2, 0x7cd2
80005954:	ed64                	.insn	2, 0xed64
80005956:	7cd8                	.insn	2, 0x7cd8
80005958:	172d                	add	a4,a4,-21 # ffff7feb <__global_pointer$+0x7ffefdc7>
8000595a:	7cdd                	lui	s9,0xffff7
8000595c:	8ed0                	.insn	2, 0x8ed0
8000595e:	7cfe                	.insn	2, 0x7cfe
80005960:	7d199933          	.insn	4, 0x7d199933
80005964:	0d94                	add	a3,sp,720
80005966:	d9767d33          	.insn	4, 0xd9767d33
8000596a:	7d5c                	.insn	2, 0x7d5c
8000596c:	a826                	.insn	2, 0xa826
8000596e:	7d7c                	.insn	2, 0x7d7c
80005970:	7dc1                	lui	s11,0xffff0
80005972:	7d81                	lui	s11,0xfffe0
80005974:	b7c8                	.insn	2, 0xb7c8
80005976:	7d82                	.insn	2, 0x7d82
80005978:	2f96                	.insn	2, 0x2f96
8000597a:	7d84                	.insn	2, 0x7d84
8000597c:	3b66                	.insn	2, 0x3b66
8000597e:	7dac                	.insn	2, 0x7dac
80005980:	97d6                	add	a5,a5,s5
80005982:	7db5                	lui	s11,0xfffed
80005984:	7dbce1f7          	.insn	4, 0x7dbce1f7
80005988:	c751                	beqz	a4,80005a14 <verify_data+0x1ff0>
8000598a:	7dc1                	lui	s11,0xffff0
8000598c:	7558                	.insn	2, 0x7558
8000598e:	7df8                	.insn	2, 0x7df8
80005990:	7e0a0b8f          	.insn	4, 0x7e0a0b8f
80005994:	7e1723f7          	.insn	4, 0x7e1723f7
80005998:	287c                	.insn	2, 0x287c
8000599a:	48c77e27          	.insn	4, 0x48c77e27
8000599e:	7e3c                	.insn	2, 0x7e3c
800059a0:	3888                	.insn	2, 0x3888
800059a2:	7e41                	lui	t3,0xffff0
800059a4:	b8ee                	.insn	2, 0xb8ee
800059a6:	7e44                	.insn	2, 0x7e44
800059a8:	69c4                	.insn	2, 0x69c4
800059aa:	7e4a                	.insn	2, 0x7e4a
800059ac:	a6bd                	j	80005d1a <input_data+0x2f6>
800059ae:	7e4a                	.insn	2, 0x7e4a
800059b0:	de88                	sw	a0,56(a3)
800059b2:	282b7e53          	.insn	4, 0x282b7e53
800059b6:	7e7f                	.insn	2, 0x7e7f
800059b8:	2a5f 7e88 3314      	.insn	6, 0x33147e882a5f
800059be:	7e90                	.insn	2, 0x7e90
800059c0:	1b69                	add	s6,s6,-6 # ffff4ffa <__global_pointer$+0x7ffecdd6>
800059c2:	7ea5                	lui	t4,0xfffe9
800059c4:	8eb9                	xor	a3,a3,a4
800059c6:	a1f87eb7          	lui	t4,0xa1f87
800059ca:	7eb8                	.insn	2, 0x7eb8
800059cc:	8b3e                	mv	s6,a5
800059ce:	7ec6                	.insn	2, 0x7ec6
800059d0:	7ec6e397          	auipc	t2,0x7ec6e
800059d4:	e55e                	.insn	2, 0xe55e
800059d6:	50687ed7          	.insn	4, 0x50687ed7
800059da:	cc317ee3          	bgeu	sp,gp,800056b6 <verify_data+0x1c92>
800059de:	7eed                	lui	t4,0xffffb
800059e0:	2954                	.insn	2, 0x2954
800059e2:	7ef4                	.insn	2, 0x7ef4
800059e4:	7ef912b7          	lui	t0,0x7ef91
800059e8:	a5cd                	j	800060ca <input_data+0x6a6>
800059ea:	7f02                	.insn	2, 0x7f02
800059ec:	1831                	add	a6,a6,-20 # ffff2fec <__global_pointer$+0x7ffeadc8>
800059ee:	7f10                	.insn	2, 0x7f10
800059f0:	a605                	j	80005d10 <input_data+0x2ec>
800059f2:	7f10                	.insn	2, 0x7f10
800059f4:	0434                	add	a3,sp,520
800059f6:	7f24                	.insn	2, 0x7f24
800059f8:	c95e                	sw	s7,144(sp)
800059fa:	731f7f4b          	.insn	4, 0x731f7f4b
800059fe:	7f8d                	lui	t6,0xfffe3
80005a00:	3385                	jal	80005760 <verify_data+0x1d3c>
80005a02:	58997f8f          	.insn	4, 0x58997f8f
80005a06:	7f99                	lui	t6,0xfffe6
80005a08:	1715                	add	a4,a4,-27
80005a0a:	7fa6                	.insn	2, 0x7fa6
80005a0c:	c8f2                	sw	t3,80(sp)
80005a0e:	7fb1                	lui	t6,0xfffec
80005a10:	8976                	mv	s2,t4
80005a12:	7fc0                	.insn	2, 0x7fc0
80005a14:	d2d0                	sw	a2,36(a3)
80005a16:	7fc0                	.insn	2, 0x7fc0
80005a18:	7fca5d7f 7fdb3900 	.insn	20, 0x3a2ccef4055424a47fe84e467fdb39007fca5d7f
80005a20:	7fe84e46  
80005a28:	 

80005a24 <input_data>:
80005a24:	24a4                	.insn	2, 0x24a4
80005a26:	0554                	add	a3,sp,644
80005a28:	cef4                	sw	a3,92(a3)
80005a2a:	3a2c                	.insn	2, 0x3a2c
80005a2c:	4a64                	lw	s1,84(a2)
80005a2e:	97196adb          	.insn	4, 0x97196adb
80005a32:	2b01                	jal	80005f42 <input_data+0x51e>
80005a34:	f4ee                	.insn	2, 0xf4ee
80005a36:	4861                	li	a6,24
80005a38:	0039e5ef          	jal	a1,800a423a <__global_pointer$+0x9c016>
80005a3c:	eeec                	.insn	2, 0xeeec
80005a3e:	1802                	sll	a6,a6,0x20
80005a40:	8b3e                	mv	s6,a5
80005a42:	7ec6                	.insn	2, 0x7ec6
80005a44:	4a40                	lw	s0,20(a2)
80005a46:	6010                	.insn	2, 0x6010
80005a48:	0df8                	add	a4,sp,732
80005a4a:	2ee2                	.insn	2, 0x2ee2
80005a4c:	6b72                	.insn	2, 0x6b72
80005a4e:	2cf4                	.insn	2, 0x2cf4
80005a50:	49635f53          	.insn	4, 0x49635f53
80005a54:	8979                	and	a0,a0,30
80005a56:	9b6810f7          	.insn	4, 0x9b6810f7
80005a5a:	0836                	sll	a6,a6,0xd
80005a5c:	79b5933b          	.insn	4, 0x79b5933b
80005a60:	db86                	sw	ra,244(sp)
80005a62:	ca5913a7          	.insn	4, 0xca5913a7
80005a66:	4ad5                	li	s5,21
80005a68:	28d5                	jal	80005b5c <input_data+0x138>
80005a6a:	1bb9                	add	s7,s7,-18 # cfee <buflen.1+0xcfae>
80005a6c:	72c2                	.insn	2, 0x72c2
80005a6e:	04bd673b          	.insn	4, 0x04bd673b
80005a72:	9f1011fb          	.insn	4, 0x9f1011fb
80005a76:	4f9f 88d5 1afe      	.insn	6, 0x1afe88d54f9f
80005a7c:	8b4c                	.insn	2, 0x8b4c
80005a7e:	d92d00d7          	.insn	4, 0xd92d00d7
80005a82:	4961                	li	s2,24
80005a84:	8a60                	.insn	2, 0x8a60
80005a86:	7761                	lui	a4,0xffff8
80005a88:	d1e1                	beqz	a1,80005a48 <input_data+0x24>
80005a8a:	ee242b8f          	.insn	4, 0xee242b8f
80005a8e:	720e                	.insn	2, 0x720e
80005a90:	040c                	add	a1,sp,512
80005a92:	4c04                	lw	s1,24(s0)
80005a94:	6e71                	lui	t3,0x1c
80005a96:	324a                	.insn	2, 0x324a
80005a98:	0655                	add	a2,a2,21 # a0507015 <__global_pointer$+0x204fedf1>
80005a9a:	731d                	lui	t1,0xfffe7
80005a9c:	917d                	srl	a0,a0,0x3f
80005a9e:	58f5                	li	a7,-3
80005aa0:	da5f 1d42 de31      	.insn	6, 0xde311d42da5f
80005aa6:	7b31                	lui	s6,0xfffec
80005aa8:	fa95                	bnez	a3,800059dc <verify_data+0x1fb8>
80005aaa:	018a                	sll	gp,gp,0x2
80005aac:	d8e0                	sw	s0,116(s1)
80005aae:	12ec0e33          	.insn	4, 0x12ec0e33
80005ab2:	712a                	.insn	2, 0x712a
80005ab4:	db66                	sw	s9,180(sp)
80005ab6:	0ef1                	add	t4,t4,28 # ffffb01c <__global_pointer$+0x7fff2df8>
80005ab8:	3b49                	jal	8000584a <verify_data+0x1e26>
80005aba:	601e                	.insn	2, 0x601e
80005abc:	2601eb4f          	.insn	4, 0x2601eb4f
80005ac0:	cb54                	sw	a3,20(a4)
80005ac2:	52c6                	lw	t0,112(sp)
80005ac4:	2b51                	jal	80006058 <input_data+0x634>
80005ac6:	369a                	.insn	2, 0x369a
80005ac8:	d5c8                	sw	a0,44(a1)
80005aca:	401e                	.insn	2, 0x401e
80005acc:	10f8                	add	a4,sp,108
80005ace:	2844                	.insn	2, 0x2844
80005ad0:	8c39                	xor	s0,s0,a4
80005ad2:	37e8                	.insn	2, 0x37e8
80005ad4:	0c00                	add	s0,sp,528
80005ad6:	547c                	lw	a5,108(s0)
80005ad8:	0492                	sll	s1,s1,0x4
80005ada:	59ed                	li	s3,-5
80005adc:	632cf297          	auipc	t0,0x632cf
80005ae0:	1e9a                	sll	t4,t4,0x26
80005ae2:	6819                	lui	a6,0x6
80005ae4:	b431                	j	800054f0 <verify_data+0x1acc>
80005ae6:	e1f728ef          	jal	a7,7ff78904 <buflen.1+0x7ff788c4>
80005aea:	7dbc                	.insn	2, 0x7dbc
80005aec:	3468                	.insn	2, 0x3468
80005aee:	56fe                	lw	a3,252(sp)
80005af0:	2441                	jal	80005d70 <input_data+0x34c>
80005af2:	a7de1353          	.insn	4, 0xa7de1353
80005af6:	7021                	c.lui	zero,0xfffe8
80005af8:	62d6                	.insn	2, 0x62d6
80005afa:	86c8592f          	.insn	4, 0x86c8592f
80005afe:	304d                	jal	800053a0 <verify_data+0x197c>
80005b00:	8551                	sra	a0,a0,0x14
80005b02:	484c                	lw	a1,20(s0)
80005b04:	8b6a                	mv	s6,s10
80005b06:	3ccc                	.insn	2, 0x3ccc
80005b08:	fb81                	bnez	a5,80005a18 <verify_data+0x1ff4>
80005b0a:	22e0                	.insn	2, 0x22e0
80005b0c:	783be667          	.insn	4, 0x783be667
80005b10:	2128e503          	.insn	4, 0x2128e503
80005b14:	bf66                	.insn	2, 0xbf66
80005b16:	4524                	lw	s1,72(a0)
80005b18:	52ea70bb          	.insn	4, 0x52ea70bb
80005b1c:	662c                	.insn	2, 0x662c
80005b1e:	48ee                	lw	a7,216(sp)
80005b20:	6f6a                	.insn	2, 0x6f6a
80005b22:	4139                	li	sp,14
80005b24:	af00                	.insn	2, 0xaf00
80005b26:	1a05                	add	s4,s4,-31 # 11fe1 <buflen.1+0x11fa1>
80005b28:	0b5676e3          	bgeu	a2,s5,800063d4 <input_data+0x9b0>
80005b2c:	7ca6                	.insn	2, 0x7ca6
80005b2e:	727123f3          	csrrs	t2,mhpmevent7h,sp
80005b32:	5a32                	lw	s4,44(sp)
80005b34:	5b08                	lw	a0,48(a4)
80005b36:	6145                	add	sp,sp,48
80005b38:	e12a                	.insn	2, 0xe12a
80005b3a:	55d6                	lw	a1,116(sp)
80005b3c:	6f29                	lui	t5,0xa
80005b3e:	4db5                	li	s11,13
80005b40:	301453e7          	.insn	4, 0x301453e7
80005b44:	4ba0                	lw	s0,80(a5)
80005b46:	4191                	li	gp,4
80005b48:	42ff 46ae 148d 544a 	.insn	18, 0x058c1900b280780c96b1544a148d46ae42ff
80005b50:	96b1 780c b280 1900 
80005b58:	058c 
80005b5a:	c97f4bef          	jal	s7,7fffa7f0 <buflen.1+0x7fffa7b0>
80005b5e:	0a79                	add	s4,s4,30
80005b60:	c11e                	sw	t2,128(sp)
80005b62:	48ec                	lw	a1,84(s1)
80005b64:	27e4                	.insn	2, 0x27e4
80005b66:	223a                	.insn	2, 0x223a
80005b68:	135a                	sll	t1,t1,0x36
80005b6a:	79ff                	.insn	2, 0x79ff
80005b6c:	1082                	sll	ra,ra,0x20
80005b6e:	16571d5b          	.insn	4, 0x16571d5b
80005b72:	66a0                	.insn	2, 0x66a0
80005b74:	0c12                	sll	s8,s8,0x4
80005b76:	2b48                	.insn	2, 0x2b48
80005b78:	5c10                	lw	a2,56(s0)
80005b7a:	4adf f786 78fd      	.insn	6, 0x78fdf7864adf
80005b80:	34f5                	jal	8000566c <verify_data+0x1c48>
80005b82:	5266                	lw	tp,120(sp)
80005b84:	739d378b          	.insn	4, 0x739d378b
80005b88:	9259                	srl	a2,a2,0x36
80005b8a:	2f28                	.insn	2, 0x2f28
80005b8c:	1ef9fd23          	.insn	4, 0x1ef9fd23
80005b90:	ccad                	beqz	s1,80005c0a <input_data+0x1e6>
80005b92:	43cd3ea7          	.insn	4, 0x43cd3ea7
80005b96:	74fc                	.insn	2, 0x74fc
80005b98:	2a22a5e3          	.insn	4, 0x2a22a5e3
80005b9c:	cf72                	sw	t3,156(sp)
80005b9e:	69e2                	.insn	2, 0x69e2
80005ba0:	281bbd27          	.insn	4, 0x281bbd27
80005ba4:	778e56c3          	.insn	4, 0x778e56c3
80005ba8:	4bf29b83          	lh	s7,1215(t0) # e32d4f9b <__global_pointer$+0x632ccd77>
80005bac:	de88                	sw	a0,56(a3)
80005bae:	0fec7e53          	.insn	4, 0x0fec7e53
80005bb2:	31c6                	.insn	2, 0x31c6
80005bb4:	191afacb          	.insn	4, 0x191afacb
80005bb8:	8575                	sra	a0,a0,0x1d
80005bba:	45b2                	lw	a1,12(sp)
80005bbc:	5c90                	lw	a2,56(s1)
80005bbe:	7b08                	.insn	2, 0x7b08
80005bc0:	5f7c                	lw	a5,124(a4)
80005bc2:	2d61533f 7dc148a1 	.insn	8, 0x7dc148a12d61533f
80005bca:	7d81                	lui	s11,0xfffe0
80005bcc:	e584                	.insn	2, 0xe584
80005bce:	2cf4                	.insn	2, 0x2cf4
80005bd0:	7fca5d7f 532a6e6c 	.insn	20, 0x0a264a155431a8886855a4ba532a6e6c7fca5d7f
80005bd8:	6855a4ba 5431a888 
80005be0:	0a264a15 
80005be4:	3a26                	.insn	2, 0x3a26
80005be6:	45a11733          	.insn	4, 0x45a11733
80005bea:	1ab8                	add	a4,sp,376
80005bec:	0e578ce3          	beq	a5,t0,800064e4 <input_data+0xac0>
80005bf0:	4e46                	lw	t3,80(sp)
80005bf2:	7fe8                	.insn	2, 0x7fe8
80005bf4:	f7a0                	.insn	2, 0xf7a0
80005bf6:	6e10                	.insn	2, 0x6e10
80005bf8:	6366                	.insn	2, 0x6366
80005bfa:	50b4                	lw	a3,96(s1)
80005bfc:	08606c9b          	.insn	4, 0x08606c9b
80005c00:	cb9d                	beqz	a5,80005c36 <input_data+0x212>
80005c02:	6c92                	.insn	2, 0x6c92
80005c04:	05f9                	add	a1,a1,30 # fffe101e <__global_pointer$+0x7ffd8dfa>
80005c06:	24f4                	.insn	2, 0x24f4
80005c08:	0f8e                	sll	t6,t6,0x3
80005c0a:	5a42                	lw	s4,48(sp)
80005c0c:	2cc21eab          	.insn	4, 0x2cc21eab
80005c10:	d2d0                	sw	a2,36(a3)
80005c12:	7fc0                	.insn	2, 0x7fc0
80005c14:	321c                	.insn	2, 0x321c
80005c16:	1225                	add	tp,tp,-23 # fffeefe9 <__global_pointer$+0x7ffe6dc5>
80005c18:	0d30                	add	a2,sp,664
80005c1a:	207d                	jal	80005cc8 <input_data+0x2a4>
80005c1c:	aae2                	.insn	2, 0xaae2
80005c1e:	73fd                	lui	t2,0xfffff
80005c20:	1398                	add	a4,sp,480
80005c22:	5bad                	li	s7,-21
80005c24:	7f30                	.insn	2, 0x7f30
80005c26:	7188                	.insn	2, 0x7188
80005c28:	6219                	lui	tp,0x6
80005c2a:	a15d371b          	.insn	4, 0xa15d371b
80005c2e:	b79f21d7          	.insn	4, 0xb79f21d7
80005c32:	353e                	.insn	2, 0x353e
80005c34:	cba1                	beqz	a5,80005c84 <input_data+0x260>
80005c36:	980f49e3          	bltz	t5,800055c8 <verify_data+0x1ba4>
80005c3a:	4500                	lw	s0,8(a0)
80005c3c:	2f96                	.insn	2, 0x2f96
80005c3e:	7d84                	.insn	2, 0x7d84
80005c40:	59bbba97          	auipc	s5,0x59bbb
80005c44:	7cc8                	.insn	2, 0x7cc8
80005c46:	6186                	.insn	2, 0x6186
80005c48:	00949033          	sll	zero,s1,s1
80005c4c:	2d32                	.insn	2, 0x2d32
80005c4e:	1ee1                	add	t4,t4,-8
80005c50:	7168                	.insn	2, 0x7168
80005c52:	fb3a3f67          	.insn	4, 0xfb3a3f67
80005c56:	ea803d57          	.insn	4, 0xea803d57
80005c5a:	0cd0                	add	a2,sp,596
80005c5c:	fa46                	.insn	2, 0xfa46
80005c5e:	4001                	c.li	zero,0
80005c60:	1281                	add	t0,t0,-32
80005c62:	6ecd                	lui	t4,0x13
80005c64:	69aa                	.insn	2, 0x69aa
80005c66:	33a5                	jal	800059ce <verify_data+0x1faa>
80005c68:	58e6236f          	jal	t1,800681f6 <__global_pointer$+0x5ffd2>
80005c6c:	a960                	.insn	2, 0xa960
80005c6e:	1c74                	add	a3,sp,572
80005c70:	3150                	.insn	2, 0x3150
80005c72:	3561                	jal	80005afa <input_data+0xd6>
80005c74:	a07c                	.insn	2, 0xa07c
80005c76:	a9bd38e3          	.insn	4, 0xa9bd38e3
80005c7a:	2609                	jal	80005f7c <input_data+0x558>
80005c7c:	8f18                	.insn	2, 0x8f18
80005c7e:	5c65                	li	s8,-7
80005c80:	3ecd                	jal	80005872 <verify_data+0x1e4e>
80005c82:	24a2                	.insn	2, 0x24a2
80005c84:	17e6                	sll	a5,a5,0x39
80005c86:	56a1                	li	a3,-24
80005c88:	4e44                	lw	s1,28(a2)
80005c8a:	4f90                	lw	a2,24(a5)
80005c8c:	28bdf153          	.insn	4, 0x28bdf153
80005c90:	4130                	lw	a2,64(a0)
80005c92:	0ac50a0f          	.insn	4, 0x0ac50a0f
80005c96:	1cb4                	add	a3,sp,632
80005c98:	9006                	c.add	zero,ra
80005c9a:	2d0c                	.insn	2, 0x2d0c
80005c9c:	3012                	.insn	2, 0x3012
80005c9e:	782c                	.insn	2, 0x782c
80005ca0:	14c2                	sll	s1,s1,0x30
80005ca2:	454d                	li	a0,19
80005ca4:	bbfa                	.insn	2, 0xbbfa
80005ca6:	664924eb          	.insn	4, 0x664924eb
80005caa:	52de                	lw	t0,244(sp)
80005cac:	61f6                	.insn	2, 0x61f6
80005cae:	a7d10f4f          	.insn	4, 0xa7d10f4f
80005cb2:	15c5                	add	a1,a1,-15
80005cb4:	687e                	.insn	2, 0x687e
80005cb6:	4ed0                	lw	a2,28(a3)
80005cb8:	4adc                	lw	a5,20(a3)
80005cba:	439a                	lw	t2,132(sp)
80005cbc:	fe51                	bnez	a2,80005c58 <input_data+0x234>
80005cbe:	4da5                	li	s11,9
80005cc0:	c3bd                	beqz	a5,80005d26 <input_data+0x302>
80005cc2:	2511                	jal	800062c6 <input_data+0x8a2>
80005cc4:	100a                	c.slli	zero,0x22
80005cc6:	31ec                	.insn	2, 0x31ec
80005cc8:	66076677          	.insn	4, 0x66076677
80005ccc:	ceea                	sw	s10,92(sp)
80005cce:	2cfe                	.insn	2, 0x2cfe
80005cd0:	152e                	sll	a0,a0,0x2b
80005cd2:	66b5                	lui	a3,0xd
80005cd4:	de5c                	sw	a5,60(a2)
80005cd6:	3a4e                	.insn	2, 0x3a4e
80005cd8:	e140                	.insn	2, 0xe140
80005cda:	5c50                	lw	a2,60(s0)
80005cdc:	034d                	add	t1,t1,19 # fffe7013 <__global_pointer$+0x7ffdedef>
80005cde:	23a5                	jal	80006246 <input_data+0x822>
80005ce0:	4569                	li	a0,26
80005ce2:	613d                	add	sp,sp,480
80005ce4:	9f26                	add	t5,t5,s1
80005ce6:	2f24                	.insn	2, 0x2f24
80005ce8:	796a                	.insn	2, 0x796a
80005cea:	5f84                	lw	s1,56(a5)
80005cec:	2df3dfcb          	.insn	4, 0x2df3dfcb
80005cf0:	16b9                	add	a3,a3,-18 # cfee <buflen.1+0xcfae>
80005cf2:	0bd0                	add	a2,sp,468
80005cf4:	4699                	li	a3,6
80005cf6:	4add                	li	s5,23
80005cf8:	a1f8                	.insn	2, 0xa1f8
80005cfa:	7eb8                	.insn	2, 0x7eb8
80005cfc:	2215                	jal	80005e20 <input_data+0x3fc>
80005cfe:	080c                	add	a1,sp,16
80005d00:	9608                	.insn	2, 0x9608
80005d02:	22c1                	jal	80005ec2 <input_data+0x49e>
80005d04:	3888                	.insn	2, 0x3888
80005d06:	7e41                	lui	t3,0xffff0
80005d08:	8b9f 6d56 d570      	.insn	6, 0xd5706d568b9f
80005d0e:	33ac                	.insn	2, 0x33ac
80005d10:	938e                	add	t2,t2,gp
80005d12:	650a                	.insn	2, 0x650a
80005d14:	983d                	and	s0,s0,-17
80005d16:	2c6a                	.insn	2, 0x2c6a
80005d18:	99ca                	add	s3,s3,s2
80005d1a:	4428                	lw	a0,72(s0)
80005d1c:	f095                	bnez	s1,80005c40 <input_data+0x21c>
80005d1e:	4252                	lw	tp,20(sp)
80005d20:	b4a9                	j	8000576a <verify_data+0x1d46>
80005d22:	1c88                	add	a0,sp,624
80005d24:	8ad5                	and	a3,a3,21
80005d26:	e5b747a7          	.insn	4, 0xe5b747a7
80005d2a:	b7293b13          	sltiu	s6,s2,-1166
80005d2e:	745e                	.insn	2, 0x745e
80005d30:	1ef490c3          	.insn	4, 0x1ef490c3
80005d34:	f658                	.insn	2, 0xf658
80005d36:	635d                	lui	t1,0x17
80005d38:	2deb91bf 20b378d4 	.insn	8, 0x20b378d42deb91bf
80005d40:	2a8f6b6f          	jal	s6,800fbfe8 <__global_pointer$+0xf3dc4>
80005d44:	e759                	bnez	a4,80005dd2 <input_data+0x3ae>
80005d46:	ceb263c7          	.insn	4, 0xceb263c7
80005d4a:	57b6                	lw	a5,108(sp)
80005d4c:	e800                	.insn	2, 0xe800
80005d4e:	4cb5                	li	s9,13
80005d50:	3d98                	.insn	2, 0x3d98
80005d52:	5ed1                	li	t4,-12
80005d54:	6746                	.insn	2, 0x6746
80005d56:	1268                	add	a0,sp,300
80005d58:	9561                	sra	a0,a0,0x38
80005d5a:	392e                	.insn	2, 0x392e
80005d5c:	e231                	bnez	a2,80005da0 <input_data+0x37c>
80005d5e:	0456                	sll	s0,s0,0x15
80005d60:	dfd0                	sw	a2,60(a5)
80005d62:	27f8                	.insn	2, 0x27f8
80005d64:	2d4e                	.insn	2, 0x2d4e
80005d66:	3635100b          	.insn	4, 0x3635100b
80005d6a:	5f46                	lw	t5,112(sp)
80005d6c:	23fa                	.insn	2, 0x23fa
80005d6e:	789c                	.insn	2, 0x789c
80005d70:	47c5                	li	a5,17
80005d72:	33eb476b          	.insn	4, 0x33eb476b
80005d76:	779e                	.insn	2, 0x779e
80005d78:	00fc                	add	a5,sp,76
80005d7a:	3d62                	.insn	2, 0x3d62
80005d7c:	02a2                	sll	t0,t0,0x8
80005d7e:	6676                	.insn	2, 0x6676
80005d80:	476bead3          	.insn	4, 0x476bead3
80005d84:	46dadd13          	.insn	4, 0x46dadd13
80005d88:	66c4                	.insn	2, 0x66c4
80005d8a:	7691                	lui	a3,0xfffe4
80005d8c:	e555                	bnez	a0,80005e38 <input_data+0x414>
80005d8e:	3748                	.insn	2, 0x3748
80005d90:	77b2                	.insn	2, 0x77b2
80005d92:	eef76607          	.insn	4, 0xeef76607
80005d96:	5324                	lw	s1,96(a4)
80005d98:	17e0                	add	s0,sp,1004
80005d9a:	2dd6                	.insn	2, 0x2dd6
80005d9c:	7a02d7ff 722b3950 	.insn	20, 0x028131ca5557c00724e05376722b39507a02d7ff
80005da4:	24e05376 5557c007 
80005dac:	028131ca 
80005db0:	94ba                	add	s1,s1,a4
80005db2:	41f6                	lw	gp,92(sp)
80005db4:	2422                	.insn	2, 0x2422
80005db6:	229c0663          	beq	s8,s1,80005fe2 <input_data+0x5be>
80005dba:	477c                	lw	a5,76(a4)
80005dbc:	0b0fe933          	max	s2,t6,a6
80005dc0:	6f793433          	.insn	4, 0x6f793433
80005dc4:	2cec                	.insn	2, 0x2cec
80005dc6:	0c38                	add	a4,sp,536
80005dc8:	7909                	lui	s2,0xfffe2
80005dca:	6d55                	lui	s10,0x15
80005dcc:	cfc9                	beqz	a5,80005e66 <input_data+0x442>
80005dce:	9167388b          	.insn	4, 0x9167388b
80005dd2:	af6d3867          	.insn	4, 0xaf6d3867
80005dd6:	4b3e                	lw	s6,204(sp)
80005dd8:	1545                	add	a0,a0,-15 # fffdfff1 <__global_pointer$+0x7ffd7dcd>
80005dda:	07d5                	add	a5,a5,21 # 7015 <buflen.1+0x6fd5>
80005ddc:	8f85                	sub	a5,a5,s1
80005dde:	4eca                	lw	t4,144(sp)
80005de0:	b0b9                	j	8000562e <verify_data+0x1c0a>
80005de2:	56f8                	lw	a4,108(a3)
80005de4:	d0d4                	sw	a3,36(s1)
80005de6:	30f6                	.insn	2, 0x30f6
80005de8:	6a74                	.insn	2, 0x6a74
80005dea:	32ce                	.insn	2, 0x32ce
80005dec:	e3c1                	bnez	a5,80005e6c <input_data+0x448>
80005dee:	23fe                	.insn	2, 0x23fe
80005df0:	ffb9                	bnez	a5,80005d4e <input_data+0x32a>
80005df2:	013a                	sll	sp,sp,0xe
80005df4:	6796bc67          	.insn	4, 0x6796bc67
80005df8:	bdad                	j	80005c72 <input_data+0x24e>
80005dfa:	0236                	sll	tp,tp,0xd
80005dfc:	27d6                	.insn	2, 0x27d6
80005dfe:	7c7d                	lui	s8,0xfffff
80005e00:	68b2                	.insn	2, 0x68b2
80005e02:	24b915db          	.insn	4, 0x24b915db
80005e06:	e0d668fb          	.insn	4, 0xe0d668fb
80005e0a:	f557254f          	.insn	4, 0xf557254f
80005e0e:	cd5f2c2b          	.insn	4, 0xcd5f2c2b
80005e12:	30b8                	.insn	2, 0x30b8
80005e14:	6d68                	.insn	2, 0x6d68
80005e16:	39c6                	.insn	2, 0x39c6
80005e18:	44b079ab          	.insn	4, 0x44b079ab
80005e1c:	2be4                	.insn	2, 0x2be4
80005e1e:	41ae                	lw	gp,200(sp)
80005e20:	3abd                	jal	8000579e <verify_data+0x1d7a>
80005e22:	678e17cf          	.insn	4, 0x678e17cf
80005e26:	7bac                	.insn	2, 0x7bac
80005e28:	76de                	.insn	2, 0x76de
80005e2a:	7582                	.insn	2, 0x7582
80005e2c:	2c8f5cab          	.insn	4, 0x2c8f5cab
80005e30:	452947fb          	.insn	4, 0x452947fb
80005e34:	2ace                	.insn	2, 0x2ace
80005e36:	679d                	lui	a5,0x7
80005e38:	7558                	.insn	2, 0x7558
80005e3a:	7df8                	.insn	2, 0x7df8
80005e3c:	3381                	jal	80005b7c <input_data+0x158>
80005e3e:	7111                	add	sp,sp,-256
80005e40:	328d                	jal	800057a2 <verify_data+0x1d7e>
80005e42:	34f371bb          	.insn	4, 0x34f371bb
80005e46:	44e0                	lw	s0,76(s1)
80005e48:	f79f 0704 1798      	.insn	6, 0x17980704f79f
80005e4e:	7948                	.insn	2, 0x7948
80005e50:	6961                	lui	s2,0x18
80005e52:	4e72                	lw	t3,28(sp)
80005e54:	9a45                	and	a2,a2,-15
80005e56:	59d9                	li	s3,-10
80005e58:	79ea714f          	.insn	4, 0x79ea714f
80005e5c:	ddde                	sw	s7,248(sp)
80005e5e:	2d9e                	.insn	2, 0x2d9e
80005e60:	592a                	lw	s2,168(sp)
80005e62:	3d7d                	jal	80005d20 <input_data+0x2fc>
80005e64:	b06d                	j	8000570e <verify_data+0x1cea>
80005e66:	48c5                	li	a7,17
80005e68:	136948cb          	.insn	4, 0x136948cb
80005e6c:	06f2                	sll	a3,a3,0x1c
80005e6e:	723d                	lui	tp,0xfffef
80005e70:	6bd8                	.insn	2, 0x6bd8
80005e72:	00fa                	sll	ra,ra,0x1e
80005e74:	3e02                	.insn	2, 0x3e02
80005e76:	02d4                	add	a3,sp,324
80005e78:	10ed                	add	ra,ra,-5 # fffecffb <__global_pointer$+0x7ffe4dd7>
80005e7a:	5241                	li	tp,-16
80005e7c:	a2c4                	.insn	2, 0xa2c4
80005e7e:	48c8                	lw	a0,20(s1)
80005e80:	4d28                	lw	a0,88(a0)
80005e82:	2afa                	.insn	2, 0x2afa
80005e84:	5552d8af          	.insn	4, 0x5552d8af
80005e88:	5cf8                	lw	a4,124(s1)
80005e8a:	5d8c                	lw	a1,56(a1)
80005e8c:	93c9                	srl	a5,a5,0x32
80005e8e:	3634                	.insn	2, 0x3634
80005e90:	0c30a657          	.insn	4, 0x0c30a657
80005e94:	37a6bc03          	.insn	4, 0x37a6bc03
80005e98:	5d52b08f          	.insn	4, 0x5d52b08f
80005e9c:	145d8bd7          	.insn	4, 0x145d8bd7
80005ea0:	a2f2                	.insn	2, 0xa2f2
80005ea2:	02d623ef          	jal	t2,800686ce <__global_pointer$+0x604aa>
80005ea6:	0051                	c.nop	20
80005ea8:	2dde                	.insn	2, 0x2dde
80005eaa:	32a2                	.insn	2, 0x32a2
80005eac:	0ac3bca3          	.insn	4, 0x0ac3bca3
80005eb0:	b0c8                	.insn	2, 0xb0c8
80005eb2:	583d                	li	a6,-17
80005eb4:	1fbccd53          	.insn	4, 0x1fbccd53
80005eb8:	74bac3d7          	.insn	4, 0x74bac3d7
80005ebc:	d5d4                	sw	a3,44(a1)
80005ebe:	0654                	add	a3,sp,772
80005ec0:	0d01                	add	s10,s10,0 # 15000 <buflen.1+0x14fc0>
80005ec2:	3d1a                	.insn	2, 0x3d1a
80005ec4:	7da5                	lui	s11,0xfffe9
80005ec6:	37c5                	jal	80005ea6 <input_data+0x482>
80005ec8:	686ebe97          	auipc	t4,0x686eb
80005ecc:	8ac2                	mv	s5,a6
80005ece:	6599                	lui	a1,0x6
80005ed0:	d049                	beqz	s0,80005e52 <input_data+0x42e>
80005ed2:	d5415d7b          	.insn	4, 0xd5415d7b
80005ed6:	bbe76f5b          	.insn	4, 0xbbe76f5b
80005eda:	21f8                	.insn	2, 0x21f8
80005edc:	79d1                	lui	s3,0xffff4
80005ede:	4c253e53          	.insn	4, 0x4c253e53
80005ee2:	1060                	add	s0,sp,44
80005ee4:	5cce                	lw	s9,240(sp)
80005ee6:	25de3513          	sltiu	a0,t3,605
80005eea:	1e45                	add	t3,t3,-15 # fffefff1 <__global_pointer$+0x7ffe7dcd>
80005eec:	ef64                	.insn	2, 0xef64
80005eee:	ab662f4b          	.insn	4, 0xab662f4b
80005ef2:	1b78                	add	a4,sp,444
80005ef4:	20ae                	.insn	2, 0x20ae
80005ef6:	464e                	lw	a2,208(sp)
80005ef8:	172d75a3          	.insn	4, 0x172d75a3
80005efc:	9e80                	.insn	2, 0x9e80
80005efe:	4261                	li	tp,24
80005f00:	00d3e7bb          	.insn	4, 0x00d3e7bb
80005f04:	6c2a                	.insn	2, 0x6c2a
80005f06:	a05071d3          	.insn	4, 0xa05071d3
80005f0a:	4085                	li	ra,1
80005f0c:	08ff 576b 465f 4c61 	.insn	10, 0xcd3e4c61465f576b08ff
80005f14:	cd3e 
80005f16:	247e                	.insn	2, 0x247e
80005f18:	2ff2                	.insn	2, 0x2ff2
80005f1a:	1640                	add	s0,sp,804
80005f1c:	f16e                	.insn	2, 0xf16e
80005f1e:	21e4                	.insn	2, 0x21e4
80005f20:	5278adf3          	csrrs	s11,0x527,a7
80005f24:	4afd                	li	s5,31
80005f26:	aaad3fff d0832c73 	.insn	16, 0x58a24cd94768253fd0832c73aaad3fff
80005f2e:	4768253f 58a24cd9 
80005f36:	09fd72f3          	csrrc	t0,0x9f,26
80005f3a:	08d4                	add	a3,sp,84
80005f3c:	e83e                	.insn	2, 0xe83e
80005f3e:	1b94                	add	a3,sp,496
80005f40:	6ce3fc13          	and	s8,t2,1742
80005f44:	af35                	j	80006680 <input_data+0xc5c>
80005f46:	5dac                	lw	a1,120(a1)
80005f48:	2416                	.insn	2, 0x2416
80005f4a:	545d                	li	s0,-9
80005f4c:	2e9a                	.insn	2, 0x2e9a
80005f4e:	82e3583b          	.insn	4, 0x82e3583b
80005f52:	4f5e                	lw	t5,212(sp)
80005f54:	202fd7d7          	.insn	4, 0x202fd7d7
80005f58:	096e                	sll	s2,s2,0x1b
80005f5a:	e9f00f97          	auipc	t6,0xe9f00
80005f5e:	64bd                	lui	s1,0xf
80005f60:	10e4ceaf          	.insn	4, 0x10e4ceaf
80005f64:	d0aa                	sw	a0,96(sp)
80005f66:	4735                	li	a4,13
80005f68:	7850                	.insn	2, 0x7850
80005f6a:	78e96a2b          	.insn	4, 0x78e96a2b
80005f6e:	26ba                	.insn	2, 0x26ba
80005f70:	5579cfa7          	.insn	4, 0x5579cfa7
80005f74:	d65f 43b2 a8b1      	.insn	6, 0xa8b143b2d65f
80005f7a:	601e3793          	sltiu	a5,t3,1537
80005f7e:	45c8                	lw	a0,12(a1)
80005f80:	99ec                	.insn	2, 0x99ec
80005f82:	3e85                	jal	80005af2 <input_data+0xce>
80005f84:	fc5d                	bnez	s0,80005f42 <input_data+0x51e>
80005f86:	d200294b          	.insn	4, 0xd200294b
80005f8a:	574d6097          	auipc	ra,0x574d6
80005f8e:	7966                	.insn	2, 0x7966
80005f90:	233d                	jal	800064be <input_data+0xa9a>
80005f92:	101e                	c.slli	zero,0x27
80005f94:	24d5dd8b          	.insn	4, 0x24d5dd8b
80005f98:	ed35                	bnez	a0,80006014 <input_data+0x5f0>
80005f9a:	504d                	c.li	zero,-13
80005f9c:	b03a                	.insn	2, 0xb03a
80005f9e:	6998                	.insn	2, 0x6998
80005fa0:	01d8e9c7          	.insn	4, 0x01d8e9c7
80005fa4:	4fba                	lw	t6,140(sp)
80005fa6:	2711                	jal	800066aa <input_data+0xc86>
80005fa8:	54ee                	lw	s1,248(sp)
80005faa:	1121015b          	.insn	4, 0x1121015b
80005fae:	6511                	lui	a0,0x4
80005fb0:	f61d                	bnez	a2,80005ede <input_data+0x4ba>
80005fb2:	33b6                	.insn	2, 0x33b6
80005fb4:	a3b2                	.insn	2, 0xa3b2
80005fb6:	05ac5dff 1cd30d95 	.insn	20, 0x60412ef69bd85a21ca467afd1cd30d9505ac5dff
80005fbe:	ca467afd 9bd85a21 
80005fc6:	60412ef6 
80005fca:	68d4                	.insn	2, 0x68d4
80005fcc:	4274                	lw	a3,68(a2)
80005fce:	5c99                	li	s9,-26
80005fd0:	7b86eff3          	csrrs	t6,0x7b8,13
80005fd4:	e378                	.insn	2, 0xe378
80005fd6:	25b4                	.insn	2, 0x25b4
80005fd8:	34127047          	.insn	4, 0x34127047
80005fdc:	8ed0                	.insn	2, 0x8ed0
80005fde:	7cfe                	.insn	2, 0x7cfe
80005fe0:	7008f7cb          	.insn	4, 0x7008f7cb
80005fe4:	70b5                	lui	ra,0xfffed
80005fe6:	53ba                	lw	t2,172(sp)
80005fe8:	6db9d8c7          	.insn	4, 0x6db9d8c7
80005fec:	f955                	bnez	a0,80005fa0 <input_data+0x57c>
80005fee:	5ff5                	li	t6,-3
80005ff0:	dbe0                	sw	s0,116(a5)
80005ff2:	db0a0b17          	auipc	s6,0xdb0a0
80005ff6:	0bb4                	add	a3,sp,472
80005ff8:	a8fc                	.insn	2, 0xa8fc
80005ffa:	46b207bf d7423089 	.insn	8, 0xd742308946b207bf
80006002:	507c54af          	.insn	4, 0x507c54af
80006006:	0d86                	sll	s11,s11,0x1
80006008:	7b2e                	.insn	2, 0x7b2e
8000600a:	5595                	li	a1,-27
8000600c:	3b0a                	.insn	2, 0x3b0a
8000600e:	0d31                	add	s10,s10,12
80006010:	e4b2                	.insn	2, 0xe4b2
80006012:	139c                	add	a5,sp,480
80006014:	735e                	.insn	2, 0x735e
80006016:	30ee                	.insn	2, 0x30ee
80006018:	0f8b5fbf 538275d3 	.insn	8, 0x538275d30f8b5fbf
80006020:	366e                	.insn	2, 0x366e
80006022:	0c92                	sll	s9,s9,0x4
80006024:	0ac0                	add	s0,sp,340
80006026:	364469c7          	.insn	4, 0x364469c7
8000602a:	34de                	.insn	2, 0x34de
8000602c:	f150                	.insn	2, 0xf150
8000602e:	6bb5                	lui	s7,0xd
80006030:	1e48192b          	.insn	4, 0x1e48192b
80006034:	0f76                	sll	t5,t5,0x1d
80006036:	36cb2dbb          	.insn	4, 0x36cb2dbb
8000603a:	bfaa0197          	auipc	gp,0xbfaa0
8000603e:	d42012ff 3fc03647 	.insn	12, 0x8d3a06fd3fc03647d42012ff
80006046:	8d3a06fd 
8000604a:	3fa67bab          	.insn	4, 0x3fa67bab
8000604e:	11f6                	sll	gp,gp,0x3d
80006050:	1bb4383f 7a6c039a 	.insn	8, 0x7a6c039a1bb4383f
80006058:	08d9                	add	a7,a7,22 # fffff016 <__global_pointer$+0x7fff6df2>
8000605a:	a3054f97          	auipc	t6,0xa3054
8000605e:	2bf5                	jal	8000665a <input_data+0xc36>
80006060:	2e56b07f 44630ba3 	.insn	16, 0x610f407d761b01e644630ba32e56b07f
80006068:	761b01e6 610f407d 
80006070:	c554                	sw	a3,12(a0)
80006072:	b4a35ba3          	.insn	4, 0xb4a35ba3
80006076:	b76642d7          	.insn	4, 0xb76642d7
8000607a:	52fa                	lw	t0,188(sp)
8000607c:	6b51cb4f          	.insn	4, 0x6b51cb4f
80006080:	2540                	.insn	2, 0x2540
80006082:	d9bb2667          	.insn	4, 0xd9bb2667
80006086:	86fc4be3          	blt	s8,a5,800058fc <verify_data+0x1ed8>
8000608a:	71a0                	.insn	2, 0x71a0
8000608c:	2a85                	jal	800061fc <input_data+0x7d8>
8000608e:	648301af          	.insn	4, 0x648301af
80006092:	5776                	lw	a4,124(sp)
80006094:	5f2d                	li	t5,-21
80006096:	80f21633          	.insn	4, 0x80f21633
8000609a:	49ca04ab          	.insn	4, 0x49ca04ab
8000609e:	0816                	sll	a6,a6,0x5
800060a0:	c5ee                	sw	s11,200(sp)
800060a2:	3f4a                	.insn	2, 0x3f4a
800060a4:	5fc4                	lw	s1,60(a5)
800060a6:	fa540f83          	lb	t6,-91(s0) # ffff8fa5 <__global_pointer$+0x7fff0d81>
800060aa:	469a                	lw	a3,132(sp)
800060ac:	dde6                	sw	s9,248(sp)
800060ae:	1122                	sll	sp,sp,0x28
800060b0:	7ed5                	lui	t4,0xffff5
800060b2:	44d5                	li	s1,21
800060b4:	86e0                	.insn	2, 0x86e0
800060b6:	6126                	.insn	2, 0x6126
800060b8:	7c45df3b          	.insn	4, 0x7c45df3b
800060bc:	b6d4                	.insn	2, 0xb6d4
800060be:	2faa                	.insn	2, 0x2faa
800060c0:	52670823          	sb	t1,1328(a4) # ffff8530 <__global_pointer$+0x7fff030c>
800060c4:	c122                	sw	s0,128(sp)
800060c6:	79f0                	.insn	2, 0x79f0
800060c8:	37a5a727          	.insn	4, 0x37a5a727
800060cc:	d981                	beqz	a1,80005fdc <input_data+0x5b8>
800060ce:	2e88050f          	.insn	4, 0x2e88050f
800060d2:	3539                	jal	80005ee0 <input_data+0x4bc>
800060d4:	0db2                	sll	s11,s11,0xc
800060d6:	10a5                	add	ra,ra,-23 # fffecfe9 <__global_pointer$+0x7ffe4dc5>
800060d8:	ed86                	.insn	2, 0xed86
800060da:	26d8                	.insn	2, 0x26d8
800060dc:	3b24                	.insn	2, 0x3b24
800060de:	0e38                	add	a4,sp,792
800060e0:	b3cd                	j	80005ec2 <input_data+0x49e>
800060e2:	3834                	.insn	2, 0x3834
800060e4:	da28                	sw	a0,112(a2)
800060e6:	6ca2                	.insn	2, 0x6ca2
800060e8:	d051                	beqz	s0,8000606c <input_data+0x648>
800060ea:	98346e3f 734737ff 	.insn	8, 0x734737ff98346e3f
800060f2:	1a06                	sll	s4,s4,0x21
800060f4:	f31d                	bnez	a4,8000601a <input_data+0x5f6>
800060f6:	20bc                	.insn	2, 0x20bc
800060f8:	56d6                	lw	a3,116(sp)
800060fa:	3d54                	.insn	2, 0x3d54
800060fc:	810a                	mv	sp,sp
800060fe:	2285                	jal	8000625e <input_data+0x83a>
80006100:	1b69                	add	s6,s6,-6 # 5b0a5fec <buflen.1+0x5b0a5fac>
80006102:	7ea5                	lui	t4,0xfffe9
80006104:	b34e                	.insn	2, 0xb34e
80006106:	347a                	.insn	2, 0x347a
80006108:	4290                	lw	a2,0(a3)
8000610a:	56155683          	lhu	a3,1377(a0) # 4561 <buflen.1+0x4521>
8000610e:	5081                	li	ra,-32
80006110:	ae74                	.insn	2, 0xae74
80006112:	bb695c27          	.insn	4, 0xbb695c27
80006116:	3324                	.insn	2, 0x3324
80006118:	cc31                	beqz	s0,80006174 <input_data+0x750>
8000611a:	7eed                	lui	t4,0xffffb
8000611c:	8db4                	.insn	2, 0x8db4
8000611e:	1c4b4667          	.insn	4, 0x1c4b4667
80006122:	2b5e                	.insn	2, 0x2b5e
80006124:	1c78                	add	a4,sp,572
80006126:	6089                	lui	ra,0x2
80006128:	39c2eec3          	.insn	4, 0x39c2eec3
8000612c:	48473db3          	.insn	4, 0x48473db3
80006130:	6762                	.insn	2, 0x6762
80006132:	5120                	lw	s0,96(a0)
80006134:	15f77ee7          	.insn	4, 0x15f77ee7
80006138:	13e702e3          	beq	a4,t5,80006a5c <input_data+0x1038>
8000613c:	8266                	mv	tp,s9
8000613e:	027c                	add	a5,sp,268
80006140:	e6d4                	.insn	2, 0xe6d4
80006142:	52dd                	li	t0,-9
80006144:	5d347033          	.insn	4, 0x5d347033
80006148:	3a0a8c2b          	.insn	4, 0x3a0a8c2b
8000614c:	4043fd5b          	.insn	4, 0x4043fd5b
80006150:	36bd5793          	.insn	4, 0x36bd5793
80006154:	a131                	j	80006560 <input_data+0xb3c>
80006156:	3ab263ab          	.insn	4, 0x3ab263ab
8000615a:	413d                	li	sp,15
8000615c:	058545bf 7eb78eb9 	.insn	8, 0x7eb78eb9058545bf
80006164:	7ef8                	.insn	2, 0x7ef8
80006166:	42ad609b          	.insn	4, 0x42ad609b
8000616a:	3698                	.insn	2, 0x3698
8000616c:	0a6dc44f          	.insn	4, 0x0a6dc44f
80006170:	befe                	.insn	2, 0xbefe
80006172:	01a1                	add	gp,gp,8 # 3faa6042 <buflen.1+0x3faa6002>
80006174:	306d                	jal	80005a1e <verify_data+0x1ffa>
80006176:	19f1                	add	s3,s3,-4 # ffff3ffc <__global_pointer$+0x7ffebdd8>
80006178:	4c2e                	lw	s8,200(sp)
8000617a:	14f73deb          	.insn	4, 0x14f73deb
8000617e:	63436d53          	.insn	4, 0x63436d53
80006182:	1239                	add	tp,tp,-18 # fffeefee <__global_pointer$+0x7ffe6dca>
80006184:	a26a                	.insn	2, 0xa26a
80006186:	13b2                	sll	t2,t2,0x2c
80006188:	5d0d                	li	s10,-29
8000618a:	2b89                	jal	800066dc <input_data+0xcb8>
8000618c:	a80d                	j	800061be <input_data+0x79a>
8000618e:	004b616b          	.insn	4, 0x004b616b
80006192:	ec893213          	sltiu	tp,s2,-312
80006196:	2dc4                	.insn	2, 0x2dc4
80006198:	3ee4                	.insn	2, 0x3ee4
8000619a:	fd240687          	.insn	4, 0xfd240687
8000619e:	78dd                	lui	a7,0xffff7
800061a0:	0f89                	add	t6,t6,2 # 2305a05c <buflen.1+0x2305a01c>
800061a2:	15ee                	sll	a1,a1,0x3b
800061a4:	f891                	bnez	s1,800060b8 <input_data+0x694>
800061a6:	03337637          	lui	a2,0x3337
800061aa:	718f4d13          	xor	s10,t5,1816
800061ae:	2a12                	.insn	2, 0x2a12
800061b0:	8514                	.insn	2, 0x8514
800061b2:	f67d0d83          	lb	s11,-153(s10)
800061b6:	3fa4                	.insn	2, 0x3fa4
800061b8:	67a4                	.insn	2, 0x67a4
800061ba:	7c24                	.insn	2, 0x7c24
800061bc:	38b93c73          	csrrc	s8,0x38b,s2
800061c0:	0f8982b7          	lui	t0,0xf898
800061c4:	c726                	sw	s1,140(sp)
800061c6:	fc69423b          	.insn	4, 0xfc69423b
800061ca:	d28770bf ea255235 	.insn	8, 0xea255235d28770bf
800061d2:	0a7d                	add	s4,s4,31
800061d4:	278e                	.insn	2, 0x278e
800061d6:	2374                	.insn	2, 0x2374
800061d8:	0ec2                	sll	t4,t4,0x10
800061da:	8b6a6f83          	.insn	4, 0x8b6a6f83
800061de:	64ba                	.insn	2, 0x64ba
800061e0:	a049                	j	80006262 <input_data+0x83e>
800061e2:	4cf2                	lw	s9,28(sp)
800061e4:	06c9                	add	a3,a3,18 # fffe4012 <__global_pointer$+0x7ffdbdee>
800061e6:	0e9a                	sll	t4,t4,0x6
800061e8:	4d4c799b          	.insn	4, 0x4d4c799b
800061ec:	02a0                	add	s0,sp,328
800061ee:	73bb6bf3          	csrrs	s7,mhpmevent27h,22
800061f2:	6fb1                	lui	t6,0xc
800061f4:	1086                	sll	ra,ra,0x21
800061f6:	7439                	lui	s0,0xfffee
800061f8:	9e52                	add	t3,t3,s4
800061fa:	71b6                	.insn	2, 0x71b6
800061fc:	23494e2b          	.insn	4, 0x23494e2b
80006200:	b850                	.insn	2, 0xb850
80006202:	4e3a                	lw	t3,140(sp)
80006204:	1641                	add	a2,a2,-16 # 3336ff0 <buflen.1+0x3336fb0>
80006206:	1e62                	sll	t3,t3,0x38
80006208:	e796                	.insn	2, 0xe796
8000620a:	33d8                	.insn	2, 0x33d8
8000620c:	c4c2                	sw	a6,72(sp)
8000620e:	0439                	add	s0,s0,14 # fffee00e <__global_pointer$+0x7ffe5dea>
80006210:	c9c9                	beqz	a1,800062a2 <input_data+0x87e>
80006212:	1e00                	add	s0,sp,816
80006214:	a0ff 6485 586b 5f8b 	.insn	14, 0xc7ab486aadb05f8b586b6485a0ff
8000621c:	adb0 486a c7ab 
80006222:	95c44373          	.insn	4, 0x95c44373
80006226:	2dc9                	jal	800068f8 <input_data+0xed4>
80006228:	c94a                	sw	s2,144(sp)
8000622a:	234c                	.insn	2, 0x234c
8000622c:	d44c                	sw	a1,44(s0)
8000622e:	66f8                	.insn	2, 0x66f8
80006230:	3893fc2f          	.insn	4, 0x3893fc2f
80006234:	68f47697          	auipc	a3,0x68f47
80006238:	9565                	sra	a0,a0,0x39
8000623a:	1d14                	add	a3,sp,688
8000623c:	9910                	.insn	2, 0x9910
8000623e:	804f603f 6a306076 	.insn	8, 0x6a306076804f603f
80006246:	9a0723e7          	.insn	4, 0x9a0723e7
8000624a:	78e2                	.insn	2, 0x78e2
8000624c:	ba5a                	.insn	2, 0xba5a
8000624e:	0af2                	sll	s5,s5,0x1c
80006250:	cf00                	sw	s0,24(a4)
80006252:	5d0e                	lw	s10,224(sp)
80006254:	3ac8d43b          	.insn	4, 0x3ac8d43b
80006258:	8a1a                	mv	s4,t1
8000625a:	5aec                	lw	a1,116(a3)
8000625c:	3a49aebb          	.insn	4, 0x3a49aebb
80006260:	1980                	add	s0,sp,240
80006262:	19c9                	add	s3,s3,-14
80006264:	5b13e84b          	.insn	4, 0x5b13e84b
80006268:	06f5b7c3          	.insn	4, 0x06f5b7c3
8000626c:	0afe                	sll	s5,s5,0x1f
8000626e:	3ae0                	.insn	2, 0x3ae0
80006270:	4ec4                	lw	s1,28(a3)
80006272:	612c                	.insn	2, 0x612c
80006274:	415f 055e 9628      	.insn	6, 0x9628055e415f
8000627a:	06ce                	sll	a3,a3,0x13
8000627c:	0db8                	add	a4,sp,728
8000627e:	206c                	.insn	2, 0x206c
80006280:	e815                	bnez	s0,800062b4 <input_data+0x890>
80006282:	280932f7          	.insn	4, 0x280932f7
80006286:	5552306b          	.insn	4, 0x5552306b
8000628a:	0a87054b          	.insn	4, 0x0a87054b
8000628e:	4124                	lw	s1,64(a0)
80006290:	acb4                	.insn	2, 0xacb4
80006292:	1220                	add	s0,sp,296
80006294:	d140                	sw	s0,36(a0)
80006296:	59b4                	lw	a3,112(a1)
80006298:	1a2c                	add	a1,sp,312
8000629a:	3555                	jal	8000613e <input_data+0x71a>
8000629c:	6e3d0eeb          	.insn	4, 0x6e3d0eeb
800062a0:	beb6                	.insn	2, 0xbeb6
800062a2:	5fd0                	lw	a2,60(a5)
800062a4:	7fc4                	.insn	2, 0x7fc4
800062a6:	3d8e                	.insn	2, 0x3d8e
800062a8:	1c2f74ab          	.insn	4, 0x1c2f74ab
800062ac:	babe                	.insn	2, 0xbabe
800062ae:	5ef8                	lw	a4,124(a3)
800062b0:	3d4262f7          	.insn	4, 0x3d4262f7
800062b4:	1229                	add	tp,tp,-22 # ffffffea <__global_pointer$+0x7fff7dc6>
800062b6:	d6074007          	.insn	4, 0xd6074007
800062ba:	e65262c3          	.insn	4, 0xe65262c3
800062be:	5add                	li	s5,-9
800062c0:	1621                	add	a2,a2,-24
800062c2:	1712                	sll	a4,a4,0x24
800062c4:	06622783          	lw	a5,102(tp) # 66 <buflen.1+0x26>
800062c8:	e928                	.insn	2, 0xe928
800062ca:	3dde                	.insn	2, 0x3dde
800062cc:	5026                	.insn	2, 0x5026
800062ce:	a0ea2f97          	auipc	t6,0xa0ea2
800062d2:	a4ac589b          	.insn	4, 0xa4ac589b
800062d6:	6ff6                	.insn	2, 0x6ff6
800062d8:	cf1d                	beqz	a4,80006316 <input_data+0x8f2>
800062da:	2c445ce7          	.insn	4, 0x2c445ce7
800062de:	792d                	lui	s2,0xfffeb
800062e0:	fd61                	bnez	a0,800062b8 <input_data+0x894>
800062e2:	163e                	sll	a2,a2,0x2f
800062e4:	0434                	add	a3,sp,520
800062e6:	7f24                	.insn	2, 0x7f24
800062e8:	61c6                	.insn	2, 0x61c6
800062ea:	0f3a17d7          	.insn	4, 0x0f3a17d7
800062ee:	4382                	lw	t2,0(sp)
800062f0:	ff5d                	bnez	a4,800062ae <input_data+0x88a>
800062f2:	7524                	.insn	2, 0x7524
800062f4:	5c7c7ae7          	.insn	4, 0x5c7c7ae7
800062f8:	be92                	.insn	2, 0xbe92
800062fa:	0035                	c.nop	13
800062fc:	37c94eb3          	.insn	4, 0x37c94eb3
80006300:	d215                	beqz	a2,80006224 <input_data+0x800>
80006302:	7b68                	.insn	2, 0x7b68
80006304:	9af5                	and	a3,a3,-3
80006306:	1dd8                	add	a4,sp,756
80006308:	7b61                	lui	s6,0xffff8
8000630a:	1fc6                	sll	t6,t6,0x31
8000630c:	91b1                	srl	a1,a1,0x2c
8000630e:	3fb4                	.insn	2, 0x3fb4
80006310:	7cce                	.insn	2, 0x7cce
80006312:	3b8a                	.insn	2, 0x3b8a
80006314:	5969bfbf 2e70078a 	.insn	8, 0x2e70078a5969bfbf
8000631c:	ea69                	bnez	a2,800063ee <input_data+0x9ca>
8000631e:	c0af03f7          	.insn	4, 0xc0af03f7
80006322:	42df 2c45 2cab      	.insn	6, 0x2cab2c4542df
80006328:	daf9                	beqz	a3,800062fe <input_data+0x8da>
8000632a:	1df0                	add	a2,sp,764
8000632c:	201f73bb          	.insn	4, 0x201f73bb
80006330:	c1b1                	beqz	a1,80006374 <input_data+0x950>
80006332:	66270f7b          	.insn	4, 0x66270f7b
80006336:	2ce6                	.insn	2, 0x2ce6
80006338:	3571                	jal	800061c4 <input_data+0x7a0>
8000633a:	053d                	add	a0,a0,15
8000633c:	0c4c                	add	a1,sp,532
8000633e:	0cb12027          	.insn	4, 0x0cb12027
80006342:	f75463db          	.insn	4, 0xf75463db
80006346:	497d                	li	s2,31
80006348:	4ff0                	lw	a2,92(a5)
8000634a:	190a                	sll	s2,s2,0x22
8000634c:	6941                	lui	s2,0x10
8000634e:	6474                	.insn	2, 0x6474
80006350:	14a8aca7          	.insn	4, 0x14a8aca7
80006354:	5ffa6057          	.insn	4, 0x5ffa6057
80006358:	0230                	add	a2,sp,264
8000635a:	5f38                	lw	a4,120(a4)
8000635c:	405d5a9b          	.insn	4, 0x405d5a9b
80006360:	20f1                	jal	8000642c <input_data+0xa08>
80006362:	384a                	.insn	2, 0x384a
80006364:	a53a                	.insn	2, 0xa53a
80006366:	fe496987          	.insn	4, 0xfe496987
8000636a:	bb2a2d97          	auipc	s11,0xbb2a2
8000636e:	26c969e7          	.insn	4, 0x26c969e7
80006372:	7f1633ab          	.insn	4, 0x7f1633ab
80006376:	15ce                	sll	a1,a1,0x33
80006378:	e474                	.insn	2, 0xe474
8000637a:	1221                	add	tp,tp,-24 # ffffffe8 <__global_pointer$+0x7fff7dc4>
8000637c:	2630                	.insn	2, 0x2630
8000637e:	148e                	sll	s1,s1,0x23
80006380:	67d5                	lui	a5,0x15
80006382:	511f dc38 567a      	.insn	6, 0x567adc38511f
80006388:	90ea                	add	ra,ra,s10
8000638a:	2515                	jal	800069ae <input_data+0xf8a>
8000638c:	042c2c93          	slti	s9,s8,66
80006390:	3fdd                	jal	80006386 <input_data+0x962>
80006392:	f8f2643f 25ea19f1 	.insn	8, 0x25ea19f1f8f2643f
8000639a:	2901                	jal	800067aa <input_data+0xd86>
8000639c:	63be                	.insn	2, 0x63be
8000639e:	1266                	sll	tp,tp,0x39
800063a0:	eb98                	.insn	2, 0xeb98
800063a2:	5185                	li	gp,-31
800063a4:	6d54fafb          	.insn	4, 0x6d54fafb
800063a8:	73da                	.insn	2, 0x73da
800063aa:	0f36                	sll	t5,t5,0xd
800063ac:	4814                	lw	a3,16(s0)
800063ae:	0b8e                	sll	s7,s7,0x3
800063b0:	929f 6d4a 9983      	.insn	6, 0x99836d4a929f
800063b6:	3291                	jal	80005cfa <input_data+0x2d6>
800063b8:	8185                	srl	a1,a1,0x1
800063ba:	8d110913          	add	s2,sp,-1839
800063be:	be830dc7          	.insn	4, 0xbe830dc7
800063c2:	6892                	.insn	2, 0x6892
800063c4:	6d90fbd7          	.insn	4, 0x6d90fbd7
800063c8:	31bc1683          	lh	a3,795(s8) # fffff31b <__global_pointer$+0x7fff70f7>
800063cc:	1500                	add	s0,sp,672
800063ce:	0db4                	add	a3,sp,728
800063d0:	f0f9                	bnez	s1,80006396 <input_data+0x972>
800063d2:	98ae7a53          	.insn	4, 0x98ae7a53
800063d6:	142d                	add	s0,s0,-21
800063d8:	49b6                	lw	s3,76(sp)
800063da:	049e                	sll	s1,s1,0x7
800063dc:	00c56a53          	.insn	4, 0x00c56a53
800063e0:	2b34                	.insn	2, 0x2b34
800063e2:	800e0223          	sb	zero,-2044(t3)
800063e6:	35f0621b          	.insn	4, 0x35f0621b
800063ea:	597a                	lw	s2,188(sp)
800063ec:	34a2                	.insn	2, 0x34a2
800063ee:	1a26                	sll	s4,s4,0x29
800063f0:	592c584b          	.insn	4, 0x592c584b
800063f4:	19de                	sll	s3,s3,0x37
800063f6:	16b218fb          	.insn	4, 0x16b218fb
800063fa:	56c5                	li	a3,-15
800063fc:	c342                	sw	a6,132(sp)
800063fe:	acda499b          	.insn	4, 0xacda499b
80006402:	4cb8                	lw	a4,88(s1)
80006404:	0309                	add	t1,t1,2 # 17002 <buflen.1+0x16fc2>
80006406:	1c05                	add	s8,s8,-31
80006408:	71422f0f          	.insn	4, 0x71422f0f
8000640c:	6781                	.insn	2, 0x6781
8000640e:	2da44367          	.insn	4, 0x2da44367
80006412:	69aa                	.insn	2, 0x69aa
80006414:	16be534b          	.insn	4, 0x16be534b
80006418:	5faffcaf          	.insn	4, 0x5faffcaf
8000641c:	f87d                	bnez	s0,80006412 <input_data+0x9ee>
8000641e:	1eb0                	add	a2,sp,888
80006420:	af76                	.insn	2, 0xaf76
80006422:	359a3b43          	.insn	4, 0x359a3b43
80006426:	58f0598f          	.insn	4, 0x58f0598f
8000642a:	418e                	lw	gp,192(sp)
8000642c:	7a9e                	.insn	2, 0x7a9e
8000642e:	60ff c207 4477 5d34 	.insn	22, 0x36ee181a065a84b7386a4a275a8a5d344477c20760ff
80006436:	5a8a 4a27 386a 84b7 
8000643e:	065a 181a 36ee 
80006444:	8142                	mv	sp,a6
80006446:	0ad2                	sll	s5,s5,0x14
80006448:	6704                	.insn	2, 0x6704
8000644a:	5de6                	lw	s11,120(sp)
8000644c:	667e9cb3          	.insn	4, 0x667e9cb3
80006450:	5d161ea7          	.insn	4, 0x5d161ea7
80006454:	a925                	j	8000688c <input_data+0xe68>
80006456:	ce147273          	csrrc	tp,0xce1,8
8000645a:	5a02                	lw	s4,32(sp)
8000645c:	65ff 41b8 952d 4616 	.insn	22, 0x192a3f1e1b750b15d3602fd8b3664616952d41b865ff
80006464:	b366 2fd8 d360 0b15 
8000646c:	1b75 3f1e 192a 
80006472:	6655                	lui	a2,0x15
80006474:	2134                	.insn	2, 0x2134
80006476:	01e2                	sll	gp,gp,0x18
80006478:	a632                	.insn	2, 0xa632
8000647a:	1b96                	sll	s7,s7,0x25
8000647c:	6eff 4f9c b6a6 02cd 	.insn	22, 0xafe90d4388d1536d50f60aa9d09902cdb6a64f9c6eff
80006484:	d099 0aa9 50f6 536d 
8000648c:	88d1 0d43 afe9 
80006492:	07a1                	add	a5,a5,8 # 15008 <buflen.1+0x14fc8>
80006494:	ef3e                	.insn	2, 0xef3e
80006496:	953f65cf          	.insn	4, 0x953f65cf
8000649a:	803b370f          	.insn	4, 0x803b370f
8000649e:	7612                	.insn	2, 0x7612
800064a0:	ce4c                	sw	a1,28(a2)
800064a2:	5445                	li	s0,-15
800064a4:	52680fd7          	.insn	4, 0x52680fd7
800064a8:	45e2                	lw	a1,24(sp)
800064aa:	0c68                	add	a0,sp,540
800064ac:	482e                	lw	a6,200(sp)
800064ae:	ae2c70cb          	.insn	4, 0xae2c70cb
800064b2:	ec2c7cab          	.insn	4, 0xec2c7cab
800064b6:	6ae1                	lui	s5,0x18
800064b8:	e13c                	.insn	2, 0xe13c
800064ba:	547e                	lw	s0,252(sp)
800064bc:	a950                	.insn	2, 0xa950
800064be:	1ebe                	sll	t4,t4,0x2f
800064c0:	7bc697fb          	.insn	4, 0x7bc697fb
800064c4:	fdc5                	bnez	a1,8000647c <input_data+0xa58>
800064c6:	4d993b37          	lui	s6,0x4d993
800064ca:	83b2432f          	.insn	4, 0x83b2432f
800064ce:	0e9f 9873 0803      	.insn	6, 0x080398730e9f
800064d4:	b732                	.insn	2, 0xb732
800064d6:	47e6                	lw	a5,88(sp)
800064d8:	b9ad                	j	80006152 <input_data+0x72e>
800064da:	501d                	c.li	zero,-25
800064dc:	3234                	.insn	2, 0x3234
800064de:	43e6                	lw	t2,88(sp)
800064e0:	a9e2                	.insn	2, 0xa9e2
800064e2:	26d5                	jal	800068c6 <input_data+0xea2>
800064e4:	c7f5                	beqz	a5,800065d0 <input_data+0xbac>
800064e6:	0151                	add	sp,sp,20
800064e8:	c33a                	sw	a4,132(sp)
800064ea:	5b90                	lw	a2,48(a5)
800064ec:	8976                	mv	s2,t4
800064ee:	7fc0                	.insn	2, 0x7fc0
800064f0:	e0a8                	.insn	2, 0xe0a8
800064f2:	3471                	jal	80005f7e <input_data+0x55a>
800064f4:	73e9750b          	.insn	4, 0x73e9750b
800064f8:	25d6                	.insn	2, 0x25d6
800064fa:	071c                	add	a5,sp,896
800064fc:	8c7a                	mv	s8,t5
800064fe:	3198                	.insn	2, 0x3198
80006500:	acbd                	j	8000677e <input_data+0xd5a>
80006502:	5d64                	lw	s1,124(a0)
80006504:	b01d                	j	80005d2a <input_data+0x306>
80006506:	3438                	.insn	2, 0x3438
80006508:	53c2                	lw	t2,48(sp)
8000650a:	2728                	.insn	2, 0x2728
8000650c:	90d4                	.insn	2, 0x90d4
8000650e:	626c0d83          	lb	s11,1574(s8)
80006512:	37e8                	.insn	2, 0x37e8
80006514:	3740                	.insn	2, 0x3740
80006516:	47a5                	li	a5,9
80006518:	73877afb          	.insn	4, 0x73877afb
8000651c:	2c8c                	.insn	2, 0x2c8c
8000651e:	780d                	lui	a6,0xfffe3
80006520:	5c1f 4bf6 a764      	.insn	6, 0xa7644bf65c1f
80006526:	41b5                	li	gp,13
80006528:	9850                	.insn	2, 0x9850
8000652a:	588e                	lw	a7,224(sp)
8000652c:	e798                	.insn	2, 0xe798
8000652e:	346c                	.insn	2, 0x346c
80006530:	660f2753          	.insn	4, 0x660f2753
80006534:	0b60                	add	s0,sp,412
80006536:	26c6                	.insn	2, 0x26c6
80006538:	5aa8                	lw	a0,112(a3)
8000653a:	3fb1                	jal	80006496 <input_data+0xa72>
8000653c:	4af1                	li	s5,28
8000653e:	4eab19eb          	.insn	4, 0x4eab19eb
80006542:	119716cb          	.insn	4, 0x119716cb
80006546:	36d2                	.insn	2, 0x36d2
80006548:	b865                	j	80005e00 <input_data+0x3dc>
8000654a:	7889                	lui	a7,0xfffe2
8000654c:	4eaa874f          	.insn	4, 0x4eaa874f
80006550:	731f 7f8d b247      	.insn	6, 0xb2477f8d731f
80006556:	2e04                	.insn	2, 0x2e04
80006558:	38e6                	.insn	2, 0x38e6
8000655a:	3da0                	.insn	2, 0x3da0
8000655c:	8d86                	mv	s11,ra
8000655e:	42d0                	lw	a2,4(a3)
80006560:	8655                	sra	a2,a2,0x15
80006562:	b06e1447          	.insn	4, 0xb06e1447
80006566:	142657af          	.insn	4, 0x142657af
8000656a:	6958                	.insn	2, 0x6958
8000656c:	127d                	add	tp,tp,-1 # ffffffff <__global_pointer$+0x7fff7ddb>
8000656e:	02d4                	add	a3,sp,324
80006570:	1808                	add	a0,sp,48
80006572:	4e50                	lw	a2,28(a2)
80006574:	ff59                	bnez	a4,80006512 <input_data+0xaee>
80006576:	17c9                	add	a5,a5,-14
80006578:	6a81                	.insn	2, 0x6a81
8000657a:	5732                	lw	a4,44(sp)
8000657c:	280b98c7          	.insn	4, 0x280b98c7
80006580:	c8a5                	beqz	s1,800065f0 <input_data+0xbcc>
80006582:	01e1                	add	gp,gp,24 # 8000823c <__global_pointer$+0x18>
80006584:	b6ca                	.insn	2, 0xb6ca
80006586:	0dba                	sll	s11,s11,0xe
80006588:	f698                	.insn	2, 0xf698
8000658a:	0e4d                	add	t3,t3,19
8000658c:	39df 2335 12f4      	.insn	6, 0x12f4233539df
80006592:	662e                	.insn	2, 0x662e
80006594:	dfc5                	beqz	a5,8000654c <input_data+0xb28>
80006596:	31a6                	.insn	2, 0x31a6
80006598:	bb4a                	.insn	2, 0xbb4a
8000659a:	17bc                	add	a5,sp,1000
8000659c:	8905                	and	a0,a0,1
8000659e:	1f1f bef4 000d      	.insn	6, 0x000dbef41f1f
800065a4:	3e5303f7          	.insn	4, 0x3e5303f7
800065a8:	4fe1                	li	t6,24
800065aa:	5c1f 89af 0d87      	.insn	6, 0x0d8789af5c1f
800065b0:	6fc0                	.insn	2, 0x6fc0
800065b2:	0c6c                	add	a1,sp,540
800065b4:	09c4                	add	s1,sp,212
800065b6:	598e                	lw	s3,224(sp)
800065b8:	8c4e                	mv	s8,s3
800065ba:	600d                	c.lui	zero,0x3
800065bc:	53ad                	li	t2,-21
800065be:	7345                	lui	t1,0xffff1
800065c0:	5eb1deab          	.insn	4, 0x5eb1deab
800065c4:	62a986eb          	.insn	4, 0x62a986eb
800065c8:	778c                	.insn	2, 0x778c
800065ca:	684e                	.insn	2, 0x684e
800065cc:	9ede                	add	t4,t4,s7
800065ce:	52a0                	lw	s0,96(a3)
800065d0:	7574                	.insn	2, 0x7574
800065d2:	37c2                	.insn	2, 0x37c2
800065d4:	53d9                	li	t2,-10
800065d6:	0a5c                	add	a5,sp,276
800065d8:	7a22                	.insn	2, 0x7a22
800065da:	29dd                	jal	80006ad0 <input_data+0x10ac>
800065dc:	108a                	sll	ra,ra,0x22
800065de:	14c0                	add	s0,sp,612
800065e0:	04da198b          	.insn	4, 0x04da198b
800065e4:	342ec987          	.insn	4, 0x342ec987
800065e8:	f6c6                	.insn	2, 0xf6c6
800065ea:	0458                	add	a4,sp,516
800065ec:	c459                	beqz	s0,8000667a <input_data+0xc56>
800065ee:	7939                	lui	s2,0xfffee
800065f0:	1a90                	add	a2,sp,368
800065f2:	4d9f b410 03dc      	.insn	6, 0x03dcb4104d9f
800065f8:	8b1a                	mv	s6,t1
800065fa:	77d6                	.insn	2, 0x77d6
800065fc:	2af9                	jal	800067da <input_data+0xdb6>
800065fe:	6279                	lui	tp,0x1e
80006600:	55e0                	lw	s0,108(a1)
80006602:	0378                	add	a4,sp,396
80006604:	a3d2                	.insn	2, 0xa3d2
80006606:	5a9a6f8f          	.insn	4, 0x5a9a6f8f
8000660a:	f8480b5b          	.insn	4, 0xf8480b5b
8000660e:	0e95                	add	t4,t4,5 # ffffb005 <__global_pointer$+0x7fff2de1>
80006610:	c145                	beqz	a0,800066b0 <input_data+0xc8c>
80006612:	3890                	.insn	2, 0x3890
80006614:	e741                	bnez	a4,8000669c <input_data+0xc78>
80006616:	1314                	add	a3,sp,416
80006618:	e58d                	bnez	a1,80006642 <input_data+0xc1e>
8000661a:	2b7a                	.insn	2, 0x2b7a
8000661c:	7b38                	.insn	2, 0x7b38
8000661e:	07f9                	add	a5,a5,30
80006620:	aecc                	.insn	2, 0xaecc
80006622:	17442c23          	sw	s4,376(s0)
80006626:	12dd                	add	t0,t0,-9 # f897ff7 <buflen.1+0xf897fb7>
80006628:	0e38                	add	a4,sp,792
8000662a:	4705                	li	a4,1
8000662c:	6b6b5947          	.insn	4, 0x6b6b5947
80006630:	3bb4                	.insn	2, 0x3bb4
80006632:	2ed0                	.insn	2, 0x2ed0
80006634:	6c47c04b          	.insn	4, 0x6c47c04b
80006638:	0e12                	sll	t3,t3,0x4
8000663a:	7a54                	.insn	2, 0x7a54
8000663c:	3774479b          	.insn	4, 0x3774479b
80006640:	7c82                	.insn	2, 0x7c82
80006642:	51f651e7          	.insn	4, 0x51f651e7
80006646:	121c                	add	a5,sp,288
80006648:	3d32                	.insn	2, 0x3d32
8000664a:	32d5                	jal	8000602e <input_data+0x60a>
8000664c:	fbb4                	.insn	2, 0xfbb4
8000664e:	1b14                	add	a3,sp,432
80006650:	1831                	add	a6,a6,-20 # fffe2fec <__global_pointer$+0x7ffdadc8>
80006652:	7f10                	.insn	2, 0x7f10
80006654:	1f5a                	sll	t5,t5,0x36
80006656:	68ba                	.insn	2, 0x68ba
80006658:	adc6                	.insn	2, 0xadc6
8000665a:	2dd11ff3          	csrrw	t6,0x2dd,sp
8000665e:	6939                	lui	s2,0xe
80006660:	2488                	.insn	2, 0x2488
80006662:	d9f32b53          	.insn	4, 0xd9f32b53
80006666:	bdbc481b          	.insn	4, 0xbdbc481b
8000666a:	6ab9                	lui	s5,0xe
8000666c:	26e2                	.insn	2, 0x26e2
8000666e:	2eb2                	.insn	2, 0x2eb2
80006670:	7cd13583          	.insn	4, 0x7cd13583
80006674:	9124                	.insn	2, 0x9124
80006676:	e0844ee7          	.insn	4, 0xe0844ee7
8000667a:	326e                	.insn	2, 0x326e
8000667c:	f425                	bnez	s0,800065e4 <input_data+0xbc0>
8000667e:	3f81                	jal	800065ce <input_data+0xbaa>
80006680:	221bb1f3          	csrrc	gp,0x221,s7
80006684:	680ae06b          	.insn	4, 0x680ae06b
80006688:	02ec                	add	a1,sp,332
8000668a:	3c49                	jal	8000611c <input_data+0x6f8>
8000668c:	fa5f 7577 9f22      	.insn	6, 0x9f227577fa5f
80006692:	2c9d                	jal	80006908 <input_data+0xee4>
80006694:	14739627          	.insn	4, 0x14739627
80006698:	0b2a                	sll	s6,s6,0xa
8000669a:	2b1d                	jal	80006bd0 <input_data+0x11ac>
8000669c:	42b9                	li	t0,14
8000669e:	3731                	jal	800065aa <input_data+0xb86>
800066a0:	35ae                	.insn	2, 0x35ae
800066a2:	35c0                	.insn	2, 0x35c0
800066a4:	bcfc                	.insn	2, 0xbcfc
800066a6:	16f966ef          	jal	a3,8009d014 <__global_pointer$+0x94df0>
800066aa:	1ff0                	add	a2,sp,1020
800066ac:	7b35                	lui	s6,0xfffed
800066ae:	171a                	sll	a4,a4,0x26
800066b0:	1baab177          	.insn	4, 0x1baab177
800066b4:	91ea                	add	gp,gp,s10
800066b6:	45c4                	lw	s1,12(a1)
800066b8:	39da                	.insn	2, 0x39da
800066ba:	44cb4583          	lbu	a1,1100(s6) # fffed44c <__global_pointer$+0x7ffe5228>
800066be:	eeb26bb7          	lui	s7,0xeeb26
800066c2:	73c1                	lui	t2,0xffff0
800066c4:	3aba90eb          	.insn	4, 0x3aba90eb
800066c8:	518d9d7b          	.insn	4, 0x518d9d7b
800066cc:	0924                	add	s1,sp,152
800066ce:	64d2                	.insn	2, 0x64d2
800066d0:	861e                	mv	a2,t2
800066d2:	62415d83          	lhu	s11,1572(sp)
800066d6:	6fd5                	lui	t6,0x15
800066d8:	0635                	add	a2,a2,13 # 1500d <buflen.1+0x14fcd>
800066da:	4a75                	li	s4,29
800066dc:	31f2                	.insn	2, 0x31f2
800066de:	65f1                	lui	a1,0x1c
800066e0:	69213a4f          	.insn	4, 0x69213a4f
800066e4:	1266                	sll	tp,tp,0x39
800066e6:	6751                	lui	a4,0x14
800066e8:	ddb0                	sw	a2,120(a1)
800066ea:	5612                	lw	a2,36(sp)
800066ec:	3bea                	.insn	2, 0x3bea
800066ee:	6122                	.insn	2, 0x6122
800066f0:	a826                	.insn	2, 0xa826
800066f2:	7d7c                	.insn	2, 0x7d7c
800066f4:	0d6a9e8b          	.insn	4, 0x0d6a9e8b
800066f8:	05a2                	sll	a1,a1,0x8
800066fa:	3594                	.insn	2, 0x3594
800066fc:	bf5f 3378 4c62      	.insn	6, 0x4c623378bf5f
80006702:	55f0                	lw	a2,108(a1)
80006704:	7fc9                	lui	t6,0xffff2
80006706:	2090                	.insn	2, 0x2090
80006708:	d4b4                	sw	a3,104(s1)
8000670a:	287c75e3          	bgeu	s8,t2,80007194 <input_data+0x1770>
8000670e:	104f7e27          	.insn	4, 0x104f7e27
80006712:	48d2                	lw	a7,20(sp)
80006714:	7eec                	.insn	2, 0x7eec
80006716:	1178                	add	a4,sp,172
80006718:	bf85                	j	80006688 <input_data+0xc64>
8000671a:	5f76                	lw	t5,124(sp)
8000671c:	791e                	.insn	2, 0x791e
8000671e:	5d78                	lw	a4,124(a0)
80006720:	af9c                	.insn	2, 0xaf9c
80006722:	54ec                	lw	a1,108(s1)
80006724:	bad6                	.insn	2, 0xbad6
80006726:	4ae2                	lw	s5,24(sp)
80006728:	4fc8                	lw	a0,28(a5)
8000672a:	0e4c11cf          	.insn	4, 0x0e4c11cf
8000672e:	65ce                	.insn	2, 0x65ce
80006730:	3170694b          	.insn	4, 0x3170694b
80006734:	6b95                	lui	s7,0x5
80006736:	3526                	.insn	2, 0x3526
80006738:	76e02b87          	.insn	4, 0x76e02b87
8000673c:	0354                	add	a3,sp,388
8000673e:	43ba                	lw	t2,140(sp)
80006740:	8dc1                	or	a1,a1,s0
80006742:	1630                	add	a2,sp,808
80006744:	8bfd                	and	a5,a5,31
80006746:	0e8b5aa3          	.insn	4, 0x0e8b5aa3
8000674a:	3a98                	.insn	2, 0x3a98
8000674c:	46fe6c83          	.insn	4, 0x46fe6c83
80006750:	9bfd                	and	a5,a5,-1
80006752:	288a                	.insn	2, 0x288a
80006754:	3401                	jal	80006154 <input_data+0x730>
80006756:	307d                	jal	80006004 <input_data+0x5e0>
80006758:	b7d5                	j	8000673c <input_data+0xd18>
8000675a:	1790                	add	a2,sp,992
8000675c:	4380                	lw	s0,0(a5)
8000675e:	bfe56243          	.insn	4, 0xbfe56243
80006762:	3d2c                	.insn	2, 0x3d2c
80006764:	0d94                	add	a3,sp,720
80006766:	ed447d33          	.insn	4, 0xed447d33
8000676a:	7f461927          	.insn	4, 0x7f461927
8000676e:	1e58                	add	a4,sp,820
80006770:	a3bc                	.insn	2, 0xa3bc
80006772:	333c                	.insn	2, 0x333c
80006774:	ee36                	.insn	2, 0xee36
80006776:	796c                	.insn	2, 0x796c
80006778:	d758                	sw	a4,44(a4)
8000677a:	3559                	jal	80006600 <input_data+0xbdc>
8000677c:	71bc                	.insn	2, 0x71bc
8000677e:	a6b01d77          	.insn	4, 0xa6b01d77
80006782:	673c                	.insn	2, 0x673c
80006784:	3f1e                	.insn	2, 0x3f1e
80006786:	1532                	sll	a0,a0,0x2c
80006788:	1715                	add	a4,a4,-27 # 13fe5 <buflen.1+0x13fa5>
8000678a:	7fa6                	.insn	2, 0x7fa6
8000678c:	24f2                	.insn	2, 0x24f2
8000678e:	40ce                	lw	ra,208(sp)
80006790:	aa91                	j	800068e4 <input_data+0xec0>
80006792:	229c                	.insn	2, 0x229c
80006794:	0d777e03          	.insn	4, 0x0d777e03
80006798:	1801                	add	a6,a6,-32
8000679a:	5e3d                	li	t3,-17
8000679c:	11fa                	sll	gp,gp,0x3e
8000679e:	5a51                	li	s4,-12
800067a0:	5944ca9b          	.insn	4, 0x5944ca9b
800067a4:	c086                	sw	ra,64(sp)
800067a6:	6606                	.insn	2, 0x6606
800067a8:	4048                	lw	a0,4(s0)
800067aa:	69c9                	lui	s3,0x12
800067ac:	2b61                	jal	80006d44 <input_data+0x1320>
800067ae:	6d7411fb          	.insn	4, 0x6d7411fb
800067b2:	c43f43bb          	.insn	4, 0xc43f43bb
800067b6:	26ec                	.insn	2, 0x26ec
800067b8:	c100                	sw	s0,0(a0)
800067ba:	067f d548 65e9 4431 	.insn	10, 0x4fed443165e9d548067f
800067c2:	4fed 
800067c4:	b562                	.insn	2, 0xb562
800067c6:	5162                	lw	sp,56(sp)
800067c8:	e886                	.insn	2, 0xe886
800067ca:	44de                	lw	s1,212(sp)
800067cc:	0524                	add	s1,sp,648
800067ce:	47c2                	lw	a5,16(sp)
800067d0:	e892                	.insn	2, 0xe892
800067d2:	0b34                	add	a3,sp,408
800067d4:	760e                	.insn	2, 0x760e
800067d6:	0f45                	add	t5,t5,17 # a011 <buflen.1+0x9fd1>
800067d8:	25bbf907          	.insn	4, 0x25bbf907
800067dc:	0125630f          	.insn	4, 0x0125630f
800067e0:	ec4e                	.insn	2, 0xec4e
800067e2:	6f28                	.insn	2, 0x6f28
800067e4:	d032                	sw	a2,32(sp)
800067e6:	442d                	li	s0,11
800067e8:	0e20a51b          	.insn	4, 0x0e20a51b
800067ec:	e6c8                	.insn	2, 0xe6c8
800067ee:	6851                	lui	a6,0x14
800067f0:	4b8a                	lw	s7,128(sp)
800067f2:	3312                	.insn	2, 0x3312
800067f4:	9c1c                	.insn	2, 0x9c1c
800067f6:	04c9                	add	s1,s1,18 # f012 <buflen.1+0xefd2>
800067f8:	6418748b          	.insn	4, 0x6418748b
800067fc:	0a4e                	sll	s4,s4,0x13
800067fe:	4af4                	lw	a3,84(a3)
80006800:	52da5463          	bge	s4,a3,80006d28 <input_data+0x1304>
80006804:	859f 5ecc 7333      	.insn	6, 0x73335ecc859f
8000680a:	3010                	.insn	2, 0x3010
8000680c:	4c14                	lw	a3,24(s0)
8000680e:	35aa4f5b          	.insn	4, 0x35aa4f5b
80006812:	78de                	.insn	2, 0x78de
80006814:	b9e0                	.insn	2, 0xb9e0
80006816:	ac02624f          	.insn	4, 0xac02624f
8000681a:	5ae172ef          	jal	t0,8001ddc8 <__global_pointer$+0x15ba4>
8000681e:	3d42                	.insn	2, 0x3d42
80006820:	4b8786af          	.insn	4, 0x4b8786af
80006824:	076267bf 05b51220 	.insn	8, 0x05b51220076267bf
8000682c:	e546                	.insn	2, 0xe546
8000682e:	3a367ad7          	.insn	4, 0x3a367ad7
80006832:	24ec                	.insn	2, 0x24ec
80006834:	9cdc                	.insn	2, 0x9cdc
80006836:	6481                	.insn	2, 0x6481
80006838:	9a26                	add	s4,s4,s1
8000683a:	a6bd6c4f          	.insn	4, 0xa6bd6c4f
8000683e:	7e4a                	.insn	2, 0x7e4a
80006840:	5f2d8e87          	.insn	4, 0x5f2d8e87
80006844:	a94d                	j	80006cf6 <input_data+0x12d2>
80006846:	6b4c                	.insn	2, 0x6b4c
80006848:	6591                	lui	a1,0x4
8000684a:	ec5c0caf          	.insn	4, 0xec5c0caf
8000684e:	276a                	.insn	2, 0x276a
80006850:	aca1                	j	80006aa8 <input_data+0x1084>
80006852:	42f4                	lw	a3,68(a3)
80006854:	08b3d3db          	.insn	4, 0x08b3d3db
80006858:	0231                	add	tp,tp,12 # 1e00c <buflen.1+0x1dfcc>
8000685a:	6b3238db          	.insn	4, 0x6b3238db
8000685e:	699d                	lui	s3,0x7
80006860:	c88e                	sw	gp,80(sp)
80006862:	3764                	.insn	2, 0x3764
80006864:	c8f2                	sw	t3,80(sp)
80006866:	7fb1                	lui	t6,0xfffec
80006868:	1541dfdb          	.insn	4, 0x1541dfdb
8000686c:	e246                	.insn	2, 0xe246
8000686e:	5ffe                	lw	t6,252(sp)
80006870:	b4d1                	j	80006334 <input_data+0x910>
80006872:	7745                	lui	a4,0xffff1
80006874:	15fcce2f          	.insn	4, 0x15fcce2f
80006878:	3e1f 03b5 a229      	.insn	6, 0xa22903b53e1f
8000687e:	69d5                	lui	s3,0x15
80006880:	fafd                	bnez	a3,80006876 <input_data+0xe52>
80006882:	3b26                	.insn	2, 0x3b26
80006884:	6481                	.insn	2, 0x6481
80006886:	f4324fa3          	.insn	4, 0xf4324fa3
8000688a:	2982                	.insn	2, 0x2982
8000688c:	b436                	.insn	2, 0xb436
8000688e:	13e5                	add	t2,t2,-7 # fffefff9 <__global_pointer$+0x7ffe7dd5>
80006890:	ab60                	.insn	2, 0xab60
80006892:	22ea                	.insn	2, 0x22ea
80006894:	a2f9                	j	80006a62 <input_data+0x103e>
80006896:	69d8                	.insn	2, 0x69d8
80006898:	94ee                	add	s1,s1,s11
8000689a:	3041                	jal	8000611a <input_data+0x6f6>
8000689c:	058dfb67          	.insn	4, 0x058dfb67
800068a0:	35dc                	.insn	2, 0x35dc
800068a2:	2ba8                	.insn	2, 0x2ba8
800068a4:	3434                	.insn	2, 0x3434
800068a6:	90f058ef          	jal	a7,7ff0c1b4 <buflen.1+0x7ff0c174>
800068aa:	48d27313          	and	t1,tp,1165
800068ae:	0a60                	add	s0,sp,284
800068b0:	bdd6                	.insn	2, 0xbdd6
800068b2:	144a                	sll	s0,s0,0x32
800068b4:	8062                	c.mv	zero,s8
800068b6:	1e46                	sll	t3,t3,0x31
800068b8:	18e0                	add	s0,sp,124
800068ba:	159f fdc5 5fcb      	.insn	6, 0x5fcbfdc5159f
800068c0:	7b46                	.insn	2, 0x7b46
800068c2:	2df238d3          	.insn	4, 0x2df238d3
800068c6:	5f5c                	lw	a5,60(a4)
800068c8:	a1ce                	.insn	2, 0xa1ce
800068ca:	18d2                	sll	a7,a7,0x34
800068cc:	757d                	lui	a0,0xfffff
800068ce:	2212                	.insn	2, 0x2212
800068d0:	50dfdaef          	jal	s5,801045dc <__global_pointer$+0xfc3b8>
800068d4:	c2dc                	sw	a5,4(a3)
800068d6:	0fec                	add	a1,sp,988
800068d8:	0db6                	sll	s11,s11,0xd
800068da:	77ea                	.insn	2, 0x77ea
800068dc:	5db6107f 231c2fa9 	.insn	12, 0x78b0d08a231c2fa95db6107f
800068e4:	78b0d08a 
800068e8:	9a25                	and	a2,a2,-23
800068ea:	6426                	.insn	2, 0x6426
800068ec:	5b94                	lw	a3,48(a5)
800068ee:	3688                	.insn	2, 0x3688
800068f0:	e6da                	.insn	2, 0xe6da
800068f2:	17c6                	sll	a5,a5,0x31
800068f4:	b464                	.insn	2, 0xb464
800068f6:	2f70                	.insn	2, 0x2f70
800068f8:	d6f6                	sw	t4,108(sp)
800068fa:	6c644f6b          	.insn	4, 0x6c644f6b
800068fe:	2909                	jal	80006d10 <input_data+0x12ec>
80006900:	25755203          	lhu	tp,599(a0) # fffff257 <__global_pointer$+0x7fff7033>
80006904:	227f96f7          	.insn	4, 0x227f96f7
80006908:	0736                	sll	a4,a4,0xd
8000690a:	7796                	.insn	2, 0x7796
8000690c:	2dac                	.insn	2, 0x2dac
8000690e:	4592                	lw	a1,4(sp)
80006910:	140a3777          	.insn	4, 0x140a3777
80006914:	f3c1                	bnez	a5,80006894 <input_data+0xe70>
80006916:	61ce                	.insn	2, 0x61ce
80006918:	6e26                	.insn	2, 0x6e26
8000691a:	6a02                	.insn	2, 0x6a02
8000691c:	f51e                	.insn	2, 0xf51e
8000691e:	6064                	.insn	2, 0x6064
80006920:	7c26                	.insn	2, 0x7c26
80006922:	0b5f 939b 7556      	.insn	6, 0x7556939b0b5f
80006928:	2a5f 7e88 5cd7      	.insn	6, 0x5cd77e882a5f
8000692e:	589601db          	.insn	4, 0x589601db
80006932:	83c450a7          	.insn	4, 0x83c450a7
80006936:	0021                	c.nop	8
80006938:	5328610f          	.insn	4, 0x5328610f
8000693c:	fa75                	bnez	a2,80006930 <input_data+0xf0c>
8000693e:	741d                	lui	s0,0xfffe7
80006940:	aaf4                	.insn	2, 0xaaf4
80006942:	041e                	sll	s0,s0,0x7
80006944:	3385                	jal	800066a4 <input_data+0xc80>
80006946:	9b627f8f          	.insn	4, 0x9b627f8f
8000694a:	0026                	c.slli	zero,0x9
8000694c:	2ddd                	jal	80007042 <input_data+0x161e>
8000694e:	67c2                	.insn	2, 0x67c2
80006950:	183e                	sll	a6,a6,0x2f
80006952:	5f71                	li	t5,-4
80006954:	8286                	mv	t0,ra
80006956:	47e0                	lw	s0,76(a5)
80006958:	57fc                	lw	a5,108(a5)
8000695a:	3326                	.insn	2, 0x3326
8000695c:	e188                	.insn	2, 0xe188
8000695e:	cea26ff3          	csrrs	t6,0xcea,4
80006962:	7548                	.insn	2, 0x7548
80006964:	29ad                	jal	80006dde <input_data+0x13ba>
80006966:	f2a17c9b          	.insn	4, 0xf2a17c9b
8000696a:	6578                	.insn	2, 0x6578
8000696c:	b685                	j	800064cc <input_data+0xaa8>
8000696e:	2514                	.insn	2, 0x2514
80006970:	dae5                	beqz	a3,80006960 <input_data+0xf3c>
80006972:	470e                	lw	a4,192(sp)
80006974:	88ae                	mv	a7,a1
80006976:	414a                	lw	sp,144(sp)
80006978:	7e1723f7          	.insn	4, 0x7e1723f7
8000697c:	4797b60f          	.insn	4, 0x4797b60f
80006980:	22f9                	jal	80006b4e <input_data+0x112a>
80006982:	43fe                	lw	t2,220(sp)
80006984:	8234                	.insn	2, 0x8234
80006986:	7b647c4b          	.insn	4, 0x7b647c4b
8000698a:	42cb4cf3          	.insn	4, 0x42cb4cf3
8000698e:	33f8                	.insn	2, 0x33f8
80006990:	37b1                	jal	800068dc <input_data+0xeb8>
80006992:	337a                	.insn	2, 0x337a
80006994:	4a41b0ab          	.insn	4, 0x4a41b0ab
80006998:	5511                	li	a0,-28
8000699a:	a39e5787          	.insn	4, 0xa39e5787
8000699e:	259c                	.insn	2, 0x259c
800069a0:	4f90                	lw	a2,24(a5)
800069a2:	453c                	lw	a5,72(a0)
800069a4:	202edda7          	.insn	4, 0x202edda7
800069a8:	ee10                	.insn	2, 0xee10
800069aa:	73d1                	lui	t2,0xffff4
800069ac:	2228                	.insn	2, 0x2228
800069ae:	6ce0                	.insn	2, 0x6ce0
800069b0:	dcbd                	beqz	s1,8000692e <input_data+0xf0a>
800069b2:	45f50f7b          	.insn	4, 0x45f50f7b
800069b6:	108a                	sll	ra,ra,0x22
800069b8:	5899                	li	a7,-26
800069ba:	7f99                	lui	t6,0xfffe6
800069bc:	56e2                	lw	a3,56(sp)
800069be:	3a06                	.insn	2, 0x3a06
800069c0:	42dd5013          	sra	zero,s10,0x2d
800069c4:	5bc3d43b          	.insn	4, 0x5bc3d43b
800069c8:	3271                	jal	80006354 <input_data+0x930>
800069ca:	dcd04fb7          	lui	t6,0xdcd04
800069ce:	0b18                	add	a4,sp,400
800069d0:	bb55                	j	80006784 <input_data+0xd60>
800069d2:	1cc8                	add	a0,sp,628
800069d4:	1c4d                	add	s8,s8,-13
800069d6:	56f8                	lw	a4,108(a3)
800069d8:	1f64                	add	s1,sp,956
800069da:	46e372b7          	lui	t0,0x46e37
800069de:	174a                	sll	a4,a4,0x32
800069e0:	247f 43f3 8110 1edc 	.insn	14, 0xd0ed692b29f11edc811043f3247f
800069e8:	29f1 692b d0ed 
800069ee:	2b0c                	.insn	2, 0x2b0c
800069f0:	53807c37          	lui	s8,0x53807
800069f4:	8f02                	jr	t5
800069f6:	4c0565b7          	lui	a1,0x4c056
800069fa:	1cfa                	sll	s9,s9,0x3e
800069fc:	e641                	bnez	a2,80006a84 <input_data+0x1060>
800069fe:	5238                	lw	a4,96(a2)
80006a00:	0c514963          	blt	sp,t0,80006ad2 <input_data+0x10ae>
80006a04:	0030356f          	jal	a0,8000a206 <__global_pointer$+0x1fe2>
80006a08:	81de                	mv	gp,s7
80006a0a:	37e721af          	.insn	4, 0x37e721af
80006a0e:	3bd32907          	.insn	4, 0x3bd32907
80006a12:	48ee                	lw	a7,216(sp)
80006a14:	7e7f282b          	.insn	4, 0x7e7f282b
80006a18:	e911                	bnez	a0,80006a2c <input_data+0x1008>
80006a1a:	bc781e93          	.insn	4, 0xbc781e93
80006a1e:	f81f52e3          	bge	t5,ra,800069a2 <input_data+0xf7e>
80006a22:	1034                	add	a3,sp,40
80006a24:	540c                	lw	a1,40(s0)
80006a26:	60b8                	.insn	2, 0x60b8
80006a28:	4e448da7          	.insn	4, 0x4e448da7
80006a2c:	939c                	.insn	2, 0x939c
80006a2e:	7ada                	.insn	2, 0x7ada
80006a30:	8e8d                	sub	a3,a3,a1
80006a32:	188c                	add	a1,sp,112
80006a34:	efe9                	bnez	a5,80006b0e <input_data+0x10ea>
80006a36:	1a16                	sll	s4,s4,0x25
80006a38:	1e9ca763          	.insn	4, 0x1e9ca763
80006a3c:	671f 1235 2f27      	.insn	6, 0x2f271235671f
80006a42:	661d                	lui	a2,0x7
80006a44:	17155447          	.insn	4, 0x17155447
80006a48:	291f 7157 83a9      	.insn	6, 0x83a97157291f
80006a4e:	ccf5266f          	jal	a2,7ff5971c <buflen.1+0x7ff596dc>
80006a52:	496d                	li	s2,27
80006a54:	63a5                	lui	t2,0x9
80006a56:	1542                	sll	a0,a0,0x30
80006a58:	a455                	j	80006cfc <input_data+0x12d8>
80006a5a:	0dd6                	sll	s11,s11,0x15
80006a5c:	8322                	mv	t1,s0
80006a5e:	6190                	.insn	2, 0x6190
80006a60:	8242                	mv	tp,a6
80006a62:	ed641203          	lh	tp,-298(s0) # fffe6ed6 <__global_pointer$+0x7ffdecb2>
80006a66:	7cd8                	.insn	2, 0x7cd8
80006a68:	a2b8                	.insn	2, 0xa2b8
80006a6a:	6530                	.insn	2, 0x6530
80006a6c:	02a1                	add	t0,t0,8 # 46e37008 <buflen.1+0x46e36fc8>
80006a6e:	52e1                	li	t0,-8
80006a70:	a814                	.insn	2, 0xa814
80006a72:	6d49                	lui	s10,0x12
80006a74:	1554                	add	a3,sp,676
80006a76:	47ba                	lw	a5,140(sp)
80006a78:	b802                	.insn	2, 0xb802
80006a7a:	0309                	add	t1,t1,2 # ffff1002 <__global_pointer$+0x7ffe8dde>
80006a7c:	7e0c                	.insn	2, 0x7e0c
80006a7e:	4f6a                	lw	t5,152(sp)
80006a80:	5a46b2c3          	.insn	4, 0x5a46b2c3
80006a84:	69d9                	lui	s3,0x16
80006a86:	3632                	.insn	2, 0x3632
80006a88:	adc9                	j	8000715a <input_data+0x1736>
80006a8a:	7221                	lui	tp,0xfffe8
80006a8c:	0b52                	sll	s6,s6,0x14
80006a8e:	05a3216b          	.insn	4, 0x05a3216b
80006a92:	3d91                	jal	800068e6 <input_data+0xec2>
80006a94:	4881f2b7          	lui	t0,0x4881f
80006a98:	06c34b8b          	.insn	4, 0x06c34b8b
80006a9c:	4f41                	li	t5,16
80006a9e:	0fd74577          	.insn	4, 0x0fd74577
80006aa2:	2fb8                	.insn	2, 0x2fb8
80006aa4:	227f 3f1a 5cc9 19c1 	.insn	14, 0x24497f10a60519c15cc93f1a227f
80006aac:	a605 7f10 2449 
80006ab2:	4609                	li	a2,2
80006ab4:	3495                	jal	80006518 <input_data+0xaf4>
80006ab6:	5f89                	li	t6,-30
80006ab8:	b74e                	.insn	2, 0xb74e
80006aba:	3462                	.insn	2, 0x3462
80006abc:	1a9b193f 0f5c9eb7 	.insn	8, 0x0f5c9eb71a9b193f
80006ac4:	21dc                	.insn	2, 0x21dc
80006ac6:	2fb9                	jal	80007224 <input_data+0x1800>
80006ac8:	2390                	.insn	2, 0x2390
80006aca:	52b9                	li	t0,-18
80006acc:	5dbc                	lw	a5,120(a1)
80006ace:	777e                	.insn	2, 0x777e
80006ad0:	07e4                	add	s1,sp,972
80006ad2:	f6013b8f          	.insn	4, 0xf6013b8f
80006ad6:	5520                	lw	s0,104(a0)
80006ad8:	2930                	.insn	2, 0x2930
80006ada:	b2da0a7b          	.insn	4, 0xb2da0a7b
80006ade:	0476                	sll	s0,s0,0x1d
80006ae0:	0af0                	add	a2,sp,348
80006ae2:	ef612593          	slti	a1,sp,-266
80006ae6:	4469                	li	s0,26
80006ae8:	e19d                	bnez	a1,80006b0e <input_data+0x10ea>
80006aea:	06b6                	sll	a3,a3,0xd
80006aec:	1d74                	add	a3,sp,700
80006aee:	3d4e                	.insn	2, 0x3d4e
80006af0:	2dc1                	jal	800071c0 <input_data+0x179c>
80006af2:	70c4                	.insn	2, 0x70c4
80006af4:	7398                	.insn	2, 0x7398
80006af6:	7476                	.insn	2, 0x7476
80006af8:	12d4                	add	a3,sp,356
80006afa:	1cb4                	add	a3,sp,632
80006afc:	1886                	sll	a7,a7,0x21
80006afe:	1a04                	add	s1,sp,304
80006b00:	5ea0                	lw	s0,120(a3)
80006b02:	82a85f6f          	jal	t5,7ff8bb2c <buflen.1+0x7ff8baec>
80006b06:	f449044f          	.insn	4, 0xf449044f
80006b0a:	5e3d                	li	t3,-17
80006b0c:	1b717563          	bgeu	sp,s7,80006cb6 <input_data+0x1292>
80006b10:	88e1                	and	s1,s1,24
80006b12:	7185                	lui	gp,0xfffe1
80006b14:	f2c1                	bnez	a3,80006a94 <input_data+0x1070>
80006b16:	2edd                	jal	80006f0c <input_data+0x14e8>
80006b18:	1fe2                	sll	t6,t6,0x38
80006b1a:	1571                	add	a0,a0,-4
80006b1c:	c58d                	beqz	a1,80006b46 <input_data+0x1122>
80006b1e:	82bc7257          	.insn	4, 0x82bc7257
80006b22:	003d                	c.nop	15
80006b24:	5eb2                	lw	t4,44(sp)
80006b26:	641f 5118 4430      	.insn	6, 0x44305118641f
80006b2c:	4838                	lw	a4,80(s0)
80006b2e:	c6375727          	.insn	4, 0xc6375727
80006b32:	292d                	jal	80006f6c <input_data+0x1548>
80006b34:	50ec                	lw	a1,100(s1)
80006b36:	b4405a5b          	.insn	4, 0xb4405a5b
80006b3a:	15aa                	sll	a1,a1,0x2a
80006b3c:	f556                	.insn	2, 0xf556
80006b3e:	8743583b          	.insn	4, 0x8743583b
80006b42:	d5303e3b          	.insn	4, 0xd5303e3b
80006b46:	a7e9795b          	.insn	4, 0xa7e9795b
80006b4a:	0d08                	add	a0,sp,656
80006b4c:	e05e                	.insn	2, 0xe05e
80006b4e:	3181                	jal	8000678e <input_data+0xd6a>
80006b50:	d8e5                	beqz	s1,80006b40 <input_data+0x111c>
80006b52:	3ad616c3          	.insn	4, 0x3ad616c3
80006b56:	0675                	add	a2,a2,29 # 701d <buflen.1+0x6fdd>
80006b58:	f25c                	.insn	2, 0xf25c
80006b5a:	057f cc9f 0cfa b38c 	.insn	10, 0x5abcb38c0cfacc9f057f
80006b62:	5abc 
80006b64:	71b9                	lui	gp,0xfffee
80006b66:	8d403cdb          	.insn	4, 0x8d403cdb
80006b6a:	53de                	lw	t2,244(sp)
80006b6c:	33226d3b          	.insn	4, 0x33226d3b
80006b70:	ce81                	beqz	a3,80006b88 <input_data+0x1164>
80006b72:	7556                	.insn	2, 0x7556
80006b74:	0bc1                	add	s7,s7,16 # 5010 <buflen.1+0x4fd0>
80006b76:	5700                	lw	s0,40(a4)
80006b78:	495f 502b 6ac2      	.insn	6, 0x6ac2502b495f
80006b7e:	2a4c                	.insn	2, 0x2a4c
80006b80:	5e7e                	lw	t3,252(sp)
80006b82:	1f06                	sll	t5,t5,0x21
80006b84:	8d0d                	sub	a0,a0,a1
80006b86:	7a1a                	.insn	2, 0x7a1a
80006b88:	ac82                	.insn	2, 0xac82
80006b8a:	696d                	lui	s2,0x1b
80006b8c:	3c6ee86b          	.insn	4, 0x3c6ee86b
80006b90:	eb55                	bnez	a4,80006c44 <input_data+0x1220>
80006b92:	54be65e7          	.insn	4, 0x54be65e7
80006b96:	3d2d                	jal	800069d0 <input_data+0xfac>
80006b98:	8b7a                	mv	s6,t5
80006b9a:	5222                	lw	tp,40(sp)
80006b9c:	e2f0                	.insn	2, 0xe2f0
80006b9e:	5cfd                	li	s9,-1
80006ba0:	8ed1                	or	a3,a3,a2
80006ba2:	085b2057          	.insn	4, 0x085b2057
80006ba6:	5b74                	lw	a3,116(a4)
80006ba8:	0239                	add	tp,tp,14 # fffe800e <__global_pointer$+0x7ffdfdea>
80006baa:	1f79                	add	t5,t5,-2
80006bac:	78276307          	.insn	4, 0x78276307
80006bb0:	13640e9b          	.insn	4, 0x13640e9b
80006bb4:	0be4                	add	s1,sp,476
80006bb6:	43cd                	li	t2,19
80006bb8:	8c1c                	.insn	2, 0x8c1c
80006bba:	1d7a704b          	.insn	4, 0x1d7a704b
80006bbe:	6f86                	.insn	2, 0x6f86
80006bc0:	6351                	lui	t1,0x14
80006bc2:	2aac                	.insn	2, 0x2aac
80006bc4:	09fe3077          	.insn	4, 0x09fe3077
80006bc8:	1e4c                	add	a1,sp,820
80006bca:	bae34d03          	lbu	s10,-1106(t1) # 13bae <buflen.1+0x13b6e>
80006bce:	45df 5ebc 784d      	.insn	6, 0x784d5ebc45df
80006bd4:	744d6397          	auipc	t2,0x744d6
80006bd8:	463a                	lw	a2,140(sp)
80006bda:	634e                	.insn	2, 0x634e
80006bdc:	a105                	j	80006ffc <input_data+0x15d8>
80006bde:	6d5d                	lui	s10,0x17
80006be0:	32ee431b          	.insn	4, 0x32ee431b
80006be4:	c920                	sw	s0,80(a0)
80006be6:	1268                	add	a0,sp,300
80006be8:	6e48                	.insn	2, 0x6e48
80006bea:	1df4                	add	a3,sp,764
80006bec:	b7c8                	.insn	2, 0xb7c8
80006bee:	7d82                	.insn	2, 0x7d82
80006bf0:	3d99                	jal	80006a46 <input_data+0x1022>
80006bf2:	60d6                	.insn	2, 0x60d6
80006bf4:	49c4                	lw	s1,20(a1)
80006bf6:	1ea6                	sll	t4,t4,0x29
80006bf8:	8a86                	mv	s5,ra
80006bfa:	3a2d                	jal	80006534 <input_data+0xb10>
80006bfc:	0d8e43d3          	.insn	4, 0x0d8e43d3
80006c00:	d5de                	sw	s7,232(sp)
80006c02:	3661                	jal	8000678a <input_data+0xd66>
80006c04:	4040                	lw	s0,4(s0)
80006c06:	2ed9                	jal	80006fdc <input_data+0x15b8>
80006c08:	8f99                	sub	a5,a5,a4
80006c0a:	1ae8                	add	a0,sp,380
80006c0c:	90c0                	.insn	2, 0x90c0
80006c0e:	84c10ca3          	sb	a2,-1959(sp)
80006c12:	7b4e                	.insn	2, 0x7b4e
80006c14:	8f21                	xor	a4,a4,s0
80006c16:	06fd                	add	a3,a3,31 # e8f4d253 <__global_pointer$+0x68f4502f>
80006c18:	736f35b7          	lui	a1,0x736f3
80006c1c:	c4ff 0c8f c41b 7643 	.insn	18, 0xd94853fba9d03862092d7643c41b0c8fc4ff
80006c24:	092d 3862 a9d0 53fb 
80006c2c:	d948 
80006c2e:	6202                	.insn	2, 0x6202
80006c30:	43e409b7          	lui	s3,0x43e40
80006c34:	2870b66f          	jal	a2,800126ba <__global_pointer$+0xa496>
80006c38:	4c3ceec7          	.insn	4, 0x4c3ceec7
80006c3c:	4dbe                	lw	s11,204(sp)
80006c3e:	2b26                	.insn	2, 0x2b26
80006c40:	3f66                	.insn	2, 0x3f66
80006c42:	0ba5                	add	s7,s7,9
80006c44:	1fe2                	sll	t6,t6,0x38
80006c46:	5952                	lw	s2,52(sp)
80006c48:	d0de                	sw	s7,96(sp)
80006c4a:	3b90                	.insn	2, 0x3b90
80006c4c:	d69d                	beqz	a3,80006b7a <input_data+0x1156>
80006c4e:	6a2e634b          	.insn	4, 0x6a2e634b
80006c52:	6bb957d7          	.insn	4, 0x6bb957d7
80006c56:	5d11                	li	s10,-28
80006c58:	6d30                	.insn	2, 0x6d30
80006c5a:	0906                	sll	s2,s2,0x1
80006c5c:	daa0                	sw	s0,112(a3)
80006c5e:	52a12997          	auipc	s3,0x52a12
80006c62:	60b9                	lui	ra,0xe
80006c64:	b44a                	.insn	2, 0xb44a
80006c66:	2439                	jal	80006e74 <input_data+0x1450>
80006c68:	6f58                	.insn	2, 0x6f58
80006c6a:	042a                	sll	s0,s0,0xa
80006c6c:	3cf2                	.insn	2, 0x3cf2
80006c6e:	204c44af          	.insn	4, 0x204c44af
80006c72:	3f66                	.insn	2, 0x3f66
80006c74:	a394                	.insn	2, 0xa394
80006c76:	4fc1                	li	t6,16
80006c78:	472e                	lw	a4,200(sp)
80006c7a:	034e                	sll	t1,t1,0x13
80006c7c:	8cce                	mv	s9,s3
80006c7e:	4c2d                	li	s8,11
80006c80:	31e3fa47          	.insn	4, 0x31e3fa47
80006c84:	7220fd73          	csrrc	s10,0x722,1
80006c88:	b8b0                	.insn	2, 0xb8b0
80006c8a:	3e8d                	jal	800067fc <input_data+0xdd8>
80006c8c:	54b6                	lw	s1,108(sp)
80006c8e:	09a0                	add	s0,sp,216
80006c90:	deea                	sw	s10,124(sp)
80006c92:	04ca                	sll	s1,s1,0x12
80006c94:	625f 253c 47ff      	.insn	6, 0x47ff253c625f
80006c9a:	346a                	.insn	2, 0x346a
80006c9c:	3f95e34b          	.insn	4, 0x3f95e34b
80006ca0:	049e                	sll	s1,s1,0x7
80006ca2:	51fc                	lw	a5,100(a1)
80006ca4:	5d0e34db          	.insn	4, 0x5d0e34db
80006ca8:	2382                	.insn	2, 0x2382
80006caa:	038a                	sll	t2,t2,0x2
80006cac:	399987cf          	.insn	4, 0x399987cf
80006cb0:	35d0                	.insn	2, 0x35d0
80006cb2:	79d5                	lui	s3,0xffff5
80006cb4:	2b82                	.insn	2, 0x2b82
80006cb6:	4638                	lw	a4,72(a2)
80006cb8:	4e25                	li	t3,9
80006cba:	4520                	lw	s0,72(a0)
80006cbc:	dc36                	sw	a3,56(sp)
80006cbe:	115c                	add	a5,sp,164
80006cc0:	0a50ba03          	.insn	4, 0x0a50ba03
80006cc4:	b9a9                	j	8000691e <input_data+0xefa>
80006cc6:	ebc45297          	auipc	t0,0xebc45
80006cca:	26dd                	jal	800070b0 <input_data+0x168c>
80006ccc:	56e2                	lw	a3,56(sp)
80006cce:	6b6d                	lui	s6,0x1b
80006cd0:	7dfd                	lui	s11,0xfffff
80006cd2:	5cb9                	li	s9,-18
80006cd4:	18b0                	add	a2,sp,120
80006cd6:	2530                	.insn	2, 0x2530
80006cd8:	b1a2                	.insn	2, 0xb1a2
80006cda:	5e28                	lw	a0,120(a2)
80006cdc:	624efe03          	.insn	4, 0x624efe03
80006ce0:	10244d23          	.insn	4, 0x10244d23
80006ce4:	14df5beb          	.insn	4, 0x14df5beb
80006ce8:	46d09d13          	.insn	4, 0x46d09d13
80006cec:	3548b68b          	.insn	4, 0x3548b68b
80006cf0:	0dde                	sll	s11,s11,0x17
80006cf2:	1fda                	sll	t6,t6,0x36
80006cf4:	9926                	add	s2,s2,s1
80006cf6:	3f00                	.insn	2, 0x3f00
80006cf8:	323a                	.insn	2, 0x323a
80006cfa:	48c70dbf 133b7e3c 	.insn	8, 0x133b7e3c48c70dbf
80006d02:	2e6c                	.insn	2, 0x2e6c
80006d04:	cfda                	sw	s6,220(sp)
80006d06:	a4ed0ef3          	.insn	4, 0xa4ed0ef3
80006d0a:	063c                	add	a5,sp,776
80006d0c:	d49f 4f2b b592      	.insn	6, 0xb5924f2bd49f
80006d12:	6f6a                	.insn	2, 0x6f6a
80006d14:	6e24d8eb          	.insn	4, 0x6e24d8eb
80006d18:	6db5                	lui	s11,0xd
80006d1a:	0f6b128b          	.insn	4, 0x0f6b128b
80006d1e:	1e30                	add	a2,sp,824
80006d20:	845e                	mv	s0,s7
80006d22:	491c6bc7          	.insn	4, 0x491c6bc7
80006d26:	2435                	jal	80006f52 <input_data+0x152e>
80006d28:	ecf0                	.insn	2, 0xecf0
80006d2a:	5ce0                	lw	s0,124(s1)
80006d2c:	493e456f          	jal	a0,800eb9be <__global_pointer$+0xe379a>
80006d30:	832c                	.insn	2, 0x832c
80006d32:	d0102aef          	jal	s5,7ff09a32 <buflen.1+0x7ff099f2>
80006d36:	7501                	lui	a0,0xfffe0
80006d38:	de19                	beqz	a2,80006c56 <input_data+0x1232>
80006d3a:	3c49                	jal	800067cc <input_data+0xda8>
80006d3c:	b8f5                	j	80006638 <input_data+0xc14>
80006d3e:	47d2                	lw	a5,20(sp)
80006d40:	21bf03af          	.insn	4, 0x21bf03af
80006d44:	3dfe                	.insn	2, 0x3dfe
80006d46:	18fa                	sll	a7,a7,0x3e
80006d48:	7d20                	.insn	2, 0x7d20
80006d4a:	99062bf3          	csrrs	s7,0x990,a2
80006d4e:	ceef1f03          	lh	t5,-786(t5)
80006d52:	f9ef67b7          	lui	a5,0xf9ef6
80006d56:	5ff3644b          	.insn	4, 0x5ff3644b
80006d5a:	56be                	lw	a3,236(sp)
80006d5c:	69c4                	.insn	2, 0x69c4
80006d5e:	7e4a                	.insn	2, 0x7e4a
80006d60:	6fa2                	.insn	2, 0x6fa2
80006d62:	52b62b7b          	.insn	4, 0x52b62b7b
80006d66:	5d51                	li	s10,-12
80006d68:	261f 2b0e 5867      	.insn	6, 0x58672b0e261f
80006d6e:	2c15                	jal	80006fa2 <input_data+0x157e>
80006d70:	34968f93          	add	t6,a3,841
80006d74:	b46e                	.insn	2, 0xb46e
80006d76:	3734                	.insn	2, 0x3734
80006d78:	3b99408f          	.insn	4, 0x3b99408f
80006d7c:	94d2                	add	s1,s1,s4
80006d7e:	7a3f4e8f          	.insn	4, 0x7a3f4e8f
80006d82:	6ca90747          	.insn	4, 0x6ca90747
80006d86:	615d                	add	sp,sp,432
80006d88:	3372                	.insn	2, 0x3372
80006d8a:	4bae                	lw	s7,200(sp)
80006d8c:	6ad2                	.insn	2, 0x6ad2
80006d8e:	f67f16a7          	.insn	4, 0xf67f16a7
80006d92:	3e38                	.insn	2, 0x3e38
80006d94:	27ac473b          	.insn	4, 0x27ac473b
80006d98:	3417d43b          	.insn	4, 0x3417d43b
80006d9c:	74f2                	.insn	2, 0x74f2
80006d9e:	2aca                	.insn	2, 0x2aca
80006da0:	c95e                	sw	s7,144(sp)
80006da2:	eda17f4b          	.insn	4, 0xeda17f4b
80006da6:	2d68                	.insn	2, 0x2d68
80006da8:	25c2                	.insn	2, 0x25c2
80006daa:	5fa0                	lw	s0,120(a5)
80006dac:	e2fd                	bnez	a3,80006e92 <input_data+0x146e>
80006dae:	540d27bb          	.insn	4, 0x540d27bb
80006db2:	1e9c                	add	a5,sp,880
80006db4:	930e                	add	t1,t1,gp
80006db6:	59a5                	li	s3,-23
80006db8:	9488                	.insn	2, 0x9488
80006dba:	4349                	li	t1,18
80006dbc:	6e11                	lui	t3,0x4
80006dbe:	05ee                	sll	a1,a1,0x1b
80006dc0:	deec                	sw	a1,124(a3)
80006dc2:	2b16                	.insn	2, 0x2b16
80006dc4:	1714                	add	a3,sp,928
80006dc6:	3e6d                	jal	80006980 <input_data+0xf5c>
80006dc8:	7518                	.insn	2, 0x7518
80006dca:	20d0                	.insn	2, 0x20d0
80006dcc:	345c                	.insn	2, 0x345c
80006dce:	43c8408b          	.insn	4, 0x43c8408b
80006dd2:	1144                	add	s1,sp,164
80006dd4:	68ec                	.insn	2, 0x68ec
80006dd6:	0ce8                	add	a0,sp,604
80006dd8:	c688                	sw	a0,8(a3)
80006dda:	4602                	lw	a2,0(sp)
80006ddc:	5676                	lw	a2,124(sp)
80006dde:	3268                	.insn	2, 0x3268
80006de0:	c924                	sw	s1,80(a0)
80006de2:	5ca1                	li	s9,-24
80006de4:	9562                	add	a0,a0,s8
80006de6:	226a                	.insn	2, 0x226a
80006de8:	5b1f 2f1a d05b      	.insn	6, 0xd05b2f1a5b1f
80006dee:	2845                	jal	80006e9e <input_data+0x147a>
80006df0:	78f220af          	.insn	4, 0x78f220af
80006df4:	8960                	.insn	2, 0x8960
80006df6:	099f a911 0da5      	.insn	6, 0x0da5a911099f
80006dfc:	2c54a803          	lw	a6,709(s1)
80006e00:	9ad6                	add	s5,s5,s5
80006e02:	50a2                	lw	ra,40(sp)
80006e04:	3314                	.insn	2, 0x3314
80006e06:	7e90                	.insn	2, 0x7e90
80006e08:	a565                	j	800074b0 <input_data+0x1a8c>
80006e0a:	32cd                	jal	800067ec <input_data+0xdc8>
80006e0c:	2ba0                	.insn	2, 0x2ba0
80006e0e:	4cf4                	lw	a3,92(s1)
80006e10:	c174                	sw	a3,68(a0)
80006e12:	1abe                	sll	s5,s5,0x2f
80006e14:	4bc0                	lw	s0,20(a5)
80006e16:	2af7746f          	jal	s0,8007e8c4 <__global_pointer$+0x766a0>
80006e1a:	9973370b          	.insn	4, 0x9973370b
80006e1e:	3152                	.insn	2, 0x3152
80006e20:	aba4                	.insn	2, 0xaba4
80006e22:	431d                	li	t1,7
80006e24:	b420                	.insn	2, 0xb420
80006e26:	0bcc                	add	a1,sp,468
80006e28:	8f9a                	mv	t6,t1
80006e2a:	10c4                	add	s1,sp,100
80006e2c:	45da2b4b          	.insn	4, 0x45da2b4b
80006e30:	7cb6                	.insn	2, 0x7cb6
80006e32:	ed702d97          	auipc	s11,0xed702
80006e36:	2381                	jal	80007376 <input_data+0x1952>
80006e38:	2954                	.insn	2, 0x2954
80006e3a:	7ef4                	.insn	2, 0x7ef4
80006e3c:	1f9c                	add	a5,sp,1008
80006e3e:	55a9                	li	a1,-22
80006e40:	5646a03f 2d08d921 	.insn	8, 0x2d08d9215646a03f
80006e48:	a5cd                	j	8000752a <input_data+0x1b06>
80006e4a:	7f02                	.insn	2, 0x7f02
80006e4c:	fa38                	.insn	2, 0xfa38
80006e4e:	6d62                	.insn	2, 0x6d62
80006e50:	754a                	.insn	2, 0x754a
80006e52:	89185c3f 35c46e96 	.insn	8, 0x35c46e9689185c3f
80006e5a:	398c                	.insn	2, 0x398c
80006e5c:	d6ad                	beqz	a3,80006dc6 <input_data+0x13a2>
80006e5e:	2812                	.insn	2, 0x2812
80006e60:	3aae                	.insn	2, 0x3aae
80006e62:	0ae2                	sll	s5,s5,0x18
80006e64:	8aa1                	and	a3,a3,8
80006e66:	0ce6                	sll	s9,s9,0x19
80006e68:	aeb6                	.insn	2, 0xaeb6
80006e6a:	4ef5                	li	t4,29
80006e6c:	463a                	lw	a2,140(sp)
80006e6e:	443a                	lw	s0,140(sp)
80006e70:	2e78                	.insn	2, 0x2e78
80006e72:	1b16                	sll	s6,s6,0x25
80006e74:	48bfb5ef          	jal	a1,80102afe <__global_pointer$+0xfa8da>
80006e78:	e4a2                	.insn	2, 0xe4a2
80006e7a:	5aa6                	lw	s5,104(sp)
80006e7c:	d36e                	sw	s11,164(sp)
80006e7e:	6b25                	lui	s6,0x9
80006e80:	f286                	.insn	2, 0xf286
80006e82:	5e79                	li	t3,-2
80006e84:	2c50                	.insn	2, 0x2c50
80006e86:	2f82                	.insn	2, 0x2f82
80006e88:	9de8                	.insn	2, 0x9de8
80006e8a:	6c91                	lui	s9,0x4
80006e8c:	e55e                	.insn	2, 0xe55e
80006e8e:	68357ed7          	.insn	4, 0x68357ed7
80006e92:	3a04                	.insn	2, 0x3a04
80006e94:	cef1                	beqz	a3,80006f70 <input_data+0x154c>
80006e96:	3b1e                	.insn	2, 0x3b1e
80006e98:	a34d                	j	8000743a <input_data+0x1a16>
80006e9a:	2880                	.insn	2, 0x2880
80006e9c:	74ec5c83          	lhu	s9,1870(s8) # 5380774e <buflen.1+0x5380770e>
80006ea0:	5531                	li	a0,-20
80006ea2:	7cd2                	.insn	2, 0x7cd2
80006ea4:	1753184b          	.insn	4, 0x1753184b
80006ea8:	8e1a                	mv	t3,t1
80006eaa:	5fa0                	lw	s0,120(a5)
80006eac:	e330                	.insn	2, 0xe330
80006eae:	2262                	.insn	2, 0x2262
80006eb0:	436d                	li	t1,27
80006eb2:	6610                	.insn	2, 0x6610
80006eb4:	e22a                	.insn	2, 0xe22a
80006eb6:	1488                	add	a0,sp,608
80006eb8:	1664                	add	s1,sp,812
80006eba:	42ec                	lw	a1,68(a3)
80006ebc:	62e38bab          	.insn	4, 0x62e38bab
80006ec0:	2e2c                	.insn	2, 0x2e2c
80006ec2:	4f35                	li	t5,13
80006ec4:	4258                	lw	a4,4(a2)
80006ec6:	02e8                	add	a0,sp,332
80006ec8:	c368                	sw	a0,68(a4)
80006eca:	f5ee0ebf ae3b6d70 	.insn	8, 0xae3b6d70f5ee0ebf
80006ed2:	5d39                	li	s10,-18
80006ed4:	47ea                	lw	a5,152(sp)
80006ed6:	52a2                	lw	t0,40(sp)
80006ed8:	000d                	c.nop	3
80006eda:	1cf5                	add	s9,s9,-3 # 3ffd <buflen.1+0x3fbd>
80006edc:	d6fc                	sw	a5,108(a3)
80006ede:	0234                	add	a3,sp,264
80006ee0:	7742                	.insn	2, 0x7742
80006ee2:	1540                	add	s0,sp,676
80006ee4:	0326                	sll	t1,t1,0x9
80006ee6:	63de                	.insn	2, 0x63de
80006ee8:	19a2b58b          	.insn	4, 0x19a2b58b
80006eec:	5bd8                	lw	a4,52(a5)
80006eee:	182e74c7          	.insn	4, 0x182e74c7
80006ef2:	6a60                	.insn	2, 0x6a60
80006ef4:	6d9de20f          	.insn	4, 0x6d9de20f
80006ef8:	ae28                	.insn	2, 0xae28
80006efa:	5f21                	li	t5,-24
80006efc:	119f8227          	.insn	4, 0x119f8227
80006f00:	10d2                	sll	ra,ra,0x34
80006f02:	0b8f180b          	.insn	4, 0x0b8f180b
80006f06:	7e0a                	.insn	2, 0x7e0a
80006f08:	2220                	.insn	2, 0x2220
80006f0a:	5a55                	li	s4,-11
80006f0c:	2062                	.insn	2, 0x2062
80006f0e:	5be2                	lw	s7,56(sp)
80006f10:	56126e87          	.insn	4, 0x56126e87
80006f14:	0341                	add	t1,t1,16
80006f16:	486d                	li	a6,27
80006f18:	f0a0                	.insn	2, 0xf0a0
80006f1a:	f7b7649b          	.insn	4, 0xf7b7649b
80006f1e:	5c26                	lw	s8,104(sp)
80006f20:	420c                	lw	a1,0(a2)
80006f22:	7190                	.insn	2, 0x7190
80006f24:	7fd8                	.insn	2, 0x7fd8
80006f26:	207a                	.insn	2, 0x207a
80006f28:	26e9                	jal	800072f2 <input_data+0x18ce>
80006f2a:	7b55                	lui	s6,0xffff5
80006f2c:	c97d                	beqz	a0,80007022 <input_data+0x15fe>
80006f2e:	64a6                	.insn	2, 0x64a6
80006f30:	6075                	c.lui	zero,0x1d
80006f32:	544a                	lw	s0,176(sp)
80006f34:	13ccfe2f          	.insn	4, 0x13ccfe2f
80006f38:	25aa979b          	.insn	4, 0x25aa979b
80006f3c:	193b0a53          	.insn	4, 0x193b0a53
80006f40:	4f730137          	lui	sp,0x4f730
80006f44:	3aed                	jal	8000693e <input_data+0xf1a>
80006f46:	2085                	jal	80006fa6 <input_data+0x1582>
80006f48:	6408                	.insn	2, 0x6408
80006f4a:	127e                	sll	tp,tp,0x3f
80006f4c:	6cd4                	.insn	2, 0x6cd4
80006f4e:	eb5f3947          	.insn	4, 0xeb5f3947
80006f52:	5cd41633          	.insn	4, 0x5cd41633
80006f56:	79c3733f 1df96604 	.insn	8, 0x1df9660479c3733f
80006f5e:	03e500af          	.insn	4, 0x03e500af
80006f62:	094a                	sll	s2,s2,0x12
80006f64:	29c439a7          	.insn	4, 0x29c439a7
80006f68:	263e                	.insn	2, 0x263e
80006f6a:	56df 2d0a 4efb      	.insn	6, 0x4efb2d0a56df
80006f70:	2f1a                	.insn	2, 0x2f1a
80006f72:	0a42                	sll	s4,s4,0x10
80006f74:	bfb6                	.insn	2, 0xbfb6
80006f76:	2799                	jal	800076bc <input_data+0x1c98>
80006f78:	65a60287          	.insn	4, 0x65a60287
80006f7c:	3942                	.insn	2, 0x3942
80006f7e:	1675                	add	a2,a2,-3
80006f80:	973c                	.insn	2, 0x973c
80006f82:	57c5                	li	a5,-15
80006f84:	2e08                	.insn	2, 0x2e08
80006f86:	147c                	add	a5,sp,556
80006f88:	9932                	add	s2,s2,a2
80006f8a:	51b0                	lw	a2,96(a1)
80006f8c:	1efe                	sll	t4,t4,0x3f
80006f8e:	0fd1                	add	t6,t6,20 # dcd04014 <__global_pointer$+0x5ccfbdf0>
80006f90:	8a2c                	.insn	2, 0x8a2c
80006f92:	7bf2                	.insn	2, 0x7bf2
80006f94:	6522                	.insn	2, 0x6522
80006f96:	6b7a                	.insn	2, 0x6b7a
80006f98:	4855                	li	a6,21
80006f9a:	1ef2                	sll	t4,t4,0x3c
80006f9c:	fea1                	bnez	a3,80006ef4 <input_data+0x14d0>
80006f9e:	5bb1                	li	s7,-20
80006fa0:	4038                	lw	a4,64(s0)
80006fa2:	7320                	.insn	2, 0x7320
80006fa4:	3a7a                	.insn	2, 0x3a7a
80006fa6:	468a                	lw	a3,128(sp)
80006fa8:	58cb01ab          	.insn	4, 0x58cb01ab
80006fac:	9709                	sra	a4,a4,0x22
80006fae:	1d82                	sll	s11,s11,0x20
80006fb0:	2fbefe13          	and	t3,t4,763
80006fb4:	5874                	lw	a3,116(s0)
80006fb6:	0a8e                	sll	s5,s5,0x3
80006fb8:	4d08aadb          	.insn	4, 0x4d08aadb
80006fbc:	8da5                	xor	a1,a1,s1
80006fbe:	505e                	.insn	2, 0x505e
80006fc0:	5c6b23e3          	.insn	4, 0x5c6b23e3
80006fc4:	d515                	beqz	a0,80006ef0 <input_data+0x14cc>
80006fc6:	2995                	jal	8000743a <input_data+0x1a16>
80006fc8:	ffd4                	.insn	2, 0xffd4
80006fca:	330e                	.insn	2, 0x330e
80006fcc:	76c9de3b          	.insn	4, 0x76c9de3b
80006fd0:	db78                	sw	a4,116(a4)
80006fd2:	46e0                	lw	s0,76(a3)
80006fd4:	0d36494b          	.insn	4, 0x0d36494b
80006fd8:	0957f94f          	.insn	4, 0x0957f94f
80006fdc:	4c36                	lw	s8,76(sp)
80006fde:	024d                	add	tp,tp,19 # 13 <buf.2+0x13>
80006fe0:	379a                	.insn	2, 0x379a
80006fe2:	d2d71667          	.insn	4, 0xd2d71667
80006fe6:	d9767be3          	bgeu	a2,s7,80006d7c <input_data+0x1358>
80006fea:	7d5c                	.insn	2, 0x7d5c
80006fec:	14624fa3          	.insn	4, 0x14624fa3
80006ff0:	29a4b67b          	.insn	4, 0x29a4b67b
80006ff4:	0ad6                	sll	s5,s5,0x15
80006ff6:	20a316b7          	lui	a3,0x20a31
80006ffa:	4798                	lw	a4,8(a5)
80006ffc:	97d2                	add	a5,a5,s4
80006ffe:	4c06                	lw	s8,64(sp)
80007000:	394c                	.insn	2, 0x394c
80007002:	17bc                	add	a5,sp,1000
80007004:	2fc79aeb          	.insn	4, 0x2fc79aeb
80007008:	cc41                	beqz	s0,800070a0 <input_data+0x167c>
8000700a:	40d2                	lw	ra,20(sp)
8000700c:	dd86                	sw	ra,248(sp)
8000700e:	3276                	.insn	2, 0x3276
80007010:	a2ea                	.insn	2, 0xa2ea
80007012:	6e30                	.insn	2, 0x6e30
80007014:	4cc2bb0b          	.insn	4, 0x4cc2bb0b
80007018:	537361cf          	.insn	4, 0x537361cf
8000701c:	5ed6                	lw	t4,116(sp)
8000701e:	5f92                	lw	t6,36(sp)
80007020:	6fb9                	lui	t6,0xe
80007022:	497e                	lw	s2,220(sp)
80007024:	81e5                	srl	a1,a1,0x19
80007026:	6803304f          	.insn	4, 0x6803304f
8000702a:	fea4292b          	.insn	4, 0xfea4292b
8000702e:	b88a6ee3          	bltu	s4,s0,80006bca <input_data+0x11a6>
80007032:	2cbd                	jal	800072b0 <input_data+0x188c>
80007034:	91ec                	.insn	2, 0x91ec
80007036:	100b4bc7          	.insn	4, 0x100b4bc7
8000703a:	3348                	.insn	2, 0x3348
8000703c:	a1b8                	.insn	2, 0xa1b8
8000703e:	32b546e3          	blt	a0,a1,80007b6a <_tbss_end+0xe6>
80007042:	7214                	.insn	2, 0x7214
80007044:	4d02                	lw	s10,0(sp)
80007046:	3869                	jal	800068e0 <input_data+0xebc>
80007048:	f0ee                	.insn	2, 0xf0ee
8000704a:	6c34                	.insn	2, 0x6c34
8000704c:	0379                	add	t1,t1,30
8000704e:	2c52                	.insn	2, 0x2c52
80007050:	df4c                	sw	a1,60(a4)
80007052:	7165                	add	sp,sp,-400
80007054:	58c2                	lw	a7,48(sp)
80007056:	4c11                	li	s8,4
80007058:	d711                	beqz	a4,80006f64 <input_data+0x1540>
8000705a:	dc48778b          	.insn	4, 0xdc48778b
8000705e:	253a                	.insn	2, 0x253a
80007060:	3b66                	.insn	2, 0x3b66
80007062:	7dac                	.insn	2, 0x7dac
80007064:	dd6a                	sw	s10,184(sp)
80007066:	c9d6745b          	.insn	4, 0xc9d6745b
8000706a:	397a                	.insn	2, 0x397a
8000706c:	d378                	sw	a4,100(a4)
8000706e:	45cc                	lw	a1,12(a1)
80007070:	7ec6e397          	auipc	t2,0x7ec6e
80007074:	8964                	.insn	2, 0x8964
80007076:	306a                	.insn	2, 0x306a
80007078:	895f 0679 56ec      	.insn	6, 0x56ec0679895f
8000707e:	3a74                	.insn	2, 0x3a74
80007080:	bc82                	.insn	2, 0xbc82
80007082:	2a95                	jal	800071f6 <input_data+0x17d2>
80007084:	6413036f          	jal	t1,80037ec4 <__global_pointer$+0x2fca0>
80007088:	e670                	.insn	2, 0xe670
8000708a:	7359                	lui	t1,0xffff6
8000708c:	0e1e124f          	.insn	4, 0x0e1e124f
80007090:	d285                	beqz	a3,80006fb0 <input_data+0x158c>
80007092:	156e5bdb          	.insn	4, 0x156e5bdb
80007096:	3f8a                	.insn	2, 0x3f8a
80007098:	7672                	.insn	2, 0x7672
8000709a:	5fd2                	lw	t6,52(sp)
8000709c:	5fea                	lw	t6,184(sp)
8000709e:	429272d7          	.insn	4, 0x429272d7
800070a2:	79cd38eb          	.insn	4, 0x79cd38eb
800070a6:	675a                	.insn	2, 0x675a
800070a8:	4595                	li	a1,5
800070aa:	00d9                	add	ra,ra,22 # e016 <buflen.1+0xdfd6>
800070ac:	ad26                	.insn	2, 0xad26
800070ae:	59ce                	lw	s3,240(sp)
800070b0:	9e1e                	add	t3,t3,t2
800070b2:	328d                	jal	80006a14 <input_data+0xff0>
800070b4:	d58c                	sw	a1,40(a1)
800070b6:	463a                	lw	a2,140(sp)
800070b8:	490d                	li	s2,3
800070ba:	249c                	.insn	2, 0x249c
800070bc:	6ca0                	.insn	2, 0x6ca0
800070be:	5c312b9b          	.insn	4, 0x5c312b9b
800070c2:	5a21                	li	s4,-24
800070c4:	08ea                	sll	a7,a7,0x1a
800070c6:	03c5                	add	t2,t2,17 # fec75081 <__global_pointer$+0x7ec6ce5d>
800070c8:	737c                	.insn	2, 0x737c
800070ca:	cfe139bf 099e6a54 	.insn	8, 0x099e6a54cfe139bf
800070d2:	539c                	lw	a5,32(a5)
800070d4:	a0ae                	.insn	2, 0xa0ae
800070d6:	50c9                	li	ra,-14
800070d8:	62e46d6f          	jal	s10,8004d706 <__global_pointer$+0x454e2>
800070dc:	22c2                	.insn	2, 0x22c2
800070de:	45f8                	lw	a4,76(a1)
800070e0:	0a4d                	add	s4,s4,19
800070e2:	3e2a                	.insn	2, 0x3e2a
800070e4:	d214                	sw	a3,32(a2)
800070e6:	4e9c                	lw	a5,24(a3)
800070e8:	1402                	sll	s0,s0,0x20
800070ea:	447e                	lw	s0,220(sp)
800070ec:	7c93425b          	.insn	4, 0x7c93425b
800070f0:	ddb4                	sw	a3,120(a1)
800070f2:	479f 0b53 0ee7      	.insn	6, 0x0ee70b53479f
800070f8:	ffa0                	.insn	2, 0xffa0
800070fa:	3db1                	jal	80006f56 <input_data+0x1532>
800070fc:	49a5                	li	s3,9
800070fe:	2835                	jal	8000713a <input_data+0x1716>
80007100:	f865                	bnez	s0,800070f0 <input_data+0x16cc>
80007102:	40fd                	li	ra,31
80007104:	73d9c2c7          	.insn	4, 0x73d9c2c7
80007108:	74e5                	lui	s1,0xffff9
8000710a:	37ac                	.insn	2, 0x37ac
8000710c:	7c6f2dab          	.insn	4, 0x7c6f2dab
80007110:	64c0                	.insn	2, 0x64c0
80007112:	cec02c07          	.insn	4, 0xcec02c07
80007116:	4dc9                	li	s11,18
80007118:	41a4                	lw	s1,64(a1)
8000711a:	a371056f          	jal	a0,7ff17b50 <buflen.1+0x7ff17b10>
8000711e:	7cc865cf          	.insn	4, 0x7cc865cf
80007122:	647c                	.insn	2, 0x647c
80007124:	15bb2fe7          	.insn	4, 0x15bb2fe7
80007128:	6eea2803          	lw	a6,1774(s4)
8000712c:	4961                	li	s2,24
8000712e:	72e1                	lui	t0,0xffff8
80007130:	360e2f13          	slti	t5,t3,864
80007134:	40fed847          	.insn	4, 0x40fed847
80007138:	99c5                	and	a1,a1,-15
8000713a:	ae6e3533          	.insn	4, 0xae6e3533
8000713e:	60db7567          	.insn	4, 0x60db7567
80007142:	98ff6fb3          	.insn	4, 0x98ff6fb3
80007146:	3741                	jal	800070c6 <input_data+0x16a2>
80007148:	a5a0                	.insn	2, 0xa5a0
8000714a:	4522                	lw	a0,8(sp)
8000714c:	70c8                	.insn	2, 0x70c8
8000714e:	1f332b87          	.insn	4, 0x1f332b87
80007152:	14d1                	add	s1,s1,-12 # ffff8ff4 <__global_pointer$+0x7fff0dd0>
80007154:	12f40083          	lb	ra,303(s0)
80007158:	18cd                	add	a7,a7,-13 # fffe1ff3 <__global_pointer$+0x7ffd9dcf>
8000715a:	4e3b0d77          	.insn	4, 0x4e3b0d77
8000715e:	71531ccf          	.insn	4, 0x71531ccf
80007162:	938a3dbf f69e0e65 	.insn	8, 0xf69e0e65938a3dbf
8000716a:	4c4a                	lw	s8,144(sp)
8000716c:	4a5ba023          	sw	t0,1184(s7)
80007170:	be14                	.insn	2, 0xbe14
80007172:	6a980ebf 88496aea 	.insn	8, 0x88496aea6a980ebf
8000717a:	2cd8                	.insn	2, 0x2cd8
8000717c:	112b5d0f          	.insn	4, 0x112b5d0f
80007180:	d676                	sw	t4,44(sp)
80007182:	7b96                	.insn	2, 0x7b96
80007184:	7988de27          	.insn	4, 0x7988de27
80007188:	24d266c3          	.insn	4, 0x24d266c3
8000718c:	59f1                	li	s3,-4
8000718e:	19d5                	add	s3,s3,-11 # ffff4ff5 <__global_pointer$+0x7ffecdd1>
80007190:	d75f 1dcb 8b75      	.insn	6, 0x8b751dcbd75f
80007196:	3e9d                	jal	80006d0c <input_data+0x12e8>
80007198:	13bf00c7          	.insn	4, 0x13bf00c7
8000719c:	24ff 32be 345f 4d2e 	.insn	14, 0x3ef5663e9be54d2e345f32be24ff
800071a4:	9be5 663e 3ef5 
800071aa:	451f 742a 3d5a      	.insn	6, 0x3d5a742a451f
800071b0:	5dae                	lw	s11,232(sp)
800071b2:	78d8                	.insn	2, 0x78d8
800071b4:	628bd913          	ror	s2,s7,0x28
800071b8:	6fc00817          	auipc	a6,0x6fc00
800071bc:	c139                	beqz	a0,80007202 <input_data+0x17de>
800071be:	9338498f          	.insn	4, 0x9338498f
800071c2:	0f89                	add	t6,t6,2 # e002 <buflen.1+0xdfc2>
800071c4:	3e27b777          	.insn	4, 0x3e27b777
800071c8:	8780                	.insn	2, 0x8780
800071ca:	5390                	lw	a2,32(a5)
800071cc:	4d81                	li	s11,0
800071ce:	2b84                	.insn	2, 0x2b84
800071d0:	96cd                	sra	a3,a3,0x33
800071d2:	6808                	.insn	2, 0x6808
800071d4:	21b4                	.insn	2, 0x21b4
800071d6:	5c6e                	lw	s8,248(sp)
800071d8:	378e                	.insn	2, 0x378e
800071da:	67435fd3          	.insn	4, 0x67435fd3
800071de:	39c9                	jal	80006eb0 <input_data+0x148c>
800071e0:	0f7c                	add	a5,sp,924
800071e2:	2e6a                	.insn	2, 0x2e6a
800071e4:	6e7e                	.insn	2, 0x6e7e
800071e6:	6940                	.insn	2, 0x6940
800071e8:	d24e                	sw	s3,36(sp)
800071ea:	2b9d                	jal	80007760 <input_data+0x1d3c>
800071ec:	6aa2                	.insn	2, 0x6aa2
800071ee:	5f5e                	lw	t5,244(sp)
800071f0:	8ffa                	mv	t6,t5
800071f2:	74b0                	.insn	2, 0x74b0
800071f4:	000a8b27          	.insn	4, 0x000a8b27
800071f8:	6a3e                	.insn	2, 0x6a3e
800071fa:	1a7c                	add	a5,sp,316
800071fc:	4c38983f 4969523d 	.insn	8, 0x4969523d4c38983f
80007204:	04c5                	add	s1,s1,17
80007206:	239c                	.insn	2, 0x239c
80007208:	0d2d                	add	s10,s10,11 # 1700b <buflen.1+0x16fcb>
8000720a:	40ce                	lw	ra,208(sp)
8000720c:	0f637b73          	csrrc	s6,0xf6,6
80007210:	da26                	sw	s1,52(sp)
80007212:	3a007cc7          	.insn	4, 0x3a007cc7
80007216:	5730                	lw	a2,104(a4)
80007218:	7b35733f 610f3a28 	.insn	8, 0x610f3a287b35733f
80007220:	2d73d15b          	.insn	4, 0x2d73d15b
80007224:	9f7d                	.insn	2, 0x9f7d
80007226:	5c0d472b          	.insn	4, 0x5c0d472b
8000722a:	505e                	.insn	2, 0x505e
8000722c:	c854                	sw	a3,20(s0)
8000722e:	6c9d                	lui	s9,0x7
80007230:	8e32                	mv	t3,a2
80007232:	6cdf a0e2 4248      	.insn	6, 0x4248a0e26cdf
80007238:	5be8                	lw	a0,116(a5)
8000723a:	7c80                	.insn	2, 0x7c80
8000723c:	9914                	.insn	2, 0x9914
8000723e:	3095                	jal	80006aa2 <input_data+0x107e>
80007240:	d7c8                	sw	a0,44(a5)
80007242:	74b2                	.insn	2, 0x74b2
80007244:	4885                	li	a7,1
80007246:	40cd                	li	ra,19
80007248:	3491fb3f 73f00760 	.insn	8, 0x73f007603491fb3f
80007250:	9932                	add	s2,s2,a2
80007252:	62bc                	.insn	2, 0x62bc
80007254:	1f8b77b7          	lui	a5,0x1f8b7
80007258:	082b2a17          	auipc	s4,0x82b2
8000725c:	5071                	c.li	zero,-4
8000725e:	55cb1f23          	sh	t3,1374(s6) # ffff555e <__global_pointer$+0x7ffed33a>
80007262:	19a67017          	auipc	zero,0x19a67
80007266:	3280                	.insn	2, 0x3280
80007268:	29b6                	.insn	2, 0x29b6
8000726a:	32c4                	.insn	2, 0x32c4
8000726c:	99ac                	.insn	2, 0x99ac
8000726e:	50ad372b          	.insn	4, 0x50ad372b
80007272:	5af33dd7          	.insn	4, 0x5af33dd7
80007276:	1b82                	sll	s7,s7,0x20
80007278:	2e64                	.insn	2, 0x2e64
8000727a:	4f6e                	lw	t5,216(sp)
8000727c:	1c49                	add	s8,s8,-14
8000727e:	1f54                	add	a3,sp,948
80007280:	52d6793b          	.insn	4, 0x52d6793b
80007284:	8fd1                	or	a5,a5,a2
80007286:	433a                	lw	t1,140(sp)
80007288:	1b49                	add	s6,s6,-14
8000728a:	4775                	li	a4,29
8000728c:	3085                	jal	80006aec <input_data+0x10c8>
8000728e:	3339                	jal	80006f9c <input_data+0x1578>
80007290:	4eda                	lw	t4,148(sp)
80007292:	2a21                	jal	800073aa <input_data+0x1986>
80007294:	12d6                	sll	t0,t0,0x35
80007296:	1629                	add	a2,a2,-22
80007298:	da71                	beqz	a2,8000726c <input_data+0x1848>
8000729a:	08ad                	add	a7,a7,11
8000729c:	9280                	.insn	2, 0x9280
8000729e:	270d                	jal	800079c0 <input_data+0x1f9c>
800072a0:	71490dbf 4f800661 	.insn	8, 0x4f80066171490dbf
800072a8:	41aaf2ef          	jal	t0,800b66c2 <__global_pointer$+0xae49e>
800072ac:	dab4                	sw	a3,112(a3)
800072ae:	4c38                	lw	a4,88(s0)
800072b0:	7c9296e3          	bne	t0,s1,8000827c <__global_pointer$+0x58>
800072b4:	82a8                	.insn	2, 0x82a8
800072b6:	1f1d4497          	auipc	s1,0x1f1d4
800072ba:	00c9                	add	ra,ra,18
800072bc:	c412                	sw	tp,8(sp)
800072be:	598a                	lw	s3,160(sp)
800072c0:	a514                	.insn	2, 0xa514
800072c2:	41be                	lw	gp,204(sp)
800072c4:	5a5e                	lw	s4,244(sp)
800072c6:	1472                	sll	s0,s0,0x3c
800072c8:	c500                	sw	s0,8(a0)
800072ca:	711f 79bb 601e      	.insn	6, 0x601e79bb711f
800072d0:	0125                	add	sp,sp,9 # 4f730009 <buflen.1+0x4f72ffc9>
800072d2:	481f 3ffd 67c2      	.insn	6, 0x67c23ffd481f
800072d8:	52ca                	lw	t0,176(sp)
800072da:	61fd                	lui	gp,0x1f
800072dc:	c658                	sw	a4,12(a2)
800072de:	3a42                	.insn	2, 0x3a42
800072e0:	8746                	mv	a4,a7
800072e2:	2ef5                	jal	800076de <input_data+0x1cba>
800072e4:	b5b6                	.insn	2, 0xb5b6
800072e6:	09bc                	add	a5,sp,216
800072e8:	a17a                	.insn	2, 0xa17a
800072ea:	40d5                	li	ra,21
800072ec:	9f16                	add	t5,t5,t0
800072ee:	ef6e0bef          	jal	s7,7ffe79e4 <buflen.1+0x7ffe79a4>
800072f2:	64d4                	.insn	2, 0x64d4
800072f4:	d1f1                	beqz	a1,800072b8 <input_data+0x1894>
800072f6:	157e                	sll	a0,a0,0x3f
800072f8:	9f9f 6a88 2442      	.insn	6, 0x24426a889f9f
800072fe:	021f 6af4 3108      	.insn	6, 0x31086af4021f
80007304:	8282                	jr	t0
80007306:	6d54                	.insn	2, 0x6d54
80007308:	a63a                	.insn	2, 0xa63a
8000730a:	51c9                	li	gp,-14
8000730c:	d17c                	sw	a5,100(a0)
8000730e:	493e3f67          	.insn	4, 0x493e3f67
80007312:	3a06                	.insn	2, 0x3a06
80007314:	2998986b          	.insn	4, 0x2998986b
80007318:	f9c1                	bnez	a1,800072a8 <input_data+0x1884>
8000731a:	379b0953          	.insn	4, 0x379b0953
8000731e:	f5910a17          	auipc	s4,0xf5910
80007322:	0ac2                	sll	s5,s5,0x10
80007324:	8648                	.insn	2, 0x8648
80007326:	06ad                	add	a3,a3,11 # 20a3100b <buflen.1+0x20a30fcb>
80007328:	079f193f 0e683a1d 	.insn	8, 0x0e683a1d079f193f
80007330:	c005                	beqz	s0,80007350 <input_data+0x192c>
80007332:	777c                	.insn	2, 0x777c
80007334:	01635b5b          	.insn	4, 0x01635b5b
80007338:	770d9d97          	auipc	s11,0x770d9
8000733c:	6a49                	lui	s4,0x12
8000733e:	2be5                	jal	80007936 <input_data+0x1f12>
80007340:	039c                	add	a5,sp,448
80007342:	766e                	.insn	2, 0x766e
80007344:	2534                	.insn	2, 0x2534
80007346:	5d9e                	lw	s11,228(sp)
80007348:	8ae9                	and	a3,a3,26
8000734a:	b9e37b3b          	.insn	4, 0xb9e37b3b
8000734e:	5b6b5737          	lui	a4,0x5b6b5
80007352:	08da                	sll	a7,a7,0x16
80007354:	81fd                	srl	a1,a1,0x1f
80007356:	24d8                	.insn	2, 0x24d8
80007358:	160e                	sll	a2,a2,0x23
8000735a:	663d                	lui	a2,0xf
8000735c:	7b2b5f8b          	.insn	4, 0x7b2b5f8b
80007360:	b8ee                	.insn	2, 0xb8ee
80007362:	7e44                	.insn	2, 0x7e44
80007364:	cd60                	sw	s0,92(a0)
80007366:	0bd0                	add	a2,sp,468
80007368:	003e                	c.slli	zero,0xf
8000736a:	6d6d                	lui	s10,0x1b
8000736c:	503866b3          	.insn	4, 0x503866b3
80007370:	4d82                	lw	s11,0(sp)
80007372:	f2147167          	.insn	4, 0xf2147167
80007376:	cad274eb          	.insn	4, 0xcad274eb
8000737a:	4cf9                	li	s9,30
8000737c:	4efa053b          	.insn	4, 0x4efa053b
80007380:	58ee                	lw	a7,248(sp)
80007382:	8a0b31e3          	.insn	4, 0x8a0b31e3
80007386:	25246e3f 70ab1dd3 	.insn	8, 0x70ab1dd325246e3f
8000738e:	0f155f57          	.insn	4, 0x0f155f57
80007392:	65ae                	.insn	2, 0x65ae
80007394:	9731                	sra	a4,a4,0x2c
80007396:	5f65                	li	t5,-7
80007398:	1692                	sll	a3,a3,0x24
8000739a:	170d                	add	a4,a4,-29 # 5b6b4fe3 <buflen.1+0x5b6b4fa3>
8000739c:	8d0c                	.insn	2, 0x8d0c
8000739e:	3d52                	.insn	2, 0x3d52
800073a0:	e6d2                	.insn	2, 0xe6d2
800073a2:	6320                	.insn	2, 0x6320
800073a4:	4ed6bee3          	.insn	4, 0x4ed6bee3
800073a8:	86a0                	.insn	2, 0x86a0
800073aa:	5864                	lw	s1,116(s0)
800073ac:	411c6f63          	bltu	s8,a7,800077ca <input_data+0x1da6>
800073b0:	c3dd                	beqz	a5,80007456 <input_data+0x1a32>
800073b2:	6366                	.insn	2, 0x6366
800073b4:	91ec                	.insn	2, 0x91ec
800073b6:	752c                	.insn	2, 0x752c
800073b8:	e53c                	.insn	2, 0xe53c
800073ba:	3f68                	.insn	2, 0x3f68
800073bc:	67d54dcb          	.insn	4, 0x67d54dcb
800073c0:	8de8                	.insn	2, 0x8de8
800073c2:	11e4                	add	s1,sp,236
800073c4:	0b3d                	add	s6,s6,15
800073c6:	24fc                	.insn	2, 0x24fc
800073c8:	d51d                	beqz	a0,800072f6 <input_data+0x18d2>
800073ca:	1e08                	add	a0,sp,816
800073cc:	172d                	add	a4,a4,-21
800073ce:	7cdd                	lui	s9,0xffff7
800073d0:	3752e6c7          	.insn	4, 0x3752e6c7
800073d4:	0f29                	add	t5,t5,10
800073d6:	1091                	add	ra,ra,-28
800073d8:	da45                	beqz	a2,80007388 <input_data+0x1964>
800073da:	8c9f63fb          	.insn	4, 0x8c9f63fb
800073de:	d1cb4a73          	.insn	4, 0xd1cb4a73
800073e2:	55582fa7          	.insn	4, 0x55582fa7
800073e6:	4656                	lw	a2,84(sp)
800073e8:	02e12ea7          	.insn	4, 0x02e12ea7
800073ec:	6f3a5657          	.insn	4, 0x6f3a5657
800073f0:	53ca3e2f          	.insn	4, 0x53ca3e2f
800073f4:	c751                	beqz	a4,80007480 <input_data+0x1a5c>
800073f6:	7dc1                	lui	s11,0xffff0
800073f8:	fee2                	.insn	2, 0xfee2
800073fa:	2e4b5f0b          	.insn	4, 0x2e4b5f0b
800073fe:	2299                	jal	80007544 <input_data+0x1b20>
80007400:	86aa                	mv	a3,a0
80007402:	6876                	.insn	2, 0x6876
80007404:	fda0                	.insn	2, 0xfda0
80007406:	712a4fd3          	.insn	4, 0x712a4fd3
8000740a:	da6636f7          	.insn	4, 0xda6636f7
8000740e:	182653ab          	.insn	4, 0x182653ab
80007412:	11da                	sll	gp,gp,0x36
80007414:	259f 503a f848      	.insn	6, 0xf848503a259f
8000741a:	4d60                	lw	s0,92(a0)
8000741c:	5068                	lw	a0,100(s0)
8000741e:	91897ee3          	bgeu	s2,s8,80006d3a <input_data+0x1316>
80007422:	285d                	jal	800074d8 <input_data+0x1ab4>
80007424:	318c39e7          	.insn	4, 0x318c39e7
80007428:	94b8                	.insn	2, 0x94b8
8000742a:	2c2d                	jal	80007664 <input_data+0x1c40>
8000742c:	297efd5b          	.insn	4, 0x297efd5b
80007430:	ceae                	sw	a1,92(sp)
80007432:	175271f7          	.insn	4, 0x175271f7
80007436:	3c96                	.insn	2, 0x3c96
80007438:	c5f0                	sw	a2,76(a1)
8000743a:	28a6                	.insn	2, 0x28a6
8000743c:	caae                	sw	a1,84(sp)
8000743e:	1518                	add	a4,sp,672
80007440:	7078                	.insn	2, 0x7078
80007442:	2159                	jal	800078c8 <input_data+0x1ea4>
80007444:	98ac                	.insn	2, 0x98ac
80007446:	1eb8                	add	a4,sp,888
80007448:	0dc0                	add	s0,sp,724
8000744a:	6e66                	.insn	2, 0x6e66
8000744c:	184e1aef          	jal	s5,800e85d0 <__global_pointer$+0xe03ac>
80007450:	93fd                	srl	a5,a5,0x3f
80007452:	82f53067          	.insn	4, 0x82f53067
80007456:	6ed8                	.insn	2, 0x6ed8
80007458:	07d4                	add	a3,sp,964
8000745a:	4192                	lw	gp,4(sp)
8000745c:	9829                	and	s0,s0,-22
8000745e:	1db9                	add	s11,s11,-18 # fffeffee <__global_pointer$+0x7ffe7dca>
80007460:	8add                	and	a3,a3,23
80007462:	26f5                	jal	8000784e <input_data+0x1e2a>
80007464:	ac55                	j	80007718 <input_data+0x1cf4>
80007466:	37572da3          	sw	s5,891(a4)
8000746a:	08fe                	sll	a7,a7,0x1f
8000746c:	4dd8                	lw	a4,28(a1)
8000746e:	1395                	add	t2,t2,-27
80007470:	86b6                	mv	a3,a3
80007472:	0498                	add	a4,sp,576
80007474:	679c                	.insn	2, 0x679c
80007476:	69d1                	lui	s3,0x14
80007478:	ccb2                	sw	a2,88(sp)
8000747a:	6d6e                	.insn	2, 0x6d6e
8000747c:	2885                	jal	800074ec <input_data+0x1ac8>
8000747e:	2a1a                	.insn	2, 0x2a1a
80007480:	49b0                	lw	a2,80(a1)
80007482:	49ed                	li	s3,27
80007484:	de75                	beqz	a2,80007480 <input_data+0x1a5c>
80007486:	3209                	jal	80006d88 <input_data+0x1364>
80007488:	c572                	sw	t3,136(sp)
8000748a:	95023ed3          	.insn	4, 0x95023ed3
8000748e:	6ca9                	lui	s9,0xa
80007490:	29d70e33          	.insn	4, 0x29d70e33
80007494:	a428                	.insn	2, 0xa428
80007496:	04f0                	add	a2,sp,588
80007498:	e848                	.insn	2, 0xe848
8000749a:	26e2                	.insn	2, 0x26e2
8000749c:	9944                	.insn	2, 0x9944
8000749e:	339f f7b8 373f      	.insn	6, 0x373ff7b8339f
800074a4:	6b08                	.insn	2, 0x6b08
800074a6:	4f09                	li	t5,2
800074a8:	3f29                	jal	800073c2 <input_data+0x199e>
800074aa:	682e                	.insn	2, 0x682e
800074ac:	60d8                	.insn	2, 0x60d8
800074ae:	7ebd45f7          	.insn	4, 0x7ebd45f7
800074b2:	5ad6                	lw	s5,116(sp)
800074b4:	6680                	.insn	2, 0x6680
800074b6:	1a72                	sll	s4,s4,0x3c
800074b8:	d196                	sw	t0,224(sp)
800074ba:	31cc                	.insn	2, 0x31cc
800074bc:	d704                	sw	s1,40(a4)
800074be:	0051                	c.nop	20
800074c0:	69d2                	.insn	2, 0x69d2
800074c2:	7b48                	.insn	2, 0x7b48
800074c4:	83b4                	.insn	2, 0x83b4
800074c6:	645e                	.insn	2, 0x645e
800074c8:	80f5                	srl	s1,s1,0x1d
800074ca:	7c05                	lui	s8,0xfffe1
800074cc:	887a                	mv	a6,t5
800074ce:	720d                	lui	tp,0xfffe3
800074d0:	05d1                	add	a1,a1,20 # 736f3014 <buflen.1+0x736f2fd4>
800074d2:	42d638b3          	.insn	4, 0x42d638b3
800074d6:	6872                	.insn	2, 0x6872
800074d8:	091f 0648 a6bb      	.insn	6, 0xa6bb0648091f
800074de:	6a98                	.insn	2, 0x6a98
800074e0:	6f2a                	.insn	2, 0x6f2a
800074e2:	6a89                	lui	s5,0x2
800074e4:	9b08                	.insn	2, 0x9b08
800074e6:	5548                	lw	a0,44(a0)
800074e8:	46f4                	lw	a3,76(a3)
800074ea:	203e                	.insn	2, 0x203e
800074ec:	3499a707          	.insn	4, 0x3499a707
800074f0:	de5d                	beqz	a2,800074ae <input_data+0x1a8a>
800074f2:	292c                	.insn	2, 0x292c
800074f4:	f2ea                	.insn	2, 0xf2ea
800074f6:	0c11                	add	s8,s8,4 # fffe1004 <__global_pointer$+0x7ffd8de0>
800074f8:	5f000727          	.insn	4, 0x5f000727
800074fc:	96fd                	sra	a3,a3,0x3f
800074fe:	1f98                	add	a4,sp,1008
80007500:	0981                	add	s3,s3,0 # 14000 <buflen.1+0x13fc0>
80007502:	1700                	add	s0,sp,928
80007504:	3615d7bf 1695bf1f 	.insn	8, 0x1695bf1f3615d7bf
8000750c:	1b1ae0d3          	.insn	4, 0x1b1ae0d3
80007510:	cd00                	sw	s0,24(a0)
80007512:	0efd                	add	t4,t4,31
80007514:	5680bd3f 431ab1f5 	.insn	8, 0x431ab1f55680bd3f
8000751c:	d932                	sw	a2,176(sp)
8000751e:	0144                	add	s1,sp,132
80007520:	6d64                	.insn	2, 0x6d64
80007522:	61ec                	.insn	2, 0x61ec
80007524:	2ff1affb          	.insn	4, 0x2ff1affb
80007528:	2399                	jal	80007a6e <_end+0x2e>
8000752a:	7a15                	lui	s4,0xfffe5
8000752c:	10ae                	sll	ra,ra,0x2b
8000752e:	36b0                	.insn	2, 0x36b0
80007530:	e44c                	.insn	2, 0xe44c
80007532:	5a49                	li	s4,-14
80007534:	8469                	sra	s0,s0,0x1a
80007536:	0850                	add	a2,sp,20
80007538:	5c12                	lw	s8,36(sp)
8000753a:	02e24423          	.insn	4, 0x02e24423
8000753e:	ca7a06db          	.insn	4, 0xca7a06db
80007542:	6722                	.insn	2, 0x6722
80007544:	6133ac8b          	.insn	4, 0x6133ac8b
80007548:	03065ce3          	bge	a2,a6,80007d80 <_tbss_end+0x2fc>
8000754c:	5d24                	lw	s1,120(a0)
8000754e:	6806                	.insn	2, 0x6806
80007550:	4e4c9107          	.insn	4, 0x4e4c9107
80007554:	7e40                	.insn	2, 0x7e40
80007556:	4025                	c.li	zero,9
80007558:	4a88                	lw	a0,16(a3)
8000755a:	6c7f b6ea 381d dbb7 	.insn	22, 0x2a0d35ba6d82ac1f2b0b54273014dbb7381db6ea6c7f
80007562:	3014 5427 2b0b ac1f 
8000756a:	6d82 35ba 2a0d 
80007570:	ee66                	.insn	2, 0xee66
80007572:	7c82                	.insn	2, 0x7c82
80007574:	932c                	.insn	2, 0x932c
80007576:	1e6d                	add	t3,t3,-5 # 3ffb <buflen.1+0x3fbb>
80007578:	c325                	beqz	a4,800075d8 <input_data+0x1bb4>
8000757a:	0314                	add	a3,sp,384
8000757c:	36c6                	.insn	2, 0x36c6
8000757e:	3fa13543          	.insn	4, 0x3fa13543
80007582:	51e5                	li	gp,-7
80007584:	3eb0                	.insn	2, 0x3eb0
80007586:	3c06                	.insn	2, 0x3c06
80007588:	5d55                	li	s10,-11
8000758a:	28d4                	.insn	2, 0x28d4
8000758c:	57b4b82b          	.insn	4, 0x57b4b82b
80007590:	6251                	lui	tp,0x14
80007592:	5cb4                	lw	a3,120(s1)
80007594:	6559                	lui	a0,0x16
80007596:	486c                	lw	a1,84(s0)
80007598:	a2b4                	.insn	2, 0xa2b4
8000759a:	54ed                	li	s1,-5
8000759c:	272cdbc7          	.insn	4, 0x272cdbc7
800075a0:	9892                	add	a7,a7,tp
800075a2:	52f5                	li	t0,-3
800075a4:	398d5073          	csrw	0x398,26
800075a8:	240481ab          	.insn	4, 0x240481ab
800075ac:	7db2                	.insn	2, 0x7db2
800075ae:	81a24c9b          	.insn	4, 0x81a24c9b
800075b2:	145a                	sll	s0,s0,0x36
800075b4:	0002                	c.slli64	zero
800075b6:	1189                	add	gp,gp,-30 # 1efe2 <buflen.1+0x1efa2>
800075b8:	7b4a                	.insn	2, 0x7b4a
800075ba:	25be                	.insn	2, 0x25be
800075bc:	711c785b          	.insn	4, 0x711c785b
800075c0:	74f4                	.insn	2, 0x74f4
800075c2:	7180                	.insn	2, 0x7180
800075c4:	1d65                	add	s10,s10,-7 # 1aff9 <buflen.1+0x1afb9>
800075c6:	3116                	.insn	2, 0x3116
800075c8:	b1aa                	.insn	2, 0xb1aa
800075ca:	5e0d                	li	t3,-29
800075cc:	d041                	beqz	s0,8000754c <input_data+0x1b28>
800075ce:	7830                	.insn	2, 0x7830
800075d0:	3c64                	.insn	2, 0x3c64
800075d2:	6f09                	lui	t5,0x2
800075d4:	226a2ea7          	.insn	4, 0x226a2ea7
800075d8:	3a76                	.insn	2, 0x3a76
800075da:	a14b3c5b          	.insn	4, 0xa14b3c5b
800075de:	0ebc                	add	a5,sp,856
800075e0:	ff86                	.insn	2, 0xff86
800075e2:	746525ef          	jal	a1,80059d28 <__global_pointer$+0x51b04>
800075e6:	7465                	lui	s0,0xffff9
800075e8:	d780                	sw	s0,40(a5)
800075ea:	564c                	lw	a1,44(a2)
800075ec:	47c4                	lw	s1,12(a5)
800075ee:	0670                	add	a2,sp,780
800075f0:	3c985217          	auipc	tp,0x3c985
800075f4:	7a0e7c57          	.insn	4, 0x7a0e7c57
800075f8:	578e                	lw	a5,224(sp)
800075fa:	3842                	.insn	2, 0x3842
800075fc:	def5                	beqz	a3,800075f8 <input_data+0x1bd4>
800075fe:	2ef0                	.insn	2, 0x2ef0
80007600:	7796                	.insn	2, 0x7796
80007602:	00c2                	sll	ra,ra,0x10
80007604:	127e                	sll	tp,tp,0x3f
80007606:	32e0                	.insn	2, 0x32e0
80007608:	0138                	add	a4,sp,136
8000760a:	13e9                	add	t2,t2,-6
8000760c:	cf61                	beqz	a4,800076e4 <input_data+0x1cc0>
8000760e:	0dea20fb          	.insn	4, 0x0dea20fb
80007612:	daea40ef          	jal	7ffabbc0 <buflen.1+0x7ffabb80>
80007616:	1dac                	add	a1,sp,760
80007618:	89e9                	and	a1,a1,26
8000761a:	c6977987          	.insn	4, 0xc6977987
8000761e:	5582                	lw	a1,32(sp)
80007620:	4ced7143          	.insn	4, 0x4ced7143
80007624:	7e24                	.insn	2, 0x7e24
80007626:	0486                	sll	s1,s1,0x1
80007628:	390b3b03          	.insn	4, 0x390b3b03
8000762c:	7ef912b7          	lui	t0,0x7ef91
80007630:	4b00                	lw	s0,16(a4)
80007632:	f23d1c73          	csrrw	s8,0xf23,s10
80007636:	38ca                	.insn	2, 0x38ca
80007638:	071f 6487 fb86      	.insn	6, 0xfb866487071f
8000763e:	1b60                	add	s0,sp,444
80007640:	ddc4                	sw	s1,60(a1)
80007642:	2cd0                	.insn	2, 0x2cd0
80007644:	0a74                	add	a3,sp,284
80007646:	31d9                	jal	8000730c <input_data+0x18e8>
80007648:	7171                	add	sp,sp,-176
8000764a:	78df 5324 01b7      	.insn	6, 0x01b7532478df
80007650:	c0ac                	sw	a1,64(s1)
80007652:	133c                	add	a5,sp,424
80007654:	177e                	sll	a4,a4,0x3f
80007656:	4f96                	lw	t6,68(sp)
80007658:	2eea494b          	.insn	4, 0x2eea494b
8000765c:	1870                	add	a2,sp,60
8000765e:	06c5                	add	a3,a3,17
80007660:	db9c                	sw	a5,48(a5)
80007662:	38ea                	.insn	2, 0x38ea
80007664:	0276                	sll	tp,tp,0x1d
80007666:	4e81                	li	t4,0
80007668:	5bb8                	lw	a4,112(a5)
8000766a:	a4f94d77          	.insn	4, 0xa4f94d77
8000766e:	77c2                	.insn	2, 0x77c2
80007670:	5c4d96b3          	.insn	4, 0x5c4d96b3
80007674:	ec61                	bnez	s0,8000774c <input_data+0x1d28>
80007676:	5d497a2b          	.insn	4, 0x5d497a2b
8000767a:	809e2ba7          	.insn	4, 0x809e2ba7
8000767e:	6a35                	lui	s4,0xd
80007680:	4ee1                	li	t4,24
80007682:	7c9d                	lui	s9,0xfffe7
80007684:	fc5c                	.insn	2, 0xfc5c
80007686:	6dec3b3b          	.insn	4, 0x6dec3b3b
8000768a:	74c8                	.insn	2, 0x74c8
8000768c:	94c6                	add	s1,s1,a7
8000768e:	4fa9                	li	t6,10
80007690:	4190                	lw	a2,0(a1)
80007692:	2931                	jal	80007aae <_tbss_end+0x2a>
80007694:	a664                	.insn	2, 0xa664
80007696:	681f b8f7 37c3      	.insn	6, 0x37c3b8f7681f
8000769c:	1936                	sll	s2,s2,0x2d
8000769e:	42f8                	lw	a4,68(a3)
800076a0:	417f 0676 54c2 5626 	.insn	18, 0xa6ab075a34930a1dd345562654c20676417f
800076a8:	d345 0a1d 3493 075a 
800076b0:	a6ab 
800076b2:	6182                	.insn	2, 0x6182
800076b4:	fe11                	bnez	a2,800075d0 <input_data+0x1bac>
800076b6:	2828                	.insn	2, 0x2828
800076b8:	79c39977          	.insn	4, 0x79c39977
800076bc:	2d2aea73          	csrrs	s4,0x2d2,21
800076c0:	0b6e                	sll	s6,s6,0x1b
800076c2:	1e8c                	add	a1,sp,880
800076c4:	d1ee                	sw	s11,224(sp)
800076c6:	0721                	add	a4,a4,8
800076c8:	705c                	.insn	2, 0x705c
800076ca:	91200377          	.insn	4, 0x91200377
800076ce:	88a17c9b          	.insn	4, 0x88a17c9b
800076d2:	1cfa                	sll	s9,s9,0x3e
800076d4:	c63a                	sw	a4,12(sp)
800076d6:	6089                	lui	ra,0x2
800076d8:	19cee96b          	.insn	4, 0x19cee96b
800076dc:	a8ed                	j	800077d6 <input_data+0x1db2>
800076de:	42fc3557          	.insn	4, 0x42fc3557
800076e2:	169e                	sll	a3,a3,0x27
800076e4:	6f0e                	.insn	2, 0x6f0e
800076e6:	70b5                	lui	ra,0xfffed
800076e8:	ed6c                	.insn	2, 0xed6c
800076ea:	706e                	.insn	2, 0x706e
800076ec:	8f2e                	mv	t5,a1
800076ee:	6ec8                	.insn	2, 0x6ec8
800076f0:	39c73b7f 49572b3c 	.insn	16, 0x14f726d670b4af3749572b3c39c73b7f
800076f8:	70b4af37 14f726d6 
80007700:	7509                	lui	a0,0xfffe2
80007702:	0ccc                	add	a1,sp,596
80007704:	4f7e                	lw	t5,220(sp)
80007706:	c8955c63          	bge	a0,s1,80006b9e <input_data+0x117a>
8000770a:	30b0125b          	.insn	4, 0x30b0125b
8000770e:	0191                	add	gp,gp,4 # 80008228 <__global_pointer$+0x4>
80007710:	040ea107          	.insn	4, 0x040ea107
80007714:	9a3e                	add	s4,s4,a5
80007716:	03435273          	csrrw	tp,0x34,6
8000771a:	6816                	.insn	2, 0x6816
8000771c:	ad38                	.insn	2, 0xad38
8000771e:	40f9                	li	ra,30
80007720:	a545                	j	80007dc0 <_tbss_end+0x33c>
80007722:	da0162d3          	.insn	4, 0xda0162d3
80007726:	7c11                	lui	s8,0xfffe4
80007728:	7015                	c.lui	zero,0xfffe5
8000772a:	4216438f          	.insn	4, 0x4216438f
8000772e:	6ce86427          	.insn	4, 0x6ce86427
80007732:	50713e9b          	.insn	4, 0x50713e9b
80007736:	6ba6                	.insn	2, 0x6ba6
80007738:	8e36                	mv	t3,a3
8000773a:	6621                	lui	a2,0x8
8000773c:	3d39                	jal	8000755a <input_data+0x1b36>
8000773e:	1f09                	add	t5,t5,-30 # 1fe2 <buflen.1+0x1fa2>
80007740:	9675                	sra	a2,a2,0x3d
80007742:	fc0518e3          	bnez	a0,80007712 <input_data+0x1cee>
80007746:	50c4                	lw	s1,36(s1)
80007748:	648d                	lui	s1,0x3
8000774a:	25a2                	.insn	2, 0x25a2
8000774c:	6f8c                	.insn	2, 0x6f8c
8000774e:	b10867db          	.insn	4, 0xb10867db
80007752:	7bd6                	.insn	2, 0x7bd6
80007754:	65dd924f          	.insn	4, 0x65dd924f
80007758:	23688f3b          	.insn	4, 0x23688f3b
8000775c:	b958                	.insn	2, 0xb958
8000775e:	37da                	.insn	2, 0x37da
80007760:	2c3cdaab          	.insn	4, 0x2c3cdaab
80007764:	94e1                	sra	s1,s1,0x38
80007766:	7184                	.insn	2, 0x7184
80007768:	6341                	lui	t1,0x10
8000776a:	c23634eb          	.insn	4, 0xc23634eb
8000776e:	b1bf4ccf          	.insn	4, 0xb1bf4ccf
80007772:	194e                	sll	s2,s2,0x33
80007774:	8add                	and	a3,a3,23
80007776:	5948                	lw	a0,52(a0)
80007778:	31766a3f 5282f6af 	.insn	8, 0x5282f6af31766a3f
80007780:	ab91                	j	80007cd4 <_tbss_end+0x250>
80007782:	0ee8                	add	a0,sp,860
80007784:	0919                	add	s2,s2,6 # 1b006 <buflen.1+0x1afc6>
80007786:	0bed                	add	s7,s7,27
80007788:	29599857          	.insn	4, 0x29599857
8000778c:	8572                	mv	a0,t3
8000778e:	5b04                	lw	s1,48(a4)
80007790:	0211                	add	tp,tp,4 # bc98c5f4 <__global_pointer$+0x3c9843d0>
80007792:	572c                	lw	a1,104(a4)
80007794:	d2ea                	sw	s10,100(sp)
80007796:	6495                	lui	s1,0x5
80007798:	be30                	.insn	2, 0xbe30
8000779a:	b63144f3          	.insn	4, 0xb63144f3
8000779e:	0e64                	add	s1,sp,796
800077a0:	8a9e                	mv	s5,t2
800077a2:	fd9646fb          	.insn	4, 0xfd9646fb
800077a6:	4a86                	lw	s5,64(sp)
800077a8:	d916                	sw	t0,176(sp)
800077aa:	7b0a                	.insn	2, 0x7b0a
800077ac:	9418                	.insn	2, 0x9418
800077ae:	01a4                	add	s1,sp,200
800077b0:	e7fa                	.insn	2, 0xe7fa
800077b2:	7015                	c.lui	zero,0xfffe5
800077b4:	a050                	.insn	2, 0xa050
800077b6:	03407643          	.insn	4, 0x03407643
800077ba:	063e                	sll	a2,a2,0xf
800077bc:	85ea                	mv	a1,s10
800077be:	4eec                	lw	a1,92(a3)
800077c0:	a95e                	.insn	2, 0xa95e
800077c2:	3aef40f3          	.insn	4, 0x3aef40f3
800077c6:	e62853a3          	.insn	4, 0xe62853a3
800077ca:	7316                	.insn	2, 0x7316
800077cc:	2e160dbb          	.insn	4, 0x2e160dbb
800077d0:	452708a7          	.insn	4, 0x452708a7
800077d4:	9d30                	.insn	2, 0x9d30
800077d6:	218e                	.insn	2, 0x218e
800077d8:	b11e                	.insn	2, 0xb11e
800077da:	3f7c                	.insn	2, 0x3f7c
800077dc:	8a44                	.insn	2, 0x8a44
800077de:	19ad1def          	jal	s11,800d8978 <__global_pointer$+0xd0754>
800077e2:	61e4                	.insn	2, 0x61e4
800077e4:	b8a4                	.insn	2, 0xb8a4
800077e6:	b5d94e17          	auipc	t3,0xb5d94
800077ea:	6728                	.insn	2, 0x6728
800077ec:	73e6                	.insn	2, 0x73e6
800077ee:	57f4                	lw	a3,108(a5)
800077f0:	5cb5                	li	s9,-19
800077f2:	673824b3          	.insn	4, 0x673824b3
800077f6:	452c                	lw	a1,72(a0)
800077f8:	375ced43          	.insn	4, 0x375ced43
800077fc:	2f3e                	.insn	2, 0x2f3e
800077fe:	0f22                	sll	t5,t5,0x8
80007800:	c5fc                	sw	a5,76(a1)
80007802:	6b3d                	lui	s6,0xf
80007804:	d05f 47da c656      	.insn	6, 0xc65647dad05f
8000780a:	189e                	sll	a7,a7,0x27
8000780c:	2f60                	.insn	2, 0x2f60
8000780e:	5eb9                	li	t4,-18
80007810:	69c06c73          	csrrs	s8,0x69c,0
80007814:	b6de                	.insn	2, 0xb6de
80007816:	029e                	sll	t0,t0,0x7
80007818:	63bcc123          	.insn	4, 0x63bcc123
8000781c:	c1b4                	sw	a3,64(a1)
8000781e:	318b28bb          	.insn	4, 0x318b28bb
80007822:	99334b27          	.insn	4, 0x99334b27
80007826:	7d19                	lui	s10,0xfffe6
80007828:	2e0b77ef          	jal	a5,800beb08 <__global_pointer$+0xb68e4>
8000782c:	49777d6b          	.insn	4, 0x49777d6b
80007830:	d426                	sw	s1,40(sp)
80007832:	2d30                	.insn	2, 0x2d30
80007834:	318c2ea3          	sw	s8,797(s8) # fffe431d <__global_pointer$+0x7ffdc0f9>
80007838:	5faed877          	.insn	4, 0x5faed877
8000783c:	f09c                	.insn	2, 0xf09c
8000783e:	00ad62fb          	.insn	4, 0x00ad62fb
80007842:	0174                	add	a3,sp,140
80007844:	6adf 5506 6f54      	.insn	6, 0x6f5455066adf
8000784a:	600e                	.insn	2, 0x600e
8000784c:	c4ff 40b0 1040 00c4 	.insn	18, 0x3644345fc77a1b2bd25200c4104040b0c4ff
80007854:	d252 1b2b c77a 345f 
8000785c:	3644 
8000785e:	490671e7          	.insn	4, 0x490671e7
80007862:	526d                	li	tp,-5
80007864:	8909                	and	a0,a0,2
80007866:	743c                	.insn	2, 0x743c
80007868:	ffda                	.insn	2, 0xffda
8000786a:	389f 5411 35e6      	.insn	6, 0x35e65411389f
80007870:	91a6                	add	gp,gp,s1
80007872:	26402f2b          	.insn	4, 0x26402f2b
80007876:	5e70                	lw	a2,124(a2)
80007878:	d928                	sw	a0,112(a0)
8000787a:	0c85                	add	s9,s9,1 # fffe7001 <__global_pointer$+0x7ffdeddd>
8000787c:	422f2997          	auipc	s3,0x422f2
80007880:	a9d0                	.insn	2, 0xa9d0
80007882:	f68615bb          	.insn	4, 0xf68615bb
80007886:	0335                	add	t1,t1,13 # 1000d <buflen.1+0xffcd>
80007888:	9db6                	add	s11,s11,a3
8000788a:	84d02e07          	.insn	4, 0x84d02e07
8000788e:	1c2d                	add	s8,s8,-21
80007890:	19f2                	sll	s3,s3,0x3c
80007892:	4396                	lw	t2,68(sp)
80007894:	663ef68b          	.insn	4, 0x663ef68b
80007898:	657f 5624 b757 5bdb 	.insn	22, 0x4ae370d6584039f0708e08e42c115bdbb7575624657f
800078a0:	2c11 08e4 708e 39f0 
800078a8:	5840 70d6 4ae3 
800078ae:	5fae58ab          	.insn	4, 0x5fae58ab
800078b2:	2632                	.insn	2, 0x2632
800078b4:	c65d                	beqz	a2,80007962 <input_data+0x1f3e>
800078b6:	57a2                	lw	a5,40(sp)
800078b8:	afc1                	j	80008088 <_tbss_end+0x604>
800078ba:	4361268b          	.insn	4, 0x4361268b
800078be:	3aea                	.insn	2, 0x3aea
800078c0:	eae5                	bnez	a3,800079b0 <input_data+0x1f8c>
800078c2:	29e8                	.insn	2, 0x29e8
800078c4:	9209                	srl	a2,a2,0x22
800078c6:	687e                	.insn	2, 0x687e
800078c8:	5c32                	lw	s8,44(sp)
800078ca:	765e                	.insn	2, 0x765e
800078cc:	28ae                	.insn	2, 0x28ae
800078ce:	297c                	.insn	2, 0x297c
800078d0:	fa95                	bnez	a3,80007804 <input_data+0x1de0>
800078d2:	6a49                	lui	s4,0x12
800078d4:	e729                	bnez	a4,8000791e <input_data+0x1efa>
800078d6:	4e82                	lw	t4,0(sp)
800078d8:	4cb0                	lw	a2,88(s1)
800078da:	689e                	.insn	2, 0x689e
800078dc:	b1ee                	.insn	2, 0xb1ee
800078de:	83ba1fb7          	lui	t6,0x83ba1
800078e2:	3fbe                	.insn	2, 0x3fbe
800078e4:	0ee21ec7          	.insn	4, 0x0ee21ec7
800078e8:	1f407de7          	.insn	4, 0x1f407de7
800078ec:	8c8c                	.insn	2, 0x8c8c
800078ee:	2d2d                	jal	80007f28 <_tbss_end+0x4a4>
800078f0:	97d6                	add	a5,a5,s5
800078f2:	7db5                	lui	s11,0xfffed
800078f4:	37ea                	.insn	2, 0x37ea
800078f6:	10d0240f          	.insn	4, 0x10d0240f
800078fa:	7585                	lui	a1,0xfffe1
800078fc:	58ce                	lw	a7,240(sp)
800078fe:	5eaa                	lw	t4,168(sp)
80007900:	4e8e                	lw	t4,192(sp)
80007902:	76c05b67          	.insn	4, 0x76c05b67
80007906:	252c                	.insn	2, 0x252c
80007908:	53c8cb9b          	.insn	4, 0x53c8cb9b
8000790c:	748d9613          	.insn	4, 0x748d9613
80007910:	7651                	lui	a2,0xffff4
80007912:	8c68408b          	.insn	4, 0x8c68408b
80007916:	52ac                	lw	a1,96(a3)
80007918:	86a9                	sra	a3,a3,0xa
8000791a:	341a                	.insn	2, 0x341a
8000791c:	d8ac                	sw	a1,112(s1)
8000791e:	5030                	lw	a2,96(s0)
80007920:	45a55e33          	.insn	4, 0x45a55e33
80007924:	3159                	jal	800075aa <input_data+0x1b86>
80007926:	7782                	.insn	2, 0x7782
80007928:	27b1                	jal	80008074 <_tbss_end+0x5f0>
8000792a:	43550df3          	.insn	4, 0x43550df3
8000792e:	1c36                	sll	s8,s8,0x2d
80007930:	2ad8                	.insn	2, 0x2ad8
80007932:	2709                	jal	80008034 <_tbss_end+0x5b0>
80007934:	57cebc73          	csrrc	s8,0x57c,t4
80007938:	ed02                	.insn	2, 0xed02
8000793a:	3b76                	.insn	2, 0x3b76
8000793c:	2fcade4f          	.insn	4, 0x2fcade4f
80007940:	7a54488b          	.insn	4, 0x7a54488b
80007944:	e0a1                	bnez	s1,80007984 <input_data+0x1f60>
80007946:	703e                	.insn	2, 0x703e
80007948:	eae8                	.insn	2, 0xeae8
8000794a:	0b10                	add	a2,sp,400
8000794c:	52d9061b          	.insn	4, 0x52d9061b
80007950:	ac6e                	.insn	2, 0xac6e
80007952:	66d9                	lui	a3,0x16
80007954:	5b28                	lw	a0,112(a4)
80007956:	34cd                	jal	80007438 <input_data+0x1a14>
80007958:	bd26                	.insn	2, 0xbd26
8000795a:	3925                	jal	80007592 <input_data+0x1b6e>
8000795c:	cbd4                	sw	a3,20(a5)
8000795e:	7a70                	.insn	2, 0x7a70
80007960:	b6cd                	j	80007542 <input_data+0x1b1e>
80007962:	fc8e039b          	.insn	4, 0xfc8e039b
80007966:	5515                	li	a0,-27
80007968:	45288ea3          	sb	s2,1117(a7)
8000796c:	c129                	beqz	a0,800079ae <input_data+0x1f8a>
8000796e:	a88b6cef          	jal	s9,7ffbdbf6 <buflen.1+0x7ffbdbb6>
80007972:	53f8                	lw	a4,100(a5)
80007974:	1629                	add	a2,a2,-22 # ffff3fea <__global_pointer$+0x7ffebdc6>
80007976:	6460                	.insn	2, 0x6460
80007978:	b922                	.insn	2, 0xb922
8000797a:	03ad                	add	t2,t2,11
8000797c:	324f49f7          	.insn	4, 0x324f49f7
80007980:	bdbd                	j	800077fe <input_data+0x1dda>
80007982:	f6433c4b          	.insn	4, 0xf6433c4b
80007986:	5aad                	li	s5,-21
80007988:	5f29                	li	t5,-22
8000798a:	5e48                	lw	a0,60(a2)
8000798c:	2d7f 3618 1f55 7894 	.insn	14, 0x8204430fbce778941f5536182d7f
80007994:	bce7 430f 8204 
8000799a:	4e34                	lw	a3,88(a2)
8000799c:	c149                	beqz	a0,80007a1e <input_data+0x1ffa>
8000799e:	fdf6576b          	.insn	4, 0xfdf6576b
800079a2:	734b39d3          	.insn	4, 0x734b39d3
800079a6:	04d2                	sll	s1,s1,0x14
800079a8:	35e2                	.insn	2, 0x35e2
800079aa:	5625                	li	a2,-23
800079ac:	a794                	.insn	2, 0xa794
800079ae:	13fe                	sll	t2,t2,0x3f
800079b0:	47e8                	lw	a0,76(a5)
800079b2:	1e6d                	add	t3,t3,-5 # 35d9b7e1 <buflen.1+0x35d9b7a1>
800079b4:	efda                	.insn	2, 0xefda
800079b6:	0588                	add	a0,sp,704
800079b8:	b61d                	j	800074de <input_data+0x1aba>
800079ba:	6226                	.insn	2, 0x6226
800079bc:	bb78                	.insn	2, 0xbb78
800079be:	6266                	.insn	2, 0x6266
800079c0:	5b668c23          	sb	s6,1464(a3) # 165b8 <buflen.1+0x16578>
800079c4:	b0dc                	.insn	2, 0xb0dc
800079c6:	0ffa                	sll	t6,t6,0x1e
800079c8:	347e3b97          	auipc	s7,0x347e3
800079cc:	465d649b          	.insn	4, 0x465d649b
800079d0:	bc8d                	j	80007442 <input_data+0x1a1e>
800079d2:	6f59                	lui	t5,0x16
800079d4:	685d77c3          	.insn	4, 0x685d77c3
800079d8:	9740                	.insn	2, 0x9740
800079da:	17ed                	add	a5,a5,-5 # 1f8b6ffb <buflen.1+0x1f8b6fbb>
800079dc:	2c8c                	.insn	2, 0x2c8c
800079de:	2031                	jal	800079ea <input_data+0x1fc6>
800079e0:	a141                	j	80007e60 <_tbss_end+0x3dc>
800079e2:	0f163cf7          	.insn	4, 0x0f163cf7
800079e6:	1b81                	add	s7,s7,-32 # b47ea9a8 <__global_pointer$+0x347e2784>
800079e8:	48deb2b3          	.insn	4, 0x48deb2b3
800079ec:	1b350fbf 05a5ef07 	.insn	8, 0x05a5ef071b350fbf
800079f4:	44f2                	lw	s1,28(sp)
800079f6:	4961                	li	s2,24
800079f8:	3900                	.insn	2, 0x3900
800079fa:	a4257fdb          	.insn	4, 0xa4257fdb
800079fe:	7329                	lui	t1,0xfffea
80007a00:	12e0                	add	s0,sp,364
80007a02:	c44211eb          	.insn	4, 0xc44211eb
80007a06:	7a88                	.insn	2, 0x7a88
80007a08:	c985                	beqz	a1,80007a38 <_tdata_begin+0x4>
80007a0a:	3a76                	.insn	2, 0x3a76
80007a0c:	4e03cf67          	.insn	4, 0x4e03cf67
80007a10:	e4c1                	bnez	s1,80007a98 <_tbss_end+0x14>
80007a12:	3c39                	jal	80007430 <input_data+0x1a0c>
80007a14:	167d                	add	a2,a2,-1
80007a16:	5370                	lw	a2,100(a4)
80007a18:	36f5                	jal	80007604 <input_data+0x1be0>
80007a1a:	4896                	lw	a7,68(sp)
80007a1c:	66c0                	.insn	2, 0x66c0
80007a1e:	37b6                	.insn	2, 0x37b6
80007a20:	935e                	add	t1,t1,s7
80007a22:	3460                	.insn	2, 0x3460
