
rsort.riscv:     file format elf32-littleriscv


Disassembly of section .text.init:

80000000 <_start>:
80000000:	4081                	li	ra,0
80000002:	4101                	li	sp,0
80000004:	4181                	li	gp,0
80000006:	4201                	li	tp,0
80000008:	4281                	li	t0,0
8000000a:	4301                	li	t1,0
8000000c:	4381                	li	t2,0
8000000e:	4401                	li	s0,0
80000010:	4481                	li	s1,0
80000012:	4501                	li	a0,0
80000014:	4581                	li	a1,0
80000016:	4601                	li	a2,0
80000018:	4681                	li	a3,0
8000001a:	4701                	li	a4,0
8000001c:	4781                	li	a5,0
8000001e:	4801                	li	a6,0
80000020:	4881                	li	a7,0
80000022:	4901                	li	s2,0
80000024:	4981                	li	s3,0
80000026:	4a01                	li	s4,0
80000028:	4a81                	li	s5,0
8000002a:	4b01                	li	s6,0
8000002c:	4b81                	li	s7,0
8000002e:	4c01                	li	s8,0
80000030:	4c81                	li	s9,0
80000032:	4d01                	li	s10,0
80000034:	4d81                	li	s11,0
80000036:	4e01                	li	t3,0
80000038:	4e81                	li	t4,0
8000003a:	4f01                	li	t5,0
8000003c:	4f81                	li	t6,0
8000003e:	62f9                	lui	t0,0x1e
80000040:	60028293          	add	t0,t0,1536 # 1e600 <buflen.1+0x1e5c0>
80000044:	3002a073          	csrs	mstatus,t0
80000048:	4285                	li	t0,1
8000004a:	02fe                	sll	t0,t0,0x1f
8000004c:	0002c863          	bltz	t0,8000005c <_start+0x5c>
80000050:	4505                	li	a0,1
80000052:	00001297          	auipc	t0,0x1
80000056:	faa2a723          	sw	a0,-82(t0) # 80001000 <tohost>
8000005a:	bfdd                	j	80000050 <_start+0x50>
8000005c:	00000297          	auipc	t0,0x0
80000060:	03c28293          	add	t0,t0,60 # 80000098 <trap_entry>
80000064:	30529073          	csrw	mtvec,t0
80000068:	00008197          	auipc	gp,0x8
8000006c:	33818193          	add	gp,gp,824 # 800083a0 <__global_pointer$>
80000070:	0000a217          	auipc	tp,0xa
80000074:	b8f20213          	add	tp,tp,-1137 # 80009bff <_end+0x3f>
80000078:	fc027213          	and	tp,tp,-64
8000007c:	f1402573          	csrr	a0,mhartid
80000080:	4585                	li	a1,1
80000082:	00b57063          	bgeu	a0,a1,80000082 <_start+0x82>
80000086:	00150113          	add	sp,a0,1
8000008a:	0146                	sll	sp,sp,0x11
8000008c:	9112                	add	sp,sp,tp
8000008e:	01151613          	sll	a2,a0,0x11
80000092:	9232                	add	tp,tp,a2
80000094:	15d0206f          	j	800029f0 <_init>

80000098 <trap_entry>:
80000098:	716d                	add	sp,sp,-272
8000009a:	c206                	sw	ra,4(sp)
8000009c:	c40a                	sw	sp,8(sp)
8000009e:	c60e                	sw	gp,12(sp)
800000a0:	c812                	sw	tp,16(sp)
800000a2:	ca16                	sw	t0,20(sp)
800000a4:	cc1a                	sw	t1,24(sp)
800000a6:	ce1e                	sw	t2,28(sp)
800000a8:	d022                	sw	s0,32(sp)
800000aa:	d226                	sw	s1,36(sp)
800000ac:	d42a                	sw	a0,40(sp)
800000ae:	d62e                	sw	a1,44(sp)
800000b0:	d832                	sw	a2,48(sp)
800000b2:	da36                	sw	a3,52(sp)
800000b4:	dc3a                	sw	a4,56(sp)
800000b6:	de3e                	sw	a5,60(sp)
800000b8:	c0c2                	sw	a6,64(sp)
800000ba:	c2c6                	sw	a7,68(sp)
800000bc:	c4ca                	sw	s2,72(sp)
800000be:	c6ce                	sw	s3,76(sp)
800000c0:	c8d2                	sw	s4,80(sp)
800000c2:	cad6                	sw	s5,84(sp)
800000c4:	ccda                	sw	s6,88(sp)
800000c6:	cede                	sw	s7,92(sp)
800000c8:	d0e2                	sw	s8,96(sp)
800000ca:	d2e6                	sw	s9,100(sp)
800000cc:	d4ea                	sw	s10,104(sp)
800000ce:	d6ee                	sw	s11,108(sp)
800000d0:	d8f2                	sw	t3,112(sp)
800000d2:	daf6                	sw	t4,116(sp)
800000d4:	dcfa                	sw	t5,120(sp)
800000d6:	defe                	sw	t6,124(sp)
800000d8:	34202573          	csrr	a0,mcause
800000dc:	341025f3          	csrr	a1,mepc
800000e0:	860a                	mv	a2,sp
800000e2:	610020ef          	jal	800026f2 <handle_trap>
800000e6:	34151073          	csrw	mepc,a0
800000ea:	6289                	lui	t0,0x2
800000ec:	80028293          	add	t0,t0,-2048 # 1800 <buflen.1+0x17c0>
800000f0:	3002a073          	csrs	mstatus,t0
800000f4:	4092                	lw	ra,4(sp)
800000f6:	4122                	lw	sp,8(sp)
800000f8:	41b2                	lw	gp,12(sp)
800000fa:	4242                	lw	tp,16(sp)
800000fc:	42d2                	lw	t0,20(sp)
800000fe:	4362                	lw	t1,24(sp)
80000100:	43f2                	lw	t2,28(sp)
80000102:	5402                	lw	s0,32(sp)
80000104:	5492                	lw	s1,36(sp)
80000106:	5522                	lw	a0,40(sp)
80000108:	55b2                	lw	a1,44(sp)
8000010a:	5642                	lw	a2,48(sp)
8000010c:	56d2                	lw	a3,52(sp)
8000010e:	5762                	lw	a4,56(sp)
80000110:	57f2                	lw	a5,60(sp)
80000112:	4806                	lw	a6,64(sp)
80000114:	4896                	lw	a7,68(sp)
80000116:	4926                	lw	s2,72(sp)
80000118:	49b6                	lw	s3,76(sp)
8000011a:	4a46                	lw	s4,80(sp)
8000011c:	4ad6                	lw	s5,84(sp)
8000011e:	4b66                	lw	s6,88(sp)
80000120:	4bf6                	lw	s7,92(sp)
80000122:	5c06                	lw	s8,96(sp)
80000124:	5c96                	lw	s9,100(sp)
80000126:	5d26                	lw	s10,104(sp)
80000128:	5db6                	lw	s11,108(sp)
8000012a:	5e46                	lw	t3,112(sp)
8000012c:	5ed6                	lw	t4,116(sp)
8000012e:	5f66                	lw	t5,120(sp)
80000130:	5ff6                	lw	t6,124(sp)
80000132:	6151                	add	sp,sp,272
80000134:	30200073          	mret
80000138:	0000                	unimp

Disassembly of section .text:

80002000 <verify.constprop.0>:
80002000:	87aa                	mv	a5,a0
80002002:	00004717          	auipc	a4,0x4
80002006:	b9e70713          	add	a4,a4,-1122 # 80005ba0 <input_data>
8000200a:	4501                	li	a0,0
8000200c:	28b01893          	bset	a7,zero,0xb
80002010:	a801                	j	80002020 <verify.constprop.0+0x20>
80002012:	0509                	add	a0,a0,2
80002014:	02b81063          	bne	a6,a1,80002034 <verify.constprop.0+0x34>
80002018:	0721                	add	a4,a4,8
8000201a:	07a1                	add	a5,a5,8
8000201c:	01150b63          	beq	a0,a7,80002032 <verify.constprop.0+0x32>
80002020:	4310                	lw	a2,0(a4)
80002022:	4394                	lw	a3,0(a5)
80002024:	00472803          	lw	a6,4(a4)
80002028:	43cc                	lw	a1,4(a5)
8000202a:	fed604e3          	beq	a2,a3,80002012 <verify.constprop.0+0x12>
8000202e:	0505                	add	a0,a0,1
80002030:	8082                	ret
80002032:	4501                	li	a0,0
80002034:	8082                	ret

80002036 <sort>:
80002036:	00251e13          	sll	t3,a0,0x2
8000203a:	ff3e0713          	add	a4,t3,-13
8000203e:	ff0e0793          	add	a5,t3,-16
80002042:	bd010113          	add	sp,sp,-1072
80002046:	ff077f13          	and	t5,a4,-16
8000204a:	fff7c793          	not	a5,a5
8000204e:	42812623          	sw	s0,1068(sp)
80002052:	8532                	mv	a0,a2
80002054:	ff4e0413          	add	s0,t3,-12
80002058:	8672                	mv	a2,t3
8000205a:	868a                	mv	a3,sp
8000205c:	42912423          	sw	s1,1064(sp)
80002060:	43212223          	sw	s2,1060(sp)
80002064:	43312023          	sw	s3,1056(sp)
80002068:	41412e23          	sw	s4,1052(sp)
8000206c:	41512c23          	sw	s5,1048(sp)
80002070:	41612a23          	sw	s6,1044(sp)
80002074:	41712823          	sw	s7,1040(sp)
80002078:	41812623          	sw	s8,1036(sp)
8000207c:	41912423          	sw	s9,1032(sp)
80002080:	41a12223          	sw	s10,1028(sp)
80002084:	83ae                	mv	t2,a1
80002086:	1e71                	add	t3,t3,-4
80002088:	00868293          	add	t0,a3,8
8000208c:	4801                	li	a6,0
8000208e:	40068713          	add	a4,a3,1024
80002092:	0f41                	add	t5,t5,16
80002094:	ff07fe93          	and	t4,a5,-16
80002098:	02000f93          	li	t6,32
8000209c:	87b6                	mv	a5,a3
8000209e:	0007a023          	sw	zero,0(a5)
800020a2:	0791                	add	a5,a5,4
800020a4:	fee79de3          	bne	a5,a4,8000209e <sort+0x68>
800020a8:	00858933          	add	s2,a1,s0
800020ac:	2125fa63          	bgeu	a1,s2,800022c0 <sort+0x28a>
800020b0:	84ae                	mv	s1,a1
800020b2:	0004a983          	lw	s3,0(s1)
800020b6:	0044a303          	lw	t1,4(s1)
800020ba:	0084a883          	lw	a7,8(s1)
800020be:	0109d9b3          	srl	s3,s3,a6
800020c2:	0ff9f993          	zext.b	s3,s3
800020c6:	20d9c9b3          	sh2add	s3,s3,a3
800020ca:	0009aa03          	lw	s4,0(s3)
800020ce:	01035333          	srl	t1,t1,a6
800020d2:	44dc                	lw	a5,12(s1)
800020d4:	0a05                	add	s4,s4,1
800020d6:	0149a023          	sw	s4,0(s3)
800020da:	0ff37313          	zext.b	t1,t1
800020de:	20d34333          	sh2add	t1,t1,a3
800020e2:	00032983          	lw	s3,0(t1)
800020e6:	0108d8b3          	srl	a7,a7,a6
800020ea:	0ff8f893          	zext.b	a7,a7
800020ee:	0985                	add	s3,s3,1
800020f0:	01332023          	sw	s3,0(t1)
800020f4:	20d8c8b3          	sh2add	a7,a7,a3
800020f8:	0008a303          	lw	t1,0(a7)
800020fc:	0107d7b3          	srl	a5,a5,a6
80002100:	0ff7f793          	zext.b	a5,a5
80002104:	0305                	add	t1,t1,1
80002106:	0068a023          	sw	t1,0(a7)
8000210a:	20d7c7b3          	sh2add	a5,a5,a3
8000210e:	0007a883          	lw	a7,0(a5)
80002112:	04c1                	add	s1,s1,16
80002114:	0885                	add	a7,a7,1
80002116:	0117a023          	sw	a7,0(a5)
8000211a:	f924ece3          	bltu	s1,s2,800020b2 <sort+0x7c>
8000211e:	01e588b3          	add	a7,a1,t5
80002122:	00c584b3          	add	s1,a1,a2
80002126:	0298f263          	bgeu	a7,s1,8000214a <sort+0x114>
8000212a:	0008a783          	lw	a5,0(a7)
8000212e:	0891                	add	a7,a7,4
80002130:	0107d7b3          	srl	a5,a5,a6
80002134:	0ff7f793          	zext.b	a5,a5
80002138:	20d7c7b3          	sh2add	a5,a5,a3
8000213c:	0007a303          	lw	t1,0(a5)
80002140:	0305                	add	t1,t1,1
80002142:	0067a023          	sw	t1,0(a5)
80002146:	fe98e2e3          	bltu	a7,s1,8000212a <sort+0xf4>
8000214a:	0046a303          	lw	t1,4(a3)
8000214e:	0006a883          	lw	a7,0(a3)
80002152:	8796                	mv	a5,t0
80002154:	9346                	add	t1,t1,a7
80002156:	0066a223          	sw	t1,4(a3)
8000215a:	0007a883          	lw	a7,0(a5)
8000215e:	43c4                	lw	s1,4(a5)
80002160:	07a1                	add	a5,a5,8
80002162:	989a                	add	a7,a7,t1
80002164:	00988333          	add	t1,a7,s1
80002168:	ff17ac23          	sw	a7,-8(a5)
8000216c:	fe67ae23          	sw	t1,-4(a5)
80002170:	fee795e3          	bne	a5,a4,8000215a <sort+0x124>
80002174:	01c58b33          	add	s6,a1,t3
80002178:	00c58b93          	add	s7,a1,12
8000217c:	097b6f63          	bltu	s6,s7,8000221a <sort+0x1e4>
80002180:	87da                	mv	a5,s6
80002182:	0007aa83          	lw	s5,0(a5)
80002186:	ffc7aa03          	lw	s4,-4(a5)
8000218a:	ff87a983          	lw	s3,-8(a5)
8000218e:	010ad333          	srl	t1,s5,a6
80002192:	0ff37313          	zext.b	t1,t1
80002196:	20d34333          	sh2add	t1,t1,a3
8000219a:	00032483          	lw	s1,0(t1)
8000219e:	010a58b3          	srl	a7,s4,a6
800021a2:	ff47a903          	lw	s2,-12(a5)
800021a6:	fff48c13          	add	s8,s1,-1
800021aa:	01832023          	sw	s8,0(t1)
800021ae:	0ff8f893          	zext.b	a7,a7
800021b2:	20d8c8b3          	sh2add	a7,a7,a3
800021b6:	0008ac03          	lw	s8,0(a7)
800021ba:	0109d333          	srl	t1,s3,a6
800021be:	0ff37313          	zext.b	t1,t1
800021c2:	fffc0c93          	add	s9,s8,-1
800021c6:	0198a023          	sw	s9,0(a7)
800021ca:	20d34333          	sh2add	t1,t1,a3
800021ce:	00032c83          	lw	s9,0(t1)
800021d2:	010958b3          	srl	a7,s2,a6
800021d6:	0ff8f893          	zext.b	a7,a7
800021da:	fffc8d13          	add	s10,s9,-1
800021de:	01a32023          	sw	s10,0(t1)
800021e2:	20d8c8b3          	sh2add	a7,a7,a3
800021e6:	0008a303          	lw	t1,0(a7)
800021ea:	20a4c4b3          	sh2add	s1,s1,a0
800021ee:	20ac4c33          	sh2add	s8,s8,a0
800021f2:	fff30d13          	add	s10,t1,-1
800021f6:	01a8a023          	sw	s10,0(a7)
800021fa:	ff54ae23          	sw	s5,-4(s1)
800021fe:	ff4c2e23          	sw	s4,-4(s8)
80002202:	20acccb3          	sh2add	s9,s9,a0
80002206:	ff3cae23          	sw	s3,-4(s9)
8000220a:	20a34333          	sh2add	t1,t1,a0
8000220e:	17c1                	add	a5,a5,-16
80002210:	ff232e23          	sw	s2,-4(t1)
80002214:	f777f7e3          	bgeu	a5,s7,80002182 <sort+0x14c>
80002218:	9b76                	add	s6,s6,t4
8000221a:	02bb6863          	bltu	s6,a1,8000224a <sort+0x214>
8000221e:	000b2783          	lw	a5,0(s6)
80002222:	1b71                	add	s6,s6,-4
80002224:	0107d7b3          	srl	a5,a5,a6
80002228:	0ff7f793          	zext.b	a5,a5
8000222c:	20d7c7b3          	sh2add	a5,a5,a3
80002230:	0007a883          	lw	a7,0(a5)
80002234:	18fd                	add	a7,a7,-1
80002236:	0117a023          	sw	a7,0(a5)
8000223a:	004b2783          	lw	a5,4(s6)
8000223e:	20a8c8b3          	sh2add	a7,a7,a0
80002242:	00f8a023          	sw	a5,0(a7)
80002246:	fcbb7ce3          	bgeu	s6,a1,8000221e <sort+0x1e8>
8000224a:	0821                	add	a6,a6,8
8000224c:	01f80663          	beq	a6,t6,80002258 <sort+0x222>
80002250:	87ae                	mv	a5,a1
80002252:	85aa                	mv	a1,a0
80002254:	853e                	mv	a0,a5
80002256:	b599                	j	8000209c <sort+0x66>
80002258:	02a38b63          	beq	t2,a0,8000228e <sort+0x258>
8000225c:	42c12403          	lw	s0,1068(sp)
80002260:	42812483          	lw	s1,1064(sp)
80002264:	42412903          	lw	s2,1060(sp)
80002268:	42012983          	lw	s3,1056(sp)
8000226c:	41c12a03          	lw	s4,1052(sp)
80002270:	41812a83          	lw	s5,1048(sp)
80002274:	41412b03          	lw	s6,1044(sp)
80002278:	41012b83          	lw	s7,1040(sp)
8000227c:	40c12c03          	lw	s8,1036(sp)
80002280:	40812c83          	lw	s9,1032(sp)
80002284:	40412d03          	lw	s10,1028(sp)
80002288:	43010113          	add	sp,sp,1072
8000228c:	ad8d                	j	800028fe <memcpy>
8000228e:	42c12403          	lw	s0,1068(sp)
80002292:	42812483          	lw	s1,1064(sp)
80002296:	42412903          	lw	s2,1060(sp)
8000229a:	42012983          	lw	s3,1056(sp)
8000229e:	41c12a03          	lw	s4,1052(sp)
800022a2:	41812a83          	lw	s5,1048(sp)
800022a6:	41412b03          	lw	s6,1044(sp)
800022aa:	41012b83          	lw	s7,1040(sp)
800022ae:	40c12c03          	lw	s8,1036(sp)
800022b2:	40812c83          	lw	s9,1032(sp)
800022b6:	40412d03          	lw	s10,1028(sp)
800022ba:	43010113          	add	sp,sp,1072
800022be:	8082                	ret
800022c0:	88ae                	mv	a7,a1
800022c2:	b585                	j	80002122 <sort+0xec>

800022c4 <cputchar>:
800022c4:	fffff697          	auipc	a3,0xfffff
800022c8:	d3c68693          	add	a3,a3,-708 # 80001000 <tohost>
800022cc:	0ff57713          	zext.b	a4,a0
800022d0:	010107b7          	lui	a5,0x1010
800022d4:	c298                	sw	a4,0(a3)
800022d6:	c2dc                	sw	a5,4(a3)
800022d8:	0000100f          	fence.i
800022dc:	8082                	ret

800022de <vprintfmt>:
800022de:	714d                	add	sp,sp,-336
800022e0:	14812423          	sw	s0,328(sp)
800022e4:	15212023          	sw	s2,320(sp)
800022e8:	13312e23          	sw	s3,316(sp)
800022ec:	13512a23          	sw	s5,308(sp)
800022f0:	14112623          	sw	ra,332(sp)
800022f4:	14912223          	sw	s1,324(sp)
800022f8:	13412c23          	sw	s4,312(sp)
800022fc:	13712623          	sw	s7,300(sp)
80002300:	13812423          	sw	s8,296(sp)
80002304:	13a12023          	sw	s10,288(sp)
80002308:	11b12e23          	sw	s11,284(sp)
8000230c:	89aa                	mv	s3,a0
8000230e:	892e                	mv	s2,a1
80002310:	8432                	mv	s0,a2
80002312:	c636                	sw	a3,12(sp)
80002314:	02500a93          	li	s5,37
80002318:	a029                	j	80002322 <vprintfmt+0x44>
8000231a:	c531                	beqz	a0,80002366 <vprintfmt+0x88>
8000231c:	85ca                	mv	a1,s2
8000231e:	0405                	add	s0,s0,1
80002320:	9982                	jalr	s3
80002322:	00044503          	lbu	a0,0(s0)
80002326:	ff551ae3          	bne	a0,s5,8000231a <vprintfmt+0x3c>
8000232a:	00144683          	lbu	a3,1(s0)
8000232e:	00140a13          	add	s4,s0,1
80002332:	02000793          	li	a5,32
80002336:	8752                	mv	a4,s4
80002338:	c43e                	sw	a5,8(sp)
8000233a:	54fd                	li	s1,-1
8000233c:	5c7d                	li	s8,-1
8000233e:	4601                	li	a2,0
80002340:	fdd68793          	add	a5,a3,-35
80002344:	0ff7f793          	zext.b	a5,a5
80002348:	05500593          	li	a1,85
8000234c:	00170413          	add	s0,a4,1
80002350:	06f5e163          	bltu	a1,a5,800023b2 <vprintfmt+0xd4>
80002354:	00001597          	auipc	a1,0x1
80002358:	5a458593          	add	a1,a1,1444 # 800038f8 <main+0x100>
8000235c:	20b7c7b3          	sh2add	a5,a5,a1
80002360:	439c                	lw	a5,0(a5)
80002362:	97ae                	add	a5,a5,a1
80002364:	8782                	jr	a5
80002366:	14c12083          	lw	ra,332(sp)
8000236a:	14812403          	lw	s0,328(sp)
8000236e:	14412483          	lw	s1,324(sp)
80002372:	14012903          	lw	s2,320(sp)
80002376:	13c12983          	lw	s3,316(sp)
8000237a:	13812a03          	lw	s4,312(sp)
8000237e:	13412a83          	lw	s5,308(sp)
80002382:	12c12b83          	lw	s7,300(sp)
80002386:	12812c03          	lw	s8,296(sp)
8000238a:	12012d03          	lw	s10,288(sp)
8000238e:	11c12d83          	lw	s11,284(sp)
80002392:	6171                	add	sp,sp,336
80002394:	8082                	ret
80002396:	c436                	sw	a3,8(sp)
80002398:	00174683          	lbu	a3,1(a4)
8000239c:	05500593          	li	a1,85
800023a0:	8722                	mv	a4,s0
800023a2:	fdd68793          	add	a5,a3,-35
800023a6:	0ff7f793          	zext.b	a5,a5
800023aa:	00170413          	add	s0,a4,1
800023ae:	faf5f3e3          	bgeu	a1,a5,80002354 <vprintfmt+0x76>
800023b2:	85ca                	mv	a1,s2
800023b4:	02500513          	li	a0,37
800023b8:	9982                	jalr	s3
800023ba:	8452                	mv	s0,s4
800023bc:	b79d                	j	80002322 <vprintfmt+0x44>
800023be:	00174783          	lbu	a5,1(a4)
800023c2:	4725                	li	a4,9
800023c4:	fd068493          	add	s1,a3,-48
800023c8:	fd078593          	add	a1,a5,-48 # 100ffd0 <buflen.1+0x100ff90>
800023cc:	86be                	mv	a3,a5
800023ce:	2ab76863          	bltu	a4,a1,8000267e <vprintfmt+0x3a0>
800023d2:	8722                	mv	a4,s0
800023d4:	4525                	li	a0,9
800023d6:	0705                	add	a4,a4,1
800023d8:	2094c4b3          	sh2add	s1,s1,s1
800023dc:	20f4a4b3          	sh1add	s1,s1,a5
800023e0:	00074783          	lbu	a5,0(a4)
800023e4:	fd048493          	add	s1,s1,-48
800023e8:	fd078593          	add	a1,a5,-48
800023ec:	86be                	mv	a3,a5
800023ee:	feb574e3          	bgeu	a0,a1,800023d6 <vprintfmt+0xf8>
800023f2:	f40c57e3          	bgez	s8,80002340 <vprintfmt+0x62>
800023f6:	8c26                	mv	s8,s1
800023f8:	54fd                	li	s1,-1
800023fa:	b799                	j	80002340 <vprintfmt+0x62>
800023fc:	00174683          	lbu	a3,1(a4)
80002400:	8722                	mv	a4,s0
80002402:	bf3d                	j	80002340 <vprintfmt+0x62>
80002404:	85ca                	mv	a1,s2
80002406:	02500513          	li	a0,37
8000240a:	9982                	jalr	s3
8000240c:	bf19                	j	80002322 <vprintfmt+0x44>
8000240e:	47b2                	lw	a5,12(sp)
80002410:	00174683          	lbu	a3,1(a4)
80002414:	8722                	mv	a4,s0
80002416:	4384                	lw	s1,0(a5)
80002418:	0791                	add	a5,a5,4
8000241a:	c63e                	sw	a5,12(sp)
8000241c:	bfd9                	j	800023f2 <vprintfmt+0x114>
8000241e:	85ca                	mv	a1,s2
80002420:	03000513          	li	a0,48
80002424:	13612823          	sw	s6,304(sp)
80002428:	9982                	jalr	s3
8000242a:	85ca                	mv	a1,s2
8000242c:	07800513          	li	a0,120
80002430:	9982                	jalr	s3
80002432:	47b2                	lw	a5,12(sp)
80002434:	4bc1                	li	s7,16
80002436:	4d81                	li	s11,0
80002438:	00478713          	add	a4,a5,4
8000243c:	47b2                	lw	a5,12(sp)
8000243e:	4d01                	li	s10,0
80002440:	4384                	lw	s1,0(a5)
80002442:	c63a                	sw	a4,12(sp)
80002444:	865e                	mv	a2,s7
80002446:	4681                	li	a3,0
80002448:	8526                	mv	a0,s1
8000244a:	85ea                	mv	a1,s10
8000244c:	7c9000ef          	jal	80003414 <__umoddi3>
80002450:	c82a                	sw	a0,16(sp)
80002452:	1dad8c63          	beq	s11,s10,8000262a <vprintfmt+0x34c>
80002456:	13912223          	sw	s9,292(sp)
8000245a:	4b05                	li	s6,1
8000245c:	01410c93          	add	s9,sp,20
80002460:	865e                	mv	a2,s7
80002462:	4681                	li	a3,0
80002464:	8526                	mv	a0,s1
80002466:	85ea                	mv	a1,s10
80002468:	37d000ef          	jal	80002fe4 <__udivdi3>
8000246c:	865e                	mv	a2,s7
8000246e:	4681                	li	a3,0
80002470:	84aa                	mv	s1,a0
80002472:	8d2e                	mv	s10,a1
80002474:	7a1000ef          	jal	80003414 <__umoddi3>
80002478:	00aca023          	sw	a0,0(s9)
8000247c:	8a5a                	mv	s4,s6
8000247e:	0c91                	add	s9,s9,4
80002480:	0b05                	add	s6,s6,1
80002482:	fdad9fe3          	bne	s11,s10,80002460 <vprintfmt+0x182>
80002486:	fd74fde3          	bgeu	s1,s7,80002460 <vprintfmt+0x182>
8000248a:	12412c83          	lw	s9,292(sp)
8000248e:	fffc0b93          	add	s7,s8,-1
80002492:	fffb0493          	add	s1,s6,-1
80002496:	018b5863          	bge	s6,s8,800024a6 <vprintfmt+0x1c8>
8000249a:	4522                	lw	a0,8(sp)
8000249c:	85ca                	mv	a1,s2
8000249e:	1bfd                	add	s7,s7,-1
800024a0:	9982                	jalr	s3
800024a2:	fe9b9ce3          	bne	s7,s1,8000249a <vprintfmt+0x1bc>
800024a6:	0804                	add	s1,sp,16
800024a8:	4b25                	li	s6,9
800024aa:	209a4a33          	sh2add	s4,s4,s1
800024ae:	a011                	j	800024b2 <vprintfmt+0x1d4>
800024b0:	8a3e                	mv	s4,a5
800024b2:	000a2783          	lw	a5,0(s4)
800024b6:	03000513          	li	a0,48
800024ba:	00fb7463          	bgeu	s6,a5,800024c2 <vprintfmt+0x1e4>
800024be:	05700513          	li	a0,87
800024c2:	953e                	add	a0,a0,a5
800024c4:	85ca                	mv	a1,s2
800024c6:	9982                	jalr	s3
800024c8:	ffca0793          	add	a5,s4,-4
800024cc:	ff4492e3          	bne	s1,s4,800024b0 <vprintfmt+0x1d2>
800024d0:	13012b03          	lw	s6,304(sp)
800024d4:	b5b9                	j	80002322 <vprintfmt+0x44>
800024d6:	13612823          	sw	s6,304(sp)
800024da:	4785                	li	a5,1
800024dc:	14c7cc63          	blt	a5,a2,80002634 <vprintfmt+0x356>
800024e0:	47b2                	lw	a5,12(sp)
800024e2:	4384                	lw	s1,0(a5)
800024e4:	0791                	add	a5,a5,4
800024e6:	c63e                	sw	a5,12(sp)
800024e8:	41f4dd13          	sra	s10,s1,0x1f
800024ec:	000d5e63          	bgez	s10,80002508 <vprintfmt+0x22a>
800024f0:	85ca                	mv	a1,s2
800024f2:	02d00513          	li	a0,45
800024f6:	9982                	jalr	s3
800024f8:	00903733          	snez	a4,s1
800024fc:	41a007b3          	neg	a5,s10
80002500:	409004b3          	neg	s1,s1
80002504:	40e78d33          	sub	s10,a5,a4
80002508:	4ba9                	li	s7,10
8000250a:	4d81                	li	s11,0
8000250c:	bf25                	j	80002444 <vprintfmt+0x166>
8000250e:	00174683          	lbu	a3,1(a4)
80002512:	0605                	add	a2,a2,1
80002514:	8722                	mv	a4,s0
80002516:	b52d                	j	80002340 <vprintfmt+0x62>
80002518:	13612823          	sw	s6,304(sp)
8000251c:	4bc1                	li	s7,16
8000251e:	4d81                	li	s11,0
80002520:	4785                	li	a5,1
80002522:	0ec7c363          	blt	a5,a2,80002608 <vprintfmt+0x32a>
80002526:	47b2                	lw	a5,12(sp)
80002528:	00478713          	add	a4,a5,4
8000252c:	bf01                	j	8000243c <vprintfmt+0x15e>
8000252e:	47b2                	lw	a5,12(sp)
80002530:	13912223          	sw	s9,292(sp)
80002534:	0007aa03          	lw	s4,0(a5)
80002538:	00478c93          	add	s9,a5,4
8000253c:	040a0a63          	beqz	s4,80002590 <vprintfmt+0x2b2>
80002540:	09805c63          	blez	s8,800025d8 <vprintfmt+0x2fa>
80002544:	4722                	lw	a4,8(sp)
80002546:	02d00793          	li	a5,45
8000254a:	06f71063          	bne	a4,a5,800025aa <vprintfmt+0x2cc>
8000254e:	000a4503          	lbu	a0,0(s4)
80002552:	c505                	beqz	a0,8000257a <vprintfmt+0x29c>
80002554:	13612823          	sw	s6,304(sp)
80002558:	5b7d                	li	s6,-1
8000255a:	0004c563          	bltz	s1,80002564 <vprintfmt+0x286>
8000255e:	14fd                	add	s1,s1,-1
80002560:	01648963          	beq	s1,s6,80002572 <vprintfmt+0x294>
80002564:	85ca                	mv	a1,s2
80002566:	9982                	jalr	s3
80002568:	001a4503          	lbu	a0,1(s4)
8000256c:	1c7d                	add	s8,s8,-1
8000256e:	0a05                	add	s4,s4,1
80002570:	f56d                	bnez	a0,8000255a <vprintfmt+0x27c>
80002572:	13012b03          	lw	s6,304(sp)
80002576:	01805963          	blez	s8,80002588 <vprintfmt+0x2aa>
8000257a:	85ca                	mv	a1,s2
8000257c:	02000513          	li	a0,32
80002580:	1c7d                	add	s8,s8,-1
80002582:	9982                	jalr	s3
80002584:	fe0c1be3          	bnez	s8,8000257a <vprintfmt+0x29c>
80002588:	c666                	sw	s9,12(sp)
8000258a:	12412c83          	lw	s9,292(sp)
8000258e:	bb51                	j	80002322 <vprintfmt+0x44>
80002590:	0d805d63          	blez	s8,8000266a <vprintfmt+0x38c>
80002594:	4722                	lw	a4,8(sp)
80002596:	02d00793          	li	a5,45
8000259a:	00001a17          	auipc	s4,0x1
8000259e:	2dea0a13          	add	s4,s4,734 # 80003878 <main+0x80>
800025a2:	02800513          	li	a0,40
800025a6:	faf707e3          	beq	a4,a5,80002554 <vprintfmt+0x276>
800025aa:	87d2                	mv	a5,s4
800025ac:	009a06b3          	add	a3,s4,s1
800025b0:	e489                	bnez	s1,800025ba <vprintfmt+0x2dc>
800025b2:	a829                	j	800025cc <vprintfmt+0x2ee>
800025b4:	0785                	add	a5,a5,1
800025b6:	00d78563          	beq	a5,a3,800025c0 <vprintfmt+0x2e2>
800025ba:	0007c703          	lbu	a4,0(a5)
800025be:	fb7d                	bnez	a4,800025b4 <vprintfmt+0x2d6>
800025c0:	414787b3          	sub	a5,a5,s4
800025c4:	40fc0c33          	sub	s8,s8,a5
800025c8:	01805863          	blez	s8,800025d8 <vprintfmt+0x2fa>
800025cc:	4522                	lw	a0,8(sp)
800025ce:	85ca                	mv	a1,s2
800025d0:	1c7d                	add	s8,s8,-1
800025d2:	9982                	jalr	s3
800025d4:	fe0c1ce3          	bnez	s8,800025cc <vprintfmt+0x2ee>
800025d8:	000a4503          	lbu	a0,0(s4)
800025dc:	d555                	beqz	a0,80002588 <vprintfmt+0x2aa>
800025de:	13612823          	sw	s6,304(sp)
800025e2:	bf9d                	j	80002558 <vprintfmt+0x27a>
800025e4:	00174683          	lbu	a3,1(a4)
800025e8:	0a0c6c33          	max	s8,s8,zero
800025ec:	8722                	mv	a4,s0
800025ee:	bb89                	j	80002340 <vprintfmt+0x62>
800025f0:	47b2                	lw	a5,12(sp)
800025f2:	13912223          	sw	s9,292(sp)
800025f6:	85ca                	mv	a1,s2
800025f8:	4388                	lw	a0,0(a5)
800025fa:	00478c93          	add	s9,a5,4
800025fe:	9982                	jalr	s3
80002600:	c666                	sw	s9,12(sp)
80002602:	12412c83          	lw	s9,292(sp)
80002606:	bb31                	j	80002322 <vprintfmt+0x44>
80002608:	47b2                	lw	a5,12(sp)
8000260a:	13912223          	sw	s9,292(sp)
8000260e:	00778c93          	add	s9,a5,7
80002612:	ff8cfc93          	and	s9,s9,-8
80002616:	008c8793          	add	a5,s9,8
8000261a:	000ca483          	lw	s1,0(s9)
8000261e:	004cad03          	lw	s10,4(s9)
80002622:	c63e                	sw	a5,12(sp)
80002624:	12412c83          	lw	s9,292(sp)
80002628:	bd31                	j	80002444 <vprintfmt+0x166>
8000262a:	e374f6e3          	bgeu	s1,s7,80002456 <vprintfmt+0x178>
8000262e:	4a01                	li	s4,0
80002630:	4b05                	li	s6,1
80002632:	bdb1                	j	8000248e <vprintfmt+0x1b0>
80002634:	47b2                	lw	a5,12(sp)
80002636:	13912223          	sw	s9,292(sp)
8000263a:	00778c93          	add	s9,a5,7
8000263e:	ff8cfc93          	and	s9,s9,-8
80002642:	008c8793          	add	a5,s9,8
80002646:	000ca483          	lw	s1,0(s9)
8000264a:	004cad03          	lw	s10,4(s9)
8000264e:	c63e                	sw	a5,12(sp)
80002650:	12412c83          	lw	s9,292(sp)
80002654:	bd61                	j	800024ec <vprintfmt+0x20e>
80002656:	13612823          	sw	s6,304(sp)
8000265a:	4ba9                	li	s7,10
8000265c:	4d81                	li	s11,0
8000265e:	b5c9                	j	80002520 <vprintfmt+0x242>
80002660:	13612823          	sw	s6,304(sp)
80002664:	4ba1                	li	s7,8
80002666:	4d81                	li	s11,0
80002668:	bd65                	j	80002520 <vprintfmt+0x242>
8000266a:	13612823          	sw	s6,304(sp)
8000266e:	00001a17          	auipc	s4,0x1
80002672:	20aa0a13          	add	s4,s4,522 # 80003878 <main+0x80>
80002676:	02800513          	li	a0,40
8000267a:	5b7d                	li	s6,-1
8000267c:	bdf9                	j	8000255a <vprintfmt+0x27c>
8000267e:	8722                	mv	a4,s0
80002680:	bb8d                	j	800023f2 <vprintfmt+0x114>

80002682 <sprintf_putch.0>:
80002682:	419c                	lw	a5,0(a1)
80002684:	00a78023          	sb	a0,0(a5)
80002688:	419c                	lw	a5,0(a1)
8000268a:	0785                	add	a5,a5,1
8000268c:	c19c                	sw	a5,0(a1)
8000268e:	8082                	ret

80002690 <setStats>:
80002690:	b0002773          	csrr	a4,mcycle
80002694:	00005797          	auipc	a5,0x5
80002698:	51478793          	add	a5,a5,1300 # 80007ba8 <counters>
8000269c:	c511                	beqz	a0,800026a8 <setStats+0x18>
8000269e:	c398                	sw	a4,0(a5)
800026a0:	b0202773          	csrr	a4,minstret
800026a4:	c3d8                	sw	a4,4(a5)
800026a6:	8082                	ret
800026a8:	4390                	lw	a2,0(a5)
800026aa:	00005697          	auipc	a3,0x5
800026ae:	4f668693          	add	a3,a3,1270 # 80007ba0 <counter_names>
800026b2:	8f11                	sub	a4,a4,a2
800026b4:	00001617          	auipc	a2,0x1
800026b8:	1d060613          	add	a2,a2,464 # 80003884 <main+0x8c>
800026bc:	c290                	sw	a2,0(a3)
800026be:	c398                	sw	a4,0(a5)
800026c0:	b0202773          	csrr	a4,minstret
800026c4:	43d0                	lw	a2,4(a5)
800026c6:	00001597          	auipc	a1,0x1
800026ca:	1c658593          	add	a1,a1,454 # 8000388c <main+0x94>
800026ce:	c2cc                	sw	a1,4(a3)
800026d0:	8f11                	sub	a4,a4,a2
800026d2:	c3d8                	sw	a4,4(a5)
800026d4:	8082                	ret

800026d6 <tohost_exit>:
800026d6:	00151693          	sll	a3,a0,0x1
800026da:	0016e713          	or	a4,a3,1
800026de:	fffff697          	auipc	a3,0xfffff
800026e2:	92268693          	add	a3,a3,-1758 # 80001000 <tohost>
800026e6:	4781                	li	a5,0
800026e8:	c298                	sw	a4,0(a3)
800026ea:	c2dc                	sw	a5,4(a3)
800026ec:	0000100f          	fence.i
800026f0:	a001                	j	800026f0 <tohost_exit+0x1a>

800026f2 <handle_trap>:
800026f2:	1141                	add	sp,sp,-16
800026f4:	53900513          	li	a0,1337
800026f8:	c606                	sw	ra,12(sp)
800026fa:	3ff1                	jal	800026d6 <tohost_exit>

800026fc <exit>:
800026fc:	1141                	add	sp,sp,-16
800026fe:	c606                	sw	ra,12(sp)
80002700:	3fd9                	jal	800026d6 <tohost_exit>

80002702 <abort>:
80002702:	1141                	add	sp,sp,-16
80002704:	08600513          	li	a0,134
80002708:	c606                	sw	ra,12(sp)
8000270a:	37f1                	jal	800026d6 <tohost_exit>

8000270c <printstr>:
8000270c:	00054783          	lbu	a5,0(a0)
80002710:	7119                	add	sp,sp,-128
80002712:	03f10613          	add	a2,sp,63
80002716:	882a                	mv	a6,a0
80002718:	fc067613          	and	a2,a2,-64
8000271c:	4881                	li	a7,0
8000271e:	cba5                	beqz	a5,8000278e <printstr+0x82>
80002720:	87aa                	mv	a5,a0
80002722:	0017c703          	lbu	a4,1(a5)
80002726:	0785                	add	a5,a5,1
80002728:	ff6d                	bnez	a4,80002722 <printstr+0x16>
8000272a:	40a78333          	sub	t1,a5,a0
8000272e:	4381                	li	t2,0
80002730:	04000713          	li	a4,64
80002734:	c218                	sw	a4,0(a2)
80002736:	4781                	li	a5,0
80002738:	c25c                	sw	a5,4(a2)
8000273a:	4705                	li	a4,1
8000273c:	c618                	sw	a4,8(a2)
8000273e:	4781                	li	a5,0
80002740:	c65c                	sw	a5,12(a2)
80002742:	01062823          	sw	a6,16(a2)
80002746:	01162a23          	sw	a7,20(a2)
8000274a:	00662c23          	sw	t1,24(a2)
8000274e:	00762e23          	sw	t2,28(a2)
80002752:	0ff0000f          	fence
80002756:	fffff697          	auipc	a3,0xfffff
8000275a:	8aa68693          	add	a3,a3,-1878 # 80001000 <tohost>
8000275e:	4781                	li	a5,0
80002760:	c290                	sw	a2,0(a3)
80002762:	c2dc                	sw	a5,4(a3)
80002764:	0000100f          	fence.i
80002768:	fffff697          	auipc	a3,0xfffff
8000276c:	8d868693          	add	a3,a3,-1832 # 80001040 <fromhost>
80002770:	4298                	lw	a4,0(a3)
80002772:	42dc                	lw	a5,4(a3)
80002774:	8f5d                	or	a4,a4,a5
80002776:	df6d                	beqz	a4,80002770 <printstr+0x64>
80002778:	4781                	li	a5,0
8000277a:	c29c                	sw	a5,0(a3)
8000277c:	4801                	li	a6,0
8000277e:	0106a223          	sw	a6,4(a3)
80002782:	0ff0000f          	fence
80002786:	4218                	lw	a4,0(a2)
80002788:	425c                	lw	a5,4(a2)
8000278a:	6109                	add	sp,sp,128
8000278c:	8082                	ret
8000278e:	4301                	li	t1,0
80002790:	4381                	li	t2,0
80002792:	bf79                	j	80002730 <printstr+0x24>

80002794 <thread_entry>:
80002794:	c111                	beqz	a0,80002798 <thread_entry+0x4>
80002796:	a001                	j	80002796 <thread_entry+0x2>
80002798:	8082                	ret

8000279a <putchar>:
8000279a:	04022803          	lw	a6,64(tp) # 40 <buflen.1>
8000279e:	00020793          	mv	a5,tp
800027a2:	97c2                	add	a5,a5,a6
800027a4:	7119                	add	sp,sp,-128
800027a6:	00180713          	add	a4,a6,1
800027aa:	04e22023          	sw	a4,64(tp) # 40 <buflen.1>
800027ae:	00a78023          	sb	a0,0(a5)
800027b2:	03f10693          	add	a3,sp,63
800027b6:	47a9                	li	a5,10
800027b8:	fc06f693          	and	a3,a3,-64
800027bc:	00f50963          	beq	a0,a5,800027ce <putchar+0x34>
800027c0:	04000793          	li	a5,64
800027c4:	00f70563          	beq	a4,a5,800027ce <putchar+0x34>
800027c8:	4501                	li	a0,0
800027ca:	6109                	add	sp,sp,128
800027cc:	8082                	ret
800027ce:	04000813          	li	a6,64
800027d2:	0106a023          	sw	a6,0(a3)
800027d6:	4881                	li	a7,0
800027d8:	0116a223          	sw	a7,4(a3)
800027dc:	4e05                	li	t3,1
800027de:	01c6a423          	sw	t3,8(a3)
800027e2:	4e81                	li	t4,0
800027e4:	01d6a623          	sw	t4,12(a3)
800027e8:	00020313          	mv	t1,tp
800027ec:	0066a823          	sw	t1,16(a3)
800027f0:	4381                	li	t2,0
800027f2:	0076aa23          	sw	t2,20(a3)
800027f6:	ce98                	sw	a4,24(a3)
800027f8:	41f75893          	sra	a7,a4,0x1f
800027fc:	0116ae23          	sw	a7,28(a3)
80002800:	0ff0000f          	fence
80002804:	ffffe617          	auipc	a2,0xffffe
80002808:	7fc60613          	add	a2,a2,2044 # 80001000 <tohost>
8000280c:	4781                	li	a5,0
8000280e:	c214                	sw	a3,0(a2)
80002810:	c25c                	sw	a5,4(a2)
80002812:	0000100f          	fence.i
80002816:	fffff617          	auipc	a2,0xfffff
8000281a:	82a60613          	add	a2,a2,-2006 # 80001040 <fromhost>
8000281e:	4218                	lw	a4,0(a2)
80002820:	425c                	lw	a5,4(a2)
80002822:	8f5d                	or	a4,a4,a5
80002824:	df6d                	beqz	a4,8000281e <putchar+0x84>
80002826:	4781                	li	a5,0
80002828:	c21c                	sw	a5,0(a2)
8000282a:	4801                	li	a6,0
8000282c:	01062223          	sw	a6,4(a2)
80002830:	0ff0000f          	fence
80002834:	04022023          	sw	zero,64(tp) # 40 <buflen.1>
80002838:	4298                	lw	a4,0(a3)
8000283a:	4501                	li	a0,0
8000283c:	42dc                	lw	a5,4(a3)
8000283e:	6109                	add	sp,sp,128
80002840:	8082                	ret

80002842 <printhex>:
80002842:	7179                	add	sp,sp,-48
80002844:	872a                	mv	a4,a0
80002846:	d606                	sw	ra,44(sp)
80002848:	0068                	add	a0,sp,12
8000284a:	01b10693          	add	a3,sp,27
8000284e:	4825                	li	a6,9
80002850:	a011                	j	80002854 <printhex+0x12>
80002852:	86be                	mv	a3,a5
80002854:	00f77793          	and	a5,a4,15
80002858:	00f837b3          	sltu	a5,a6,a5
8000285c:	40f007b3          	neg	a5,a5
80002860:	0277f793          	and	a5,a5,39
80002864:	00f77613          	and	a2,a4,15
80002868:	03078793          	add	a5,a5,48
8000286c:	97b2                	add	a5,a5,a2
8000286e:	00f68023          	sb	a5,0(a3)
80002872:	01c59613          	sll	a2,a1,0x1c
80002876:	8311                	srl	a4,a4,0x4
80002878:	fff68793          	add	a5,a3,-1
8000287c:	8f51                	or	a4,a4,a2
8000287e:	8191                	srl	a1,a1,0x4
80002880:	fcd519e3          	bne	a0,a3,80002852 <printhex+0x10>
80002884:	00010e23          	sb	zero,28(sp)
80002888:	3551                	jal	8000270c <printstr>
8000288a:	50b2                	lw	ra,44(sp)
8000288c:	6145                	add	sp,sp,48
8000288e:	8082                	ret

80002890 <printf>:
80002890:	7139                	add	sp,sp,-64
80002892:	02410313          	add	t1,sp,36
80002896:	d22e                	sw	a1,36(sp)
80002898:	d432                	sw	a2,40(sp)
8000289a:	d636                	sw	a3,44(sp)
8000289c:	862a                	mv	a2,a0
8000289e:	869a                	mv	a3,t1
800028a0:	00000517          	auipc	a0,0x0
800028a4:	a2450513          	add	a0,a0,-1500 # 800022c4 <cputchar>
800028a8:	4581                	li	a1,0
800028aa:	ce06                	sw	ra,28(sp)
800028ac:	d83a                	sw	a4,48(sp)
800028ae:	da3e                	sw	a5,52(sp)
800028b0:	dc42                	sw	a6,56(sp)
800028b2:	de46                	sw	a7,60(sp)
800028b4:	c61a                	sw	t1,12(sp)
800028b6:	3425                	jal	800022de <vprintfmt>
800028b8:	40f2                	lw	ra,28(sp)
800028ba:	4501                	li	a0,0
800028bc:	6121                	add	sp,sp,64
800028be:	8082                	ret

800028c0 <sprintf>:
800028c0:	715d                	add	sp,sp,-80
800028c2:	03810e13          	add	t3,sp,56
800028c6:	d422                	sw	s0,40(sp)
800028c8:	c62a                	sw	a0,12(sp)
800028ca:	842a                	mv	s0,a0
800028cc:	dc32                	sw	a2,56(sp)
800028ce:	de36                	sw	a3,60(sp)
800028d0:	862e                	mv	a2,a1
800028d2:	00000517          	auipc	a0,0x0
800028d6:	db050513          	add	a0,a0,-592 # 80002682 <sprintf_putch.0>
800028da:	006c                	add	a1,sp,12
800028dc:	86f2                	mv	a3,t3
800028de:	d606                	sw	ra,44(sp)
800028e0:	c2be                	sw	a5,68(sp)
800028e2:	c0ba                	sw	a4,64(sp)
800028e4:	c4c2                	sw	a6,72(sp)
800028e6:	c6c6                	sw	a7,76(sp)
800028e8:	ce72                	sw	t3,28(sp)
800028ea:	3ad5                	jal	800022de <vprintfmt>
800028ec:	47b2                	lw	a5,12(sp)
800028ee:	00078023          	sb	zero,0(a5)
800028f2:	4532                	lw	a0,12(sp)
800028f4:	50b2                	lw	ra,44(sp)
800028f6:	8d01                	sub	a0,a0,s0
800028f8:	5422                	lw	s0,40(sp)
800028fa:	6161                	add	sp,sp,80
800028fc:	8082                	ret

800028fe <memcpy>:
800028fe:	00c5e7b3          	or	a5,a1,a2
80002902:	8fc9                	or	a5,a5,a0
80002904:	8b8d                	and	a5,a5,3
80002906:	00c50833          	add	a6,a0,a2
8000290a:	cf91                	beqz	a5,80002926 <memcpy+0x28>
8000290c:	962e                	add	a2,a2,a1
8000290e:	87aa                	mv	a5,a0
80002910:	09057b63          	bgeu	a0,a6,800029a6 <memcpy+0xa8>
80002914:	0005c703          	lbu	a4,0(a1)
80002918:	0585                	add	a1,a1,1
8000291a:	0785                	add	a5,a5,1
8000291c:	fee78fa3          	sb	a4,-1(a5)
80002920:	fec59ae3          	bne	a1,a2,80002914 <memcpy+0x16>
80002924:	8082                	ret
80002926:	02050693          	add	a3,a0,32
8000292a:	0706ff63          	bgeu	a3,a6,800029a8 <memcpy+0xaa>
8000292e:	87b6                	mv	a5,a3
80002930:	872e                	mv	a4,a1
80002932:	00072383          	lw	t2,0(a4)
80002936:	00472283          	lw	t0,4(a4)
8000293a:	00872f83          	lw	t6,8(a4)
8000293e:	00c72f03          	lw	t5,12(a4)
80002942:	01072e83          	lw	t4,16(a4)
80002946:	01472e03          	lw	t3,20(a4)
8000294a:	01872303          	lw	t1,24(a4)
8000294e:	01c72883          	lw	a7,28(a4)
80002952:	02078793          	add	a5,a5,32
80002956:	fc77a023          	sw	t2,-64(a5)
8000295a:	fc57a223          	sw	t0,-60(a5)
8000295e:	fdf7a423          	sw	t6,-56(a5)
80002962:	fde7a623          	sw	t5,-52(a5)
80002966:	fdd7a823          	sw	t4,-48(a5)
8000296a:	fdc7aa23          	sw	t3,-44(a5)
8000296e:	fc67ac23          	sw	t1,-40(a5)
80002972:	fd17ae23          	sw	a7,-36(a5)
80002976:	02070713          	add	a4,a4,32
8000297a:	fb07ece3          	bltu	a5,a6,80002932 <memcpy+0x34>
8000297e:	fdf60613          	add	a2,a2,-33
80002982:	fe067793          	and	a5,a2,-32
80002986:	02078793          	add	a5,a5,32
8000298a:	9a01                	and	a2,a2,-32
8000298c:	95be                	add	a1,a1,a5
8000298e:	00c687b3          	add	a5,a3,a2
80002992:	f907f9e3          	bgeu	a5,a6,80002924 <memcpy+0x26>
80002996:	4198                	lw	a4,0(a1)
80002998:	0791                	add	a5,a5,4
8000299a:	0591                	add	a1,a1,4
8000299c:	fee7ae23          	sw	a4,-4(a5)
800029a0:	ff07ebe3          	bltu	a5,a6,80002996 <memcpy+0x98>
800029a4:	8082                	ret
800029a6:	8082                	ret
800029a8:	87aa                	mv	a5,a0
800029aa:	b7e5                	j	80002992 <memcpy+0x94>

800029ac <memset>:
800029ac:	00c567b3          	or	a5,a0,a2
800029b0:	8b8d                	and	a5,a5,3
800029b2:	962a                	add	a2,a2,a0
800029b4:	cf81                	beqz	a5,800029cc <memset+0x20>
800029b6:	0ff5f593          	zext.b	a1,a1
800029ba:	87aa                	mv	a5,a0
800029bc:	02c57963          	bgeu	a0,a2,800029ee <memset+0x42>
800029c0:	0785                	add	a5,a5,1
800029c2:	feb78fa3          	sb	a1,-1(a5)
800029c6:	fec79de3          	bne	a5,a2,800029c0 <memset+0x14>
800029ca:	8082                	ret
800029cc:	0ff5f593          	zext.b	a1,a1
800029d0:	00859713          	sll	a4,a1,0x8
800029d4:	972e                	add	a4,a4,a1
800029d6:	01071793          	sll	a5,a4,0x10
800029da:	973e                	add	a4,a4,a5
800029dc:	fec577e3          	bgeu	a0,a2,800029ca <memset+0x1e>
800029e0:	87aa                	mv	a5,a0
800029e2:	0791                	add	a5,a5,4
800029e4:	fee7ae23          	sw	a4,-4(a5)
800029e8:	fec7ede3          	bltu	a5,a2,800029e2 <memset+0x36>
800029ec:	8082                	ret
800029ee:	8082                	ret

800029f0 <_init>:
800029f0:	7135                	add	sp,sp,-160
800029f2:	00007797          	auipc	a5,0x7
800029f6:	1be78793          	add	a5,a5,446 # 80009bb0 <_tdata_begin>
800029fa:	c552                	sw	s4,136(sp)
800029fc:	00007a17          	auipc	s4,0x7
80002a00:	1b4a0a13          	add	s4,s4,436 # 80009bb0 <_tdata_begin>
80002a04:	c74e                	sw	s3,140(sp)
80002a06:	40fa09b3          	sub	s3,s4,a5
80002a0a:	cb26                	sw	s1,148(sp)
80002a0c:	c94a                	sw	s2,144(sp)
80002a0e:	84aa                	mv	s1,a0
80002a10:	892e                	mv	s2,a1
80002a12:	8512                	mv	a0,tp
80002a14:	85be                	mv	a1,a5
80002a16:	864e                	mv	a2,s3
80002a18:	cf06                	sw	ra,156(sp)
80002a1a:	cd22                	sw	s0,152(sp)
80002a1c:	c356                	sw	s5,132(sp)
80002a1e:	8a92                	mv	s5,tp
80002a20:	3df9                	jal	800028fe <memcpy>
80002a22:	00007617          	auipc	a2,0x7
80002a26:	1e260613          	add	a2,a2,482 # 80009c04 <_tbss_end>
80002a2a:	41460633          	sub	a2,a2,s4
80002a2e:	4581                	li	a1,0
80002a30:	013a8533          	add	a0,s5,s3
80002a34:	3fa5                	jal	800029ac <memset>
80002a36:	85ca                	mv	a1,s2
80002a38:	8526                	mv	a0,s1
80002a3a:	3ba9                	jal	80002794 <thread_entry>
80002a3c:	03f10413          	add	s0,sp,63
80002a40:	00001517          	auipc	a0,0x1
80002a44:	e7050513          	add	a0,a0,-400 # 800038b0 <main+0xb8>
80002a48:	35a1                	jal	80002890 <printf>
80002a4a:	fc047413          	and	s0,s0,-64
80002a4e:	b0002a73          	csrr	s4,mcycle
80002a52:	b0202973          	csrr	s2,minstret
80002a56:	4581                	li	a1,0
80002a58:	4501                	li	a0,0
80002a5a:	59f000ef          	jal	800037f8 <main>
80002a5e:	84aa                	mv	s1,a0
80002a60:	b00025f3          	csrr	a1,mcycle
80002a64:	b02029f3          	csrr	s3,minstret
80002a68:	00001517          	auipc	a0,0x1
80002a6c:	e5850513          	add	a0,a0,-424 # 800038c0 <main+0xc8>
80002a70:	414585b3          	sub	a1,a1,s4
80002a74:	3d31                	jal	80002890 <printf>
80002a76:	412985b3          	sub	a1,s3,s2
80002a7a:	00001517          	auipc	a0,0x1
80002a7e:	e5a50513          	add	a0,a0,-422 # 800038d4 <main+0xdc>
80002a82:	3539                	jal	80002890 <printf>
80002a84:	00005917          	auipc	s2,0x5
80002a88:	12490913          	add	s2,s2,292 # 80007ba8 <counters>
80002a8c:	00092683          	lw	a3,0(s2)
80002a90:	ea8d                	bnez	a3,80002ac2 <_init+0xd2>
80002a92:	00492683          	lw	a3,4(s2)
80002a96:	e299                	bnez	a3,80002a9c <_init+0xac>
80002a98:	8526                	mv	a0,s1
80002a9a:	3935                	jal	800026d6 <tohost_exit>
80002a9c:	8922                	mv	s2,s0
80002a9e:	00005997          	auipc	s3,0x5
80002aa2:	10298993          	add	s3,s3,258 # 80007ba0 <counter_names>
80002aa6:	0049a603          	lw	a2,4(s3)
80002aaa:	854a                	mv	a0,s2
80002aac:	00001597          	auipc	a1,0x1
80002ab0:	e4058593          	add	a1,a1,-448 # 800038ec <main+0xf4>
80002ab4:	3531                	jal	800028c0 <sprintf>
80002ab6:	992a                	add	s2,s2,a0
80002ab8:	ff2400e3          	beq	s0,s2,80002a98 <_init+0xa8>
80002abc:	8522                	mv	a0,s0
80002abe:	31b9                	jal	8000270c <printstr>
80002ac0:	bfe1                	j	80002a98 <_init+0xa8>
80002ac2:	00005997          	auipc	s3,0x5
80002ac6:	0de98993          	add	s3,s3,222 # 80007ba0 <counter_names>
80002aca:	0009a603          	lw	a2,0(s3)
80002ace:	00001597          	auipc	a1,0x1
80002ad2:	e1e58593          	add	a1,a1,-482 # 800038ec <main+0xf4>
80002ad6:	8522                	mv	a0,s0
80002ad8:	33e5                	jal	800028c0 <sprintf>
80002ada:	00492683          	lw	a3,4(s2)
80002ade:	00a40933          	add	s2,s0,a0
80002ae2:	daf9                	beqz	a3,80002ab8 <_init+0xc8>
80002ae4:	b7c9                	j	80002aa6 <_init+0xb6>

80002ae6 <strlen>:
80002ae6:	00054783          	lbu	a5,0(a0)
80002aea:	cb89                	beqz	a5,80002afc <strlen+0x16>
80002aec:	87aa                	mv	a5,a0
80002aee:	0017c703          	lbu	a4,1(a5)
80002af2:	0785                	add	a5,a5,1
80002af4:	ff6d                	bnez	a4,80002aee <strlen+0x8>
80002af6:	40a78533          	sub	a0,a5,a0
80002afa:	8082                	ret
80002afc:	4501                	li	a0,0
80002afe:	8082                	ret

80002b00 <strnlen>:
80002b00:	00b506b3          	add	a3,a0,a1
80002b04:	87aa                	mv	a5,a0
80002b06:	e589                	bnez	a1,80002b10 <strnlen+0x10>
80002b08:	a829                	j	80002b22 <strnlen+0x22>
80002b0a:	0785                	add	a5,a5,1
80002b0c:	00f68863          	beq	a3,a5,80002b1c <strnlen+0x1c>
80002b10:	0007c703          	lbu	a4,0(a5)
80002b14:	fb7d                	bnez	a4,80002b0a <strnlen+0xa>
80002b16:	40a78533          	sub	a0,a5,a0
80002b1a:	8082                	ret
80002b1c:	40a68533          	sub	a0,a3,a0
80002b20:	8082                	ret
80002b22:	4501                	li	a0,0
80002b24:	8082                	ret

80002b26 <strcmp>:
80002b26:	00054783          	lbu	a5,0(a0)
80002b2a:	0585                	add	a1,a1,1
80002b2c:	0505                	add	a0,a0,1
80002b2e:	fff5c703          	lbu	a4,-1(a1)
80002b32:	c791                	beqz	a5,80002b3e <strcmp+0x18>
80002b34:	fee789e3          	beq	a5,a4,80002b26 <strcmp>
80002b38:	40e78533          	sub	a0,a5,a4
80002b3c:	8082                	ret
80002b3e:	4781                	li	a5,0
80002b40:	bfe5                	j	80002b38 <strcmp+0x12>

80002b42 <strcpy>:
80002b42:	87aa                	mv	a5,a0
80002b44:	0005c703          	lbu	a4,0(a1)
80002b48:	0785                	add	a5,a5,1
80002b4a:	0585                	add	a1,a1,1
80002b4c:	fee78fa3          	sb	a4,-1(a5)
80002b50:	fb75                	bnez	a4,80002b44 <strcpy+0x2>
80002b52:	8082                	ret

80002b54 <atol>:
80002b54:	00054703          	lbu	a4,0(a0)
80002b58:	02000693          	li	a3,32
80002b5c:	87aa                	mv	a5,a0
80002b5e:	00d71763          	bne	a4,a3,80002b6c <atol+0x18>
80002b62:	0017c703          	lbu	a4,1(a5)
80002b66:	0785                	add	a5,a5,1
80002b68:	fed70de3          	beq	a4,a3,80002b62 <atol+0xe>
80002b6c:	02d00693          	li	a3,45
80002b70:	02d70f63          	beq	a4,a3,80002bae <atol+0x5a>
80002b74:	02b00693          	li	a3,43
80002b78:	02d70563          	beq	a4,a3,80002ba2 <atol+0x4e>
80002b7c:	0007c703          	lbu	a4,0(a5)
80002b80:	4601                	li	a2,0
80002b82:	cb1d                	beqz	a4,80002bb8 <atol+0x64>
80002b84:	4501                	li	a0,0
80002b86:	0785                	add	a5,a5,1
80002b88:	fd070693          	add	a3,a4,-48
80002b8c:	0007c703          	lbu	a4,0(a5)
80002b90:	20a54533          	sh2add	a0,a0,a0
80002b94:	20d52533          	sh1add	a0,a0,a3
80002b98:	f77d                	bnez	a4,80002b86 <atol+0x32>
80002b9a:	c205                	beqz	a2,80002bba <atol+0x66>
80002b9c:	40a00533          	neg	a0,a0
80002ba0:	8082                	ret
80002ba2:	0017c703          	lbu	a4,1(a5)
80002ba6:	0785                	add	a5,a5,1
80002ba8:	cb01                	beqz	a4,80002bb8 <atol+0x64>
80002baa:	4601                	li	a2,0
80002bac:	bfe1                	j	80002b84 <atol+0x30>
80002bae:	0017c703          	lbu	a4,1(a5)
80002bb2:	4605                	li	a2,1
80002bb4:	0785                	add	a5,a5,1
80002bb6:	f779                	bnez	a4,80002b84 <atol+0x30>
80002bb8:	4501                	li	a0,0
80002bba:	8082                	ret

80002bbc <__moddi3>:
80002bbc:	00058e13          	mv	t3,a1
80002bc0:	00000813          	li	a6,0
80002bc4:	0005dc63          	bgez	a1,80002bdc <__moddi3+0x20>
80002bc8:	00a037b3          	snez	a5,a0
80002bcc:	40b00e33          	neg	t3,a1
80002bd0:	40fe0e33          	sub	t3,t3,a5
80002bd4:	40a00533          	neg	a0,a0
80002bd8:	fff00813          	li	a6,-1
80002bdc:	0006da63          	bgez	a3,80002bf0 <__moddi3+0x34>
80002be0:	00c037b3          	snez	a5,a2
80002be4:	40d006b3          	neg	a3,a3
80002be8:	40f686b3          	sub	a3,a3,a5
80002bec:	40c00633          	neg	a2,a2
80002bf0:	00060893          	mv	a7,a2
80002bf4:	00050793          	mv	a5,a0
80002bf8:	000e0593          	mv	a1,t3
80002bfc:	22069063          	bnez	a3,80002e1c <__moddi3+0x260>
80002c00:	80004737          	lui	a4,0x80004
80002c04:	a5070713          	add	a4,a4,-1456 # 80003a50 <__clz_tab>
80002c08:	0ece7663          	bgeu	t3,a2,80002cf4 <__moddi3+0x138>
80002c0c:	000106b7          	lui	a3,0x10
80002c10:	0cd67863          	bgeu	a2,a3,80002ce0 <__moddi3+0x124>
80002c14:	10063693          	sltiu	a3,a2,256
80002c18:	0016b693          	seqz	a3,a3
80002c1c:	00369693          	sll	a3,a3,0x3
80002c20:	00d65333          	srl	t1,a2,a3
80002c24:	00670733          	add	a4,a4,t1
80002c28:	00074703          	lbu	a4,0(a4)
80002c2c:	00d70733          	add	a4,a4,a3
80002c30:	02000693          	li	a3,32
80002c34:	40e68333          	sub	t1,a3,a4
80002c38:	00e68c63          	beq	a3,a4,80002c50 <__moddi3+0x94>
80002c3c:	006e15b3          	sll	a1,t3,t1
80002c40:	00e55733          	srl	a4,a0,a4
80002c44:	006618b3          	sll	a7,a2,t1
80002c48:	00b765b3          	or	a1,a4,a1
80002c4c:	006517b3          	sll	a5,a0,t1
80002c50:	0108d613          	srl	a2,a7,0x10
80002c54:	02c5d6b3          	divu	a3,a1,a2
80002c58:	01089513          	sll	a0,a7,0x10
80002c5c:	01055513          	srl	a0,a0,0x10
80002c60:	0107d713          	srl	a4,a5,0x10
80002c64:	02c5f5b3          	remu	a1,a1,a2
80002c68:	02a686b3          	mul	a3,a3,a0
80002c6c:	01059593          	sll	a1,a1,0x10
80002c70:	00b76733          	or	a4,a4,a1
80002c74:	00d77a63          	bgeu	a4,a3,80002c88 <__moddi3+0xcc>
80002c78:	00e88733          	add	a4,a7,a4
80002c7c:	01176663          	bltu	a4,a7,80002c88 <__moddi3+0xcc>
80002c80:	00d77463          	bgeu	a4,a3,80002c88 <__moddi3+0xcc>
80002c84:	01170733          	add	a4,a4,a7
80002c88:	40d70733          	sub	a4,a4,a3
80002c8c:	02c756b3          	divu	a3,a4,a2
80002c90:	02c77733          	remu	a4,a4,a2
80002c94:	02a686b3          	mul	a3,a3,a0
80002c98:	01079793          	sll	a5,a5,0x10
80002c9c:	01071713          	sll	a4,a4,0x10
80002ca0:	0107d793          	srl	a5,a5,0x10
80002ca4:	00e7e7b3          	or	a5,a5,a4
80002ca8:	00d7fa63          	bgeu	a5,a3,80002cbc <__moddi3+0x100>
80002cac:	00f887b3          	add	a5,a7,a5
80002cb0:	0117e663          	bltu	a5,a7,80002cbc <__moddi3+0x100>
80002cb4:	00d7f463          	bgeu	a5,a3,80002cbc <__moddi3+0x100>
80002cb8:	011787b3          	add	a5,a5,a7
80002cbc:	40d787b3          	sub	a5,a5,a3
80002cc0:	0067d533          	srl	a0,a5,t1
80002cc4:	00000593          	li	a1,0
80002cc8:	00080a63          	beqz	a6,80002cdc <__moddi3+0x120>
80002ccc:	00a037b3          	snez	a5,a0
80002cd0:	40b005b3          	neg	a1,a1
80002cd4:	40f585b3          	sub	a1,a1,a5
80002cd8:	40a00533          	neg	a0,a0
80002cdc:	00008067          	ret
80002ce0:	01000337          	lui	t1,0x1000
80002ce4:	01800693          	li	a3,24
80002ce8:	f2667ce3          	bgeu	a2,t1,80002c20 <__moddi3+0x64>
80002cec:	01000693          	li	a3,16
80002cf0:	f31ff06f          	j	80002c20 <__moddi3+0x64>
80002cf4:	00000693          	li	a3,0
80002cf8:	00060c63          	beqz	a2,80002d10 <__moddi3+0x154>
80002cfc:	000106b7          	lui	a3,0x10
80002d00:	06d67e63          	bgeu	a2,a3,80002d7c <__moddi3+0x1c0>
80002d04:	10063693          	sltiu	a3,a2,256
80002d08:	0016b693          	seqz	a3,a3
80002d0c:	00369693          	sll	a3,a3,0x3
80002d10:	00d655b3          	srl	a1,a2,a3
80002d14:	00b70733          	add	a4,a4,a1
80002d18:	00074703          	lbu	a4,0(a4)
80002d1c:	00d70733          	add	a4,a4,a3
80002d20:	02000693          	li	a3,32
80002d24:	40e68333          	sub	t1,a3,a4
80002d28:	06e69463          	bne	a3,a4,80002d90 <__moddi3+0x1d4>
80002d2c:	40ce0733          	sub	a4,t3,a2
80002d30:	0108d593          	srl	a1,a7,0x10
80002d34:	02b75633          	divu	a2,a4,a1
80002d38:	01089513          	sll	a0,a7,0x10
80002d3c:	01055513          	srl	a0,a0,0x10
80002d40:	0107d693          	srl	a3,a5,0x10
80002d44:	02b77733          	remu	a4,a4,a1
80002d48:	02a60633          	mul	a2,a2,a0
80002d4c:	01071713          	sll	a4,a4,0x10
80002d50:	00e6e733          	or	a4,a3,a4
80002d54:	00c77a63          	bgeu	a4,a2,80002d68 <__moddi3+0x1ac>
80002d58:	00e88733          	add	a4,a7,a4
80002d5c:	01176663          	bltu	a4,a7,80002d68 <__moddi3+0x1ac>
80002d60:	00c77463          	bgeu	a4,a2,80002d68 <__moddi3+0x1ac>
80002d64:	01170733          	add	a4,a4,a7
80002d68:	40c70733          	sub	a4,a4,a2
80002d6c:	02b756b3          	divu	a3,a4,a1
80002d70:	02b77733          	remu	a4,a4,a1
80002d74:	02a686b3          	mul	a3,a3,a0
80002d78:	f21ff06f          	j	80002c98 <__moddi3+0xdc>
80002d7c:	010005b7          	lui	a1,0x1000
80002d80:	01800693          	li	a3,24
80002d84:	f8b676e3          	bgeu	a2,a1,80002d10 <__moddi3+0x154>
80002d88:	01000693          	li	a3,16
80002d8c:	f85ff06f          	j	80002d10 <__moddi3+0x154>
80002d90:	006618b3          	sll	a7,a2,t1
80002d94:	00ee56b3          	srl	a3,t3,a4
80002d98:	006517b3          	sll	a5,a0,t1
80002d9c:	00e55733          	srl	a4,a0,a4
80002da0:	0108d513          	srl	a0,a7,0x10
80002da4:	02a6d5b3          	divu	a1,a3,a0
80002da8:	006e1e33          	sll	t3,t3,t1
80002dac:	01c76733          	or	a4,a4,t3
80002db0:	01089e13          	sll	t3,a7,0x10
80002db4:	010e5e13          	srl	t3,t3,0x10
80002db8:	02a6f6b3          	remu	a3,a3,a0
80002dbc:	03c585b3          	mul	a1,a1,t3
80002dc0:	01069613          	sll	a2,a3,0x10
80002dc4:	01075693          	srl	a3,a4,0x10
80002dc8:	00c6e6b3          	or	a3,a3,a2
80002dcc:	00b6fa63          	bgeu	a3,a1,80002de0 <__moddi3+0x224>
80002dd0:	00d886b3          	add	a3,a7,a3
80002dd4:	0116e663          	bltu	a3,a7,80002de0 <__moddi3+0x224>
80002dd8:	00b6f463          	bgeu	a3,a1,80002de0 <__moddi3+0x224>
80002ddc:	011686b3          	add	a3,a3,a7
80002de0:	40b686b3          	sub	a3,a3,a1
80002de4:	02a6d633          	divu	a2,a3,a0
80002de8:	01071713          	sll	a4,a4,0x10
80002dec:	01075713          	srl	a4,a4,0x10
80002df0:	02a6f6b3          	remu	a3,a3,a0
80002df4:	03c60633          	mul	a2,a2,t3
80002df8:	01069693          	sll	a3,a3,0x10
80002dfc:	00d76733          	or	a4,a4,a3
80002e00:	00c77a63          	bgeu	a4,a2,80002e14 <__moddi3+0x258>
80002e04:	00e88733          	add	a4,a7,a4
80002e08:	01176663          	bltu	a4,a7,80002e14 <__moddi3+0x258>
80002e0c:	00c77463          	bgeu	a4,a2,80002e14 <__moddi3+0x258>
80002e10:	01170733          	add	a4,a4,a7
80002e14:	40c70733          	sub	a4,a4,a2
80002e18:	f19ff06f          	j	80002d30 <__moddi3+0x174>
80002e1c:	eade66e3          	bltu	t3,a3,80002cc8 <__moddi3+0x10c>
80002e20:	00010737          	lui	a4,0x10
80002e24:	04e6fc63          	bgeu	a3,a4,80002e7c <__moddi3+0x2c0>
80002e28:	1006b713          	sltiu	a4,a3,256
80002e2c:	00173713          	seqz	a4,a4
80002e30:	00371713          	sll	a4,a4,0x3
80002e34:	800048b7          	lui	a7,0x80004
80002e38:	00e6d333          	srl	t1,a3,a4
80002e3c:	a5088893          	add	a7,a7,-1456 # 80003a50 <__clz_tab>
80002e40:	006888b3          	add	a7,a7,t1
80002e44:	0008c883          	lbu	a7,0(a7)
80002e48:	02000313          	li	t1,32
80002e4c:	00e888b3          	add	a7,a7,a4
80002e50:	41130733          	sub	a4,t1,a7
80002e54:	03131e63          	bne	t1,a7,80002e90 <__moddi3+0x2d4>
80002e58:	01c6e463          	bltu	a3,t3,80002e60 <__moddi3+0x2a4>
80002e5c:	00c56c63          	bltu	a0,a2,80002e74 <__moddi3+0x2b8>
80002e60:	40c50633          	sub	a2,a0,a2
80002e64:	40de06b3          	sub	a3,t3,a3
80002e68:	00c535b3          	sltu	a1,a0,a2
80002e6c:	00060793          	mv	a5,a2
80002e70:	40b685b3          	sub	a1,a3,a1
80002e74:	00078513          	mv	a0,a5
80002e78:	e51ff06f          	j	80002cc8 <__moddi3+0x10c>
80002e7c:	010008b7          	lui	a7,0x1000
80002e80:	01800713          	li	a4,24
80002e84:	fb16f8e3          	bgeu	a3,a7,80002e34 <__moddi3+0x278>
80002e88:	01000713          	li	a4,16
80002e8c:	fa9ff06f          	j	80002e34 <__moddi3+0x278>
80002e90:	00e696b3          	sll	a3,a3,a4
80002e94:	01165333          	srl	t1,a2,a7
80002e98:	00d36333          	or	t1,t1,a3
80002e9c:	011e57b3          	srl	a5,t3,a7
80002ea0:	01035e93          	srl	t4,t1,0x10
80002ea4:	03d7dfb3          	divu	t6,a5,t4
80002ea8:	00ee1e33          	sll	t3,t3,a4
80002eac:	011555b3          	srl	a1,a0,a7
80002eb0:	01c5e5b3          	or	a1,a1,t3
80002eb4:	01031e13          	sll	t3,t1,0x10
80002eb8:	010e5e13          	srl	t3,t3,0x10
80002ebc:	00e61633          	sll	a2,a2,a4
80002ec0:	00e51533          	sll	a0,a0,a4
80002ec4:	03d7f7b3          	remu	a5,a5,t4
80002ec8:	03fe0f33          	mul	t5,t3,t6
80002ecc:	01079693          	sll	a3,a5,0x10
80002ed0:	0105d793          	srl	a5,a1,0x10
80002ed4:	00d7e7b3          	or	a5,a5,a3
80002ed8:	000f8693          	mv	a3,t6
80002edc:	01e7fe63          	bgeu	a5,t5,80002ef8 <__moddi3+0x33c>
80002ee0:	00f307b3          	add	a5,t1,a5
80002ee4:	ffff8693          	add	a3,t6,-1
80002ee8:	0067e863          	bltu	a5,t1,80002ef8 <__moddi3+0x33c>
80002eec:	01e7f663          	bgeu	a5,t5,80002ef8 <__moddi3+0x33c>
80002ef0:	ffef8693          	add	a3,t6,-2
80002ef4:	006787b3          	add	a5,a5,t1
80002ef8:	41e787b3          	sub	a5,a5,t5
80002efc:	03d7df33          	divu	t5,a5,t4
80002f00:	01059593          	sll	a1,a1,0x10
80002f04:	0105d593          	srl	a1,a1,0x10
80002f08:	03d7f7b3          	remu	a5,a5,t4
80002f0c:	03ee0e33          	mul	t3,t3,t5
80002f10:	01079793          	sll	a5,a5,0x10
80002f14:	00f5e5b3          	or	a1,a1,a5
80002f18:	000f0793          	mv	a5,t5
80002f1c:	01c5fe63          	bgeu	a1,t3,80002f38 <__moddi3+0x37c>
80002f20:	00b305b3          	add	a1,t1,a1
80002f24:	ffff0793          	add	a5,t5,-1
80002f28:	0065e863          	bltu	a1,t1,80002f38 <__moddi3+0x37c>
80002f2c:	01c5f663          	bgeu	a1,t3,80002f38 <__moddi3+0x37c>
80002f30:	ffef0793          	add	a5,t5,-2
80002f34:	006585b3          	add	a1,a1,t1
80002f38:	01069693          	sll	a3,a3,0x10
80002f3c:	00010fb7          	lui	t6,0x10
80002f40:	00f6e6b3          	or	a3,a3,a5
80002f44:	41c585b3          	sub	a1,a1,t3
80002f48:	ffff8e13          	add	t3,t6,-1 # ffff <buflen.1+0xffbf>
80002f4c:	01c6f7b3          	and	a5,a3,t3
80002f50:	01065e93          	srl	t4,a2,0x10
80002f54:	0106d693          	srl	a3,a3,0x10
80002f58:	01c67e33          	and	t3,a2,t3
80002f5c:	03c78f33          	mul	t5,a5,t3
80002f60:	03c68e33          	mul	t3,a3,t3
80002f64:	03d787b3          	mul	a5,a5,t4
80002f68:	03d686b3          	mul	a3,a3,t4
80002f6c:	01c78eb3          	add	t4,a5,t3
80002f70:	010f5793          	srl	a5,t5,0x10
80002f74:	01d787b3          	add	a5,a5,t4
80002f78:	01c7f463          	bgeu	a5,t3,80002f80 <__moddi3+0x3c4>
80002f7c:	01f686b3          	add	a3,a3,t6
80002f80:	0107de13          	srl	t3,a5,0x10
80002f84:	00de06b3          	add	a3,t3,a3
80002f88:	00010e37          	lui	t3,0x10
80002f8c:	fffe0e13          	add	t3,t3,-1 # ffff <buflen.1+0xffbf>
80002f90:	01c7f7b3          	and	a5,a5,t3
80002f94:	01079793          	sll	a5,a5,0x10
80002f98:	01cf7f33          	and	t5,t5,t3
80002f9c:	01e787b3          	add	a5,a5,t5
80002fa0:	00d5e663          	bltu	a1,a3,80002fac <__moddi3+0x3f0>
80002fa4:	00d59e63          	bne	a1,a3,80002fc0 <__moddi3+0x404>
80002fa8:	00f57c63          	bgeu	a0,a5,80002fc0 <__moddi3+0x404>
80002fac:	40c78633          	sub	a2,a5,a2
80002fb0:	00c7be33          	sltu	t3,a5,a2
80002fb4:	00060793          	mv	a5,a2
80002fb8:	006e0633          	add	a2,t3,t1
80002fbc:	40c686b3          	sub	a3,a3,a2
80002fc0:	40f507b3          	sub	a5,a0,a5
80002fc4:	00f53533          	sltu	a0,a0,a5
80002fc8:	40d585b3          	sub	a1,a1,a3
80002fcc:	40a585b3          	sub	a1,a1,a0
80002fd0:	011598b3          	sll	a7,a1,a7
80002fd4:	00e7d7b3          	srl	a5,a5,a4
80002fd8:	00f8e533          	or	a0,a7,a5
80002fdc:	00e5d5b3          	srl	a1,a1,a4
80002fe0:	ce9ff06f          	j	80002cc8 <__moddi3+0x10c>

80002fe4 <__udivdi3>:
80002fe4:	00050893          	mv	a7,a0
80002fe8:	00058313          	mv	t1,a1
80002fec:	00060713          	mv	a4,a2
80002ff0:	00050813          	mv	a6,a0
80002ff4:	00058793          	mv	a5,a1
80002ff8:	28069263          	bnez	a3,8000327c <__udivdi3+0x298>
80002ffc:	800045b7          	lui	a1,0x80004
80003000:	a5058593          	add	a1,a1,-1456 # 80003a50 <__clz_tab>
80003004:	0ec37663          	bgeu	t1,a2,800030f0 <__udivdi3+0x10c>
80003008:	000106b7          	lui	a3,0x10
8000300c:	0cd67863          	bgeu	a2,a3,800030dc <__udivdi3+0xf8>
80003010:	10063693          	sltiu	a3,a2,256
80003014:	0016b693          	seqz	a3,a3
80003018:	00369693          	sll	a3,a3,0x3
8000301c:	00d65533          	srl	a0,a2,a3
80003020:	00a585b3          	add	a1,a1,a0
80003024:	0005c583          	lbu	a1,0(a1)
80003028:	02000513          	li	a0,32
8000302c:	00d586b3          	add	a3,a1,a3
80003030:	40d505b3          	sub	a1,a0,a3
80003034:	00d50c63          	beq	a0,a3,8000304c <__udivdi3+0x68>
80003038:	00b317b3          	sll	a5,t1,a1
8000303c:	00d8d6b3          	srl	a3,a7,a3
80003040:	00b61733          	sll	a4,a2,a1
80003044:	00f6e7b3          	or	a5,a3,a5
80003048:	00b89833          	sll	a6,a7,a1
8000304c:	01075593          	srl	a1,a4,0x10
80003050:	02b7d333          	divu	t1,a5,a1
80003054:	01071613          	sll	a2,a4,0x10
80003058:	01065613          	srl	a2,a2,0x10
8000305c:	02b7f7b3          	remu	a5,a5,a1
80003060:	00030513          	mv	a0,t1
80003064:	026608b3          	mul	a7,a2,t1
80003068:	01079693          	sll	a3,a5,0x10
8000306c:	01085793          	srl	a5,a6,0x10
80003070:	00d7e7b3          	or	a5,a5,a3
80003074:	0117fe63          	bgeu	a5,a7,80003090 <__udivdi3+0xac>
80003078:	00f707b3          	add	a5,a4,a5
8000307c:	fff30513          	add	a0,t1,-1 # ffffff <buflen.1+0xffffbf>
80003080:	00e7e863          	bltu	a5,a4,80003090 <__udivdi3+0xac>
80003084:	0117f663          	bgeu	a5,a7,80003090 <__udivdi3+0xac>
80003088:	ffe30513          	add	a0,t1,-2
8000308c:	00e787b3          	add	a5,a5,a4
80003090:	411787b3          	sub	a5,a5,a7
80003094:	02b7d8b3          	divu	a7,a5,a1
80003098:	01081813          	sll	a6,a6,0x10
8000309c:	01085813          	srl	a6,a6,0x10
800030a0:	02b7f7b3          	remu	a5,a5,a1
800030a4:	031606b3          	mul	a3,a2,a7
800030a8:	01079793          	sll	a5,a5,0x10
800030ac:	00f86833          	or	a6,a6,a5
800030b0:	00088793          	mv	a5,a7
800030b4:	00d87c63          	bgeu	a6,a3,800030cc <__udivdi3+0xe8>
800030b8:	01070833          	add	a6,a4,a6
800030bc:	fff88793          	add	a5,a7,-1 # ffffff <buflen.1+0xffffbf>
800030c0:	00e86663          	bltu	a6,a4,800030cc <__udivdi3+0xe8>
800030c4:	00d87463          	bgeu	a6,a3,800030cc <__udivdi3+0xe8>
800030c8:	ffe88793          	add	a5,a7,-2
800030cc:	01051513          	sll	a0,a0,0x10
800030d0:	00f56533          	or	a0,a0,a5
800030d4:	00000593          	li	a1,0
800030d8:	00008067          	ret
800030dc:	01000537          	lui	a0,0x1000
800030e0:	01800693          	li	a3,24
800030e4:	f2a67ce3          	bgeu	a2,a0,8000301c <__udivdi3+0x38>
800030e8:	01000693          	li	a3,16
800030ec:	f31ff06f          	j	8000301c <__udivdi3+0x38>
800030f0:	00000693          	li	a3,0
800030f4:	00060c63          	beqz	a2,8000310c <__udivdi3+0x128>
800030f8:	000107b7          	lui	a5,0x10
800030fc:	0cf67063          	bgeu	a2,a5,800031bc <__udivdi3+0x1d8>
80003100:	10063693          	sltiu	a3,a2,256
80003104:	0016b693          	seqz	a3,a3
80003108:	00369693          	sll	a3,a3,0x3
8000310c:	00d657b3          	srl	a5,a2,a3
80003110:	00f585b3          	add	a1,a1,a5
80003114:	0005c783          	lbu	a5,0(a1)
80003118:	00d787b3          	add	a5,a5,a3
8000311c:	02000693          	li	a3,32
80003120:	40f685b3          	sub	a1,a3,a5
80003124:	0af69663          	bne	a3,a5,800031d0 <__udivdi3+0x1ec>
80003128:	40c307b3          	sub	a5,t1,a2
8000312c:	00100593          	li	a1,1
80003130:	01075893          	srl	a7,a4,0x10
80003134:	0317de33          	divu	t3,a5,a7
80003138:	01071613          	sll	a2,a4,0x10
8000313c:	01065613          	srl	a2,a2,0x10
80003140:	01085693          	srl	a3,a6,0x10
80003144:	0317f7b3          	remu	a5,a5,a7
80003148:	000e0513          	mv	a0,t3
8000314c:	03c60333          	mul	t1,a2,t3
80003150:	01079793          	sll	a5,a5,0x10
80003154:	00f6e7b3          	or	a5,a3,a5
80003158:	0067fe63          	bgeu	a5,t1,80003174 <__udivdi3+0x190>
8000315c:	00f707b3          	add	a5,a4,a5
80003160:	fffe0513          	add	a0,t3,-1
80003164:	00e7e863          	bltu	a5,a4,80003174 <__udivdi3+0x190>
80003168:	0067f663          	bgeu	a5,t1,80003174 <__udivdi3+0x190>
8000316c:	ffee0513          	add	a0,t3,-2
80003170:	00e787b3          	add	a5,a5,a4
80003174:	406787b3          	sub	a5,a5,t1
80003178:	0317d333          	divu	t1,a5,a7
8000317c:	01081813          	sll	a6,a6,0x10
80003180:	01085813          	srl	a6,a6,0x10
80003184:	0317f7b3          	remu	a5,a5,a7
80003188:	026606b3          	mul	a3,a2,t1
8000318c:	01079793          	sll	a5,a5,0x10
80003190:	00f86833          	or	a6,a6,a5
80003194:	00030793          	mv	a5,t1
80003198:	00d87c63          	bgeu	a6,a3,800031b0 <__udivdi3+0x1cc>
8000319c:	01070833          	add	a6,a4,a6
800031a0:	fff30793          	add	a5,t1,-1
800031a4:	00e86663          	bltu	a6,a4,800031b0 <__udivdi3+0x1cc>
800031a8:	00d87463          	bgeu	a6,a3,800031b0 <__udivdi3+0x1cc>
800031ac:	ffe30793          	add	a5,t1,-2
800031b0:	01051513          	sll	a0,a0,0x10
800031b4:	00f56533          	or	a0,a0,a5
800031b8:	00008067          	ret
800031bc:	010007b7          	lui	a5,0x1000
800031c0:	01800693          	li	a3,24
800031c4:	f4f674e3          	bgeu	a2,a5,8000310c <__udivdi3+0x128>
800031c8:	01000693          	li	a3,16
800031cc:	f41ff06f          	j	8000310c <__udivdi3+0x128>
800031d0:	00b61733          	sll	a4,a2,a1
800031d4:	00f356b3          	srl	a3,t1,a5
800031d8:	01075513          	srl	a0,a4,0x10
800031dc:	00b31333          	sll	t1,t1,a1
800031e0:	00f8d7b3          	srl	a5,a7,a5
800031e4:	0067e7b3          	or	a5,a5,t1
800031e8:	02a6d333          	divu	t1,a3,a0
800031ec:	01071613          	sll	a2,a4,0x10
800031f0:	01065613          	srl	a2,a2,0x10
800031f4:	00b89833          	sll	a6,a7,a1
800031f8:	02a6f6b3          	remu	a3,a3,a0
800031fc:	026608b3          	mul	a7,a2,t1
80003200:	01069593          	sll	a1,a3,0x10
80003204:	0107d693          	srl	a3,a5,0x10
80003208:	00b6e6b3          	or	a3,a3,a1
8000320c:	00030593          	mv	a1,t1
80003210:	0116fe63          	bgeu	a3,a7,8000322c <__udivdi3+0x248>
80003214:	00d706b3          	add	a3,a4,a3
80003218:	fff30593          	add	a1,t1,-1
8000321c:	00e6e863          	bltu	a3,a4,8000322c <__udivdi3+0x248>
80003220:	0116f663          	bgeu	a3,a7,8000322c <__udivdi3+0x248>
80003224:	ffe30593          	add	a1,t1,-2
80003228:	00e686b3          	add	a3,a3,a4
8000322c:	411686b3          	sub	a3,a3,a7
80003230:	02a6d8b3          	divu	a7,a3,a0
80003234:	01079793          	sll	a5,a5,0x10
80003238:	0107d793          	srl	a5,a5,0x10
8000323c:	02a6f6b3          	remu	a3,a3,a0
80003240:	03160633          	mul	a2,a2,a7
80003244:	01069693          	sll	a3,a3,0x10
80003248:	00d7e7b3          	or	a5,a5,a3
8000324c:	00088693          	mv	a3,a7
80003250:	00c7fe63          	bgeu	a5,a2,8000326c <__udivdi3+0x288>
80003254:	00f707b3          	add	a5,a4,a5
80003258:	fff88693          	add	a3,a7,-1
8000325c:	00e7e863          	bltu	a5,a4,8000326c <__udivdi3+0x288>
80003260:	00c7f663          	bgeu	a5,a2,8000326c <__udivdi3+0x288>
80003264:	ffe88693          	add	a3,a7,-2
80003268:	00e787b3          	add	a5,a5,a4
8000326c:	01059593          	sll	a1,a1,0x10
80003270:	40c787b3          	sub	a5,a5,a2
80003274:	00d5e5b3          	or	a1,a1,a3
80003278:	eb9ff06f          	j	80003130 <__udivdi3+0x14c>
8000327c:	18d5e663          	bltu	a1,a3,80003408 <__udivdi3+0x424>
80003280:	000107b7          	lui	a5,0x10
80003284:	04f6f463          	bgeu	a3,a5,800032cc <__udivdi3+0x2e8>
80003288:	1006b713          	sltiu	a4,a3,256
8000328c:	00173713          	seqz	a4,a4
80003290:	00371713          	sll	a4,a4,0x3
80003294:	800047b7          	lui	a5,0x80004
80003298:	00e6d5b3          	srl	a1,a3,a4
8000329c:	a5078793          	add	a5,a5,-1456 # 80003a50 <__clz_tab>
800032a0:	00b787b3          	add	a5,a5,a1
800032a4:	0007c783          	lbu	a5,0(a5)
800032a8:	00e787b3          	add	a5,a5,a4
800032ac:	02000713          	li	a4,32
800032b0:	40f705b3          	sub	a1,a4,a5
800032b4:	02f71663          	bne	a4,a5,800032e0 <__udivdi3+0x2fc>
800032b8:	00100513          	li	a0,1
800032bc:	e066eee3          	bltu	a3,t1,800030d8 <__udivdi3+0xf4>
800032c0:	00c8b533          	sltu	a0,a7,a2
800032c4:	00153513          	seqz	a0,a0
800032c8:	00008067          	ret
800032cc:	010007b7          	lui	a5,0x1000
800032d0:	01800713          	li	a4,24
800032d4:	fcf6f0e3          	bgeu	a3,a5,80003294 <__udivdi3+0x2b0>
800032d8:	01000713          	li	a4,16
800032dc:	fb9ff06f          	j	80003294 <__udivdi3+0x2b0>
800032e0:	00f65733          	srl	a4,a2,a5
800032e4:	00b696b3          	sll	a3,a3,a1
800032e8:	00d766b3          	or	a3,a4,a3
800032ec:	00f35733          	srl	a4,t1,a5
800032f0:	00b31333          	sll	t1,t1,a1
800032f4:	00f8d7b3          	srl	a5,a7,a5
800032f8:	0067e7b3          	or	a5,a5,t1
800032fc:	0106d313          	srl	t1,a3,0x10
80003300:	02675eb3          	divu	t4,a4,t1
80003304:	01069813          	sll	a6,a3,0x10
80003308:	01085813          	srl	a6,a6,0x10
8000330c:	00b61633          	sll	a2,a2,a1
80003310:	02677733          	remu	a4,a4,t1
80003314:	03d80e33          	mul	t3,a6,t4
80003318:	01071513          	sll	a0,a4,0x10
8000331c:	0107d713          	srl	a4,a5,0x10
80003320:	00a76733          	or	a4,a4,a0
80003324:	000e8513          	mv	a0,t4
80003328:	01c77e63          	bgeu	a4,t3,80003344 <__udivdi3+0x360>
8000332c:	00e68733          	add	a4,a3,a4
80003330:	fffe8513          	add	a0,t4,-1
80003334:	00d76863          	bltu	a4,a3,80003344 <__udivdi3+0x360>
80003338:	01c77663          	bgeu	a4,t3,80003344 <__udivdi3+0x360>
8000333c:	ffee8513          	add	a0,t4,-2
80003340:	00d70733          	add	a4,a4,a3
80003344:	41c70733          	sub	a4,a4,t3
80003348:	02675e33          	divu	t3,a4,t1
8000334c:	01079793          	sll	a5,a5,0x10
80003350:	0107d793          	srl	a5,a5,0x10
80003354:	02677733          	remu	a4,a4,t1
80003358:	03c80833          	mul	a6,a6,t3
8000335c:	01071713          	sll	a4,a4,0x10
80003360:	00e7e7b3          	or	a5,a5,a4
80003364:	000e0713          	mv	a4,t3
80003368:	0107fe63          	bgeu	a5,a6,80003384 <__udivdi3+0x3a0>
8000336c:	00f687b3          	add	a5,a3,a5
80003370:	fffe0713          	add	a4,t3,-1
80003374:	00d7e863          	bltu	a5,a3,80003384 <__udivdi3+0x3a0>
80003378:	0107f663          	bgeu	a5,a6,80003384 <__udivdi3+0x3a0>
8000337c:	ffee0713          	add	a4,t3,-2
80003380:	00d787b3          	add	a5,a5,a3
80003384:	01051513          	sll	a0,a0,0x10
80003388:	00010e37          	lui	t3,0x10
8000338c:	00e56533          	or	a0,a0,a4
80003390:	fffe0693          	add	a3,t3,-1 # ffff <buflen.1+0xffbf>
80003394:	00d57733          	and	a4,a0,a3
80003398:	410787b3          	sub	a5,a5,a6
8000339c:	00d676b3          	and	a3,a2,a3
800033a0:	01055813          	srl	a6,a0,0x10
800033a4:	01065613          	srl	a2,a2,0x10
800033a8:	02d70333          	mul	t1,a4,a3
800033ac:	02d806b3          	mul	a3,a6,a3
800033b0:	02c70733          	mul	a4,a4,a2
800033b4:	02c80833          	mul	a6,a6,a2
800033b8:	00d70633          	add	a2,a4,a3
800033bc:	01035713          	srl	a4,t1,0x10
800033c0:	00c70733          	add	a4,a4,a2
800033c4:	00d77463          	bgeu	a4,a3,800033cc <__udivdi3+0x3e8>
800033c8:	01c80833          	add	a6,a6,t3
800033cc:	01075693          	srl	a3,a4,0x10
800033d0:	010686b3          	add	a3,a3,a6
800033d4:	02d7e663          	bltu	a5,a3,80003400 <__udivdi3+0x41c>
800033d8:	ced79ee3          	bne	a5,a3,800030d4 <__udivdi3+0xf0>
800033dc:	000107b7          	lui	a5,0x10
800033e0:	fff78793          	add	a5,a5,-1 # ffff <buflen.1+0xffbf>
800033e4:	00f77733          	and	a4,a4,a5
800033e8:	01071713          	sll	a4,a4,0x10
800033ec:	00f37333          	and	t1,t1,a5
800033f0:	00b898b3          	sll	a7,a7,a1
800033f4:	00670733          	add	a4,a4,t1
800033f8:	00000593          	li	a1,0
800033fc:	cce8fee3          	bgeu	a7,a4,800030d8 <__udivdi3+0xf4>
80003400:	fff50513          	add	a0,a0,-1 # ffffff <buflen.1+0xffffbf>
80003404:	cd1ff06f          	j	800030d4 <__udivdi3+0xf0>
80003408:	00000593          	li	a1,0
8000340c:	00000513          	li	a0,0
80003410:	00008067          	ret

80003414 <__umoddi3>:
80003414:	00060813          	mv	a6,a2
80003418:	00050793          	mv	a5,a0
8000341c:	00058713          	mv	a4,a1
80003420:	20069663          	bnez	a3,8000362c <__umoddi3+0x218>
80003424:	800048b7          	lui	a7,0x80004
80003428:	a5088893          	add	a7,a7,-1456 # 80003a50 <__clz_tab>
8000342c:	0cc5fc63          	bgeu	a1,a2,80003504 <__umoddi3+0xf0>
80003430:	000106b7          	lui	a3,0x10
80003434:	0ad67e63          	bgeu	a2,a3,800034f0 <__umoddi3+0xdc>
80003438:	10063693          	sltiu	a3,a2,256
8000343c:	0016b693          	seqz	a3,a3
80003440:	00369693          	sll	a3,a3,0x3
80003444:	00d65333          	srl	t1,a2,a3
80003448:	006888b3          	add	a7,a7,t1
8000344c:	0008c883          	lbu	a7,0(a7)
80003450:	02000313          	li	t1,32
80003454:	00d886b3          	add	a3,a7,a3
80003458:	40d308b3          	sub	a7,t1,a3
8000345c:	00d30c63          	beq	t1,a3,80003474 <__umoddi3+0x60>
80003460:	01159733          	sll	a4,a1,a7
80003464:	00d556b3          	srl	a3,a0,a3
80003468:	01161833          	sll	a6,a2,a7
8000346c:	00e6e733          	or	a4,a3,a4
80003470:	011517b3          	sll	a5,a0,a7
80003474:	01085613          	srl	a2,a6,0x10
80003478:	02c756b3          	divu	a3,a4,a2
8000347c:	01081513          	sll	a0,a6,0x10
80003480:	01055513          	srl	a0,a0,0x10
80003484:	02c77733          	remu	a4,a4,a2
80003488:	02a686b3          	mul	a3,a3,a0
8000348c:	01071593          	sll	a1,a4,0x10
80003490:	0107d713          	srl	a4,a5,0x10
80003494:	00b76733          	or	a4,a4,a1
80003498:	00d77a63          	bgeu	a4,a3,800034ac <__umoddi3+0x98>
8000349c:	00e80733          	add	a4,a6,a4
800034a0:	01076663          	bltu	a4,a6,800034ac <__umoddi3+0x98>
800034a4:	00d77463          	bgeu	a4,a3,800034ac <__umoddi3+0x98>
800034a8:	01070733          	add	a4,a4,a6
800034ac:	40d70733          	sub	a4,a4,a3
800034b0:	02c756b3          	divu	a3,a4,a2
800034b4:	02c77733          	remu	a4,a4,a2
800034b8:	02a686b3          	mul	a3,a3,a0
800034bc:	01079793          	sll	a5,a5,0x10
800034c0:	01071713          	sll	a4,a4,0x10
800034c4:	0107d793          	srl	a5,a5,0x10
800034c8:	00e7e7b3          	or	a5,a5,a4
800034cc:	00d7fa63          	bgeu	a5,a3,800034e0 <__umoddi3+0xcc>
800034d0:	00f807b3          	add	a5,a6,a5
800034d4:	0107e663          	bltu	a5,a6,800034e0 <__umoddi3+0xcc>
800034d8:	00d7f463          	bgeu	a5,a3,800034e0 <__umoddi3+0xcc>
800034dc:	010787b3          	add	a5,a5,a6
800034e0:	40d787b3          	sub	a5,a5,a3
800034e4:	0117d533          	srl	a0,a5,a7
800034e8:	00000593          	li	a1,0
800034ec:	00008067          	ret
800034f0:	01000337          	lui	t1,0x1000
800034f4:	01800693          	li	a3,24
800034f8:	f46676e3          	bgeu	a2,t1,80003444 <__umoddi3+0x30>
800034fc:	01000693          	li	a3,16
80003500:	f45ff06f          	j	80003444 <__umoddi3+0x30>
80003504:	00000693          	li	a3,0
80003508:	00060c63          	beqz	a2,80003520 <__umoddi3+0x10c>
8000350c:	00010737          	lui	a4,0x10
80003510:	06e67e63          	bgeu	a2,a4,8000358c <__umoddi3+0x178>
80003514:	10063693          	sltiu	a3,a2,256
80003518:	0016b693          	seqz	a3,a3
8000351c:	00369693          	sll	a3,a3,0x3
80003520:	00d65733          	srl	a4,a2,a3
80003524:	00e888b3          	add	a7,a7,a4
80003528:	0008c703          	lbu	a4,0(a7)
8000352c:	00d70733          	add	a4,a4,a3
80003530:	02000693          	li	a3,32
80003534:	40e688b3          	sub	a7,a3,a4
80003538:	06e69463          	bne	a3,a4,800035a0 <__umoddi3+0x18c>
8000353c:	40c58733          	sub	a4,a1,a2
80003540:	01085593          	srl	a1,a6,0x10
80003544:	02b75633          	divu	a2,a4,a1
80003548:	01081513          	sll	a0,a6,0x10
8000354c:	01055513          	srl	a0,a0,0x10
80003550:	0107d693          	srl	a3,a5,0x10
80003554:	02b77733          	remu	a4,a4,a1
80003558:	02a60633          	mul	a2,a2,a0
8000355c:	01071713          	sll	a4,a4,0x10
80003560:	00e6e733          	or	a4,a3,a4
80003564:	00c77a63          	bgeu	a4,a2,80003578 <__umoddi3+0x164>
80003568:	00e80733          	add	a4,a6,a4
8000356c:	01076663          	bltu	a4,a6,80003578 <__umoddi3+0x164>
80003570:	00c77463          	bgeu	a4,a2,80003578 <__umoddi3+0x164>
80003574:	01070733          	add	a4,a4,a6
80003578:	40c70733          	sub	a4,a4,a2
8000357c:	02b756b3          	divu	a3,a4,a1
80003580:	02b77733          	remu	a4,a4,a1
80003584:	02a686b3          	mul	a3,a3,a0
80003588:	f35ff06f          	j	800034bc <__umoddi3+0xa8>
8000358c:	01000737          	lui	a4,0x1000
80003590:	01800693          	li	a3,24
80003594:	f8e676e3          	bgeu	a2,a4,80003520 <__umoddi3+0x10c>
80003598:	01000693          	li	a3,16
8000359c:	f85ff06f          	j	80003520 <__umoddi3+0x10c>
800035a0:	01161833          	sll	a6,a2,a7
800035a4:	00e5d6b3          	srl	a3,a1,a4
800035a8:	011517b3          	sll	a5,a0,a7
800035ac:	011595b3          	sll	a1,a1,a7
800035b0:	00e55733          	srl	a4,a0,a4
800035b4:	01085513          	srl	a0,a6,0x10
800035b8:	00b76733          	or	a4,a4,a1
800035bc:	02a6d5b3          	divu	a1,a3,a0
800035c0:	01081313          	sll	t1,a6,0x10
800035c4:	01035313          	srl	t1,t1,0x10
800035c8:	02a6f6b3          	remu	a3,a3,a0
800035cc:	026585b3          	mul	a1,a1,t1
800035d0:	01069613          	sll	a2,a3,0x10
800035d4:	01075693          	srl	a3,a4,0x10
800035d8:	00c6e6b3          	or	a3,a3,a2
800035dc:	00b6fa63          	bgeu	a3,a1,800035f0 <__umoddi3+0x1dc>
800035e0:	00d806b3          	add	a3,a6,a3
800035e4:	0106e663          	bltu	a3,a6,800035f0 <__umoddi3+0x1dc>
800035e8:	00b6f463          	bgeu	a3,a1,800035f0 <__umoddi3+0x1dc>
800035ec:	010686b3          	add	a3,a3,a6
800035f0:	40b686b3          	sub	a3,a3,a1
800035f4:	02a6d633          	divu	a2,a3,a0
800035f8:	01071713          	sll	a4,a4,0x10
800035fc:	01075713          	srl	a4,a4,0x10
80003600:	02a6f6b3          	remu	a3,a3,a0
80003604:	02660633          	mul	a2,a2,t1
80003608:	01069693          	sll	a3,a3,0x10
8000360c:	00d76733          	or	a4,a4,a3
80003610:	00c77a63          	bgeu	a4,a2,80003624 <__umoddi3+0x210>
80003614:	00e80733          	add	a4,a6,a4
80003618:	01076663          	bltu	a4,a6,80003624 <__umoddi3+0x210>
8000361c:	00c77463          	bgeu	a4,a2,80003624 <__umoddi3+0x210>
80003620:	01070733          	add	a4,a4,a6
80003624:	40c70733          	sub	a4,a4,a2
80003628:	f19ff06f          	j	80003540 <__umoddi3+0x12c>
8000362c:	1cd5e463          	bltu	a1,a3,800037f4 <__umoddi3+0x3e0>
80003630:	00010837          	lui	a6,0x10
80003634:	0506fe63          	bgeu	a3,a6,80003690 <__umoddi3+0x27c>
80003638:	1006b813          	sltiu	a6,a3,256
8000363c:	00183813          	seqz	a6,a6
80003640:	00381813          	sll	a6,a6,0x3
80003644:	800048b7          	lui	a7,0x80004
80003648:	0106d333          	srl	t1,a3,a6
8000364c:	a5088893          	add	a7,a7,-1456 # 80003a50 <__clz_tab>
80003650:	006888b3          	add	a7,a7,t1
80003654:	0008c883          	lbu	a7,0(a7)
80003658:	02000313          	li	t1,32
8000365c:	010888b3          	add	a7,a7,a6
80003660:	41130833          	sub	a6,t1,a7
80003664:	05131063          	bne	t1,a7,800036a4 <__umoddi3+0x290>
80003668:	00b6e463          	bltu	a3,a1,80003670 <__umoddi3+0x25c>
8000366c:	00c56c63          	bltu	a0,a2,80003684 <__umoddi3+0x270>
80003670:	40c50633          	sub	a2,a0,a2
80003674:	40d586b3          	sub	a3,a1,a3
80003678:	00c53733          	sltu	a4,a0,a2
8000367c:	00060793          	mv	a5,a2
80003680:	40e68733          	sub	a4,a3,a4
80003684:	00078513          	mv	a0,a5
80003688:	00070593          	mv	a1,a4
8000368c:	00008067          	ret
80003690:	010008b7          	lui	a7,0x1000
80003694:	01800813          	li	a6,24
80003698:	fb16f6e3          	bgeu	a3,a7,80003644 <__umoddi3+0x230>
8000369c:	01000813          	li	a6,16
800036a0:	fa5ff06f          	j	80003644 <__umoddi3+0x230>
800036a4:	011657b3          	srl	a5,a2,a7
800036a8:	010696b3          	sll	a3,a3,a6
800036ac:	00d7e6b3          	or	a3,a5,a3
800036b0:	0115d733          	srl	a4,a1,a7
800036b4:	0106de13          	srl	t3,a3,0x10
800036b8:	03c75f33          	divu	t5,a4,t3
800036bc:	01069313          	sll	t1,a3,0x10
800036c0:	01035313          	srl	t1,t1,0x10
800036c4:	010597b3          	sll	a5,a1,a6
800036c8:	011555b3          	srl	a1,a0,a7
800036cc:	00f5e5b3          	or	a1,a1,a5
800036d0:	0105d793          	srl	a5,a1,0x10
800036d4:	01061633          	sll	a2,a2,a6
800036d8:	01051533          	sll	a0,a0,a6
800036dc:	03c77733          	remu	a4,a4,t3
800036e0:	03e30eb3          	mul	t4,t1,t5
800036e4:	01071713          	sll	a4,a4,0x10
800036e8:	00e7e7b3          	or	a5,a5,a4
800036ec:	000f0713          	mv	a4,t5
800036f0:	01d7fe63          	bgeu	a5,t4,8000370c <__umoddi3+0x2f8>
800036f4:	00f687b3          	add	a5,a3,a5
800036f8:	ffff0713          	add	a4,t5,-1
800036fc:	00d7e863          	bltu	a5,a3,8000370c <__umoddi3+0x2f8>
80003700:	01d7f663          	bgeu	a5,t4,8000370c <__umoddi3+0x2f8>
80003704:	ffef0713          	add	a4,t5,-2
80003708:	00d787b3          	add	a5,a5,a3
8000370c:	41d787b3          	sub	a5,a5,t4
80003710:	03c7deb3          	divu	t4,a5,t3
80003714:	01059593          	sll	a1,a1,0x10
80003718:	0105d593          	srl	a1,a1,0x10
8000371c:	03c7f7b3          	remu	a5,a5,t3
80003720:	000e8e13          	mv	t3,t4
80003724:	03d30333          	mul	t1,t1,t4
80003728:	01079793          	sll	a5,a5,0x10
8000372c:	00f5e5b3          	or	a1,a1,a5
80003730:	0065fe63          	bgeu	a1,t1,8000374c <__umoddi3+0x338>
80003734:	00b685b3          	add	a1,a3,a1
80003738:	fffe8e13          	add	t3,t4,-1
8000373c:	00d5e863          	bltu	a1,a3,8000374c <__umoddi3+0x338>
80003740:	0065f663          	bgeu	a1,t1,8000374c <__umoddi3+0x338>
80003744:	ffee8e13          	add	t3,t4,-2
80003748:	00d585b3          	add	a1,a1,a3
8000374c:	01071793          	sll	a5,a4,0x10
80003750:	00010f37          	lui	t5,0x10
80003754:	01c7e7b3          	or	a5,a5,t3
80003758:	406585b3          	sub	a1,a1,t1
8000375c:	ffff0313          	add	t1,t5,-1 # ffff <buflen.1+0xffbf>
80003760:	0067f733          	and	a4,a5,t1
80003764:	01065e13          	srl	t3,a2,0x10
80003768:	0107d793          	srl	a5,a5,0x10
8000376c:	00667333          	and	t1,a2,t1
80003770:	02670eb3          	mul	t4,a4,t1
80003774:	02678333          	mul	t1,a5,t1
80003778:	03c70733          	mul	a4,a4,t3
8000377c:	03c787b3          	mul	a5,a5,t3
80003780:	00670e33          	add	t3,a4,t1
80003784:	010ed713          	srl	a4,t4,0x10
80003788:	01c70733          	add	a4,a4,t3
8000378c:	00677463          	bgeu	a4,t1,80003794 <__umoddi3+0x380>
80003790:	01e787b3          	add	a5,a5,t5
80003794:	01075313          	srl	t1,a4,0x10
80003798:	00f307b3          	add	a5,t1,a5
8000379c:	00010337          	lui	t1,0x10
800037a0:	fff30313          	add	t1,t1,-1 # ffff <buflen.1+0xffbf>
800037a4:	00677733          	and	a4,a4,t1
800037a8:	01071713          	sll	a4,a4,0x10
800037ac:	006efeb3          	and	t4,t4,t1
800037b0:	01d70733          	add	a4,a4,t4
800037b4:	00f5e663          	bltu	a1,a5,800037c0 <__umoddi3+0x3ac>
800037b8:	00f59e63          	bne	a1,a5,800037d4 <__umoddi3+0x3c0>
800037bc:	00e57c63          	bgeu	a0,a4,800037d4 <__umoddi3+0x3c0>
800037c0:	40c70633          	sub	a2,a4,a2
800037c4:	00c73333          	sltu	t1,a4,a2
800037c8:	00d306b3          	add	a3,t1,a3
800037cc:	00060713          	mv	a4,a2
800037d0:	40d787b3          	sub	a5,a5,a3
800037d4:	40e50733          	sub	a4,a0,a4
800037d8:	00e53533          	sltu	a0,a0,a4
800037dc:	40f585b3          	sub	a1,a1,a5
800037e0:	40a585b3          	sub	a1,a1,a0
800037e4:	011598b3          	sll	a7,a1,a7
800037e8:	01075733          	srl	a4,a4,a6
800037ec:	00e8e533          	or	a0,a7,a4
800037f0:	0105d5b3          	srl	a1,a1,a6
800037f4:	00008067          	ret

Disassembly of section .text.startup:

800037f8 <main>:
800037f8:	1141                	add	sp,sp,-16
800037fa:	28b01513          	bset	a0,zero,0xb
800037fe:	00004617          	auipc	a2,0x4
80003802:	3b260613          	add	a2,a2,946 # 80007bb0 <scratch.0>
80003806:	00000597          	auipc	a1,0x0
8000380a:	39a58593          	add	a1,a1,922 # 80003ba0 <verify_data>
8000380e:	c606                	sw	ra,12(sp)
80003810:	827fe0ef          	jal	80002036 <sort>
80003814:	00002517          	auipc	a0,0x2
80003818:	38c50513          	add	a0,a0,908 # 80005ba0 <input_data>
8000381c:	fe4fe0ef          	jal	80002000 <verify.constprop.0>
80003820:	c509                	beqz	a0,8000382a <main+0x32>
80003822:	40b2                	lw	ra,12(sp)
80003824:	4505                	li	a0,1
80003826:	0141                	add	sp,sp,16
80003828:	8082                	ret
8000382a:	4505                	li	a0,1
8000382c:	e65fe0ef          	jal	80002690 <setStats>
80003830:	00004617          	auipc	a2,0x4
80003834:	38060613          	add	a2,a2,896 # 80007bb0 <scratch.0>
80003838:	00002597          	auipc	a1,0x2
8000383c:	36858593          	add	a1,a1,872 # 80005ba0 <input_data>
80003840:	28b01513          	bset	a0,zero,0xb
80003844:	ff2fe0ef          	jal	80002036 <sort>
80003848:	4501                	li	a0,0
8000384a:	e47fe0ef          	jal	80002690 <setStats>
8000384e:	40b2                	lw	ra,12(sp)
80003850:	00000517          	auipc	a0,0x0
80003854:	35050513          	add	a0,a0,848 # 80003ba0 <verify_data>
80003858:	0141                	add	sp,sp,16
8000385a:	fa6fe06f          	j	80002000 <verify.constprop.0>
8000385e:	1141                	add	sp,sp,-16
80003860:	00000517          	auipc	a0,0x0
80003864:	03850513          	add	a0,a0,56 # 80003898 <main+0xa0>
80003868:	c606                	sw	ra,12(sp)
8000386a:	ea3fe0ef          	jal	8000270c <printstr>
8000386e:	40b2                	lw	ra,12(sp)
80003870:	557d                	li	a0,-1
80003872:	0141                	add	sp,sp,16
80003874:	8082                	ret

Disassembly of section .data:

80003ba0 <verify_data>:
80003ba0:	000a8b27          	.insn	4, 0x000a8b27
80003ba4:	bef4                	.insn	2, 0xbef4
80003ba6:	000d                	c.nop	3
80003ba8:	83c4                	.insn	2, 0x83c4
80003baa:	0021                	c.nop	8
80003bac:	9b62                	add	s6,s6,s8
80003bae:	0026                	c.slli	zero,0x9
80003bb0:	0030356f          	jal	a0,800073b2 <input_data+0x1812>
80003bb4:	be92                	.insn	2, 0xbe92
80003bb6:	0035                	c.nop	13
80003bb8:	0039e5ef          	jal	a1,800a23ba <_tbss_end+0x987b6>
80003bbc:	82bc                	.insn	2, 0x82bc
80003bbe:	003d                	c.nop	15
80003bc0:	02d6                	sll	t0,t0,0x15
80003bc2:	0051                	c.nop	20
80003bc4:	d704                	sw	s1,40(a4)
80003bc6:	0051                	c.nop	20
80003bc8:	00949033          	sll	zero,s1,s1
80003bcc:	1df9                	add	s11,s11,-2
80003bce:	779600af          	.insn	4, 0x779600af
80003bd2:	00c2                	sll	ra,ra,0x10
80003bd4:	1040                	add	s0,sp,36
80003bd6:	00c4                	add	s1,sp,68
80003bd8:	00c56a53          	.insn	4, 0x00c56a53
80003bdc:	1f1d                	add	t5,t5,-25
80003bde:	00c9                	add	ra,ra,18
80003be0:	00d3e7bb          	.insn	4, 0x00d3e7bb
80003be4:	8b4c                	.insn	2, 0x8b4c
80003be6:	459500d7          	.insn	4, 0x459500d7
80003bea:	00d9                	add	ra,ra,22
80003bec:	6bd8                	.insn	2, 0x6bd8
80003bee:	00fa                	sll	ra,ra,0x1e
80003bf0:	0125630f          	.insn	4, 0x0125630f
80003bf4:	ffb9                	bnez	a5,80003b52 <__clz_tab+0x102>
80003bf6:	013a                	sll	sp,sp,0xe
80003bf8:	d932                	sw	a2,176(sp)
80003bfa:	0144                	add	s1,sp,132
80003bfc:	c7f5                	beqz	a5,80003ce8 <verify_data+0x148>
80003bfe:	0151                	add	sp,sp,20
80003c00:	54ee                	lw	s1,248(sp)
80003c02:	5b5b015b          	.insn	4, 0x5b5b015b
80003c06:	00ad0163          	beq	s10,a0,80003c08 <verify_data+0x68>
80003c0a:	0174                	add	a3,sp,140
80003c0c:	fa95                	bnez	a3,80003b40 <__clz_tab+0xf0>
80003c0e:	018a                	sll	gp,gp,0x2
80003c10:	30b0                	.insn	2, 0x30b0
80003c12:	0191                	add	gp,gp,4 # 800083a4 <__global_pointer$+0x4>
80003c14:	019736cb          	.insn	4, 0x019736cb
80003c18:	befe                	.insn	2, 0xbefe
80003c1a:	01a1                	add	gp,gp,8 # 800083a8 <__global_pointer$+0x8>
80003c1c:	9418                	.insn	2, 0x9418
80003c1e:	01a4                	add	s1,sp,200
80003c20:	2a85                	jal	80003d90 <verify_data+0x1f0>
80003c22:	532401af          	.insn	4, 0x532401af
80003c26:	e9c701b7          	lui	gp,0xe9c70
80003c2a:	01d8                	add	a4,sp,196
80003c2c:	01db5cd7          	.insn	4, 0x01db5cd7
80003c30:	c8a5                	beqz	s1,80003ca0 <verify_data+0x100>
80003c32:	01e1                	add	gp,gp,24 # e9c70018 <_tbss_end+0x69c66414>
80003c34:	2134                	.insn	2, 0x2134
80003c36:	01e2                	sll	gp,gp,0x18
80003c38:	2442                	.insn	2, 0x2442
80003c3a:	021f 2b34 0223      	.insn	6, 0x02232b34021f
80003c40:	d6fc                	sw	a5,108(a3)
80003c42:	0234                	add	a3,sp,264
80003c44:	bdad                	j	80003abe <__clz_tab+0x6e>
80003c46:	0236                	sll	tp,tp,0xd
80003c48:	4c36                	lw	s8,76(sp)
80003c4a:	024d                	add	tp,tp,19 # 13 <buf.2+0x13>
80003c4c:	8266                	mv	tp,s9
80003c4e:	027c                	add	a5,sp,268
80003c50:	31ca                	.insn	2, 0x31ca
80003c52:	0281                	add	t0,t0,0
80003c54:	b6de                	.insn	2, 0xb6de
80003c56:	029e                	sll	t0,t0,0x7
80003c58:	b6a6                	.insn	2, 0xb6a6
80003c5a:	02cd                	add	t0,t0,19
80003c5c:	127d                	add	tp,tp,-1 # ffffffff <_tbss_end+0x7fff63fb>
80003c5e:	02d4                	add	a3,sp,324
80003c60:	3e02                	.insn	2, 0x3e02
80003c62:	02d4                	add	a3,sp,324
80003c64:	02e12ea7          	.insn	4, 0x02e12ea7
80003c68:	4258                	lw	a4,4(a2)
80003c6a:	02e8                	add	a0,sp,332
80003c6c:	03065ce3          	bge	a2,a6,800044a4 <verify_data+0x904>
80003c70:	b802                	.insn	2, 0xb802
80003c72:	0309                	add	t1,t1,2
80003c74:	c325                	beqz	a4,80003cd4 <verify_data+0x134>
80003c76:	0314                	add	a3,sp,384
80003c78:	f686                	.insn	2, 0xf686
80003c7a:	0335                	add	t1,t1,13
80003c7c:	472e                	lw	a4,200(sp)
80003c7e:	034e                	sll	t1,t1,0x13
80003c80:	705c                	.insn	2, 0x705c
80003c82:	55e00377          	.insn	4, 0x55e00377
80003c86:	0378                	add	a4,sp,396
80003c88:	2382                	.insn	2, 0x2382
80003c8a:	038a                	sll	t2,t2,0x2
80003c8c:	b6cd                	j	8000386e <main+0x76>
80003c8e:	b922039b          	.insn	4, 0xb922039b
80003c92:	03ad                	add	t2,t2,11
80003c94:	3e1f 03b5 08ea      	.insn	6, 0x08ea03b53e1f
80003c9a:	03c5                	add	t2,t2,17
80003c9c:	b410                	.insn	2, 0xb410
80003c9e:	03dc                	add	a5,sp,452
80003ca0:	ea69                	bnez	a2,80003d72 <verify_data+0x1d2>
80003ca2:	a10703f7          	.insn	4, 0xa10703f7
80003ca6:	040e                	sll	s0,s0,0x3
80003ca8:	aaf4                	.insn	2, 0xaaf4
80003caa:	041e                	sll	s0,s0,0x7
80003cac:	6f58                	.insn	2, 0x6f58
80003cae:	042a                	sll	s0,s0,0xa
80003cb0:	042c2c93          	slti	s9,s8,66
80003cb4:	c4c2                	sw	a6,72(sp)
80003cb6:	0439                	add	s0,s0,14
80003cb8:	82a8                	.insn	2, 0x82a8
80003cba:	e231044f          	.insn	4, 0xe231044f
80003cbe:	0456                	sll	s0,s0,0x15
80003cc0:	f6c6                	.insn	2, 0xf6c6
80003cc2:	0458                	add	a4,sp,516
80003cc4:	b2da                	.insn	2, 0xb2da
80003cc6:	0476                	sll	s0,s0,0x1d
80003cc8:	7e24                	.insn	2, 0x7e24
80003cca:	0486                	sll	s1,s1,0x1
80003ccc:	86b6                	mv	a3,a3
80003cce:	0498                	add	a4,sp,576
80003cd0:	49b6                	lw	s3,76(sp)
80003cd2:	049e                	sll	s1,s1,0x7
80003cd4:	80f2                	mv	ra,t3
80003cd6:	9c1c04ab          	.insn	4, 0x9c1c04ab
80003cda:	04c9                	add	s1,s1,18
80003cdc:	deea                	sw	s10,124(sp)
80003cde:	04ca                	sll	s1,s1,0x12
80003ce0:	04d2734b          	.insn	4, 0x04d2734b
80003ce4:	04da198b          	.insn	4, 0x04da198b
80003ce8:	a428                	.insn	2, 0xa428
80003cea:	04f0                	add	a2,sp,588
80003cec:	d981                	beqz	a1,80003bfc <verify_data+0x5c>
80003cee:	3571050f          	.insn	4, 0x3571050f
80003cf2:	053d                	add	a0,a0,15
80003cf4:	5552                	lw	a0,52(sp)
80003cf6:	24a4054b          	.insn	4, 0x24a4054b
80003cfa:	0554                	add	a3,sp,644
80003cfc:	415f 055e 41a4      	.insn	6, 0x41a4055e415f
80003d02:	f25c056f          	jal	a0,7ffc4c26 <buflen.1+0x7ffc4be6>
80003d06:	057f 45bf 0585 efda 	.insn	10, 0x0588efda058545bf057f
80003d0e:	0588 
80003d10:	058dfb67          	.insn	4, 0x058dfb67
80003d14:	05a5ef07          	.insn	4, 0x05a5ef07
80003d18:	1220                	add	s0,sp,296
80003d1a:	05b5                	add	a1,a1,13
80003d1c:	6e11                	lui	t3,0x4
80003d1e:	05ee                	sll	a1,a1,0x1b
80003d20:	a4ed                	j	8000400a <verify_data+0x46a>
80003d22:	063c                	add	a5,sp,776
80003d24:	0340                	add	s0,sp,388
80003d26:	063e                	sll	a2,a2,0xf
80003d28:	091f 0648 d5d4      	.insn	6, 0xd5d40648091f
80003d2e:	0654                	add	a3,sp,772
80003d30:	065a84b7          	lui	s1,0x65a8
80003d34:	06622783          	lw	a5,102(tp) # 66 <buflen.1+0x26>
80003d38:	2422                	.insn	2, 0x2422
80003d3a:	47c40663          	beq	s0,t3,800041a6 <verify_data+0x606>
80003d3e:	0670                	add	a2,sp,780
80003d40:	3ad6                	.insn	2, 0x3ad6
80003d42:	0675                	add	a2,a2,29
80003d44:	417f 0676 895f 0679 	.insn	18, 0x864806873ee4067fc1000679895f0676417f
80003d4c:	c100 067f 3ee4 0687 
80003d54:	8648 
80003d56:	06ad                	add	a3,a3,11 # 1000b <buflen.1+0xffcb>
80003d58:	e19d                	bnez	a1,80003d7e <verify_data+0x1de>
80003d5a:	06b6                	sll	a3,a3,0xd
80003d5c:	06c34b8b          	.insn	4, 0x06c34b8b
80003d60:	1870                	add	a2,sp,60
80003d62:	06c5                	add	a3,a3,17
80003d64:	9628                	.insn	2, 0x9628
80003d66:	06ce                	sll	a3,a3,0x13
80003d68:	02e2                	sll	t0,t0,0x18
80003d6a:	b7c306db          	.insn	4, 0xb7c306db
80003d6e:	06f5                	add	a3,a3,29
80003d70:	3fc0                	.insn	2, 0x3fc0
80003d72:	06fd                	add	a3,a3,31
80003d74:	8f21                	xor	a4,a4,s0
80003d76:	06fd                	add	a3,a3,31
80003d78:	f79f 0704 25d6      	.insn	6, 0x25d60704f79f
80003d7e:	071c                	add	a5,sp,896
80003d80:	d1ee                	sw	s11,224(sp)
80003d82:	0721                	add	a4,a4,8 # 1000008 <buflen.1+0xffffc8>
80003d84:	07477a3f 075a3493 	.insn	8, 0x075a349307477a3f
80003d8c:	076267bf 079f193f 	.insn	8, 0x079f193f076267bf
80003d94:	afe9                	j	8000456e <verify_data+0x9ce>
80003d96:	07a1                	add	a5,a5,8
80003d98:	a8fc                	.insn	2, 0xa8fc
80003d9a:	154507bf 7b3807d5 	.insn	8, 0x7b3807d5154507bf
80003da2:	07f9                	add	a5,a5,30
80003da4:	08039873          	csrrw	a6,0x80,t2
80003da8:	2215                	jal	80003ecc <verify_data+0x32c>
80003daa:	080c                	add	a1,sp,16
80003dac:	49ca                	lw	s3,144(sp)
80003dae:	0816                	sll	a6,a6,0x5
80003db0:	082b2a17          	auipc	s4,0x82b2
80003db4:	9b68                	.insn	2, 0x9b68
80003db6:	0836                	sll	a6,a6,0xd
80003db8:	8469                	sra	s0,s0,0x1a
80003dba:	0850                	add	a2,sp,20
80003dbc:	08606c9b          	.insn	4, 0x08606c9b
80003dc0:	da71                	beqz	a2,80003d94 <verify_data+0x1f4>
80003dc2:	08ad                	add	a7,a7,11 # 100000b <buflen.1+0xffffcb>
80003dc4:	08b3d3db          	.insn	4, 0x08b3d3db
80003dc8:	09fd                	add	s3,s3,31
80003dca:	08d4                	add	a3,sp,84
80003dcc:	08da5b6b          	.insn	4, 0x08da5b6b
80003dd0:	2c11                	jal	80003fe4 <verify_data+0x444>
80003dd2:	08e4                	add	s1,sp,92
80003dd4:	08fe3757          	.insn	4, 0x08fe3757
80003dd8:	6d30                	.insn	2, 0x6d30
80003dda:	0906                	sll	s2,s2,0x1
80003ddc:	8185                	srl	a1,a1,0x1
80003dde:	03e50913          	add	s2,a0,62
80003de2:	094a                	sll	s2,s2,0x12
80003de4:	f9c1                	bnez	a1,80003d74 <verify_data+0x1d4>
80003de6:	f94f0953          	.insn	4, 0xf94f0953
80003dea:	89600957          	.insn	4, 0x89600957
80003dee:	099f 54b6 09a0      	.insn	6, 0x09a054b6099f
80003df4:	b5b6                	.insn	2, 0xb5b6
80003df6:	09bc                	add	a5,sp,216
80003df8:	09fe3077          	.insn	4, 0x09fe3077
80003dfc:	4130                	lw	a2,64(a0)
80003dfe:	379b0a0f          	.insn	4, 0x379b0a0f
80003e02:	d3450a17          	auipc	s4,0xd3450
80003e06:	0a1d                	add	s4,s4,7 # 53453e09 <buflen.1+0x53453dc9>
80003e08:	4a15                	li	s4,5
80003e0a:	0a26                	sll	s4,s4,0x9
80003e0c:	2f1a                	.insn	2, 0x2f1a
80003e0e:	0a42                	sll	s4,s4,0x10
80003e10:	0a50ba03          	.insn	4, 0x0a50ba03
80003e14:	53d9                	li	t2,-10
80003e16:	0a5c                	add	a5,sp,276
80003e18:	48d2                	lw	a7,20(sp)
80003e1a:	0a60                	add	s0,sp,284
80003e1c:	0a6dc44f          	.insn	4, 0x0a6dc44f
80003e20:	c97f 0a79 2930 0a7b 	.insn	18, 0xd0990a8e58740a7dea250a7b29300a79c97f
80003e28:	ea25 0a7d 5874 0a8e 
80003e30:	d099 
80003e32:	0aa9                	add	s5,s5,10
80003e34:	f591                	bnez	a1,80003d40 <verify_data+0x1a0>
80003e36:	0ac2                	sll	s5,s5,0x10
80003e38:	0ac3bca3          	.insn	4, 0x0ac3bca3
80003e3c:	8142                	mv	sp,a6
80003e3e:	0ad2                	sll	s5,s5,0x14
80003e40:	3aae                	.insn	2, 0x3aae
80003e42:	0ae2                	sll	s5,s5,0x18
80003e44:	ba5a                	.insn	2, 0xba5a
80003e46:	0af2                	sll	s5,s5,0x1c
80003e48:	0b0fe933          	max	s2,t6,a6
80003e4c:	eae8                	.insn	2, 0xeae8
80003e4e:	0b10                	add	a2,sp,400
80003e50:	d360                	sw	s0,100(a4)
80003e52:	0b15                	add	s6,s6,5
80003e54:	dbe0                	sw	s0,116(a5)
80003e56:	dcd00b17          	auipc	s6,0xdcd00
80003e5a:	0b18                	add	a4,sp,400
80003e5c:	e892                	.insn	2, 0xe892
80003e5e:	0b34                	add	a3,sp,408
80003e60:	0b5676e3          	bgeu	a2,s5,8000470c <verify_data+0xb6c>
80003e64:	5a9a                	lw	s5,164(sp)
80003e66:	7c260b5b          	.insn	4, 0x7c260b5b
80003e6a:	0b5f 4814 0b8e      	.insn	6, 0x0b8e48140b5f
80003e70:	3f66                	.insn	2, 0x3f66
80003e72:	0ba5                	add	s7,s7,9
80003e74:	db0a                	sw	sp,180(sp)
80003e76:	0bb4                	add	a3,sp,472
80003e78:	b420                	.insn	2, 0xb420
80003e7a:	0bcc                	add	a1,sp,468
80003e7c:	16b9                	add	a3,a3,-18
80003e7e:	0bd0                	add	a2,sp,468
80003e80:	cd60                	sw	s0,92(a0)
80003e82:	0bd0                	add	a2,sp,468
80003e84:	0919                	add	s2,s2,6
80003e86:	0bed                	add	s7,s7,27
80003e88:	9f16                	add	t5,t5,t0
80003e8a:	f2ea0bef          	jal	s7,7ffa45b8 <buflen.1+0x7ffa4578>
80003e8e:	0c11                	add	s8,s8,4
80003e90:	0c30a657          	.insn	4, 0x0c30a657
80003e94:	2cec                	.insn	2, 0x2cec
80003e96:	0c38                	add	a4,sp,536
80003e98:	0c514963          	blt	sp,t0,80003f6a <verify_data+0x3ca>
80003e9c:	45e2                	lw	a1,24(sp)
80003e9e:	0c68                	add	a0,sp,540
80003ea0:	6fc0                	.insn	2, 0x6fc0
80003ea2:	0c6c                	add	a1,sp,540
80003ea4:	d928                	sw	a0,112(a0)
80003ea6:	0c85                	add	s9,s9,1
80003ea8:	c4ff 0c8f 366e 0c92 	.insn	18, 0x75090caf65910ca390c00c92366e0c8fc4ff
80003eb0:	90c0 0ca3 6591 0caf 
80003eb8:	7509 
80003eba:	0ccc                	add	a1,sp,596
80003ebc:	ea80                	.insn	2, 0xea80
80003ebe:	0cd0                	add	a2,sp,596
80003ec0:	8aa1                	and	a3,a3,8
80003ec2:	0ce6                	sll	s9,s9,0x19
80003ec4:	68ec                	.insn	2, 0x68ec
80003ec6:	0ce8                	add	a0,sp,604
80003ec8:	cc9f 0cfa a7e9      	.insn	6, 0xa7e90cfacc9f
80003ece:	0d08                	add	a0,sp,656
80003ed0:	3b0a                	.insn	2, 0x3b0a
80003ed2:	0d31                	add	s10,s10,12
80003ed4:	0d36494b          	.insn	4, 0x0d36494b
80003ed8:	88d1                	and	s1,s1,20
80003eda:	9e8b0d43          	.insn	4, 0x9e8b0d43
80003ede:	0d6a                	sll	s10,s10,0x1a
80003ee0:	18cd                	add	a7,a7,-13
80003ee2:	7e030d77          	.insn	4, 0x7e030d77
80003ee6:	85140d77          	.insn	4, 0x85140d77
80003eea:	90d40d83          	lb	s11,-1779(s0)
80003eee:	507c0d83          	lb	s11,1287(s8)
80003ef2:	0d86                	sll	s11,s11,0x1
80003ef4:	0d8789af          	.insn	4, 0x0d8789af
80003ef8:	0d8e43d3          	.insn	4, 0x0d8e43d3
80003efc:	05ac                	add	a1,sp,712
80003efe:	0d95                	add	s11,s11,5
80003f00:	a911                	j	80004314 <verify_data+0x774>
80003f02:	0da5                	add	s11,s11,9
80003f04:	1500                	add	s0,sp,672
80003f06:	0db4                	add	a3,sp,728
80003f08:	b6ca                	.insn	2, 0xb6ca
80003f0a:	0dba                	sll	s11,s11,0xe
80003f0c:	323a                	.insn	2, 0x323a
80003f0e:	8d110dbf a4550dc7 	.insn	8, 0xa4550dc78d110dbf
80003f16:	0dd6                	sll	s11,s11,0x15
80003f18:	27b1                	jal	80004664 <verify_data+0xac4>
80003f1a:	124f0df3          	.insn	4, 0x124f0df3
80003f1e:	0e1e                	sll	t3,t3,0x7
80003f20:	0e20a51b          	.insn	4, 0x0e20a51b
80003f24:	d8e0                	sw	s0,116(s1)
80003f26:	3b240e33          	.insn	4, 0x3b240e33
80003f2a:	0e38                	add	a4,sp,792
80003f2c:	f698                	.insn	2, 0xf698
80003f2e:	0e4d                	add	t3,t3,19 # 4013 <buflen.1+0x3fd3>
80003f30:	0e578ce3          	beq	a5,t0,80004828 <verify_data+0xc88>
80003f34:	b631                	j	80003a40 <main+0x248>
80003f36:	0e64                	add	s1,sp,796
80003f38:	938a                	add	t2,t2,sp
80003f3a:	0e65                	add	t3,t3,25
80003f3c:	3a1d                	jal	80003872 <main+0x7a>
80003f3e:	0e68                	add	a0,sp,796
80003f40:	f848                	.insn	2, 0xf848
80003f42:	0e95                	add	t4,t4,5
80003f44:	06c9                	add	a3,a3,18
80003f46:	0e9a                	sll	t4,t4,0x6
80003f48:	83b2                	mv	t2,a2
80003f4a:	0e9f a14b 0ebc      	.insn	6, 0x0ebca14b0e9f
80003f50:	be14                	.insn	2, 0xbe14
80003f52:	c3680ebf 1ec70ebf 	.insn	8, 0x1ec70ebfc3680ebf
80003f5a:	0ee2                	sll	t4,t4,0x18
80003f5c:	0ee70b53          	.insn	4, 0x0ee70b53
80003f60:	ab91                	j	800044b4 <verify_data+0x914>
80003f62:	0ee8                	add	a0,sp,860
80003f64:	db66                	sw	s9,180(sp)
80003f66:	0ef1                	add	t4,t4,28
80003f68:	cfda                	sw	s6,220(sp)
80003f6a:	cd000ef3          	.insn	4, 0xcd000ef3
80003f6e:	0efd                	add	t4,t4,31
80003f70:	2f3e                	.insn	2, 0x2f3e
80003f72:	0f22                	sll	t5,t5,0x8
80003f74:	73da                	.insn	2, 0x73da
80003f76:	0f36                	sll	t5,t5,0xd
80003f78:	760e                	.insn	2, 0x760e
80003f7a:	0f45                	add	t5,t5,17
80003f7c:	61f6                	.insn	2, 0x61f6
80003f7e:	9eb70f4f          	.insn	4, 0x9eb70f4f
80003f82:	0f5c                	add	a5,sp,916
80003f84:	0f637b73          	csrrc	s6,0xf6,6
80003f88:	c1b1                	beqz	a1,80003fcc <verify_data+0x42c>
80003f8a:	dcbd0f7b          	.insn	4, 0xdcbd0f7b
80003f8e:	5fc40f7b          	.insn	4, 0x5fc40f7b
80003f92:	82b70f83          	lb	t6,-2005(a4)
80003f96:	0f89                	add	t6,t6,2
80003f98:	9338                	.insn	2, 0x9338
80003f9a:	0f89                	add	t6,t6,2
80003f9c:	0f8b5fbf 0f97096e 	.insn	8, 0x0f97096e0f8b5fbf
80003fa4:	1efe                	sll	t4,t4,0x3f
80003fa6:	0fd1                	add	t6,t6,20
80003fa8:	c2dc                	sw	a5,4(a3)
80003faa:	0fec                	add	a1,sp,988
80003fac:	b0dc                	.insn	2, 0xb0dc
80003fae:	0ffa                	sll	t6,t6,0x1e
80003fb0:	2d4e                	.insn	2, 0x2d4e
80003fb2:	233d100b          	.insn	4, 0x233d100b
80003fb6:	101e                	c.slli	zero,0x27
80003fb8:	10244d23          	.insn	4, 0x10244d23
80003fbc:	f81f 1034 4c25      	.insn	6, 0x4c251034f81f
80003fc2:	1060                	add	s0,sp,44
80003fc4:	45f5                	li	a1,29
80003fc6:	108a                	sll	ra,ra,0x22
80003fc8:	0f29                	add	t5,t5,10
80003fca:	1091                	add	ra,ra,-28
80003fcc:	0db2                	sll	s11,s11,0xc
80003fce:	10a5                	add	ra,ra,-23
80003fd0:	8f9a                	mv	t6,t1
80003fd2:	10c4                	add	s1,sp,100
80003fd4:	10e4ceaf          	.insn	4, 0x10e4ceaf
80003fd8:	8979                	and	a0,a0,30
80003fda:	dde610f7          	.insn	4, 0xdde610f7
80003fde:	1122                	sll	sp,sp,0x28
80003fe0:	112b5d0f          	.insn	4, 0x112b5d0f
80003fe4:	43c8                	lw	a0,4(a5)
80003fe6:	1144                	add	s1,sp,164
80003fe8:	dc36                	sw	a3,56(sp)
80003fea:	115c                	add	a5,sp,164
80003fec:	7eec                	.insn	2, 0x7eec
80003fee:	1178                	add	a4,sp,172
80003ff0:	0002                	c.slli64	zero
80003ff2:	1189                	add	gp,gp,-30 # 80008382 <scratch.0+0x7d2>
80003ff4:	119f8227          	.insn	4, 0x119f8227
80003ff8:	4fc8                	lw	a0,28(a5)
80003ffa:	182611cf          	.insn	4, 0x182611cf
80003ffe:	11da                	sll	gp,gp,0x36
80004000:	8de8                	.insn	2, 0x8de8
80004002:	11e4                	add	s1,sp,236
80004004:	12e0                	add	s0,sp,364
80004006:	3fa611eb          	.insn	4, 0x3fa611eb
8000400a:	11f6                	sll	gp,gp,0x3d
8000400c:	04bd                	add	s1,s1,15 # 65a800f <buflen.1+0x65a7fcf>
8000400e:	2b6111fb          	.insn	4, 0x2b6111fb
80004012:	824211fb          	.insn	4, 0x824211fb
80004016:	51f61203          	lh	tp,1311(a2)
8000401a:	121c                	add	a5,sp,288
8000401c:	acb4                	.insn	2, 0xacb4
8000401e:	1220                	add	s0,sp,296
80004020:	e474                	.insn	2, 0xe474
80004022:	1221                	add	tp,tp,-24 # ffffffe8 <_tbss_end+0x7fff63e4>
80004024:	321c                	.insn	2, 0x321c
80004026:	1225                	add	tp,tp,-23 # ffffffe9 <_tbss_end+0x7fff63e5>
80004028:	671f 1235 6343      	.insn	6, 0x63431235671f
8000402e:	1239                	add	tp,tp,-18 # ffffffee <_tbss_end+0x7fff63ea>
80004030:	c895                	beqz	s1,80004064 <verify_data+0x4c4>
80004032:	63be125b          	.insn	4, 0x63be125b
80004036:	1266                	sll	tp,tp,0x39
80004038:	6746                	.insn	2, 0x6746
8000403a:	1268                	add	a0,sp,300
8000403c:	c920                	sw	s0,80(a0)
8000403e:	1268                	add	a0,sp,300
80004040:	6408                	.insn	2, 0x6408
80004042:	127e                	sll	tp,tp,0x3f
80004044:	6db5                	lui	s11,0xd
80004046:	1744128b          	.insn	4, 0x1744128b
8000404a:	12dd                	add	t0,t0,-9
8000404c:	12f40083          	lb	ra,303(s0)
80004050:	bfaa                	.insn	2, 0xbfaa
80004052:	e74112ff c0ac1314 	.insn	12, 0x2441133cc0ac1314e74112ff
8000405a:	2441133c 
8000405e:	0e9b1353          	.insn	4, 0x0e9b1353
80004062:	1364                	add	s1,sp,428
80004064:	136948cb          	.insn	4, 0x136948cb
80004068:	4dd8                	lw	a4,28(a1)
8000406a:	1395                	add	t2,t2,-27
8000406c:	e4b2                	.insn	2, 0xe4b2
8000406e:	139c                	add	a5,sp,480
80004070:	db86                	sw	ra,244(sp)
80004072:	a26a13a7          	.insn	4, 0xa26a13a7
80004076:	13b2                	sll	t2,t2,0x2c
80004078:	13bf00c7          	.insn	4, 0x13bf00c7
8000407c:	13ccfe2f          	.insn	4, 0x13ccfe2f
80004080:	b436                	.insn	2, 0xb436
80004082:	13e5                	add	t2,t2,-7
80004084:	13e702e3          	beq	a4,t5,800049a8 <verify_data+0xe08>
80004088:	0138                	add	a4,sp,136
8000408a:	13e9                	add	t2,t2,-6
8000408c:	a794                	.insn	2, 0xa794
8000408e:	13fe                	sll	t2,t2,0x3f
80004090:	140a3777          	.insn	4, 0x140a3777
80004094:	98ae                	add	a7,a7,a1
80004096:	142d                	add	s0,s0,-21
80004098:	8655                	sra	a2,a2,0x15
8000409a:	bdd61447          	.insn	4, 0xbdd61447
8000409e:	144a                	sll	s0,s0,0x32
800040a0:	81a2                	mv	gp,s0
800040a2:	145a                	sll	s0,s0,0x36
800040a4:	145d8bd7          	.insn	4, 0x145d8bd7
800040a8:	14624fa3          	.insn	4, 0x14624fa3
800040ac:	5a5e                	lw	s4,244(sp)
800040ae:	1472                	sll	s0,s0,0x3c
800040b0:	14739627          	.insn	4, 0x14739627
800040b4:	2e08                	.insn	2, 0x2e08
800040b6:	147c                	add	a5,sp,556
800040b8:	e22a                	.insn	2, 0xe22a
800040ba:	1488                	add	a0,sp,608
800040bc:	2630                	.insn	2, 0x2630
800040be:	148e                	sll	s1,s1,0x23
800040c0:	14a8aca7          	.insn	4, 0x14a8aca7
800040c4:	108a                	sll	ra,ra,0x22
800040c6:	14c0                	add	s0,sp,612
800040c8:	14d11f33          	.insn	4, 0x14d11f33
800040cc:	14df5beb          	.insn	4, 0x14df5beb
800040d0:	26d6                	.insn	2, 0x26d6
800040d2:	caae14f7          	.insn	4, 0xcaae14f7
800040d6:	1518                	add	a4,sp,672
800040d8:	3f1e                	.insn	2, 0x3f1e
800040da:	1532                	sll	a0,a0,0x2c
800040dc:	7742                	.insn	2, 0x7742
800040de:	1540                	add	s0,sp,676
800040e0:	1541dfdb          	.insn	4, 0x1541dfdb
800040e4:	63a5                	lui	t2,0x9
800040e6:	1542                	sll	a0,a0,0x30
800040e8:	1fe2                	sll	t6,t6,0x38
800040ea:	1571                	add	a0,a0,-4
800040ec:	d1f1                	beqz	a1,800040b0 <verify_data+0x510>
800040ee:	157e                	sll	a0,a0,0x3f
800040f0:	18e0                	add	s0,sp,124
800040f2:	159f b440 15aa      	.insn	6, 0x15aab440159f
800040f8:	15bb2fe7          	.insn	4, 0x15bb2fe7
800040fc:	a9d0                	.insn	2, 0xa9d0
800040fe:	a7d115bb          	.insn	4, 0xa7d115bb
80004102:	15c5                	add	a1,a1,-15
80004104:	7f16                	.insn	2, 0x7f16
80004106:	15ce                	sll	a1,a1,0x33
80004108:	68b2                	.insn	2, 0x68b2
8000410a:	0f8915db          	.insn	4, 0x0f8915db
8000410e:	15ee                	sll	a1,a1,0x3b
80004110:	15f77ee7          	.insn	4, 0x15f77ee7
80004114:	15fcce2f          	.insn	4, 0x15fcce2f
80004118:	12d6                	sll	t0,t0,0x35
8000411a:	1629                	add	a2,a2,-22
8000411c:	8dc1                	or	a1,a1,s0
8000411e:	1630                	add	a2,sp,808
80004120:	5f2d                	li	t5,-21
80004122:	eb5f1633          	.insn	4, 0xeb5f1633
80004126:	fd611633          	.insn	4, 0xfd611633
8000412a:	163e                	sll	a2,a2,0x2f
8000412c:	2ff2                	.insn	2, 0x2ff2
8000412e:	1640                	add	s0,sp,804
80004130:	379a                	.insn	2, 0x379a
80004132:	39421667          	.insn	4, 0x39421667
80004136:	1675                	add	a2,a2,-3
80004138:	bf1f 1695 42fc      	.insn	6, 0x42fc1695bf1f
8000413e:	169e                	sll	a3,a3,0x27
80004140:	6ad2                	.insn	2, 0x6ad2
80004142:	0ad616a7          	.insn	4, 0x0ad616a7
80004146:	534b16b7          	lui	a3,0x534b1
8000414a:	16be                	sll	a3,a3,0x2f
8000414c:	d8e5                	beqz	s1,8000413c <verify_data+0x59c>
8000414e:	4eab16c3          	.insn	4, 0x4eab16c3
80004152:	098116cb          	.insn	4, 0x098116cb
80004156:	1700                	add	s0,sp,928
80004158:	1692                	sll	a3,a3,0x24
8000415a:	170d                	add	a4,a4,-29
8000415c:	1621                	add	a2,a2,-24
8000415e:	1712                	sll	a4,a4,0x24
80004160:	17155447          	.insn	4, 0x17155447
80004164:	7b35                	lui	s6,0xfffed
80004166:	171a                	sll	a4,a4,0x26
80004168:	172d75a3          	.insn	4, 0x172d75a3
8000416c:	3a26                	.insn	2, 0x3a26
8000416e:	46e31733          	.insn	4, 0x46e31733
80004172:	174a                	sll	a4,a4,0x32
80004174:	1753184b          	.insn	4, 0x1753184b
80004178:	b7d5                	j	8000415c <verify_data+0x5bc>
8000417a:	1790                	add	a2,sp,992
8000417c:	394c                	.insn	2, 0x394c
8000417e:	17bc                	add	a5,sp,1000
80004180:	bb4a                	.insn	2, 0xbb4a
80004182:	17bc                	add	a5,sp,1000
80004184:	e6da                	.insn	2, 0xe6da
80004186:	17c6                	sll	a5,a5,0x31
80004188:	ff59                	bnez	a4,80004126 <verify_data+0x586>
8000418a:	17c9                	add	a5,a5,-14
8000418c:	3abd                	jal	80003b0a <__clz_tab+0xba>
8000418e:	61c617cf          	.insn	4, 0x61c617cf
80004192:	974017d7          	.insn	4, 0x974017d7
80004196:	17ed                	add	a5,a5,-5
80004198:	eeec                	.insn	2, 0xeeec
8000419a:	1802                	sll	a6,a6,0x20
8000419c:	10d2                	sll	ra,ra,0x34
8000419e:	1aef180b          	.insn	4, 0x1aef180b
800041a2:	184e                	sll	a6,a6,0x33
800041a4:	8e8d                	sub	a3,a3,a1
800041a6:	188c                	add	a1,sp,112
800041a8:	c656                	sw	s5,12(sp)
800041aa:	189e                	sll	a7,a7,0x27
800041ac:	a1ce                	.insn	2, 0xa1ce
800041ae:	18d2                	sll	a7,a7,0x34
800041b0:	9675                	sra	a2,a2,0x3d
800041b2:	3dfe18e3          	bne	t3,t6,80004d82 <verify_data+0x11e2>
800041b6:	18fa                	sll	a7,a7,0x3e
800041b8:	19de                	sll	s3,s3,0x37
800041ba:	b28018fb          	.insn	4, 0xb28018fb
800041be:	1900                	add	s0,sp,176
800041c0:	4ff0                	lw	a2,92(a5)
800041c2:	190a                	sll	s2,s2,0x22
800041c4:	191afacb          	.insn	4, 0x191afacb
800041c8:	ed44                	.insn	2, 0xed44
800041ca:	0a531927          	.insn	4, 0x0a531927
800041ce:	b1bf193b          	.insn	4, 0xb1bf193b
800041d2:	194e                	sll	s2,s2,0x33
800041d4:	19a2b58b          	.insn	4, 0x19a2b58b
800041d8:	5cc9                	li	s9,-14
800041da:	19c1                	add	s3,s3,-16
800041dc:	1980                	add	s0,sp,240
800041de:	19c9                	add	s3,s3,-14
800041e0:	19cee96b          	.insn	4, 0x19cee96b
800041e4:	59f1                	li	s3,-4
800041e6:	19d5                	add	s3,s3,-11
800041e8:	4af1                	li	s5,28
800041ea:	306d19eb          	.insn	4, 0x306d19eb
800041ee:	19f1                	add	s3,s3,-4
800041f0:	f8f2                	.insn	2, 0xf8f2
800041f2:	19f1                	add	s3,s3,-4
800041f4:	1886                	sll	a7,a7,0x21
800041f6:	1a04                	add	s1,sp,304
800041f8:	af00                	.insn	2, 0xaf00
800041fa:	1a05                	add	s4,s4,-31
800041fc:	1a067347          	.insn	4, 0x1a067347
80004200:	efe9                	bnez	a5,800042da <verify_data+0x73a>
80004202:	1a16                	sll	s4,s4,0x25
80004204:	34a2                	.insn	2, 0x34a2
80004206:	1a26                	sll	s4,s4,0x29
80004208:	6680                	.insn	2, 0x6680
8000420a:	1a72                	sll	s4,s4,0x3c
8000420c:	6a3e                	.insn	2, 0x6a3e
8000420e:	1a7c                	add	a5,sp,316
80004210:	1a9b193f 1ab845a1 	.insn	8, 0x1ab845a11a9b193f
80004218:	c174                	sw	a3,68(a0)
8000421a:	1abe                	sll	s5,s5,0x2f
8000421c:	8f99                	sub	a5,a5,a4
8000421e:	1ae8                	add	a0,sp,380
80004220:	88d5                	and	s1,s1,21
80004222:	1afe                	sll	s5,s5,0x3f
80004224:	fbb4                	.insn	2, 0xfbb4
80004226:	1b14                	add	a3,sp,432
80004228:	2e78                	.insn	2, 0x2e78
8000422a:	1b16                	sll	s6,s6,0x25
8000422c:	1b1ae0d3          	.insn	4, 0x1b1ae0d3
80004230:	d252                	sw	s4,36(sp)
80004232:	0fbf1b2b          	.insn	4, 0x0fbf1b2b
80004236:	1b35                	add	s6,s6,-19 # fffecfed <_tbss_end+0x7ffe33e9>
80004238:	fb86                	.insn	2, 0xfb86
8000423a:	1b60                	add	s0,sp,444
8000423c:	1b717563          	bgeu	sp,s7,800043e6 <verify_data+0x846>
80004240:	ab66                	.insn	2, 0xab66
80004242:	1b78                	add	a4,sp,444
80004244:	0f16                	sll	t5,t5,0x5
80004246:	1b81                	add	s7,s7,-32
80004248:	1b825af3          	csrrw	s5,0x1b8,4
8000424c:	e83e                	.insn	2, 0xe83e
8000424e:	1b94                	add	a3,sp,496
80004250:	a632                	.insn	2, 0xa632
80004252:	1b96                	sll	s7,s7,0x25
80004254:	1baab177          	.insn	4, 0x1baab177
80004258:	1bb4383f 1bb928d5 	.insn	8, 0x1bb928d51bb4383f
80004260:	0309                	add	t1,t1,2
80004262:	1c05                	add	s8,s8,-31
80004264:	84d0                	.insn	2, 0x84d0
80004266:	1c2d                	add	s8,s8,-21
80004268:	1c2f74ab          	.insn	4, 0x1c2f74ab
8000426c:	4355                	li	t1,21
8000426e:	1c36                	sll	s8,s8,0x2d
80004270:	4b00                	lw	s0,16(a4)
80004272:	a9601c73          	csrrw	s8,0xa96,zero
80004276:	1c74                	add	a3,sp,572
80004278:	b4a9                	j	80003cc2 <verify_data+0x122>
8000427a:	1c88                	add	a0,sp,624
8000427c:	0ac5                	add	s5,s5,17
8000427e:	1cb4                	add	a3,sp,632
80004280:	12d4                	add	a3,sp,356
80004282:	1cb4                	add	a3,sp,632
80004284:	bb55                	j	80004038 <verify_data+0x498>
80004286:	1cc8                	add	a0,sp,628
80004288:	1ccf4e3b          	.insn	4, 0x1ccf4e3b
8000428c:	000d                	c.nop	3
8000428e:	1cf5                	add	s9,s9,-3
80004290:	4c05                	li	s8,1
80004292:	1cfa                	sll	s9,s9,0x3e
80004294:	88a1                	and	s1,s1,8
80004296:	1cfa                	sll	s9,s9,0x3e
80004298:	9565                	sra	a0,a0,0x39
8000429a:	1d14                	add	a3,sp,688
8000429c:	da5f 1d42 1082      	.insn	6, 0x10821d42da5f
800042a2:	71bc1d5b          	.insn	4, 0x71bc1d5b
800042a6:	97091d77          	.insn	4, 0x97091d77
800042aa:	1d82                	sll	s11,s11,0x20
800042ac:	daea                	sw	s10,116(sp)
800042ae:	1dac                	add	a1,sp,760
800042b0:	9829                	and	s0,s0,-22
800042b2:	1db9                	add	s11,s11,-18 # cfee <buflen.1+0xcfae>
800042b4:	d75f 1dcb 2524      	.insn	6, 0x25241dcbd75f
800042ba:	9af51dd3          	.insn	4, 0x9af51dd3
800042be:	1dd8                	add	a4,sp,756
800042c0:	8a44                	.insn	2, 0x8a44
800042c2:	daf91def          	jal	s11,7ff96070 <buflen.1+0x7ff96030>
800042c6:	1df0                	add	a2,sp,764
800042c8:	6e48                	.insn	2, 0x6e48
800042ca:	1df4                	add	a3,sp,764
800042cc:	c9c9                	beqz	a1,8000435e <verify_data+0x7be>
800042ce:	1e00                	add	s0,sp,816
800042d0:	d51d                	beqz	a0,800041fe <verify_data+0x65e>
800042d2:	1e08                	add	a0,sp,816
800042d4:	1e300f6b          	.insn	4, 0x1e300f6b
800042d8:	25de                	.insn	2, 0x25de
800042da:	1e45                	add	t3,t3,-15
800042dc:	8062                	c.mv	zero,s8
800042de:	1e46                	sll	t3,t3,0x31
800042e0:	1e48192b          	.insn	4, 0x1e48192b
800042e4:	7f46                	.insn	2, 0x7f46
800042e6:	1e58                	add	a4,sp,820
800042e8:	1641                	add	a2,a2,-16
800042ea:	1e62                	sll	t3,t3,0x38
800042ec:	47e8                	lw	a0,76(a5)
800042ee:	1e6d                	add	t3,t3,-5
800042f0:	932c                	.insn	2, 0x932c
800042f2:	1e6d                	add	t3,t3,-5
800042f4:	0b6e                	sll	s6,s6,0x1b
800042f6:	1e8c                	add	a1,sp,880
800042f8:	e911                	bnez	a0,8000430c <verify_data+0x76c>
800042fa:	540d1e93          	.insn	4, 0x540d1e93
800042fe:	1e9c                	add	a5,sp,880
80004300:	1e9ca763          	.insn	4, 0x1e9ca763
80004304:	49c4                	lw	s1,20(a1)
80004306:	1ea6                	sll	t4,t4,0x29
80004308:	f87d                	bnez	s0,800042fe <verify_data+0x75e>
8000430a:	1eb0                	add	a2,sp,888
8000430c:	98ac                	.insn	2, 0x98ac
8000430e:	1eb8                	add	a4,sp,888
80004310:	a950                	.insn	2, 0xa950
80004312:	1ebe                	sll	t4,t4,0x2f
80004314:	8110                	.insn	2, 0x8110
80004316:	1edc                	add	a5,sp,884
80004318:	2d32                	.insn	2, 0x2d32
8000431a:	1ee1                	add	t4,t4,-8
8000431c:	4855                	li	a6,21
8000431e:	1ef2                	sll	t4,t4,0x3c
80004320:	1ef490c3          	.insn	4, 0x1ef490c3
80004324:	1ef9fd23          	.insn	4, 0x1ef9fd23
80004328:	9906                	add	s2,s2,ra
8000432a:	5e7e1f03          	lh	t5,1511(t3)
8000432e:	1f06                	sll	t5,t5,0x21
80004330:	3d39                	jal	8000414e <verify_data+0x5ae>
80004332:	1f09                	add	t5,t5,-30
80004334:	8905                	and	a0,a0,1
80004336:	1f1f 5071 1f23      	.insn	6, 0x1f2350711f1f
8000433c:	1f407de7          	.insn	4, 0x1f407de7
80004340:	1c49                	add	s8,s8,-14
80004342:	1f54                	add	a3,sp,948
80004344:	0239                	add	tp,tp,14 # e <buf.2+0xe>
80004346:	1f79                	add	t5,t5,-2
80004348:	1f8b77b7          	lui	a5,0x1f8b7
8000434c:	96fd                	sra	a3,a3,0x3f
8000434e:	1f98                	add	a4,sp,1008
80004350:	b1ee                	.insn	2, 0xb1ee
80004352:	cd531fb7          	lui	t6,0xcd531
80004356:	1fbc                	add	a5,sp,1016
80004358:	7b61                	lui	s6,0xffff8
8000435a:	1fc6                	sll	t6,t6,0x31
8000435c:	0dde                	sll	s11,s11,0x17
8000435e:	1fda                	sll	t6,t6,0x36
80004360:	16f9                	add	a3,a3,-2 # 534b0ffe <buflen.1+0x534b0fbe>
80004362:	1ff0                	add	a2,sp,1020
80004364:	adc6                	.insn	2, 0xadc6
80004366:	73bb1ff3          	csrrw	t6,mhpmevent27h,s6
8000436a:	201f 0c4c 2027      	.insn	6, 0x20270c4c201f
80004370:	202edda7          	.insn	4, 0x202edda7
80004374:	202fd7d7          	.insn	4, 0x202fd7d7
80004378:	2c8c                	.insn	2, 0x2c8c
8000437a:	2031                	jal	80004386 <verify_data+0x7e6>
8000437c:	46f4                	lw	a3,76(a3)
8000437e:	203e                	.insn	2, 0x203e
80004380:	8ed1                	or	a3,a3,a2
80004382:	0db82057          	.insn	4, 0x0db82057
80004386:	206c                	.insn	2, 0x206c
80004388:	7fd8                	.insn	2, 0x7fd8
8000438a:	207a                	.insn	2, 0x207a
8000438c:	0d30                	add	a2,sp,664
8000438e:	207d                	jal	8000443c <verify_data+0x89c>
80004390:	3aed                	jal	80003d8a <verify_data+0x1ea>
80004392:	2085                	jal	800043f2 <verify_data+0x852>
80004394:	7fc9                	lui	t6,0xffff2
80004396:	2090                	.insn	2, 0x2090
80004398:	78d4                	.insn	2, 0x78d4
8000439a:	f31d20b3          	.insn	4, 0xf31d20b3
8000439e:	20bc                	.insn	2, 0x20bc
800043a0:	7518                	.insn	2, 0x7518
800043a2:	20d0                	.insn	2, 0x20d0
800043a4:	cf61                	beqz	a4,8000447c <verify_data+0x8dc>
800043a6:	e50320fb          	.insn	4, 0xe50320fb
800043aa:	2128                	.insn	2, 0x2128
800043ac:	7078                	.insn	2, 0x7078
800043ae:	2159                	jal	80004834 <verify_data+0xc94>
800043b0:	0b52                	sll	s6,s6,0x14
800043b2:	9d30216b          	.insn	4, 0x9d30216b
800043b6:	218e                	.insn	2, 0x218e
800043b8:	81de                	mv	gp,s7
800043ba:	03af21af          	.insn	4, 0x03af21af
800043be:	a15d21bf f16e21d7 	.insn	8, 0xf16e21d7a15d21bf
800043c6:	21e4                	.insn	2, 0x21e4
800043c8:	21f8bbe7          	.insn	4, 0x21f8bbe7
800043cc:	757d                	lui	a0,0xfffff
800043ce:	2212                	.insn	2, 0x2212
800043d0:	221bb1f3          	csrrc	gp,0x221,s7
800043d4:	27e4                	.insn	2, 0x27e4
800043d6:	223a                	.insn	2, 0x223a
800043d8:	e330                	.insn	2, 0xe330
800043da:	2262                	.insn	2, 0x2262
800043dc:	226a2ea7          	.insn	4, 0x226a2ea7
800043e0:	9562                	add	a0,a0,s8
800043e2:	226a                	.insn	2, 0x226a
800043e4:	227f96f7          	.insn	4, 0x227f96f7
800043e8:	810a                	mv	sp,sp
800043ea:	2285                	jal	8000454a <verify_data+0x9aa>
800043ec:	22992e4b          	.insn	4, 0x22992e4b
800043f0:	aa91                	j	80004544 <verify_data+0x9a4>
800043f2:	229c                	.insn	2, 0x229c
800043f4:	9608                	.insn	2, 0x9608
800043f6:	22c1                	jal	800045b6 <verify_data+0xa16>
800043f8:	fb81                	bnez	a5,80004308 <verify_data+0x768>
800043fa:	22e0                	.insn	2, 0x22e0
800043fc:	ab60                	.insn	2, 0xab60
800043fe:	22ea                	.insn	2, 0x22ea
80004400:	2fa9                	jal	80004b5a <verify_data+0xfba>
80004402:	231c                	.insn	2, 0x231c
80004404:	39df 2335 4e2b      	.insn	6, 0x4e2b233539df
8000440a:	2349                	jal	8000498c <verify_data+0xdec>
8000440c:	c94a                	sw	s2,144(sp)
8000440e:	234c                	.insn	2, 0x234c
80004410:	23688f3b          	.insn	4, 0x23688f3b
80004414:	278e                	.insn	2, 0x278e
80004416:	2374                	.insn	2, 0x2374
80004418:	ed70                	.insn	2, 0xed70
8000441a:	2381                	jal	8000495a <verify_data+0xdba>
8000441c:	04c5                	add	s1,s1,17
8000441e:	239c                	.insn	2, 0x239c
80004420:	034d                	add	t1,t1,19
80004422:	23a5                	jal	8000498a <verify_data+0xdea>
80004424:	6a30                	.insn	2, 0x6a30
80004426:	a2f223e7          	.insn	4, 0xa2f223e7
8000442a:	7ca623ef          	jal	t2,80066bf4 <_tbss_end+0x5cff0>
8000442e:	e3c123f3          	csrrs	t2,0xe3c,sp
80004432:	23fe                	.insn	2, 0x23fe
80004434:	240481ab          	.insn	4, 0x240481ab
80004438:	37ea                	.insn	2, 0x37ea
8000443a:	491c240f          	.insn	4, 0x491c240f
8000443e:	2435                	jal	8000466a <verify_data+0xaca>
80004440:	b44a                	.insn	2, 0xb44a
80004442:	2439                	jal	80004650 <verify_data+0xab0>
80004444:	cd3e                	sw	a5,152(sp)
80004446:	247e                	.insn	2, 0x247e
80004448:	490d                	li	s2,3
8000444a:	249c                	.insn	2, 0x249c
8000444c:	3ecd                	jal	8000403e <verify_data+0x49e>
8000444e:	24a2                	.insn	2, 0x24a2
80004450:	5cb5                	li	s9,-19
80004452:	66c324b3          	.insn	4, 0x66c324b3
80004456:	24d2                	.insn	2, 0x24d2
80004458:	24d5dd8b          	.insn	4, 0x24d5dd8b
8000445c:	81fd                	srl	a1,a1,0x1f
8000445e:	24d8                	.insn	2, 0x24d8
80004460:	5376                	lw	t1,124(sp)
80004462:	24e0                	.insn	2, 0x24e0
80004464:	bbfa                	.insn	2, 0xbbfa
80004466:	3a3624eb          	.insn	4, 0x3a3624eb
8000446a:	24ec                	.insn	2, 0x24ec
8000446c:	05f9                	add	a1,a1,30
8000446e:	24f4                	.insn	2, 0x24f4
80004470:	0b3d                	add	s6,s6,15 # ffff800f <_tbss_end+0x7ffee40b>
80004472:	24fc                	.insn	2, 0x24fc
80004474:	c3bd                	beqz	a5,800044da <verify_data+0x93a>
80004476:	2511                	jal	80004a7a <verify_data+0xeda>
80004478:	b685                	j	80003fd8 <verify_data+0x438>
8000447a:	2514                	.insn	2, 0x2514
8000447c:	90ea                	add	ra,ra,s10
8000447e:	2515                	jal	80004aa2 <verify_data+0xf02>
80004480:	76c0                	.insn	2, 0x76c0
80004482:	252c                	.insn	2, 0x252c
80004484:	18b0                	add	a2,sp,120
80004486:	2530                	.insn	2, 0x2530
80004488:	dc48                	sw	a0,60(s0)
8000448a:	253a                	.insn	2, 0x253a
8000448c:	625f 253c d083      	.insn	6, 0xd083253c625f
80004492:	e0d6253f 5203254f 	.insn	8, 0x5203254fe0d6253f
8000449a:	2575                	jal	80004b46 <verify_data+0xfa6>
8000449c:	0af0                	add	a2,sp,348
8000449e:	a39e2593          	slti	a1,t3,-1479
800044a2:	259c                	.insn	2, 0x259c
800044a4:	648d                	lui	s1,0x3
800044a6:	25a2                	.insn	2, 0x25a2
800044a8:	25aa979b          	.insn	4, 0x25aa979b
800044ac:	e378                	.insn	2, 0xe378
800044ae:	25b4                	.insn	2, 0x25b4
800044b0:	25bbf907          	.insn	4, 0x25bbf907
800044b4:	7b4a                	.insn	2, 0x7b4a
800044b6:	25be                	.insn	2, 0x25be
800044b8:	ff86                	.insn	2, 0xff86
800044ba:	eb4f25ef          	jal	a1,7fff6b6e <buflen.1+0x7fff6b2e>
800044be:	2601                	jal	800047be <verify_data+0xc1e>
800044c0:	a9bd                	j	8000493e <verify_data+0xd9e>
800044c2:	2609                	jal	800047c4 <verify_data+0xc24>
800044c4:	5fae                	lw	t6,232(sp)
800044c6:	2632                	.insn	2, 0x2632
800044c8:	2540                	.insn	2, 0x2540
800044ca:	83a92667          	.insn	4, 0x83a92667
800044ce:	afc1266f          	jal	a2,7ff167ca <buflen.1+0x7ff1678a>
800044d2:	78e9268b          	.insn	4, 0x78e9268b
800044d6:	26ba                	.insn	2, 0x26ba
800044d8:	0b60                	add	s0,sp,412
800044da:	26c6                	.insn	2, 0x26c6
800044dc:	a9e2                	.insn	2, 0xa9e2
800044de:	26d5                	jal	800048c2 <verify_data+0xd22>
800044e0:	ed86                	.insn	2, 0xed86
800044e2:	26d8                	.insn	2, 0x26d8
800044e4:	ebc4                	.insn	2, 0xebc4
800044e6:	26dd                	jal	800048cc <verify_data+0xd2c>
800044e8:	e848                	.insn	2, 0xe848
800044ea:	26e2                	.insn	2, 0x26e2
800044ec:	26ecc43f 26f58add 	.insn	8, 0x26f58add26ecc43f
800044f4:	2ad8                	.insn	2, 0x2ad8
800044f6:	2709                	jal	80004bf8 <verify_data+0x1058>
800044f8:	9280                	.insn	2, 0x9280
800044fa:	270d                	jal	80004c1c <verify_data+0x107c>
800044fc:	4fba                	lw	t6,140(sp)
800044fe:	2711                	jal	80004c02 <verify_data+0x1062>
80004500:	53c2                	lw	t2,48(sp)
80004502:	2728                	.insn	2, 0x2728
80004504:	272cdbc7          	.insn	4, 0x272cdbc7
80004508:	ec5c                	.insn	2, 0xec5c
8000450a:	276a                	.insn	2, 0x276a
8000450c:	bfb6                	.insn	2, 0xbfb6
8000450e:	2799                	jal	80004c54 <verify_data+0x10b4>
80004510:	27ac473b          	.insn	4, 0x27ac473b
80004514:	e2fd                	bnez	a3,800045fa <verify_data+0xa5a>
80004516:	dfd027bb          	.insn	4, 0xdfd027bb
8000451a:	27f8                	.insn	2, 0x27f8
8000451c:	280b98c7          	.insn	4, 0x280b98c7
80004520:	d6ad                	beqz	a3,8000448a <verify_data+0x8ea>
80004522:	2812                	.insn	2, 0x2812
80004524:	281bbd27          	.insn	4, 0x281bbd27
80004528:	fe11                	bnez	a2,80004444 <verify_data+0x8a4>
8000452a:	2828                	.insn	2, 0x2828
8000452c:	49a5                	li	s3,9
8000452e:	2835                	jal	8000456a <verify_data+0x9ca>
80004530:	10f8                	add	a4,sp,108
80004532:	2844                	.insn	2, 0x2844
80004534:	2845d05b          	.insn	4, 0x2845d05b
80004538:	9189                	srl	a1,a1,0x22
8000453a:	285d                	jal	800045f0 <verify_data+0xa50>
8000453c:	2870b66f          	jal	a2,8000ffc2 <_tbss_end+0x63be>
80004540:	a34d                	j	80004ae2 <verify_data+0xf42>
80004542:	2880                	.insn	2, 0x2880
80004544:	9bfd                	and	a5,a5,-1
80004546:	288a                	.insn	2, 0x288a
80004548:	c5f0                	sw	a2,76(a1)
8000454a:	28a6                	.insn	2, 0x28a6
8000454c:	c1b4                	sw	a3,64(a1)
8000454e:	f15328bb          	.insn	4, 0xf15328bb
80004552:	28bd                	jal	800045d0 <verify_data+0xa30>
80004554:	5d55                	li	s10,-11
80004556:	28d4                	.insn	2, 0x28d4
80004558:	b431                	j	80003f64 <verify_data+0x3c4>
8000455a:	25ea28ef          	jal	a7,800a67b8 <_tbss_end+0x9cbb4>
8000455e:	2901                	jal	8000496e <verify_data+0xdce>
80004560:	290737e7          	.insn	4, 0x290737e7
80004564:	6c64                	.insn	2, 0x6c64
80004566:	2909                	jal	80004978 <verify_data+0xdd8>
80004568:	292b6803          	.insn	4, 0x292b6803
8000456c:	de5d                	beqz	a2,8000452a <verify_data+0x98a>
8000456e:	292c                	.insn	2, 0x292c
80004570:	292dc637          	lui	a2,0x292dc
80004574:	4190                	lw	a2,0(a1)
80004576:	2931                	jal	80004992 <verify_data+0xdf2>
80004578:	fc5d                	bnez	s0,80004536 <verify_data+0x996>
8000457a:	9857294b          	.insn	4, 0x9857294b
8000457e:	2959                	jal	80004a14 <verify_data+0xe74>
80004580:	28ae                	.insn	2, 0x28ae
80004582:	297c                	.insn	2, 0x297c
80004584:	297efd5b          	.insn	4, 0x297efd5b
80004588:	f432                	.insn	2, 0xf432
8000458a:	2982                	.insn	2, 0x2982
8000458c:	d515                	beqz	a0,800044b8 <verify_data+0x918>
8000458e:	2995                	jal	80004a02 <verify_data+0xe62>
80004590:	daa0                	sw	s0,112(a3)
80004592:	986b2997          	auipc	s3,0x986b2
80004596:	2998                	.insn	2, 0x2998
80004598:	29a4b67b          	.insn	4, 0x29a4b67b
8000459c:	29c439a7          	.insn	4, 0x29c439a7
800045a0:	29d70e33          	.insn	4, 0x29d70e33
800045a4:	7a22                	.insn	2, 0x7a22
800045a6:	29dd                	jal	80004a9c <verify_data+0xefc>
800045a8:	eae5                	bnez	a3,80004698 <verify_data+0xaf8>
800045aa:	29e8                	.insn	2, 0x29e8
800045ac:	35ba                	.insn	2, 0x35ba
800045ae:	2a0d                	jal	800046e0 <verify_data+0xb40>
800045b0:	2a12718f          	.insn	4, 0x2a12718f
800045b4:	2885                	jal	80004624 <verify_data+0xa84>
800045b6:	2a1a                	.insn	2, 0x2a1a
800045b8:	4eda                	lw	t4,148(sp)
800045ba:	2a21                	jal	800046d2 <verify_data+0xb32>
800045bc:	2a22a5e3          	.insn	4, 0x2a22a5e3
800045c0:	6ac2                	.insn	2, 0x6ac2
800045c2:	2a4c                	.insn	2, 0x2a4c
800045c4:	2a8f6b6f          	jal	s6,800fa86c <_tbss_end+0xf0c68>
800045c8:	bc82                	.insn	2, 0xbc82
800045ca:	2a95                	jal	8000473e <verify_data+0xb9e>
800045cc:	6351                	lui	t1,0x14
800045ce:	2aac                	.insn	2, 0x2aac
800045d0:	74f2                	.insn	2, 0x74f2
800045d2:	2aca                	.insn	2, 0x2aca
800045d4:	832c                	.insn	2, 0x832c
800045d6:	4d282aef          	jal	s5,80086aa8 <_tbss_end+0x7cea4>
800045da:	2afa                	.insn	2, 0x2afa
800045dc:	9719                	sra	a4,a4,0x26
800045de:	2b01                	jal	80004aee <verify_data+0xf4e>
800045e0:	2b0b5427          	.insn	4, 0x2b0b5427
800045e4:	d0ed                	beqz	s1,800045c6 <verify_data+0xa26>
800045e6:	2b0c                	.insn	2, 0x2b0c
800045e8:	261f 2b0e deec      	.insn	6, 0xdeec2b0e261f
800045ee:	2b16                	.insn	2, 0x2b16
800045f0:	0b2a                	sll	s6,s6,0xa
800045f2:	2b1d                	jal	80004b28 <verify_data+0xf88>
800045f4:	4dbe                	lw	s11,204(sp)
800045f6:	2b26                	.insn	2, 0x2b26
800045f8:	0c12                	sll	s8,s8,0x4
800045fa:	2b48                	.insn	2, 0x2b48
800045fc:	2488                	.insn	2, 0x2488
800045fe:	1c4b2b53          	.insn	4, 0x1c4b2b53
80004602:	2b5e                	.insn	2, 0x2b5e
80004604:	e58d                	bnez	a1,8000462e <verify_data+0xa8e>
80004606:	2b7a                	.insn	2, 0x2b7a
80004608:	6fa2                	.insn	2, 0x6fa2
8000460a:	4d812b7b          	.insn	4, 0x4d812b7b
8000460e:	2b84                	.insn	2, 0x2b84
80004610:	70c8                	.insn	2, 0x70c8
80004612:	5d0d2b87          	.insn	4, 0x5d0d2b87
80004616:	2b89                	jal	80004b68 <verify_data+0xfc8>
80004618:	d1e1                	beqz	a1,800045d8 <verify_data+0xa38>
8000461a:	6ca02b8f          	.insn	4, 0x6ca02b8f
8000461e:	d24e2b9b          	.insn	4, 0xd24e2b9b
80004622:	2b9d                	jal	80004b98 <verify_data+0xff8>
80004624:	5d49                	li	s10,-14
80004626:	35dc2ba7          	.insn	4, 0x35dc2ba7
8000462a:	2ba8                	.insn	2, 0x2ba8
8000462c:	6a49                	lui	s4,0x12
8000462e:	2be5                	jal	80004c26 <verify_data+0x1086>
80004630:	7d20                	.insn	2, 0x7d20
80004632:	a3052bf3          	csrrs	s7,0xa30,a0
80004636:	2bf5                	jal	80004c32 <verify_data+0x1092>
80004638:	64c0                	.insn	2, 0x64c0
8000463a:	58672c07          	.insn	4, 0x58672c07
8000463e:	2c15                	jal	80004872 <verify_data+0xcd2>
80004640:	aecc                	.insn	2, 0xaecc
80004642:	f5572c23          	sw	s5,-168(a4)
80004646:	94b82c2b          	.insn	4, 0x94b82c2b
8000464a:	2c2d                	jal	80004884 <verify_data+0xce4>
8000464c:	2c3cdaab          	.insn	4, 0x2c3cdaab
80004650:	0379                	add	t1,t1,30 # 1401e <buflen.1+0x13fde>
80004652:	2c52                	.insn	2, 0x2c52
80004654:	2c54a803          	lw	a6,709(s1) # 32c5 <buflen.1+0x3285>
80004658:	983d                	and	s0,s0,-17
8000465a:	2c6a                	.insn	2, 0x2c6a
8000465c:	aaad                	j	800047d6 <verify_data+0xc36>
8000465e:	5cab2c73          	csrrs	s8,0x5ca,s6
80004662:	9f222c8f          	.insn	4, 0x9f222c8f
80004666:	2c9d                	jal	800048dc <verify_data+0xd3c>
80004668:	2c45                	jal	80004918 <verify_data+0xd78>
8000466a:	b88a2cab          	.insn	4, 0xb88a2cab
8000466e:	2cbd                	jal	800048ec <verify_data+0xd4c>
80004670:	2cc21eab          	.insn	4, 0x2cc21eab
80004674:	ddc4                	sw	s1,60(a1)
80004676:	2cd0                	.insn	2, 0x2cd0
80004678:	8849                	and	s0,s0,18
8000467a:	2cd8                	.insn	2, 0x2cd8
8000467c:	2ce66627          	.insn	4, 0x2ce66627
80004680:	6b72                	.insn	2, 0x6b72
80004682:	2cf4                	.insn	2, 0x2cf4
80004684:	e584                	.insn	2, 0xe584
80004686:	2cf4                	.insn	2, 0x2cf4
80004688:	ceea                	sw	s10,92(sp)
8000468a:	2cfe                	.insn	2, 0x2cfe
8000468c:	d921                	beqz	a0,800045dc <verify_data+0xa3c>
8000468e:	2d08                	.insn	2, 0x2d08
80004690:	9006                	c.add	zero,ra
80004692:	2d0c                	.insn	2, 0x2d0c
80004694:	2d2aea73          	csrrs	s4,0x2d2,21
80004698:	8c8c                	.insn	2, 0x8c8c
8000469a:	2d2d                	jal	80004cd4 <verify_data+0x1134>
8000469c:	d426                	sw	s1,40(sp)
8000469e:	2d30                	.insn	2, 0x2d30
800046a0:	eda1                	bnez	a1,800046f8 <verify_data+0xb58>
800046a2:	2d68                	.insn	2, 0x2d68
800046a4:	2d73d15b          	.insn	4, 0x2d73d15b
800046a8:	7cb6                	.insn	2, 0x7cb6
800046aa:	fe492d97          	auipc	s11,0xfe492
800046ae:	ddde2d97          	auipc	s11,0xddde2
800046b2:	2d9e                	.insn	2, 0x2d9e
800046b4:	ac55                	j	80004968 <verify_data+0xdc8>
800046b6:	0f762da3          	sw	s7,251(a2) # 292dc0fb <buflen.1+0x292dc0bb>
800046ba:	ec892dbb          	.insn	4, 0xec892dbb
800046be:	2dc4                	.insn	2, 0x2dc4
800046c0:	95c4                	.insn	2, 0x95c4
800046c2:	2dc9                	jal	80004d94 <verify_data+0x11f4>
800046c4:	17e0                	add	s0,sp,1004
800046c6:	2dd6                	.insn	2, 0x2dd6
800046c8:	2deb91bf 2df3dfcb 	.insn	8, 0x2df3dfcb2deb91bf
800046d0:	2e04b247          	.insn	4, 0x2e04b247
800046d4:	9db6                	add	s11,s11,a3
800046d6:	77ef2e07          	.insn	4, 0x77ef2e07
800046da:	0dbb2e0b          	.insn	4, 0x0dbb2e0b
800046de:	2e16                	.insn	2, 0x2e16
800046e0:	2e56b07f 2e6a0f7c 	.insn	16, 0x2e70078a2e6c133b2e6a0f7c2e56b07f
800046e8:	2e6c133b 2e70078a 
800046f0:	26e2                	.insn	2, 0x26e2
800046f2:	2eb2                	.insn	2, 0x2eb2
800046f4:	3bb4                	.insn	2, 0x3bb4
800046f6:	2ed0                	.insn	2, 0x2ed0
800046f8:	4040                	lw	s0,4(s0)
800046fa:	2ed9                	jal	80004ad0 <verify_data+0xf30>
800046fc:	f2c1                	bnez	a3,8000467c <verify_data+0xadc>
800046fe:	2edd                	jal	80004af4 <verify_data+0xf54>
80004700:	0df8                	add	a4,sp,732
80004702:	2ee2                	.insn	2, 0x2ee2
80004704:	2eea494b          	.insn	4, 0x2eea494b
80004708:	def5                	beqz	a3,80004704 <verify_data+0xb64>
8000470a:	2ef0                	.insn	2, 0x2ef0
8000470c:	8746                	mv	a4,a7
8000470e:	2ef5                	jal	80004b0a <verify_data+0xf6a>
80004710:	9bd8                	.insn	2, 0x9bd8
80004712:	2ef6                	.insn	2, 0x2ef6
80004714:	5b1f 2f1a 9f26      	.insn	6, 0x9f262f1a5b1f
8000471a:	2f24                	.insn	2, 0x2f24
8000471c:	9259                	srl	a2,a2,0x36
8000471e:	2f28                	.insn	2, 0x2f28
80004720:	91a6                	add	gp,gp,s1
80004722:	ef642f2b          	.insn	4, 0xef642f2b
80004726:	b4642f4b          	.insn	4, 0xb4642f4b
8000472a:	2f70                	.insn	2, 0x2f70
8000472c:	2c50                	.insn	2, 0x2c50
8000472e:	2f82                	.insn	2, 0x2f82
80004730:	5026                	.insn	2, 0x5026
80004732:	d1cb2f97          	auipc	t6,0xd1cb2
80004736:	b6d42fa7          	.insn	4, 0xb6d42fa7
8000473a:	2faa                	.insn	2, 0x2faa
8000473c:	2fb80fd7          	.insn	4, 0x2fb80fd7
80004740:	21dc                	.insn	2, 0x21dc
80004742:	2fb9                	jal	80004ea0 <verify_data+0x1300>
80004744:	2fbefe13          	and	t3,t4,763
80004748:	2fc79aeb          	.insn	4, 0x2fc79aeb
8000474c:	2fcade4f          	.insn	4, 0x2fcade4f
80004750:	b366                	.insn	2, 0xb366
80004752:	2fd8                	.insn	2, 0x2fd8
80004754:	2ff1affb          	.insn	4, 0x2ff1affb
80004758:	30107333          	.insn	4, 0x30107333
8000475c:	301453e7          	.insn	4, 0x301453e7
80004760:	3014dbb7          	lui	s7,0x3014d
80004764:	94ee                	add	s1,s1,s11
80004766:	3041                	jal	80003fe6 <verify_data+0x446>
80004768:	86c8                	.insn	2, 0x86c8
8000476a:	304d                	jal	8000400c <verify_data+0x46c>
8000476c:	81e5                	srl	a1,a1,0x19
8000476e:	93fd304f          	.insn	4, 0x93fd304f
80004772:	89643067          	.insn	4, 0x89643067
80004776:	306a                	.insn	2, 0x306a
80004778:	2809                	jal	8000478a <verify_data+0xbea>
8000477a:	3401306b          	.insn	4, 0x3401306b
8000477e:	307d                	jal	8000402c <verify_data+0x48c>
80004780:	46b2                	lw	a3,12(sp)
80004782:	3089                	jal	80003fc4 <verify_data+0x424>
80004784:	9914                	.insn	2, 0x9914
80004786:	3095                	jal	80003fea <verify_data+0x44a>
80004788:	cd5f 30b8 735e      	.insn	6, 0x735e30b8cd5f
8000478e:	30ee                	.insn	2, 0x30ee
80004790:	d0d4                	sw	a3,36(s1)
80004792:	30f6                	.insn	2, 0x30f6
80004794:	6af4                	.insn	2, 0x6af4
80004796:	3108                	.insn	2, 0x3108
80004798:	1d65                	add	s10,s10,-7
8000479a:	3116                	.insn	2, 0x3116
8000479c:	31529973          	csrrw	s2,0x315,t0
800047a0:	3170694b          	.insn	4, 0x3170694b
800047a4:	31766a3f 3181e05e 	.insn	8, 0x3181e05e31766a3f
800047ac:	318c2ea3          	sw	s8,797(s8)
800047b0:	318c39e7          	.insn	4, 0x318c39e7
800047b4:	8c7a                	mv	s8,t5
800047b6:	3198                	.insn	2, 0x3198
800047b8:	dfc5                	beqz	a5,80004770 <verify_data+0xbd0>
800047ba:	31a6                	.insn	2, 0x31a6
800047bc:	31bc1683          	lh	a3,795(s8)
800047c0:	0fec                	add	a1,sp,988
800047c2:	31c6                	.insn	2, 0x31c6
800047c4:	d196                	sw	t0,224(sp)
800047c6:	31cc                	.insn	2, 0x31cc
800047c8:	0a74                	add	a3,sp,284
800047ca:	31d9                	jal	80004490 <verify_data+0x8f0>
800047cc:	58ee                	lw	a7,248(sp)
800047ce:	fa4731e3          	.insn	4, 0xfa4731e3
800047d2:	100a31e3          	.insn	4, 0x100a31e3
800047d6:	31ec                	.insn	2, 0x31ec
800047d8:	de75                	beqz	a2,800047d4 <verify_data+0xc34>
800047da:	3209                	jal	800040dc <verify_data+0x53c>
800047dc:	3213004b          	.insn	4, 0x3213004b
800047e0:	6e71                	lui	t3,0x1c
800047e2:	324a                	.insn	2, 0x324a
800047e4:	324f49f7          	.insn	4, 0x324f49f7
800047e8:	5676                	lw	a2,124(sp)
800047ea:	3268                	.insn	2, 0x3268
800047ec:	e084                	.insn	2, 0xe084
800047ee:	326e                	.insn	2, 0x326e
800047f0:	dd86                	sw	ra,248(sp)
800047f2:	3276                	.insn	2, 0x3276
800047f4:	19a6                	sll	s3,s3,0x29
800047f6:	3280                	.insn	2, 0x3280
800047f8:	9e1e                	add	t3,t3,t2
800047fa:	328d                	jal	8000415c <verify_data+0x5bc>
800047fc:	32919983          	lh	s3,809(gp) # 800086c9 <__global_pointer$+0x329>
80004800:	2dde                	.insn	2, 0x2dde
80004802:	32a2                	.insn	2, 0x32a2
80004804:	24ff 32be 29b6 32c4 	.insn	14, 0x6a7432cda56532c429b632be24ff
8000480c:	a565 32cd 6a74 
80004812:	32ce                	.insn	2, 0x32ce
80004814:	3d32                	.insn	2, 0x3d32
80004816:	32d5                	jal	800041fa <verify_data+0x65a>
80004818:	127e                	sll	tp,tp,0x3f
8000481a:	32e0                	.insn	2, 0x32e0
8000481c:	32ee431b          	.insn	4, 0x32ee431b
80004820:	e815                	bnez	s0,80004854 <verify_data+0xcb4>
80004822:	ffd432f7          	.insn	4, 0xffd432f7
80004826:	330e                	.insn	2, 0x330e
80004828:	4b8a                	lw	s7,128(sp)
8000482a:	3312                	.insn	2, 0x3312
8000482c:	33226d3b          	.insn	4, 0x33226d3b
80004830:	bb69                	j	800045ca <verify_data+0xa2a>
80004832:	3324                	.insn	2, 0x3324
80004834:	57fc                	lw	a5,108(a5)
80004836:	3326                	.insn	2, 0x3326
80004838:	3085                	jal	80004098 <verify_data+0x4f8>
8000483a:	3339                	jal	80004548 <verify_data+0x9a8>
8000483c:	a3bc                	.insn	2, 0xa3bc
8000483e:	333c                	.insn	2, 0x333c
80004840:	3348100b          	.insn	4, 0x3348100b
80004844:	bf5f 3378 37b1      	.insn	6, 0x37b13378bf5f
8000484a:	337a                	.insn	2, 0x337a
8000484c:	9944                	.insn	2, 0x9944
8000484e:	339f 69aa 33a5      	.insn	6, 0x33a569aa339f
80004854:	26c9                	jal	80004c16 <verify_data+0x1076>
80004856:	d57033ab          	.insn	4, 0xd57033ab
8000485a:	33ac                	.insn	2, 0x33ac
8000485c:	f61d                	bnez	a2,8000478a <verify_data+0xbea>
8000485e:	33b6                	.insn	2, 0x33b6
80004860:	e796                	.insn	2, 0xe796
80004862:	33d8                	.insn	2, 0x33d8
80004864:	33f842cb          	.insn	4, 0x33f842cb
80004868:	34127047          	.insn	4, 0x34127047
8000486c:	3417d43b          	.insn	4, 0x3417d43b
80004870:	86a9                	sra	a3,a3,0xa
80004872:	341a                	.insn	2, 0x341a
80004874:	342ec987          	.insn	4, 0x342ec987
80004878:	b01d                	j	8000409e <verify_data+0x4fe>
8000487a:	3438                	.insn	2, 0x3438
8000487c:	c77a                	sw	t5,140(sp)
8000487e:	345f 935e 3460      	.insn	6, 0x3460935e345f
80004884:	b74e                	.insn	2, 0xb74e
80004886:	3462                	.insn	2, 0x3462
80004888:	47ff 346a e798 346c 	.insn	18, 0x3b97347ab34e3471e0a8346ce798346a47ff
80004890:	e0a8 3471 b34e 347a 
80004898:	3b97 
8000489a:	347e                	.insn	2, 0x347e
8000489c:	3491fb3f 34968f93 	.insn	8, 0x34968f933491fb3f
800048a4:	3499a707          	.insn	4, 0x3499a707
800048a8:	5b28                	lw	a0,112(a4)
800048aa:	34cd                	jal	8000438c <verify_data+0x7ec>
800048ac:	3644                	.insn	2, 0x3644
800048ae:	34de                	.insn	2, 0x34de
800048b0:	6341                	lui	t1,0x10
800048b2:	5cce34eb          	.insn	4, 0x5cce34eb
800048b6:	6b953513          	sltiu	a0,a0,1721
800048ba:	3526                	.insn	2, 0x3526
800048bc:	99c5                	and	a1,a1,-15
800048be:	2e883533          	.insn	4, 0x2e883533
800048c2:	3539                	jal	800046d0 <verify_data+0xb30>
800048c4:	b79f 353e 36c6      	.insn	6, 0x36c6353eb79f
800048ca:	b68b3543          	.insn	4, 0xb68b3543
800048ce:	3548                	.insn	2, 0x3548
800048d0:	1a2c                	add	a1,sp,312
800048d2:	3555                	jal	80004776 <verify_data+0xbd6>
800048d4:	a8ed                	j	800049ce <verify_data+0xe2e>
800048d6:	d7583557          	.insn	4, 0xd7583557
800048da:	3559                	jal	80004760 <verify_data+0xbc0>
800048dc:	3150                	.insn	2, 0x3150
800048de:	3561                	jal	80004766 <verify_data+0xbc6>
800048e0:	05a2                	sll	a1,a1,0x8
800048e2:	3594                	.insn	2, 0x3594
800048e4:	35ae                	.insn	2, 0x35ae
800048e6:	35c0                	.insn	2, 0x35c0
800048e8:	5411                	li	s0,-28
800048ea:	35e6                	.insn	2, 0x35e6
800048ec:	360e2f13          	slti	t5,t3,864
800048f0:	3615d7bf 36182d7f 	.insn	8, 0x36182d7f3615d7bf
800048f8:	69d9                	lui	s3,0x16
800048fa:	3632                	.insn	2, 0x3632
800048fc:	93c9                	srl	a5,a5,0x32
800048fe:	3634                	.insn	2, 0x3634
80004900:	d420                	sw	s0,104(s0)
80004902:	d5de3647          	.insn	4, 0xd5de3647
80004906:	3661                	jal	8000448e <verify_data+0x8ee>
80004908:	5b94                	lw	a3,48(a5)
8000490a:	3688                	.insn	2, 0x3688
8000490c:	42ad                	li	t0,11
8000490e:	3698                	.insn	2, 0x3698
80004910:	2b51                	jal	80004ea4 <verify_data+0x1304>
80004912:	369a                	.insn	2, 0x369a
80004914:	10ae                	sll	ra,ra,0x2b
80004916:	36b0                	.insn	2, 0x36b0
80004918:	36bd5793          	.insn	4, 0x36bd5793
8000491c:	36d21197          	auipc	gp,0x36d21
80004920:	181a                	sll	a6,a6,0x26
80004922:	36ee                	.insn	2, 0x36ee
80004924:	712a                	.insn	2, 0x712a
80004926:	2af736f7          	.insn	4, 0x2af736f7
8000492a:	953f370b          	.insn	4, 0x953f370b
8000492e:	6219370f          	.insn	4, 0x6219370f
80004932:	99ac371b          	.insn	4, 0x99ac371b
80004936:	42b9372b          	.insn	4, 0x42b9372b
8000493a:	3731                	jal	80004846 <verify_data+0xca6>
8000493c:	b46e                	.insn	2, 0xb46e
8000493e:	3734                	.insn	2, 0x3734
80004940:	f7b8                	.insn	2, 0xf7b8
80004942:	98ff373f e5553741 	.insn	8, 0xe555374198ff373f
8000494a:	3748                	.insn	2, 0x3748
8000494c:	3752e6c7          	.insn	4, 0x3752e6c7
80004950:	375ced43          	.insn	4, 0x375ced43
80004954:	c88e                	sw	gp,80(sp)
80004956:	3764                	.insn	2, 0x3764
80004958:	3774479b          	.insn	4, 0x3774479b
8000495c:	a8b1                	j	800049b8 <verify_data+0xe18>
8000495e:	a7273793          	sltiu	a5,a4,-1422
80004962:	37a5                	jal	800048ca <verify_data+0xd2a>
80004964:	37a6bc03          	.insn	4, 0x37a6bc03
80004968:	74e5                	lui	s1,0xffff9
8000496a:	37ac                	.insn	2, 0x37ac
8000496c:	66c0                	.insn	2, 0x66c0
8000496e:	37b6                	.insn	2, 0x37b6
80004970:	7574                	.insn	2, 0x7574
80004972:	37c2                	.insn	2, 0x37c2
80004974:	37c3b8f7          	.insn	4, 0x37c3b8f7
80004978:	7da5                	lui	s11,0xfffe9
8000497a:	37c5                	jal	8000495a <verify_data+0xdba>
8000497c:	37c94eb3          	.insn	4, 0x37c94eb3
80004980:	b958                	.insn	2, 0xb958
80004982:	37da                	.insn	2, 0x37da
80004984:	626c                	.insn	2, 0x626c
80004986:	37e8                	.insn	2, 0x37e8
80004988:	8c39                	xor	s0,s0,a4
8000498a:	37e8                	.insn	2, 0x37e8
8000498c:	9834                	.insn	2, 0x9834
8000498e:	b6ea37ff b3cd381d 	.insn	16, 0x20f13842578e3834b3cd381db6ea37ff
80004996:	578e3834 20f13842 
8000499e:	384a                	.insn	2, 0x384a
800049a0:	092d                	add	s2,s2,11
800049a2:	3862                	.insn	2, 0x3862
800049a4:	38679167          	.insn	4, 0x38679167
800049a8:	4d02                	lw	s10,0(sp)
800049aa:	3869                	jal	80004244 <verify_data+0x6a4>
800049ac:	386a4a27          	.insn	4, 0x386a4a27
800049b0:	cfc9                	beqz	a5,80004a4a <verify_data+0xeaa>
800049b2:	c145388b          	.insn	4, 0xc145388b
800049b6:	3890                	.insn	2, 0x3890
800049b8:	3893fc2f          	.insn	4, 0x3893fc2f
800049bc:	ffda                	.insn	2, 0xffda
800049be:	389f 05d1 38b3      	.insn	6, 0x38b305d1389f
800049c4:	38b93c73          	csrrc	s8,0x38b,s2
800049c8:	f23d                	bnez	a2,8000492e <verify_data+0xd8e>
800049ca:	38ca                	.insn	2, 0x38ca
800049cc:	7b46                	.insn	2, 0x7b46
800049ce:	023138d3          	.insn	4, 0x023138d3
800049d2:	a07c38db          	.insn	4, 0xa07c38db
800049d6:	db9c38e3          	.insn	4, 0xdb9c38e3
800049da:	38ea                	.insn	2, 0x38ea
800049dc:	4292                	lw	t0,4(sp)
800049de:	3b0338eb          	.insn	4, 0x3b0338eb
800049e2:	bd26390b          	.insn	4, 0xbd26390b
800049e6:	3925                	jal	8000461e <verify_data+0xa7e>
800049e8:	9561                	sra	a0,a0,0x38
800049ea:	392e                	.insn	2, 0x392e
800049ec:	6cd4                	.insn	2, 0x6cd4
800049ee:	c9d63947          	.insn	4, 0xc9d63947
800049f2:	397a                	.insn	2, 0x397a
800049f4:	35c4                	.insn	2, 0x35c4
800049f6:	398c                	.insn	2, 0x398c
800049f8:	398d5073          	csrw	0x398,26
800049fc:	399987cf          	.insn	4, 0x399987cf
80004a00:	737c                	.insn	2, 0x737c
80004a02:	eec339bf 6d6839c2 	.insn	8, 0x6d6839c2eec339bf
80004a0a:	39c6                	.insn	2, 0x39c6
80004a0c:	39c73b7f 39c96743 	.insn	16, 0x39f0708e39d3fdf639c9674339c73b7f
80004a14:	39d3fdf6 39f0708e 
80004a1c:	6835                	lui	a6,0xd
80004a1e:	3a04                	.insn	2, 0x3a04
80004a20:	493e                	lw	s2,204(sp)
80004a22:	3a06                	.insn	2, 0x3a06
80004a24:	56e2                	lw	a3,56(sp)
80004a26:	3a06                	.insn	2, 0x3a06
80004a28:	3a0a8c2b          	.insn	4, 0x3a0a8c2b
80004a2c:	cef4                	sw	a3,92(a3)
80004a2e:	3a2c                	.insn	2, 0x3a2c
80004a30:	8a86                	mv	s5,ra
80004a32:	3a2d                	jal	8000436c <verify_data+0x7cc>
80004a34:	c658                	sw	a4,12(a2)
80004a36:	3a42                	.insn	2, 0x3a42
80004a38:	3a49aebb          	.insn	4, 0x3a49aebb
80004a3c:	de5c                	sw	a5,60(a2)
80004a3e:	3a4e                	.insn	2, 0x3a4e
80004a40:	56ec                	lw	a1,108(a3)
80004a42:	3a74                	.insn	2, 0x3a74
80004a44:	c985                	beqz	a1,80004a74 <verify_data+0xed4>
80004a46:	3a76                	.insn	2, 0x3a76
80004a48:	3a980e8b          	.insn	4, 0x3a980e8b
80004a4c:	3aba90eb          	.insn	4, 0x3aba90eb
80004a50:	3ac8d43b          	.insn	4, 0x3ac8d43b
80004a54:	0afe                	sll	s5,s5,0x1f
80004a56:	3ae0                	.insn	2, 0x3ae0
80004a58:	4361                	li	t1,24
80004a5a:	3aea                	.insn	2, 0x3aea
80004a5c:	3b13e5b7          	lui	a1,0x3b13e
80004a60:	cef1                	beqz	a3,80004b3c <verify_data+0xf9c>
80004a62:	3b1e                	.insn	2, 0x3b1e
80004a64:	fafd                	bnez	a3,80004a5a <verify_data+0xeba>
80004a66:	3b26                	.insn	2, 0x3b26
80004a68:	fdc5                	bnez	a1,80004a20 <verify_data+0xe80>
80004a6a:	fc5c3b37          	lui	s6,0xfc5c3
80004a6e:	af763b3b          	.insn	4, 0xaf763b3b
80004a72:	ed023b43          	.insn	4, 0xed023b43
80004a76:	3b76                	.insn	2, 0x3b76
80004a78:	7cce                	.insn	2, 0x7cce
80004a7a:	3b8a                	.insn	2, 0x3b8a
80004a7c:	07e4                	add	s1,sp,972
80004a7e:	d0de3b8f          	.insn	4, 0xd0de3b8f
80004a82:	3b90                	.insn	2, 0x3b90
80004a84:	3b99408f          	.insn	4, 0x3b99408f
80004a88:	3eb0                	.insn	2, 0x3eb0
80004a8a:	3c06                	.insn	2, 0x3c06
80004a8c:	e4c1                	bnez	s1,80004b14 <verify_data+0xf74>
80004a8e:	3c39                	jal	800044ac <verify_data+0x90c>
80004a90:	02ec                	add	a1,sp,332
80004a92:	3c49                	jal	80004524 <verify_data+0x984>
80004a94:	de19                	beqz	a2,800049b2 <verify_data+0xe12>
80004a96:	3c49                	jal	80004528 <verify_data+0x988>
80004a98:	bdbd                	j	80004916 <verify_data+0xd76>
80004a9a:	3a763c4b          	.insn	4, 0x3a763c4b
80004a9e:	e86b3c5b          	.insn	4, 0xe86b3c5b
80004aa2:	3c6e                	.insn	2, 0x3c6e
80004aa4:	1752                	sll	a4,a4,0x34
80004aa6:	3c96                	.insn	2, 0x3c96
80004aa8:	3c985217          	auipc	tp,0x3c985
80004aac:	8b6a                	mv	s6,s10
80004aae:	3ccc                	.insn	2, 0x3ccc
80004ab0:	71b9                	lui	gp,0xfffee
80004ab2:	a1413cdb          	.insn	4, 0xa1413cdb
80004ab6:	0d013cf7          	.insn	4, 0x0d013cf7
80004aba:	3d1a                	.insn	2, 0x3d1a
80004abc:	bfe5                	j	80004ab4 <verify_data+0xf14>
80004abe:	3d2c                	.insn	2, 0x3d2c
80004ac0:	54be                	lw	s1,236(sp)
80004ac2:	3d2d                	jal	800048fc <verify_data+0xd5c>
80004ac4:	5ae1                	li	s5,-8
80004ac6:	3d42                	.insn	2, 0x3d42
80004ac8:	3d4262f7          	.insn	4, 0x3d4262f7
80004acc:	1d74                	add	a3,sp,700
80004ace:	3d4e                	.insn	2, 0x3d4e
80004ad0:	8d0c                	.insn	2, 0x8d0c
80004ad2:	3d52                	.insn	2, 0x3d52
80004ad4:	56d6                	lw	a3,116(sp)
80004ad6:	3d54                	.insn	2, 0x3d54
80004ad8:	fb3a                	.insn	2, 0xfb3a
80004ada:	742a3d57          	.insn	4, 0x742a3d57
80004ade:	3d5a                	.insn	2, 0x3d5a
80004ae0:	00fc                	add	a5,sp,76
80004ae2:	3d62                	.insn	2, 0x3d62
80004ae4:	592a                	lw	s2,168(sp)
80004ae6:	3d7d                	jal	800049a4 <verify_data+0xe04>
80004ae8:	7fc4                	.insn	2, 0x7fc4
80004aea:	3d8e                	.insn	2, 0x3d8e
80004aec:	3d9105a3          	sb	s9,971(sp)
80004af0:	38e6                	.insn	2, 0x38e6
80004af2:	3da0                	.insn	2, 0x3da0
80004af4:	ffa0                	.insn	2, 0xffa0
80004af6:	3db1                	jal	80004952 <verify_data+0xdb2>
80004af8:	3dbf7153          	.insn	4, 0x3dbf7153
80004afc:	50ad                	li	ra,-21
80004afe:	e9283dd7          	.insn	4, 0xe9283dd7
80004b02:	3dde                	.insn	2, 0x3dde
80004b04:	4c2e                	lw	s8,200(sp)
80004b06:	b7773deb          	.insn	4, 0xb7773deb
80004b0a:	0a4d3e27          	.insn	4, 0x0a4d3e27
80004b0e:	3e2a                	.insn	2, 0x3e2a
80004b10:	f67f                	.insn	2, 0xf67f
80004b12:	3e38                	.insn	2, 0x3e38
80004b14:	3e3b8743          	.insn	4, 0x3e3b8743
80004b18:	3e5303f7          	.insn	4, 0x3e5303f7
80004b1c:	79d1                	lui	s3,0xffff4
80004b1e:	17143e53          	.insn	4, 0x17143e53
80004b22:	3e6d                	jal	800046dc <verify_data+0xb3c>
80004b24:	99ec                	.insn	2, 0x99ec
80004b26:	3e85                	jal	80004696 <verify_data+0xaf6>
80004b28:	b8b0                	.insn	2, 0xb8b0
80004b2a:	3e8d                	jal	8000469c <verify_data+0xafc>
80004b2c:	6ce8                	.insn	2, 0x6ce8
80004b2e:	8b753e9b          	.insn	4, 0x8b753e9b
80004b32:	3e9d                	jal	800046a8 <verify_data+0xb08>
80004b34:	ccad                	beqz	s1,80004bae <verify_data+0x100e>
80004b36:	c5723ea7          	.insn	4, 0xc5723ea7
80004b3a:	99263ed3          	.insn	4, 0x99263ed3
80004b3e:	3f00                	.insn	2, 0x3f00
80004b40:	227f 3f1a 1b75 3f1e 	.insn	14, 0x204c3f4ac5ee3f1e1b753f1a227f
80004b48:	c5ee 3f4a 204c 
80004b4e:	3f66                	.insn	2, 0x3f66
80004b50:	7168                	.insn	2, 0x7168
80004b52:	d17c3f67          	.insn	4, 0xd17c3f67
80004b56:	e53c3f67          	.insn	4, 0xe53c3f67
80004b5a:	3f68                	.insn	2, 0x3f68
80004b5c:	b11e                	.insn	2, 0xb11e
80004b5e:	3f7c                	.insn	2, 0x3f7c
80004b60:	f425                	bnez	s0,80004ac8 <verify_data+0xf28>
80004b62:	3f81                	jal	80004ab2 <verify_data+0xf12>
80004b64:	156e                	sll	a0,a0,0x3b
80004b66:	3f8a                	.insn	2, 0x3f8a
80004b68:	3f95e34b          	.insn	4, 0x3f95e34b
80004b6c:	f67d                	bnez	a2,80004b5a <verify_data+0xfba>
80004b6e:	3fa4                	.insn	2, 0x3fa4
80004b70:	5aa8                	lw	a0,112(a3)
80004b72:	3fb1                	jal	80004ace <verify_data+0xf2e>
80004b74:	91b1                	srl	a1,a1,0x2c
80004b76:	3fb4                	.insn	2, 0x3fb4
80004b78:	83ba                	mv	t2,a4
80004b7a:	3fbe                	.insn	2, 0x3fbe
80004b7c:	4afd                	li	s5,31
80004b7e:	fa463fff 12294001 	.insn	16, 0x7e40401ed5c8400712294001fa463fff
80004b86:	d5c84007 7e40401e 
80004b8e:	4025                	c.li	zero,9
80004b90:	4043fd5b          	.insn	4, 0x4043fd5b
80004b94:	405d5a9b          	.insn	4, 0x405d5a9b
80004b98:	a050                	.insn	2, 0xa050
80004b9a:	4085                	li	ra,1
80004b9c:	345c                	.insn	2, 0x345c
80004b9e:	7651408b          	.insn	4, 0x7651408b
80004ba2:	c4ff408b          	.insn	4, 0xc4ff408b
80004ba6:	40b0                	lw	a2,64(s1)
80004ba8:	4885                	li	a7,1
80004baa:	40cd                	li	ra,19
80004bac:	0d2d                	add	s10,s10,11
80004bae:	40ce                	lw	ra,208(sp)
80004bb0:	24f2                	.insn	2, 0x24f2
80004bb2:	40ce                	lw	ra,208(sp)
80004bb4:	cc41                	beqz	s0,80004c4c <verify_data+0x10ac>
80004bb6:	40d2                	lw	ra,20(sp)
80004bb8:	a17a                	.insn	2, 0xa17a
80004bba:	40d5                	li	ra,21
80004bbc:	0dea                	sll	s11,s11,0x1a
80004bbe:	a95e40ef          	jal	7ffe9652 <buflen.1+0x7ffe9612>
80004bc2:	ad3840f3          	.insn	4, 0xad3840f3
80004bc6:	40f9                	li	ra,30
80004bc8:	f865                	bnez	s0,80004bb8 <verify_data+0x1018>
80004bca:	40fd                	li	ra,31
80004bcc:	40fed847          	.insn	4, 0x40fed847
80004bd0:	411c6f63          	bltu	s8,a7,80004fee <verify_data+0x144e>
80004bd4:	41240a87          	.insn	4, 0x41240a87
80004bd8:	6f6a                	.insn	2, 0x6f6a
80004bda:	4139                	li	sp,14
80004bdc:	3ab2                	.insn	2, 0x3ab2
80004bde:	413d                	li	sp,15
80004be0:	88ae                	mv	a7,a1
80004be2:	414a                	lw	sp,144(sp)
80004be4:	58f0                	lw	a2,116(s1)
80004be6:	418e                	lw	gp,192(sp)
80004be8:	4ba0                	lw	s0,80(a5)
80004bea:	4191                	li	gp,4
80004bec:	07d4                	add	a3,sp,964
80004bee:	4192                	lw	gp,4(sp)
80004bf0:	41aaf2ef          	jal	t0,800b400a <_tbss_end+0xaa406>
80004bf4:	2be4                	.insn	2, 0x2be4
80004bf6:	41ae                	lw	gp,200(sp)
80004bf8:	a764                	.insn	2, 0xa764
80004bfa:	41b5                	li	gp,13
80004bfc:	65ff 41b8 a514 41be 	.insn	22, 0xa0e2423bc726422f299741f694ba41bea51441b865ff
80004c04:	94ba 41f6 2997 422f 
80004c0c:	c726 423b a0e2 
80004c12:	4248                	lw	a0,4(a2)
80004c14:	f095                	bnez	s1,80004b38 <verify_data+0xf98>
80004c16:	4252                	lw	tp,20(sp)
80004c18:	9e80                	.insn	2, 0x9e80
80004c1a:	4261                	li	tp,24
80004c1c:	8d86                	mv	s11,ra
80004c1e:	42d0                	lw	a2,4(a3)
80004c20:	42d7b4a3          	.insn	4, 0x42d7b4a3
80004c24:	42dd5013          	sra	zero,s10,0x2d
80004c28:	42dfc0af          	.insn	4, 0x42dfc0af
80004c2c:	1664                	add	s1,sp,812
80004c2e:	42ec                	lw	a1,68(a3)
80004c30:	aca1                	j	80004e88 <verify_data+0x12e8>
80004c32:	42f4                	lw	a3,68(a3)
80004c34:	1936                	sll	s2,s2,0x2d
80004c36:	42f8                	lw	a4,68(a3)
80004c38:	430fbce7          	.insn	4, 0x430fbce7
80004c3c:	b1f5                	j	80004928 <verify_data+0xd88>
80004c3e:	431a                	lw	t1,132(sp)
80004c40:	aba4                	.insn	2, 0xaba4
80004c42:	431d                	li	t1,7
80004c44:	4d99                	li	s11,6
80004c46:	8fd1432f          	.insn	4, 0x8fd1432f
80004c4a:	433a                	lw	t1,140(sp)
80004c4c:	9488                	.insn	2, 0x9488
80004c4e:	4349                	li	t1,18
80004c50:	6781                	.insn	2, 0x6781
80004c52:	c7ab4367          	.insn	4, 0xc7ab4367
80004c56:	0f3a4373          	.insn	4, 0x0f3a4373
80004c5a:	4382                	lw	t2,0(sp)
80004c5c:	7015                	c.lui	zero,0xfffe5
80004c5e:	19f2438f          	.insn	4, 0x19f2438f
80004c62:	4396                	lw	t2,68(sp)
80004c64:	4adc                	lw	a5,20(a3)
80004c66:	439a                	lw	t2,132(sp)
80004c68:	d65f 43b2 0354      	.insn	6, 0x035443b2d65f
80004c6e:	43ba                	lw	t2,140(sp)
80004c70:	6d74                	.insn	2, 0x6d74
80004c72:	0be443bb          	.insn	4, 0x0be443bb
80004c76:	43cd                	li	t2,19
80004c78:	43e409b7          	lui	s3,0x43e40
80004c7c:	3234                	.insn	2, 0x3234
80004c7e:	43e6                	lw	t2,88(sp)
80004c80:	247f 43f3 22f9 43fe 	.insn	14, 0x99ca44235c1243fe22f943f3247f
80004c88:	5c12 4423 99ca 
80004c8e:	4428                	lw	a0,72(s0)
80004c90:	d032                	sw	a2,32(sp)
80004c92:	442d                	li	s0,11
80004c94:	5118                	lw	a4,32(a0)
80004c96:	4430                	lw	a2,72(s0)
80004c98:	463a                	lw	a2,140(sp)
80004c9a:	443a                	lw	s0,140(sp)
80004c9c:	44630ba3          	sb	t1,1111(t1) # 10457 <buflen.1+0x10417>
80004ca0:	ef61                	bnez	a4,80004d78 <verify_data+0x11d8>
80004ca2:	4469                	li	s0,26
80004ca4:	4477c207          	.insn	4, 0x4477c207
80004ca8:	1402                	sll	s0,s0,0x20
80004caa:	447e                	lw	s0,220(sp)
80004cac:	82a8                	.insn	2, 0x82a8
80004cae:	3cf24497          	auipc	s1,0x3cf24
80004cb2:	79ab44af          	.insn	4, 0x79ab44af
80004cb6:	44b0                	lw	a2,72(s1)
80004cb8:	7ed5                	lui	t4,0xffff5
80004cba:	44d5                	li	s1,21
80004cbc:	e886                	.insn	2, 0xe886
80004cbe:	44de                	lw	s1,212(sp)
80004cc0:	44e034f3          	csrrc	s1,0x44e,zero
80004cc4:	be30                	.insn	2, 0xbe30
80004cc6:	980f44f3          	.insn	4, 0x980f44f3
80004cca:	4500                	lw	s0,8(a0)
80004ccc:	3ef5                	jal	800048c8 <verify_data+0xd28>
80004cce:	451f 4e25 4520      	.insn	6, 0x45204e25451f
80004cd4:	a5a0                	.insn	2, 0xa5a0
80004cd6:	4522                	lw	a0,8(sp)
80004cd8:	bf66                	.insn	2, 0xbf66
80004cda:	4524                	lw	s1,72(a0)
80004cdc:	452708a7          	.insn	4, 0x452708a7
80004ce0:	45288ea3          	sb	s2,1117(a7)
80004ce4:	452947fb          	.insn	4, 0x452947fb
80004ce8:	6738                	.insn	2, 0x6738
80004cea:	452c                	lw	a1,72(a0)
80004cec:	4f90                	lw	a2,24(a5)
80004cee:	453c                	lw	a5,72(a0)
80004cf0:	14c2                	sll	s1,s1,0x30
80004cf2:	454d                	li	a0,19
80004cf4:	4f41                	li	t5,16
80004cf6:	39da4577          	.insn	4, 0x39da4577
80004cfa:	2dac4583          	lbu	a1,730(s8)
80004cfe:	4592                	lw	a1,4(sp)
80004d00:	45a55e33          	.insn	4, 0x45a55e33
80004d04:	8575                	sra	a0,a0,0x1d
80004d06:	45b2                	lw	a1,12(sp)
80004d08:	91ea                	add	gp,gp,s10
80004d0a:	45c4                	lw	s1,12(a1)
80004d0c:	601e                	.insn	2, 0x601e
80004d0e:	45c8                	lw	a0,12(a1)
80004d10:	d378                	sw	a4,100(a4)
80004d12:	45cc                	lw	a1,12(a1)
80004d14:	45da2b4b          	.insn	4, 0x45da2b4b
80004d18:	45dfbae3          	.insn	4, 0x45dfbae3
80004d1c:	60d8                	.insn	2, 0x60d8
80004d1e:	22c245f7          	.insn	4, 0x22c245f7
80004d22:	45f8                	lw	a4,76(a1)
80004d24:	c688                	sw	a0,8(a3)
80004d26:	4602                	lw	a2,0(sp)
80004d28:	2449                	jal	80004faa <verify_data+0x140a>
80004d2a:	4609                	li	a2,2
80004d2c:	952d                	sra	a0,a0,0x2b
80004d2e:	4616                	lw	a2,68(sp)
80004d30:	2b82                	.insn	2, 0x2b82
80004d32:	4638                	lw	a4,72(a2)
80004d34:	d58c                	sw	a1,40(a1)
80004d36:	463a                	lw	a2,140(sp)
80004d38:	20ae                	.insn	2, 0x20ae
80004d3a:	464e                	lw	a2,208(sp)
80004d3c:	5558                	lw	a4,44(a0)
80004d3e:	4656                	lw	a2,84(sp)
80004d40:	465d649b          	.insn	4, 0x465d649b
80004d44:	8db4                	.insn	2, 0x8db4
80004d46:	3a7a4667          	.insn	4, 0x3a7a4667
80004d4a:	468a                	lw	a3,128(sp)
80004d4c:	fa54                	.insn	2, 0xfa54
80004d4e:	469a                	lw	a3,132(sp)
80004d50:	42ff 46ae 9d13 46d0 	.insn	18, 0xa1b846e0db7846dadd1346d09d1346ae42ff
80004d58:	dd13 46da db78 46e0 
80004d60:	a1b8 
80004d62:	8a9e46e3          	blt	t3,s1,8000460e <verify_data+0xa6e>
80004d66:	6c8346fb          	.insn	4, 0x6c8346fb
80004d6a:	46fe                	lw	a3,220(sp)
80004d6c:	0e38                	add	a4,sp,792
80004d6e:	4705                	li	a4,1
80004d70:	dae5                	beqz	a3,80004d60 <verify_data+0x11c0>
80004d72:	470e                	lw	a4,192(sp)
80004d74:	9f7d                	.insn	2, 0x9f7d
80004d76:	d0aa472b          	.insn	4, 0xd0aa472b
80004d7a:	4735                	li	a4,13
80004d7c:	47c5                	li	a5,17
80004d7e:	ead3476b          	.insn	4, 0xead3476b
80004d82:	1b49476b          	.insn	4, 0x1b49476b
80004d86:	4775                	li	a4,29
80004d88:	229c                	.insn	2, 0x229c
80004d8a:	477c                	lw	a5,76(a4)
80004d8c:	4797b60f          	.insn	4, 0x4797b60f
80004d90:	479820a3          	sw	s9,1121(a6) # d461 <buflen.1+0xd421>
80004d94:	ddb4                	sw	a3,120(a1)
80004d96:	479f 3740 47a5      	.insn	6, 0x47a53740479f
80004d9c:	8ad5                	and	a3,a3,21
80004d9e:	155447a7          	.insn	4, 0x155447a7
80004da2:	47ba                	lw	a5,140(sp)
80004da4:	0524                	add	s1,sp,648
80004da6:	47c2                	lw	a5,16(sp)
80004da8:	b8f5                	j	800046a4 <verify_data+0xb04>
80004daa:	47d2                	lw	a5,20(sp)
80004dac:	d05f 47da 8286      	.insn	6, 0x828647dad05f
80004db2:	47e0                	lw	s0,76(a5)
80004db4:	b732                	.insn	2, 0xb732
80004db6:	47e6                	lw	a5,88(sp)
80004db8:	481bd9f3          	csrrw	s3,0x481,23
80004dbc:	0125                	add	sp,sp,9
80004dbe:	481f 3db3 4847      	.insn	6, 0x48473db3481f
80004dc4:	8551                	sra	a0,a0,0x14
80004dc6:	484c                	lw	a1,20(s0)
80004dc8:	f4ee                	.insn	2, 0xf4ee
80004dca:	4861                	li	a6,24
80004dcc:	adb0                	.insn	2, 0xadb0
80004dce:	486a                	lw	a6,152(sp)
80004dd0:	6559                	lui	a0,0x16
80004dd2:	486c                	lw	a1,84(s0)
80004dd4:	0341                	add	t1,t1,16
80004dd6:	486d                	li	a6,27
80004dd8:	4881f2b7          	lui	t0,0x4881f
80004ddc:	36f5                	jal	800049c8 <verify_data+0xe28>
80004dde:	4896                	lw	a7,68(sp)
80004de0:	2d61                	jal	80005478 <verify_data+0x18d8>
80004de2:	48a1                	li	a7,8
80004de4:	48bfb5ef          	jal	a1,80100a6e <_tbss_end+0xf6e6a>
80004de8:	b06d                	j	80004692 <verify_data+0xaf2>
80004dea:	48c5                	li	a7,17
80004dec:	a2c4                	.insn	2, 0xa2c4
80004dee:	48c8                	lw	a0,20(s1)
80004df0:	48d2104f          	.insn	4, 0x48d2104f
80004df4:	48deb2b3          	.insn	4, 0x48deb2b3
80004df8:	c11e                	sw	t2,128(sp)
80004dfa:	48ec                	lw	a1,84(s1)
80004dfc:	48ee3bd3          	.insn	4, 0x48ee3bd3
80004e00:	662c                	.insn	2, 0x662c
80004e02:	48ee                	lw	a7,216(sp)
80004e04:	493e456f          	jal	a0,800e9a96 <_tbss_end+0xdfe92>
80004e08:	2b3c                	.insn	2, 0x2b3c
80004e0a:	44f24957          	.insn	4, 0x44f24957
80004e0e:	4961                	li	s2,24
80004e10:	d92d                	beqz	a0,80004d82 <verify_data+0x11e2>
80004e12:	4961                	li	s2,24
80004e14:	49635f53          	.insn	4, 0x49635f53
80004e18:	523d                	li	tp,-17
80004e1a:	4969                	li	s2,26
80004e1c:	ccf5                	beqz	s1,80004f18 <verify_data+0x1378>
80004e1e:	496d                	li	s2,27
80004e20:	49777d6b          	.insn	4, 0x49777d6b
80004e24:	f754                	.insn	2, 0xf754
80004e26:	497d                	li	s2,31
80004e28:	6fb9                	lui	t6,0xe
80004e2a:	497e                	lw	s2,220(sp)
80004e2c:	c139                	beqz	a0,80004e72 <verify_data+0x12d2>
80004e2e:	c342498f          	.insn	4, 0xc342498f
80004e32:	cba1499b          	.insn	4, 0xcba1499b
80004e36:	49b049e3          	bgtz	s11,80005ac8 <verify_data+0x1f28>
80004e3a:	49ed                	li	s3,27
80004e3c:	4a41b0ab          	.insn	4, 0x4a41b0ab
80004e40:	4a5ba023          	sw	t0,1184(s7) # 3014d4a0 <buflen.1+0x3014d460>
80004e44:	8c9f 4a73 0635      	.insn	6, 0x06354a738c9f
80004e4a:	4a75                	li	s4,29
80004e4c:	fd96                	.insn	2, 0xfd96
80004e4e:	4a86                	lw	s5,64(sp)
80004e50:	ca59                	beqz	a2,80004ee6 <verify_data+0x1346>
80004e52:	4ad5                	li	s5,21
80004e54:	4699                	li	a3,6
80004e56:	4add                	li	s5,23
80004e58:	5c10                	lw	a2,56(s0)
80004e5a:	4adf bad6 4ae2      	.insn	6, 0x4ae2bad64adf
80004e60:	0a4e                	sll	s4,s4,0x13
80004e62:	4af4                	lw	a3,84(a3)
80004e64:	4b27318b          	.insn	4, 0x4b27318b
80004e68:	af6d                	j	80005622 <verify_data+0x1a82>
80004e6a:	4b3e                	lw	s6,204(sp)
80004e6c:	4b8786af          	.insn	4, 0x4b8786af
80004e70:	3372                	.insn	2, 0x3372
80004e72:	4bae                	lw	s7,200(sp)
80004e74:	91ec                	.insn	2, 0x91ec
80004e76:	d9bb4bc7          	.insn	4, 0xd9bb4bc7
80004e7a:	058c4be3          	blt	s8,s8,800056d0 <verify_data+0x1b30>
80004e7e:	9b834bef          	jal	s7,7ff39036 <buflen.1+0x7ff38ff6>
80004e82:	4bf2                	lw	s7,28(sp)
80004e84:	5c1f 4bf6 040c      	.insn	6, 0x040c4bf65c1f
80004e8a:	4c04                	lw	s1,24(s0)
80004e8c:	97d2                	add	a5,a5,s4
80004e8e:	4c06                	lw	s8,64(sp)
80004e90:	58c2                	lw	a7,48(sp)
80004e92:	4c11                	li	s8,4
80004e94:	8cce                	mv	s9,s3
80004e96:	4c2d                	li	s8,11
80004e98:	4c38983f 4c38dab4 	.insn	8, 0x4c38dab44c38983f
80004ea0:	4c3ceec7          	.insn	4, 0x4c3ceec7
80004ea4:	f69e                	.insn	2, 0xf69e
80004ea6:	4c4a                	lw	s8,144(sp)
80004ea8:	465f 4c61 7db2      	.insn	6, 0x7db24c61465f
80004eae:	e8004c9b          	.insn	4, 0xe8004c9b
80004eb2:	4cb5                	li	s9,13
80004eb4:	acda                	.insn	2, 0xacda
80004eb6:	4cb8                	lw	a4,88(s1)
80004eb8:	4cc2bb0b          	.insn	4, 0x4cc2bb0b
80004ebc:	c236                	sw	a3,4(sp)
80004ebe:	47684ccf          	.insn	4, 0x47684ccf
80004ec2:	4cd9                	li	s9,22
80004ec4:	4ced7143          	.insn	4, 0x4ced7143
80004ec8:	a049                	j	80004f4a <verify_data+0x13aa>
80004eca:	4cf2                	lw	s9,28(sp)
80004ecc:	7b64                	.insn	2, 0x7b64
80004ece:	2ba04cf3          	.insn	4, 0x2ba04cf3
80004ed2:	4cf4                	lw	a3,92(s1)
80004ed4:	cad2                	sw	s4,84(sp)
80004ed6:	4cf9                	li	s9,30
80004ed8:	1e4c                	add	a1,sp,820
80004eda:	aadb4d03          	lbu	s10,-1363(s6) # fc5c2aad <_tbss_end+0x7c5b8ea9>
80004ede:	4d08                	lw	a0,24(a0)
80004ee0:	4d130333          	.insn	4, 0x4d130333
80004ee4:	345f 4d2e 799b      	.insn	6, 0x799b4d2e345f
80004eea:	4d4c                	lw	a1,28(a0)
80004eec:	f848                	.insn	2, 0xf848
80004eee:	4d60                	lw	s0,92(a0)
80004ef0:	5bb8                	lw	a4,112(a5)
80004ef2:	1a904d77          	.insn	4, 0x1a904d77
80004ef6:	4d9f fe51 4da5      	.insn	6, 0x4da5fe514d9f
80004efc:	6f29                	lui	t5,0xa
80004efe:	4db5                	li	s11,13
80004f00:	cec0                	sw	s0,28(a3)
80004f02:	4dc9                	li	s11,18
80004f04:	4e03cf67          	.insn	4, 0x4e03cf67
80004f08:	b8a4                	.insn	2, 0xb8a4
80004f0a:	82044e17          	auipc	t3,0x82044
80004f0e:	4e34                	lw	a3,88(a2)
80004f10:	b850                	.insn	2, 0xb850
80004f12:	4e3a                	lw	t3,140(sp)
80004f14:	4e448da7          	.insn	4, 0x4e448da7
80004f18:	4e4c9107          	.insn	4, 0x4e4c9107
80004f1c:	1808                	add	a0,sp,48
80004f1e:	4e50                	lw	a2,28(a2)
80004f20:	6961                	lui	s2,0x18
80004f22:	4e72                	lw	t3,28(sp)
80004f24:	0276                	sll	tp,tp,0x1d
80004f26:	4e81                	li	t4,0
80004f28:	e729                	bnez	a4,80004f72 <verify_data+0x13d2>
80004f2a:	4e82                	lw	t4,0(sp)
80004f2c:	94d2                	add	s1,s1,s4
80004f2e:	d2144e8f          	.insn	4, 0xd2144e8f
80004f32:	4e9c                	lw	a5,24(a3)
80004f34:	4eaa874f          	.insn	4, 0x4eaa874f
80004f38:	8f85                	sub	a5,a5,s1
80004f3a:	4eca                	lw	t4,144(sp)
80004f3c:	687e                	.insn	2, 0x687e
80004f3e:	4ed0                	lw	a2,28(a3)
80004f40:	4ed6bee3          	.insn	4, 0x4ed6bee3
80004f44:	9124                	.insn	2, 0x9124
80004f46:	85ea4ee7          	.insn	4, 0x85ea4ee7
80004f4a:	4eec                	lw	a1,92(a3)
80004f4c:	aeb6                	.insn	2, 0xaeb6
80004f4e:	4ef5                	li	t4,29
80004f50:	4efa053b          	.insn	4, 0x4efa053b
80004f54:	2d0a                	.insn	2, 0x2d0a
80004f56:	6b084efb          	.insn	4, 0x6b084efb
80004f5a:	4f09                	li	t5,2
80004f5c:	d49f 4f2b 2e2c      	.insn	6, 0x2e2c4f2bd49f
80004f62:	4f35                	li	t5,13
80004f64:	4c14                	lw	a3,24(s0)
80004f66:	82e34f5b          	.insn	4, 0x82e34f5b
80004f6a:	4f5e                	lw	t5,212(sp)
80004f6c:	7e0c                	.insn	2, 0x7e0c
80004f6e:	4f6a                	lw	t5,152(sp)
80004f70:	d6f6                	sw	t4,108(sp)
80004f72:	2e644f6b          	.insn	4, 0x2e644f6b
80004f76:	4f6e                	lw	t5,216(sp)
80004f78:	4f730137          	lui	sp,0x4f730
80004f7c:	0661                	add	a2,a2,24
80004f7e:	4f80                	lw	s0,24(a5)
80004f80:	4e44                	lw	s1,28(a2)
80004f82:	4f90                	lw	a2,24(a5)
80004f84:	177e                	sll	a4,a4,0x3f
80004f86:	4f96                	lw	t6,68(sp)
80004f88:	08d9                	add	a7,a7,22
80004f8a:	6eff4f97          	auipc	t6,0x6eff4
80004f8e:	4f9c                	lw	a5,24(a5)
80004f90:	9f10                	.insn	2, 0x9f10
80004f92:	4f9f 6481 4fa3      	.insn	6, 0x4fa364814f9f
80004f98:	94c6                	add	s1,s1,a7
80004f9a:	4fa9                	li	t6,10
80004f9c:	3271                	jal	80004928 <verify_data+0xd88>
80004f9e:	a3944fb7          	lui	t6,0xa3944
80004fa2:	4fc1                	li	t6,16
80004fa4:	fda0                	.insn	2, 0xfda0
80004fa6:	44314fd3          	.insn	4, 0x44314fd3
80004faa:	4fed                	li	t6,27
80004fac:	b9ad                	j	80004c26 <verify_data+0x1086>
80004fae:	501d                	c.li	zero,-25
80004fb0:	495f 502b d8ac      	.insn	6, 0xd8ac502b495f
80004fb6:	5030                	lw	a2,96(s0)
80004fb8:	503866b3          	.insn	4, 0x503866b3
80004fbc:	259f 503a ed35      	.insn	6, 0xed35503a259f
80004fc2:	504d                	c.li	zero,-13
80004fc4:	5c0d                	li	s8,-29
80004fc6:	505e                	.insn	2, 0x505e
80004fc8:	8da5                	xor	a1,a1,s1
80004fca:	505e                	.insn	2, 0x505e
80004fcc:	5615                	li	a2,-27
80004fce:	5081                	li	ra,-32
80004fd0:	9ad6                	add	s5,s5,s5
80004fd2:	50a2                	lw	ra,40(sp)
80004fd4:	5896                	lw	a7,100(sp)
80004fd6:	636650a7          	.insn	4, 0x636650a7
80004fda:	50b4                	lw	a3,96(s1)
80004fdc:	fc05                	bnez	s0,80004f14 <verify_data+0x1374>
80004fde:	50c4                	lw	s1,36(s1)
80004fe0:	a0ae                	.insn	2, 0xa0ae
80004fe2:	50c9                	li	ra,-14
80004fe4:	50dfdaef          	jal	s5,80102cf0 <_tbss_end+0xf90ec>
80004fe8:	67d5                	lui	a5,0x15
80004fea:	511f 6762 5120      	.insn	6, 0x51206762511f
80004ff0:	b562                	.insn	2, 0xb562
80004ff2:	5162                	lw	sp,56(sp)
80004ff4:	eb98                	.insn	2, 0xeb98
80004ff6:	5185                	li	gp,-31
80004ff8:	518d9d7b          	.insn	4, 0x518d9d7b
80004ffc:	9932                	add	s2,s2,a2
80004ffe:	51b0                	lw	a2,96(a1)
80005000:	a63a                	.insn	2, 0xa63a
80005002:	51c9                	li	gp,-14
80005004:	3fa1                	jal	80004f5c <verify_data+0x13bc>
80005006:	51e5                	li	gp,-7
80005008:	7c82                	.insn	2, 0x7c82
8000500a:	049e51e7          	.insn	4, 0x049e51e7
8000500e:	51fc                	lw	a5,100(a1)
80005010:	8b7a                	mv	s6,t5
80005012:	5222                	lw	tp,40(sp)
80005014:	5235d287          	.insn	4, 0x5235d287
80005018:	e641                	bnez	a2,800050a0 <verify_data+0x1500>
8000501a:	5238                	lw	a4,96(a2)
8000501c:	10ed                	add	ra,ra,-5
8000501e:	5241                	li	tp,-16
80005020:	34f5                	jal	80004b0c <verify_data+0xf6c>
80005022:	5266                	lw	tp,120(sp)
80005024:	52670823          	sb	t1,1328(a4)
80005028:	52680fd7          	.insn	4, 0x52680fd7
8000502c:	4906                	lw	s2,64(sp)
8000502e:	526d                	li	tp,-5
80005030:	9a3e                	add	s4,s4,a5
80005032:	adf35273          	csrrw	tp,0xadf,6
80005036:	5278                	lw	a4,100(a2)
80005038:	5282f6af          	.insn	4, 0x5282f6af
8000503c:	b9a9                	j	80004c96 <verify_data+0x10f6>
8000503e:	9ede5297          	auipc	t0,0x9ede5
80005042:	52a0                	lw	s0,96(a3)
80005044:	47ea                	lw	a5,152(sp)
80005046:	52a2                	lw	t0,40(sp)
80005048:	8c68                	.insn	2, 0x8c68
8000504a:	52ac                	lw	a1,96(a3)
8000504c:	2390                	.insn	2, 0x2390
8000504e:	52b9                	li	t0,-18
80005050:	cb54                	sw	a3,20(a4)
80005052:	52c6                	lw	t0,112(sp)
80005054:	52d6793b          	.insn	4, 0x52d6793b
80005058:	52d9061b          	.insn	4, 0x52d9061b
8000505c:	52da5463          	bge	s4,a3,80005584 <verify_data+0x19e4>
80005060:	e6d4                	.insn	2, 0xe6d4
80005062:	52dd                	li	t0,-9
80005064:	6649                	lui	a2,0x12
80005066:	52de                	lw	t0,244(sp)
80005068:	02a1                	add	t0,t0,8 # 1edea046 <buflen.1+0x1edea006>
8000506a:	52e1                	li	t0,-8
8000506c:	bc78                	.insn	2, 0xbc78
8000506e:	70bb52e3          	bge	s6,a1,80005f72 <input_data+0x3d2>
80005072:	52ea                	lw	t0,184(sp)
80005074:	9892                	add	a7,a7,tp
80005076:	52f5                	li	t0,-3
80005078:	b766                	.insn	2, 0xb766
8000507a:	52fa                	lw	t0,188(sp)
8000507c:	5324eef7          	.insn	4, 0x5324eef7
80005080:	5328610f          	.insn	4, 0x5328610f
80005084:	6e6c                	.insn	2, 0x6e6c
80005086:	532a                	lw	t1,168(sp)
80005088:	5f7c                	lw	a5,124(a4)
8000508a:	50f6533f 167d536d 	.insn	8, 0x167d536d50f6533f
80005092:	5370                	lw	a2,100(a4)
80005094:	537361cf          	.insn	4, 0x537361cf
80005098:	53807c37          	lui	s8,0x53807
8000509c:	538275d3          	.insn	4, 0x538275d3
800050a0:	8780                	.insn	2, 0x8780
800050a2:	5390                	lw	a2,32(a5)
800050a4:	099e                	sll	s3,s3,0x7
800050a6:	539c                	lw	a5,32(a5)
800050a8:	53a33aef          	jal	s5,800385e2 <_tbss_end+0x2e9de>
800050ac:	da66                	sw	s9,52(sp)
800050ae:	70b553ab          	.insn	4, 0x70b553ab
800050b2:	53ba                	lw	t2,172(sp)
800050b4:	53c8cb9b          	.insn	4, 0x53c8cb9b
800050b8:	53ca3e2f          	.insn	4, 0x53ca3e2f
800050bc:	8d40                	.insn	2, 0x8d40
800050be:	53de                	lw	t2,244(sp)
800050c0:	53f8a88b          	.insn	4, 0x53f8a88b
800050c4:	a9d0                	.insn	2, 0xa9d0
800050c6:	a88853fb          	.insn	4, 0xa88853fb
800050ca:	5431                	li	s0,-20
800050cc:	ce4c                	sw	a1,28(a2)
800050ce:	5445                	li	s0,-15
800050d0:	148d                	add	s1,s1,-29 # bcf28c91 <_tbss_end+0x3cf1f08d>
800050d2:	544a                	lw	s0,176(sp)
800050d4:	6075                	c.lui	zero,0x1d
800050d6:	544a                	lw	s0,176(sp)
800050d8:	2416                	.insn	2, 0x2416
800050da:	545d                	li	s0,-9
800050dc:	0c00                	add	s0,sp,528
800050de:	547c                	lw	a5,108(s0)
800050e0:	e13c                	.insn	2, 0xe13c
800050e2:	547e                	lw	s0,252(sp)
800050e4:	d742                	sw	a6,172(sp)
800050e6:	af9c54af          	.insn	4, 0xaf9c54af
800050ea:	54ec                	lw	a1,108(s1)
800050ec:	a2b4                	.insn	2, 0xa2b4
800050ee:	54ed                	li	s1,-5
800050f0:	6adf 5506 fc8e      	.insn	6, 0xfc8e55066adf
800050f6:	5515                	li	a0,-27
800050f8:	f601                	bnez	a2,80005000 <verify_data+0x1460>
800050fa:	5520                	lw	s0,104(a0)
800050fc:	9b08                	.insn	2, 0x9b08
800050fe:	5548                	lw	a0,44(a0)
80005100:	5552d8af          	.insn	4, 0x5552d8af
80005104:	5557c007          	.insn	4, 0x5557c007
80005108:	5579cfa7          	.insn	4, 0x5579cfa7
8000510c:	5582c697          	auipc	a3,0x5582c
80005110:	7b2e                	.insn	2, 0x7b2e
80005112:	5595                	li	a1,-27
80005114:	1f9c                	add	a5,sp,1008
80005116:	55a9                	li	a1,-22
80005118:	e12a                	.insn	2, 0xe12a
8000511a:	55d6                	lw	a1,116(sp)
8000511c:	4c62                	lw	s8,24(sp)
8000511e:	55f0                	lw	a2,108(a1)
80005120:	56126e87          	.insn	4, 0x56126e87
80005124:	ddb0                	sw	a2,120(a1)
80005126:	5612                	lw	a2,36(sp)
80005128:	657f 5624 35e2 5625 	.insn	22, 0xdc38564cd7805646a03f562654c2562535e25624657f
80005130:	54c2 5626 a03f 5646 
80005138:	d780 564c dc38 
8000513e:	567a                	lw	a2,188(sp)
80005140:	5680bd3f 56834290 	.insn	8, 0x568342905680bd3f
80005148:	17e6                	sll	a5,a5,0x39
8000514a:	56a1                	li	a3,-24
8000514c:	56be5ff3          	csrrw	t6,0x56b,28
80005150:	16b2                	sll	a3,a3,0x2c
80005152:	56c5                	li	a3,-15
80005154:	263e                	.insn	2, 0x263e
80005156:	56df 1c4d 56f8      	.insn	6, 0x56f81c4d56df
8000515c:	b0b9                	j	800049aa <verify_data+0xe0a>
8000515e:	56f8                	lw	a4,108(a3)
80005160:	3468                	.insn	2, 0x3468
80005162:	56fe                	lw	a3,252(sp)
80005164:	0bc1                	add	s7,s7,16
80005166:	5700                	lw	s0,40(a4)
80005168:	4838                	lw	a4,80(s0)
8000516a:	02115727          	.insn	4, 0x02115727
8000516e:	572c                	lw	a1,104(a4)
80005170:	3a00                	.insn	2, 0x3a00
80005172:	5730                	lw	a2,104(a4)
80005174:	6a81                	.insn	2, 0x6a81
80005176:	5732                	lw	a4,44(sp)
80005178:	5737b9e3          	.insn	4, 0x5737b9e3
8000517c:	08ff 576b c149 576b 	.insn	10, 0x6483576bc149576b08ff
80005184:	6483 
80005186:	5776                	lw	a4,124(sp)
80005188:	5511                	li	a0,-28
8000518a:	c65d5787          	.insn	4, 0xc65d5787
8000518e:	57a2                	lw	a5,40(sp)
80005190:	b06e                	.insn	2, 0xb06e
80005192:	b82b57af          	.insn	4, 0xb82b57af
80005196:	57b4                	lw	a3,104(a5)
80005198:	ceb2                	sw	a2,92(sp)
8000519a:	57b6                	lw	a5,108(sp)
8000519c:	973c                	.insn	2, 0x973c
8000519e:	57c5                	li	a5,-15
800051a0:	57cebc73          	csrrc	s8,0x57c,t4
800051a4:	6a2e                	.insn	2, 0x6a2e
800051a6:	73e657d7          	.insn	4, 0x73e657d7
800051aa:	57f4                	lw	a3,108(a5)
800051ac:	2e9a                	.insn	2, 0x2e9a
800051ae:	f556583b          	.insn	4, 0xf556583b
800051b2:	b0c8583b          	.insn	4, 0xb0c8583b
800051b6:	583d                	li	a6,-17
800051b8:	86a0                	.insn	2, 0x86a0
800051ba:	5864                	lw	s1,116(s0)
800051bc:	9850                	.insn	2, 0x9850
800051be:	588e                	lw	a7,224(sp)
800051c0:	a0ea                	.insn	2, 0xa0ea
800051c2:	4ae3589b          	.insn	4, 0x4ae3589b
800051c6:	01ab58ab          	.insn	4, 0x01ab58ab
800051ca:	236f58cb          	.insn	4, 0x236f58cb
800051ce:	58e6                	lw	a7,120(sp)
800051d0:	3434                	.insn	2, 0x3434
800051d2:	917d58ef          	jal	a7,7ffdaae8 <buflen.1+0x7ffdaaa8>
800051d6:	58f5                	li	a7,-3
800051d8:	592c584b          	.insn	4, 0x592c584b
800051dc:	62d6                	.insn	2, 0x62d6
800051de:	ca9b592f          	.insn	4, 0xca9b592f
800051e2:	5944                	lw	s1,52(a0)
800051e4:	8add                	and	a3,a3,23
800051e6:	5948                	lw	a0,52(a0)
800051e8:	1fe2                	sll	t6,t6,0x38
800051ea:	5952                	lw	s2,52(sp)
800051ec:	5969bfbf 597a35f0 	.insn	8, 0x597a35f05969bfbf
800051f4:	c412                	sw	tp,8(sp)
800051f6:	598a                	lw	s3,160(sp)
800051f8:	09c4                	add	s1,sp,212
800051fa:	598e                	lw	s3,224(sp)
800051fc:	359a                	.insn	2, 0x359a
800051fe:	930e598f          	.insn	4, 0x930e598f
80005202:	59a5                	li	s3,-23
80005204:	d140                	sw	s0,36(a0)
80005206:	59b4                	lw	a3,112(a1)
80005208:	59bbba97          	auipc	s5,0x59bbb
8000520c:	ad26                	.insn	2, 0xad26
8000520e:	59ce                	lw	s3,240(sp)
80005210:	9a45                	and	a2,a2,-15
80005212:	59d9                	li	s3,-10
80005214:	0492                	sll	s1,s1,0x4
80005216:	59ed                	li	s3,-5
80005218:	ce14                	sw	a3,24(a2)
8000521a:	5a02                	lw	s4,32(sp)
8000521c:	5c31                	li	s8,-20
8000521e:	5a21                	li	s4,-24
80005220:	ca46                	sw	a7,20(sp)
80005222:	5a21                	li	s4,-24
80005224:	7271                	lui	tp,0xffffc
80005226:	5a32                	lw	s4,44(sp)
80005228:	0f8e                	sll	t6,t6,0x3
8000522a:	5a42                	lw	s4,48(sp)
8000522c:	5a46b2c3          	.insn	4, 0x5a46b2c3
80005230:	e44c                	.insn	2, 0xe44c
80005232:	5a49                	li	s4,-14
80005234:	11fa                	sll	gp,gp,0x3e
80005236:	5a51                	li	s4,-12
80005238:	2220                	.insn	2, 0x2220
8000523a:	5a55                	li	s4,-11
8000523c:	50ec                	lw	a1,100(s1)
8000523e:	5d345a5b          	.insn	4, 0x5d345a5b
80005242:	5a8a                	lw	s5,160(sp)
80005244:	8bfd                	and	a5,a5,31
80005246:	e4a25aa3          	.insn	4, 0xe4a25aa3
8000524a:	5aa6                	lw	s5,104(sp)
8000524c:	5aadf643          	.insn	4, 0x5aadf643
80005250:	b38c                	.insn	2, 0xb38c
80005252:	5abc                	lw	a5,112(a3)
80005254:	7ebd                	lui	t4,0xfffef
80005256:	5ad6                	lw	s5,116(sp)
80005258:	e652                	.insn	2, 0xe652
8000525a:	5add                	li	s5,-9
8000525c:	8a1a                	mv	s4,t1
8000525e:	5aec                	lw	a1,116(a3)
80005260:	8572                	mv	a0,t3
80005262:	5b04                	lw	s1,48(a4)
80005264:	5b13e84b          	.insn	4, 0x5b13e84b
80005268:	5b668c23          	sb	s6,1464(a3) # d58316c4 <_tbss_end+0x55827ac0>
8000526c:	4e8e                	lw	t4,192(sp)
8000526e:	085b5b67          	.insn	4, 0x085b5b67
80005272:	5b74                	lw	a3,116(a4)
80005274:	c33a                	sw	a4,132(sp)
80005276:	5b90                	lw	a2,48(a5)
80005278:	c554                	sw	a3,12(a0)
8000527a:	13985ba3          	.insn	4, 0x13985ba3
8000527e:	5bad                	li	s7,-21
80005280:	fea1                	bnez	a3,800051d8 <verify_data+0x1638>
80005282:	5bb1                	li	s7,-20
80005284:	5bc3d43b          	.insn	4, 0x5bc3d43b
80005288:	5bdbb757          	.insn	4, 0x5bdbb757
8000528c:	d285                	beqz	a3,800051ac <verify_data+0x160c>
8000528e:	20625bdb          	.insn	4, 0x20625bdb
80005292:	5be2                	lw	s7,56(sp)
80005294:	4fe1                	li	t6,24
80005296:	5c1f f7b7 5c26      	.insn	6, 0x5c26f7b75c1f
8000529c:	ae74                	.insn	2, 0xae74
8000529e:	754a5c27          	.insn	4, 0x754a5c27
800052a2:	96b35c3f e1405c4d 	.insn	8, 0xe1405c4d96b35c3f
800052aa:	5c50                	lw	a2,60(s0)
800052ac:	4f7e                	lw	t5,220(sp)
800052ae:	8f185c63          	bge	a6,a7,800043a6 <verify_data+0x806>
800052b2:	5c65                	li	s8,-7
800052b4:	5c6b23e3          	.insn	4, 0x5c6b23e3
800052b8:	21b4                	.insn	2, 0x21b4
800052ba:	5c6e                	lw	s8,248(sp)
800052bc:	5c7c7ae7          	.insn	4, 0x5c7c7ae7
800052c0:	4274                	lw	a3,68(a2)
800052c2:	5c99                	li	s9,-26
800052c4:	c924                	sw	s1,80(a0)
800052c6:	5ca1                	li	s9,-24
800052c8:	6251                	lui	tp,0x14
800052ca:	5cb4                	lw	a3,120(s1)
800052cc:	7dfd                	lui	s11,0xfffff
800052ce:	5cb9                	li	s9,-18
800052d0:	ecf0                	.insn	2, 0xecf0
800052d2:	5ce0                	lw	s0,124(s1)
800052d4:	cf1d                	beqz	a4,80005312 <verify_data+0x1772>
800052d6:	e2f05ce7          	.insn	4, 0xe2f05ce7
800052da:	5cfd                	li	s9,-1
800052dc:	5d0e34db          	.insn	4, 0x5d0e34db
800052e0:	cf00                	sw	s0,24(a4)
800052e2:	5d0e                	lw	s10,224(sp)
800052e4:	6bb9                	lui	s7,0xe
800052e6:	5d11                	li	s10,-28
800052e8:	5d161ea7          	.insn	4, 0x5d161ea7
800052ec:	5d347033          	.insn	4, 0x5d347033
800052f0:	5d39ae3b          	.insn	4, 0x5d39ae3b
800052f4:	52b6                	lw	t0,108(sp)
800052f6:	5d51                	li	s10,-12
800052f8:	5d52b08f          	.insn	4, 0x5d52b08f
800052fc:	acbd                	j	8000557a <verify_data+0x19da>
800052fe:	5d64                	lw	s1,124(a0)
80005300:	791e                	.insn	2, 0x791e
80005302:	5d78                	lw	a4,124(a0)
80005304:	d049                	beqz	s0,80005286 <verify_data+0x16e6>
80005306:	861e5d7b          	.insn	4, 0x861e5d7b
8000530a:	5cf85d83          	lhu	s11,1487(a6)
8000530e:	5d8c                	lw	a1,56(a1)
80005310:	2534                	.insn	2, 0x2534
80005312:	5d9e                	lw	s11,228(sp)
80005314:	af35                	j	80005a50 <verify_data+0x1eb0>
80005316:	5dac                	lw	a1,120(a1)
80005318:	5db6107f 5de66704 	.insn	12, 0x5dffa3b25de667045db6107f
80005320:	5dffa3b2 
80005324:	b1aa                	.insn	2, 0xb1aa
80005326:	5e0d                	li	t3,-29
80005328:	b1a2                	.insn	2, 0xb1a2
8000532a:	5e28                	lw	a0,120(a2)
8000532c:	1801                	add	a6,a6,-32
8000532e:	5e3d                	li	t3,-17
80005330:	f449                	bnez	s0,800052ba <verify_data+0x171a>
80005332:	5e3d                	li	t3,-17
80005334:	5f29                	li	t5,-22
80005336:	5e48                	lw	a0,60(a2)
80005338:	2640                	.insn	2, 0x2640
8000533a:	5e70                	lw	a2,124(a2)
8000533c:	f286                	.insn	2, 0xf286
8000533e:	5e79                	li	t3,-2
80005340:	58ce                	lw	a7,240(sp)
80005342:	5eaa                	lw	t4,168(sp)
80005344:	5eb1deab          	.insn	4, 0x5eb1deab
80005348:	2f60                	.insn	2, 0x2f60
8000534a:	5eb9                	li	t4,-18
8000534c:	859f 5ecc 3d98      	.insn	6, 0x3d985ecc859f
80005352:	5ed1                	li	t4,-12
80005354:	babe                	.insn	2, 0xbabe
80005356:	5ef8                	lw	a4,124(a3)
80005358:	5f000727          	.insn	4, 0x5f000727
8000535c:	fee2                	.insn	2, 0xfee2
8000535e:	ae285f0b          	.insn	4, 0xae285f0b
80005362:	5f21                	li	t5,-24
80005364:	5f2d8e87          	.insn	4, 0x5f2d8e87
80005368:	0230                	add	a2,sp,264
8000536a:	5f38                	lw	a4,120(a4)
8000536c:	3635                	jal	80004e98 <verify_data+0x12f8>
8000536e:	5f46                	lw	t5,112(sp)
80005370:	5f5770ab          	.insn	4, 0x5f5770ab
80005374:	2df2                	.insn	2, 0x2df2
80005376:	5f5c                	lw	a5,60(a4)
80005378:	6aa2                	.insn	2, 0x6aa2
8000537a:	5f5e                	lw	t5,244(sp)
8000537c:	9731                	sra	a4,a4,0x2c
8000537e:	5f65                	li	t5,-7
80005380:	5ea0                	lw	s0,120(a3)
80005382:	183e5f6f          	jal	t5,800ead04 <_tbss_end+0xe1100>
80005386:	5f71                	li	t5,-4
80005388:	bf85                	j	800052f8 <verify_data+0x1758>
8000538a:	5f76                	lw	t5,124(sp)
8000538c:	796a                	.insn	2, 0x796a
8000538e:	5f84                	lw	s1,56(a5)
80005390:	3495                	jal	80004df4 <verify_data+0x1254>
80005392:	5f89                	li	t6,-30
80005394:	5f8b586b          	.insn	4, 0x5f8b586b
80005398:	5ed6                	lw	t4,116(sp)
8000539a:	5f92                	lw	t6,36(sp)
8000539c:	25c2                	.insn	2, 0x25c2
8000539e:	5fa0                	lw	s0,120(a5)
800053a0:	8e1a                	mv	t3,t1
800053a2:	5fa0                	lw	s0,120(a5)
800053a4:	5faed877          	.insn	4, 0x5faed877
800053a8:	5faffcaf          	.insn	4, 0x5faffcaf
800053ac:	fdc5                	bnez	a1,80005364 <verify_data+0x17c4>
800053ae:	beb65fcb          	.insn	4, 0xbeb65fcb
800053b2:	5fd0                	lw	a2,60(a5)
800053b4:	7672                	.insn	2, 0x7672
800053b6:	5fd2                	lw	t6,52(sp)
800053b8:	378e                	.insn	2, 0x378e
800053ba:	f9555fd3          	.insn	4, 0xf9555fd3
800053be:	5ff5                	li	t6,-3
800053c0:	5ffa6057          	.insn	4, 0x5ffa6057
800053c4:	e246                	.insn	2, 0xe246
800053c6:	5ffe                	lw	t6,252(sp)
800053c8:	8c4e                	mv	s8,s3
800053ca:	600d                	c.lui	zero,0x3
800053cc:	6f54                	.insn	2, 0x6f54
800053ce:	600e                	.insn	2, 0x600e
800053d0:	4a40                	lw	s0,20(a2)
800053d2:	6010                	.insn	2, 0x6010
800053d4:	3b49                	jal	80005166 <verify_data+0x15c6>
800053d6:	601e                	.insn	2, 0x601e
800053d8:	601e79bb          	.insn	4, 0x601e79bb
800053dc:	9910                	.insn	2, 0x9910
800053de:	f51e603f 804f6064 	.insn	8, 0x804f6064f51e603f
800053e6:	6076                	.insn	2, 0x6076
800053e8:	1c78                	add	a4,sp,572
800053ea:	6089                	lui	ra,0x2
800053ec:	c63a                	sw	a4,12(sp)
800053ee:	6089                	lui	ra,0x2
800053f0:	d200                	sw	s0,32(a2)
800053f2:	7ef86097          	auipc	ra,0x7ef86
800053f6:	540c609b          	.insn	4, 0x540c609b
800053fa:	60b8                	.insn	2, 0x60b8
800053fc:	52a1                	li	t0,-24
800053fe:	60b9                	lui	ra,0xe
80005400:	3d99                	jal	80005256 <verify_data+0x16b6>
80005402:	60d6                	.insn	2, 0x60d6
80005404:	7a9e                	.insn	2, 0x7a9e
80005406:	60ff 3a28 610f 407d 	.insn	22, 0x612c4ec4612686e061223bea610f407d610f3a2860ff
8000540e:	610f 3bea 6122 86e0 
80005416:	6126 4ec4 612c 
8000541c:	6133ac8b          	.insn	4, 0x6133ac8b
80005420:	4569                	li	a0,26
80005422:	613d                	add	sp,sp,480
80005424:	5b08                	lw	a0,48(a4)
80005426:	6145                	add	sp,sp,48
80005428:	6ca9                	lui	s9,0xa
8000542a:	615d                	add	sp,sp,432
8000542c:	a80d                	j	8000545e <verify_data+0x18be>
8000542e:	a6ab616b          	.insn	4, 0xa6ab616b
80005432:	6182                	.insn	2, 0x6182
80005434:	7cc8                	.insn	2, 0x7cc8
80005436:	6186                	.insn	2, 0x6186
80005438:	8322                	mv	t1,s0
8000543a:	6190                	.insn	2, 0x6190
8000543c:	f3c1                	bnez	a5,800053bc <verify_data+0x181c>
8000543e:	61ce                	.insn	2, 0x61ce
80005440:	19ad                	add	s3,s3,-21 # 43e3ffeb <buflen.1+0x43e3ffab>
80005442:	61e4                	.insn	2, 0x61e4
80005444:	6d64                	.insn	2, 0x6d64
80005446:	61ec                	.insn	2, 0x61ec
80005448:	52ca                	lw	t0,176(sp)
8000544a:	61fd                	lui	gp,0x1f
8000544c:	d948                	sw	a0,52(a0)
8000544e:	6202                	.insn	2, 0x6202
80005450:	800e                	c.mv	zero,gp
80005452:	b61d621b          	.insn	4, 0xb61d621b
80005456:	6226                	.insn	2, 0x6226
80005458:	4380                	lw	s0,0(a5)
8000545a:	fe036243          	.insn	4, 0xfe036243
8000545e:	624e                	.insn	2, 0x624e
80005460:	b9e0                	.insn	2, 0xb9e0
80005462:	bb78624f          	.insn	4, 0xbb78624f
80005466:	6266                	.insn	2, 0x6266
80005468:	2af9                	jal	80005646 <verify_data+0x1aa6>
8000546a:	6279                	lui	tp,0x1e
8000546c:	628bd913          	ror	s2,s7,0x28
80005470:	62a986eb          	.insn	4, 0x62a986eb
80005474:	9932                	add	s2,s2,a2
80005476:	62bc                	.insn	2, 0x62bc
80005478:	62c3d607          	.insn	4, 0x62c3d607
8000547c:	a545                	j	80005b1c <verify_data+0x1f7c>
8000547e:	8bab62d3          	.insn	4, 0x8bab62d3
80005482:	6d6f62e3          	bltu	t5,s6,80006346 <input_data+0x7a6>
80005486:	62e4                	.insn	2, 0x62e4
80005488:	f09c                	.insn	2, 0xf09c
8000548a:	e6d262fb          	.insn	4, 0xe6d262fb
8000548e:	6320                	.insn	2, 0x6320
80005490:	632cf297          	auipc	t0,0x632cf
80005494:	d69d                	beqz	a3,800053c2 <verify_data+0x1822>
80005496:	463a634b          	.insn	4, 0x463a634b
8000549a:	634e                	.insn	2, 0x634e
8000549c:	f658                	.insn	2, 0xf658
8000549e:	635d                	lui	t1,0x17
800054a0:	c3dd                	beqz	a5,80005546 <verify_data+0x19a6>
800054a2:	6366                	.insn	2, 0x6366
800054a4:	a131                	j	800058b0 <verify_data+0x1d10>
800054a6:	c12363ab          	.insn	4, 0xc12363ab
800054aa:	63bc                	.insn	2, 0x63bc
800054ac:	e759                	bnez	a4,8000553a <verify_data+0x199a>
800054ae:	0cb163c7          	.insn	4, 0x0cb163c7
800054b2:	032663db          	.insn	4, 0x032663db
800054b6:	63de                	.insn	2, 0x63de
800054b8:	da45                	beqz	a2,80005468 <verify_data+0x18c8>
800054ba:	036f63fb          	.insn	4, 0x036f63fb
800054be:	748b6413          	or	s0,s6,1864
800054c2:	6418                	.insn	2, 0x6418
800054c4:	5eb2                	lw	t4,44(sp)
800054c6:	641f 9a25 6426      	.insn	6, 0x64269a25641f
800054cc:	4216                	lw	tp,68(sp)
800054ce:	3fdd6427          	.insn	4, 0x3fdd6427
800054d2:	f9ef643f 83b4644b 	.insn	8, 0x83b4644bf9ef643f
800054da:	645e                	.insn	2, 0x645e
800054dc:	1629                	add	a2,a2,-22 # 11fea <buflen.1+0x11faa>
800054de:	6460                	.insn	2, 0x6460
800054e0:	6941                	lui	s2,0x10
800054e2:	6474                	.insn	2, 0x6474
800054e4:	7cc8                	.insn	2, 0x7cc8
800054e6:	647c                	.insn	2, 0x647c
800054e8:	9cdc                	.insn	2, 0x9cdc
800054ea:	6481                	.insn	2, 0x6481
800054ec:	a0ff 6485 071f 6487 	.insn	14, 0xf0a06495d2ea6487071f6485a0ff
800054f4:	d2ea 6495 f0a0 
800054fa:	c97d649b          	.insn	4, 0xc97d649b
800054fe:	64a6                	.insn	2, 0x64a6
80005500:	8b6a                	mv	s6,s10
80005502:	64ba                	.insn	2, 0x64ba
80005504:	e9f0                	.insn	2, 0xe9f0
80005506:	64bd                	lui	s1,0xf
80005508:	0924                	add	s1,sp,152
8000550a:	64d2                	.insn	2, 0x64d2
8000550c:	ef6e                	.insn	2, 0xef6e
8000550e:	64d4                	.insn	2, 0x64d4
80005510:	938e                	add	t2,t2,gp
80005512:	650a                	.insn	2, 0x650a
80005514:	1121                	add	sp,sp,-24 # 4f72ffe8 <buflen.1+0x4f72ffa8>
80005516:	6511                	lui	a0,0x4
80005518:	a2b8                	.insn	2, 0xa2b8
8000551a:	6530                	.insn	2, 0x6530
8000551c:	f2a1                	bnez	a3,8000545c <verify_data+0x18bc>
8000551e:	6578                	.insn	2, 0x6578
80005520:	8ac2                	mv	s5,a6
80005522:	6599                	lui	a1,0x6
80005524:	65a60287          	.insn	4, 0x65a60287
80005528:	0f15                	add	t5,t5,5 # a005 <buflen.1+0x9fc5>
8000552a:	65ae                	.insn	2, 0x65ae
8000552c:	8f02                	jr	t5
8000552e:	0e4c65b7          	lui	a1,0xe4c6
80005532:	65ce                	.insn	2, 0x65ce
80005534:	a371                	j	80005ac0 <verify_data+0x1f20>
80005536:	ef3e65cf          	.insn	4, 0xef3e65cf
8000553a:	924f65cf          	.insn	4, 0x924f65cf
8000553e:	65dd                	lui	a1,0x17
80005540:	eb55                	bnez	a4,800055f4 <verify_data+0x1a54>
80005542:	d54865e7          	.insn	4, 0xd54865e7
80005546:	65e9                	lui	a1,0x1a
80005548:	31f2                	.insn	2, 0x31f2
8000554a:	65f1                	lui	a1,0x1c
8000554c:	660479c3          	.insn	4, 0x660479c3
80005550:	c086                	sw	ra,64(sp)
80005552:	6606                	.insn	2, 0x6606
80005554:	66076677          	.insn	4, 0x66076677
80005558:	77b2                	.insn	2, 0x77b2
8000555a:	27536607          	.insn	4, 0x27536607
8000555e:	436d660f          	.insn	4, 0x436d660f
80005562:	6610                	.insn	2, 0x6610
80005564:	661d2f27          	.insn	4, 0x661d2f27
80005568:	8e36                	mv	t3,a3
8000556a:	6621                	lui	a2,0x8
8000556c:	12f4                	add	a3,sp,364
8000556e:	662e                	.insn	2, 0x662e
80005570:	160e                	sll	a2,a2,0x23
80005572:	663d                	lui	a2,0xf
80005574:	9be5                	and	a5,a5,-7
80005576:	663e                	.insn	2, 0x663e
80005578:	663ef68b          	.insn	4, 0x663ef68b
8000557c:	192a                	sll	s2,s2,0x2a
8000557e:	6655                	lui	a2,0x15
80005580:	02a2                	sll	t0,t0,0x8
80005582:	6676                	.insn	2, 0x6676
80005584:	667e9cb3          	.insn	4, 0x667e9cb3
80005588:	66a01657          	.insn	4, 0x66a01657
8000558c:	152e                	sll	a0,a0,0x2b
8000558e:	66b5                	lui	a3,0xd
80005590:	ac6e                	.insn	2, 0xac6e
80005592:	66d9                	lui	a3,0x16
80005594:	bcfc                	.insn	2, 0xbcfc
80005596:	d44c66ef          	jal	a3,7ffcbada <buflen.1+0x7ffcba9a>
8000559a:	66f8                	.insn	2, 0x66f8
8000559c:	ca7a                	sw	t5,20(sp)
8000559e:	6722                	.insn	2, 0x6722
800055a0:	b5d9                	j	80005466 <verify_data+0x18c6>
800055a2:	6728                	.insn	2, 0x6728
800055a4:	72c2                	.insn	2, 0x72c2
800055a6:	a6b0673b          	.insn	4, 0xa6b0673b
800055aa:	673c                	.insn	2, 0x673c
800055ac:	1266                	sll	tp,tp,0x39
800055ae:	6751                	lui	a4,0x14
800055b0:	79cd                	lui	s3,0xffff3
800055b2:	675a                	.insn	2, 0x675a
800055b4:	6796bc67          	.insn	4, 0x6796bc67
800055b8:	2ace                	.insn	2, 0x2ace
800055ba:	679d                	lui	a5,0x7
800055bc:	67b7ceef          	jal	t4,80082436 <_tbss_end+0x78832>
800055c0:	2ddd                	jal	80005cb6 <input_data+0x116>
800055c2:	67c2                	.insn	2, 0x67c2
800055c4:	3ffd                	jal	800055c2 <verify_data+0x1a22>
800055c6:	67c2                	.insn	2, 0x67c2
800055c8:	67d54dcb          	.insn	4, 0x67d54dcb
800055cc:	6f8c                	.insn	2, 0x6f8c
800055ce:	5d2467db          	.insn	4, 0x5d2467db
800055d2:	6806                	.insn	2, 0x6806
800055d4:	96cd                	sra	a3,a3,0x33
800055d6:	6808                	.insn	2, 0x6808
800055d8:	680ae06b          	.insn	4, 0x680ae06b
800055dc:	68160343          	.insn	4, 0x68160343
800055e0:	1e9a                	sll	t4,t4,0x26
800055e2:	6819                	lui	a6,0x6
800055e4:	a664                	.insn	2, 0xa664
800055e6:	681f 3f29 682e      	.insn	6, 0x682e3f29681f
800055ec:	778c                	.insn	2, 0x778c
800055ee:	684e                	.insn	2, 0x684e
800055f0:	e6c8                	.insn	2, 0xe6c8
800055f2:	6851                	lui	a6,0x14
800055f4:	a4ba                	.insn	2, 0xa4ba
800055f6:	6855                	lui	a6,0x15
800055f8:	685d77c3          	.insn	4, 0x685d77c3
800055fc:	686ebe97          	auipc	t4,0x686eb
80005600:	42d6                	lw	t0,84(sp)
80005602:	6872                	.insn	2, 0x6872
80005604:	86aa                	mv	a3,a0
80005606:	6876                	.insn	2, 0x6876
80005608:	9209                	srl	a2,a2,0x22
8000560a:	687e                	.insn	2, 0x687e
8000560c:	6892be83          	.insn	4, 0x6892be83
80005610:	4cb0                	lw	a2,88(s1)
80005612:	689e                	.insn	2, 0x689e
80005614:	1f5a                	sll	t5,t5,0x36
80005616:	68ba                	.insn	2, 0x68ba
80005618:	6041                	c.lui	zero,0x10
8000561a:	68d4                	.insn	2, 0x68d4
8000561c:	68f47697          	auipc	a3,0x68f47
80005620:	24b9                	jal	8000586e <verify_data+0x1cce>
80005622:	3a4f68fb          	.insn	4, 0x3a4f68fb
80005626:	6921                	lui	s2,0x8
80005628:	29f1                	jal	80005b04 <verify_data+0x1f64>
8000562a:	2dd1692b          	.insn	4, 0x2dd1692b
8000562e:	6939                	lui	s2,0xe
80005630:	6e7e                	.insn	2, 0x6e7e
80005632:	6940                	.insn	2, 0x6940
80005634:	1426                	sll	s0,s0,0x29
80005636:	6958                	.insn	2, 0x6958
80005638:	ac82                	.insn	2, 0xac82
8000563a:	696d                	lui	s2,0x1b
8000563c:	a53a                	.insn	2, 0xa53a
8000563e:	b03a6987          	.insn	4, 0xb03a6987
80005642:	6998                	.insn	2, 0x6998
80005644:	6b32                	.insn	2, 0x6b32
80005646:	699d                	lui	s3,0x7
80005648:	2da4                	.insn	2, 0x2da4
8000564a:	69aa                	.insn	2, 0x69aa
8000564c:	69c06c73          	csrrs	s8,0x69c,0
80005650:	0ac0                	add	s0,sp,340
80005652:	404869c7          	.insn	4, 0x404869c7
80005656:	69c9                	lui	s3,0x12
80005658:	679c                	.insn	2, 0x679c
8000565a:	69d1                	lui	s3,0x14
8000565c:	a229                	j	80005766 <verify_data+0x1bc6>
8000565e:	69d5                	lui	s3,0x15
80005660:	a2f9                	j	8000582e <verify_data+0x1c8e>
80005662:	69d8                	.insn	2, 0x69d8
80005664:	cf72                	sw	t3,156(sp)
80005666:	69e2                	.insn	2, 0x69e2
80005668:	bb2a                	.insn	2, 0xbb2a
8000566a:	6e2669e7          	.insn	4, 0x6e2669e7
8000566e:	6a02                	.insn	2, 0x6a02
80005670:	7850                	.insn	2, 0x7850
80005672:	809e6a2b          	.insn	4, 0x809e6a2b
80005676:	6a35                	lui	s4,0xd
80005678:	fa95                	bnez	a3,800055ac <verify_data+0x1a0c>
8000567a:	6a49                	lui	s4,0x12
8000567c:	cfe1                	beqz	a5,80005754 <verify_data+0x1bb4>
8000567e:	6a54                	.insn	2, 0x6a54
80005680:	182e                	sll	a6,a6,0x2b
80005682:	6a60                	.insn	2, 0x6a60
80005684:	9f9f 6a88 6f2a      	.insn	6, 0x6f2a6a889f9f
8000568a:	6a89                	lui	s5,0x2
8000568c:	6a98a6bb          	.insn	4, 0x6a98a6bb
80005690:	bdbc                	.insn	2, 0xbdbc
80005692:	6ab9                	lui	s5,0xe
80005694:	4a64                	lw	s1,84(a2)
80005696:	ec2c6adb          	.insn	4, 0xec2c6adb
8000569a:	6ae1                	lui	s5,0x18
8000569c:	6a98                	.insn	2, 0x6a98
8000569e:	6aea                	.insn	2, 0x6aea
800056a0:	d36e                	sw	s11,164(sp)
800056a2:	6b25                	lui	s6,0x9
800056a4:	c5fc                	sw	a5,76(a1)
800056a6:	6b3d                	lui	s6,0xf
800056a8:	a94d                	j	80005b5a <verify_data+0x1fba>
800056aa:	6b4c                	.insn	2, 0x6b4c
800056ac:	6b51cb4f          	.insn	4, 0x6b51cb4f
800056b0:	6b6b5947          	.insn	4, 0x6b6b5947
800056b4:	56e2                	lw	a3,56(sp)
800056b6:	6b6d                	lui	s6,0x1b
800056b8:	6522                	.insn	2, 0x6522
800056ba:	6b7a                	.insn	2, 0x6b7a
800056bc:	5071                	c.li	zero,-4
800056be:	6ba6                	.insn	2, 0x6ba6
800056c0:	f150                	.insn	2, 0xf150
800056c2:	6bb5                	lui	s7,0xd
800056c4:	6bb744cb          	.insn	4, 0x6bb744cb
800056c8:	845e                	mv	s0,s7
800056ca:	02a06bc7          	.insn	4, 0x02a06bc7
800056ce:	f0ee6bf3          	csrrs	s7,0xf0e,28
800056d2:	6c34                	.insn	2, 0x6c34
800056d4:	6c47c04b          	.insn	4, 0x6c47c04b
800056d8:	9a26                	add	s4,s4,s1
800056da:	4a886c4f          	.insn	4, 0x4a886c4f
800056de:	6c7f 9de8 6c91 cb9d 	.insn	22, 0x6ca995026ca2da286c9dc8546c92cb9d6c919de86c7f
800056e6:	6c92 c854 6c9d da28 
800056ee:	6ca2 9502 6ca9 
800056f4:	8e32                	mv	t3,a2
800056f6:	6cdf 2228 6ce0      	.insn	6, 0x6ce022286cdf
800056fc:	6ce3fc13          	and	s8,t2,1742
80005700:	c129                	beqz	a0,80005742 <verify_data+0x1ba2>
80005702:	a8146cef          	jal	s9,7ff4c182 <buflen.1+0x7ff4c142>
80005706:	6d49                	lui	s10,0x12
80005708:	929f 6d4a 14f7      	.insn	6, 0x14f76d4a929f
8000570e:	82826d53          	.insn	4, 0x82826d53
80005712:	6d54                	.insn	2, 0x6d54
80005714:	6d54fafb          	.insn	4, 0x6d54fafb
80005718:	7909                	lui	s2,0xfffe2
8000571a:	6d55                	lui	s10,0x15
8000571c:	8b9f 6d56 a105      	.insn	6, 0xa1056d568b9f
80005722:	6d5d                	lui	s10,0x17
80005724:	fa38                	.insn	2, 0xfa38
80005726:	6d62                	.insn	2, 0x6d62
80005728:	003e                	c.slli	zero,0xf
8000572a:	6d6d                	lui	s10,0x1b
8000572c:	ccb2                	sw	a2,88(sp)
8000572e:	6d6e                	.insn	2, 0x6d6e
80005730:	f5ee                	.insn	2, 0xf5ee
80005732:	6d70                	.insn	2, 0x6d70
80005734:	ac1f 6d82 fbd7      	.insn	6, 0xfbd76d82ac1f
8000573a:	6d90                	.insn	2, 0x6d90
8000573c:	6d9de20f          	.insn	4, 0x6d9de20f
80005740:	6db9d8c7          	.insn	4, 0x6db9d8c7
80005744:	f7a0                	.insn	2, 0xf7a0
80005746:	6e10                	.insn	2, 0x6e10
80005748:	6e24d8eb          	.insn	4, 0x6e24d8eb
8000574c:	a2ea                	.insn	2, 0xa2ea
8000574e:	6e30                	.insn	2, 0x6e30
80005750:	6e3d0eeb          	.insn	4, 0x6e3d0eeb
80005754:	6e3f8a0b          	.insn	4, 0x6e3f8a0b
80005758:	d051                	beqz	s0,800056dc <verify_data+0x1b3c>
8000575a:	0dc06e3f 89186e66 	.insn	8, 0x89186e660dc06e3f
80005762:	6e96                	.insn	2, 0x6e96
80005764:	8f2e                	mv	t5,a1
80005766:	6ec8                	.insn	2, 0x6ec8
80005768:	1281                	add	t0,t0,-32 # e32d4470 <_tbss_end+0x632ca86c>
8000576a:	6ecd                	lui	t4,0x13
8000576c:	82f5                	srl	a3,a3,0x1d
8000576e:	6ed8                	.insn	2, 0x6ed8
80005770:	fea4                	.insn	2, 0xfea4
80005772:	28036ee3          	bltu	t1,zero,8000620e <input_data+0x66e>
80005776:	6eea                	.insn	2, 0x6eea
80005778:	3c64                	.insn	2, 0x3c64
8000577a:	6f09                	lui	t5,0x2
8000577c:	ec4e                	.insn	2, 0xec4e
8000577e:	6f28                	.insn	2, 0x6f28
80005780:	6f3a5657          	.insn	4, 0x6f3a5657
80005784:	bc8d                	j	800051f6 <verify_data+0x1656>
80005786:	6f59                	lui	t5,0x16
80005788:	d541                	beqz	a0,80005710 <verify_data+0x1b70>
8000578a:	b5926f5b          	.insn	4, 0xb5926f5b
8000578e:	6f6a                	.insn	2, 0x6f6a
80005790:	6f793433          	.insn	4, 0x6f793433
80005794:	0ec2                	sll	t4,t4,0x10
80005796:	1d7a6f83          	.insn	4, 0x1d7a6f83
8000579a:	6f86                	.insn	2, 0x6f86
8000579c:	a3d2                	.insn	2, 0xa3d2
8000579e:	73bb6f8f          	.insn	4, 0x73bb6f8f
800057a2:	6fb1                	lui	t6,0xc
800057a4:	6fb360db          	.insn	4, 0x6fb360db
800057a8:	6fc00817          	auipc	a6,0x6fc00
800057ac:	6241                	lui	tp,0x10
800057ae:	6fd5                	lui	t6,0x15
800057b0:	e188                	.insn	2, 0xe188
800057b2:	a4ac6ff3          	csrrs	t6,0xa4a,24
800057b6:	6ff6                	.insn	2, 0x6ff6
800057b8:	7008f7cb          	.insn	4, 0x7008f7cb
800057bc:	e7fa                	.insn	2, 0xe7fa
800057be:	7015                	c.lui	zero,0xfffe5
800057c0:	701755cb          	.insn	4, 0x701755cb
800057c4:	a7de                	.insn	2, 0xa7de
800057c6:	7021                	c.lui	zero,0xfffe8
800057c8:	e0a1                	bnez	s1,80005808 <verify_data+0x1c68>
800057ca:	703e                	.insn	2, 0x703e
800057cc:	8c1c                	.insn	2, 0x8c1c
800057ce:	ed6c704b          	.insn	4, 0xed6c704b
800057d2:	706e                	.insn	2, 0x706e
800057d4:	70b4af37          	lui	t5,0x70b4a
800057d8:	6f0e                	.insn	2, 0x6f0e
800057da:	70b5                	lui	ra,0xfffed
800057dc:	fc69                	bnez	s0,800057b6 <verify_data+0x1c16>
800057de:	2dc170bf 482e70c4 	.insn	8, 0x482e70c42dc170bf
800057e6:	584070cb          	.insn	4, 0x584070cb
800057ea:	70d6                	.insn	2, 0x70d6
800057ec:	3381                	jal	8000552c <verify_data+0x198c>
800057ee:	7111                	add	sp,sp,-256
800057f0:	711c785b          	.insn	4, 0x711c785b
800057f4:	c500                	sw	s0,8(a0)
800057f6:	711f 12ec 712a      	.insn	6, 0x712a12ec711f
800057fc:	71422f0f          	.insn	4, 0x71422f0f
80005800:	71490dbf 7157291f 	.insn	8, 0x7157291f71490dbf
80005808:	df4c                	sw	a1,60(a4)
8000580a:	7165                	add	sp,sp,-400
8000580c:	4d82                	lw	s11,0(sp)
8000580e:	74f47167          	.insn	4, 0x74f47167
80005812:	7180                	.insn	2, 0x7180
80005814:	94e1                	sra	s1,s1,0x38
80005816:	7184                	.insn	2, 0x7184
80005818:	88e1                	and	s1,s1,24
8000581a:	7185                	lui	gp,0xfffe1
8000581c:	7f30                	.insn	2, 0x7f30
8000581e:	7188                	.insn	2, 0x7188
80005820:	420c                	lw	a1,0(a2)
80005822:	7190                	.insn	2, 0x7190
80005824:	86fc                	.insn	2, 0x86fc
80005826:	71a0                	.insn	2, 0x71a0
80005828:	9e52                	add	t3,t3,s4
8000582a:	71b6                	.insn	2, 0x71b6
8000582c:	328d                	jal	8000518e <verify_data+0x15ee>
8000582e:	6c2a71bb          	.insn	4, 0x6c2a71bb
80005832:	364471d3          	.insn	4, 0x364471d3
80005836:	ceae71e7          	.insn	4, 0xceae71e7
8000583a:	887a71f7          	.insn	4, 0x887a71f7
8000583e:	720d                	lui	tp,0xfffe3
80005840:	ee24                	.insn	2, 0xee24
80005842:	720e                	.insn	2, 0x720e
80005844:	32b5                	jal	800051b0 <verify_data+0x1610>
80005846:	7214                	.insn	2, 0x7214
80005848:	7220fd73          	csrrc	s10,0x722,1
8000584c:	adc9                	j	80005f1e <input_data+0x37e>
8000584e:	7221                	lui	tp,0xfffe8
80005850:	3950                	.insn	2, 0x3950
80005852:	06f2722b          	.insn	4, 0x06f2722b
80005856:	723d                	lui	tp,0xfffef
80005858:	c58d                	beqz	a1,80005882 <verify_data+0x1ce2>
8000585a:	a9257257          	.insn	4, 0xa9257257
8000585e:	1f647273          	csrrc	tp,0x1f6,8
80005862:	5fea72b7          	lui	t0,0x5fea7
80005866:	496172d7          	.insn	4, 0x496172d7
8000586a:	72e1                	lui	t0,0xffff8
8000586c:	ac02                	.insn	2, 0xac02
8000586e:	58a272ef          	jal	t0,8002cdf8 <_tbss_end+0x231f4>
80005872:	90f072f3          	csrrc	t0,0x90f,0
80005876:	e6287313          	and	t1,a6,-414
8000587a:	7316                	.insn	2, 0x7316
8000587c:	0655                	add	a2,a2,21 # 15015 <buflen.1+0x14fd5>
8000587e:	731d                	lui	t1,0xfffe7
80005880:	4038                	lw	a4,64(s0)
80005882:	7320                	.insn	2, 0x7320
80005884:	a425                	j	80005aac <verify_data+0x1f0c>
80005886:	7329                	lui	t1,0xfffea
80005888:	5cd4                	lw	a3,60(s1)
8000588a:	53ad733f e6707345 	.insn	8, 0xe670734553ad733f
80005892:	7359                	lui	t1,0xffff6
80005894:	736f35b7          	lui	a1,0x736f3
80005898:	73877afb          	.insn	4, 0x73877afb
8000589c:	739d378b          	.insn	4, 0x739d378b
800058a0:	eeb2                	.insn	2, 0xeeb2
800058a2:	73c1                	lui	t2,0xffff0
800058a4:	ee10                	.insn	2, 0xee10
800058a6:	73d1                	lui	t2,0xffff4
800058a8:	73d9c2c7          	.insn	4, 0x73d9c2c7
800058ac:	73e9750b          	.insn	4, 0x73e9750b
800058b0:	0760                	add	s0,sp,908
800058b2:	73f0                	.insn	2, 0x73f0
800058b4:	aae2                	.insn	2, 0xaae2
800058b6:	73fd                	lui	t2,0xfffff
800058b8:	fa75                	bnez	a2,800058ac <verify_data+0x1d0c>
800058ba:	741d                	lui	s0,0xfffe7
800058bc:	1086                	sll	ra,ra,0x21
800058be:	7439                	lui	s0,0xfffee
800058c0:	8909                	and	a0,a0,2
800058c2:	743c                	.insn	2, 0x743c
800058c4:	744d6397          	auipc	t2,0x744d6
800058c8:	dd6a                	sw	s10,184(sp)
800058ca:	b729745b          	.insn	4, 0xb729745b
800058ce:	745e                	.insn	2, 0x745e
800058d0:	7465                	lui	s0,0xffff9
800058d2:	7465                	lui	s0,0xffff9
800058d4:	4bc0                	lw	s0,20(a5)
800058d6:	7398746f          	jal	s0,8008d80e <_tbss_end+0x83c0a>
800058da:	7476                	.insn	2, 0x7476
800058dc:	748d9613          	.insn	4, 0x748d9613
800058e0:	8ffa                	mv	t6,t5
800058e2:	74b0                	.insn	2, 0x74b0
800058e4:	d7c8                	sw	a0,44(a5)
800058e6:	74b2                	.insn	2, 0x74b2
800058e8:	74bac3d7          	.insn	4, 0x74bac3d7
800058ec:	5bd8                	lw	a4,52(a5)
800058ee:	6dec74c7          	.insn	4, 0x6dec74c7
800058f2:	74c8                	.insn	2, 0x74c8
800058f4:	f214                	.insn	2, 0xf214
800058f6:	5c8374eb          	.insn	4, 0x5c8374eb
800058fa:	74ec                	.insn	2, 0x74ec
800058fc:	43cd                	li	t2,19
800058fe:	74fc                	.insn	2, 0x74fc
80005900:	d010                	sw	a2,32(s0)
80005902:	7501                	lui	a0,0xfffe0
80005904:	ff5d                	bnez	a4,800058c2 <verify_data+0x1d22>
80005906:	7524                	.insn	2, 0x7524
80005908:	91ec                	.insn	2, 0x91ec
8000590a:	752c                	.insn	2, 0x752c
8000590c:	cea2                	sw	s0,92(sp)
8000590e:	7548                	.insn	2, 0x7548
80005910:	7556939b          	.insn	4, 0x7556939b
80005914:	ce81                	beqz	a3,8000592c <verify_data+0x1d8c>
80005916:	7556                	.insn	2, 0x7556
80005918:	ae6e                	.insn	2, 0xae6e
8000591a:	fa5f7567          	.insn	4, 0xfa5f7567
8000591e:	76de7577          	.insn	4, 0x76de7577
80005922:	7582                	.insn	2, 0x7582
80005924:	10d0                	add	a2,sp,100
80005926:	7585                	lui	a1,0xfffe1
80005928:	d4b4                	sw	a3,104(s1)
8000592a:	803b75e3          	bgeu	s6,gp,80005134 <verify_data+0x1594>
8000592e:	7612                	.insn	2, 0x7612
80005930:	01e6                	sll	gp,gp,0x19
80005932:	f891761b          	.insn	4, 0xf891761b
80005936:	a0507637          	lui	a2,0xa0507
8000593a:	c41b7643          	.insn	4, 0xc41b7643
8000593e:	5c327643          	.insn	4, 0x5c327643
80005942:	765e                	.insn	2, 0x765e
80005944:	039c                	add	a5,sp,448
80005946:	766e                	.insn	2, 0x766e
80005948:	66c4                	.insn	2, 0x66c4
8000594a:	7691                	lui	a3,0xfffe4
8000594c:	76c9de3b          	.insn	4, 0x76c9de3b
80005950:	76e02b87          	.insn	4, 0x76e02b87
80005954:	770d9d97          	auipc	s11,0x770d9
80005958:	b4d1                	j	8000541c <verify_data+0x187c>
8000595a:	7745                	lui	a4,0xffff1
8000595c:	8a60                	.insn	2, 0x8a60
8000595e:	7761                	lui	a4,0xffff8
80005960:	c005                	beqz	s0,80005980 <verify_data+0x1de0>
80005962:	777c                	.insn	2, 0x777c
80005964:	5dbc                	lw	a5,120(a1)
80005966:	777e                	.insn	2, 0x777e
80005968:	3159                	jal	800055ee <verify_data+0x1a4e>
8000596a:	7782                	.insn	2, 0x7782
8000596c:	d711                	beqz	a4,80005878 <verify_data+0x1cd8>
8000596e:	56c3778b          	.insn	4, 0x56c3778b
80005972:	778e                	.insn	2, 0x778e
80005974:	0736                	sll	a4,a4,0xd
80005976:	7796                	.insn	2, 0x7796
80005978:	779e33eb          	.insn	4, 0x779e33eb
8000597c:	a4f9                	j	80005c4a <input_data+0xaa>
8000597e:	77c2                	.insn	2, 0x77c2
80005980:	8b1a                	mv	s6,t1
80005982:	77d6                	.insn	2, 0x77d6
80005984:	0db6                	sll	s11,s11,0xd
80005986:	77ea                	.insn	2, 0x77ea
80005988:	96b1                	sra	a3,a3,0x2c
8000598a:	780c                	.insn	2, 0x780c
8000598c:	2c8c                	.insn	2, 0x2c8c
8000598e:	780d                	lui	a6,0xfffe3
80005990:	78276307          	.insn	4, 0x78276307
80005994:	3012                	.insn	2, 0x3012
80005996:	782c                	.insn	2, 0x782c
80005998:	d041                	beqz	s0,80005918 <verify_data+0x1d78>
8000599a:	7830                	.insn	2, 0x7830
8000599c:	783be667          	.insn	4, 0x783be667
800059a0:	5ebc                	lw	a5,120(a3)
800059a2:	784d                	lui	a6,0xffff3
800059a4:	b865                	j	8000525c <verify_data+0x16bc>
800059a6:	7889                	lui	a7,0xfffe2
800059a8:	1f55                	add	t5,t5,-11 # 70b49ff5 <buflen.1+0x70b49fb5>
800059aa:	7894                	.insn	2, 0x7894
800059ac:	23fa                	.insn	2, 0x23fa
800059ae:	789c                	.insn	2, 0x789c
800059b0:	d08a                	sw	sp,96(sp)
800059b2:	78b0                	.insn	2, 0x78b0
800059b4:	5dae                	lw	s11,232(sp)
800059b6:	78d8                	.insn	2, 0x78d8
800059b8:	fd24                	.insn	2, 0xfd24
800059ba:	78dd                	lui	a7,0xffff7
800059bc:	35aa                	.insn	2, 0x35aa
800059be:	78de                	.insn	2, 0x78de
800059c0:	7171                	add	sp,sp,-176
800059c2:	78df 9a07 78e2      	.insn	6, 0x78e29a0778df
800059c8:	78f220af          	.insn	4, 0x78f220af
800059cc:	f786                	.insn	2, 0xf786
800059ce:	78fd                	lui	a7,0xfffff
800059d0:	2c44                	.insn	2, 0x2c44
800059d2:	792d                	lui	s2,0xfffeb
800059d4:	c459                	beqz	s0,80005a62 <verify_data+0x1ec2>
800059d6:	7939                	lui	s2,0xfffee
800059d8:	1798                	add	a4,sp,992
800059da:	7948                	.insn	2, 0x7948
800059dc:	d530                	sw	a2,104(a0)
800059de:	574d795b          	.insn	4, 0x574d795b
800059e2:	7966                	.insn	2, 0x7966
800059e4:	ee36                	.insn	2, 0xee36
800059e6:	796c                	.insn	2, 0x796c
800059e8:	89e9                	and	a1,a1,26
800059ea:	de277987          	.insn	4, 0xde277987
800059ee:	7988                	.insn	2, 0x7988
800059f0:	79b5933b          	.insn	4, 0x79b5933b
800059f4:	79c39977          	.insn	4, 0x79c39977
800059f8:	35d0                	.insn	2, 0x35d0
800059fa:	79d5                	lui	s3,0xffff5
800059fc:	79ea714f          	.insn	4, 0x79ea714f
80005a00:	c122                	sw	s0,128(sp)
80005a02:	79f0                	.insn	2, 0x79f0
80005a04:	135a                	sll	t1,t1,0x36
80005a06:	79ff                	.insn	2, 0x79ff
80005a08:	7a02d7ff 7a0e7c57 	.insn	20, 0x7a2bec617a1a8d0d7a1523997a0e7c577a02d7ff
80005a10:	7a152399 7a1a8d0d 
80005a18:	7a2bec61 
80005a1c:	f0f9                	bnez	s1,800059e2 <verify_data+0x1e42>
80005a1e:	0e127a53          	.insn	4, 0x0e127a53
80005a22:	7a54                	.insn	2, 0x7a54
80005a24:	7a54488b          	.insn	4, 0x7a54488b
80005a28:	039a                	sll	t2,t2,0x6
80005a2a:	7a6c                	.insn	2, 0x7a6c
80005a2c:	cbd4                	sw	a3,20(a5)
80005a2e:	7a70                	.insn	2, 0x7a70
80005a30:	c442                	sw	a6,8(sp)
80005a32:	7a88                	.insn	2, 0x7a88
80005a34:	e546                	.insn	2, 0xe546
80005a36:	939c7ad7          	.insn	4, 0x939c7ad7
80005a3a:	7ada                	.insn	2, 0x7ada
80005a3c:	7afd1cd3          	.insn	4, 0x7afd1cd3
80005a40:	5c90                	lw	a2,56(s1)
80005a42:	7b08                	.insn	2, 0x7b08
80005a44:	d916                	sw	t0,176(sp)
80005a46:	7b0a                	.insn	2, 0x7b0a
80005a48:	7b2b5f8b          	.insn	4, 0x7b2b5f8b
80005a4c:	de31                	beqz	a2,800059a8 <verify_data+0x1e08>
80005a4e:	7b31                	lui	s6,0xfffec
80005a50:	7b35733f 7b3b8ae9 	.insn	8, 0x7b3b8ae97b35733f
80005a58:	69d2                	.insn	2, 0x69d2
80005a5a:	7b48                	.insn	2, 0x7b48
80005a5c:	84c1                	sra	s1,s1,0x10
80005a5e:	7b4e                	.insn	2, 0x7b4e
80005a60:	26e9                	jal	80005e2a <input_data+0x28a>
80005a62:	7b55                	lui	s6,0xffff5
80005a64:	d215                	beqz	a2,80005988 <verify_data+0x1de8>
80005a66:	7b68                	.insn	2, 0x7b68
80005a68:	7b86eff3          	csrrs	t6,0x7b8,13
80005a6c:	d676                	sw	t4,44(sp)
80005a6e:	7b96                	.insn	2, 0x7b96
80005a70:	8d3a                	mv	s10,a4
80005a72:	678e7bab          	.insn	4, 0x678e7bab
80005a76:	7bac                	.insn	2, 0x7bac
80005a78:	7bc697fb          	.insn	4, 0x7bc697fb
80005a7c:	b108                	.insn	2, 0xb108
80005a7e:	7bd6                	.insn	2, 0x7bd6
80005a80:	7be3d2d7          	.insn	4, 0x7be3d2d7
80005a84:	8a2c                	.insn	2, 0x8a2c
80005a86:	7bf2                	.insn	2, 0x7bf2
80005a88:	80f5                	srl	s1,s1,0x1d
80005a8a:	7c05                	lui	s8,0xfffe1
80005a8c:	da01                	beqz	a2,8000599c <verify_data+0x1dfc>
80005a8e:	7c11                	lui	s8,0xfffe4
80005a90:	67a4                	.insn	2, 0x67a4
80005a92:	7c24                	.insn	2, 0x7c24
80005a94:	7c45df3b          	.insn	4, 0x7c45df3b
80005a98:	8234                	.insn	2, 0x8234
80005a9a:	2dab7c4b          	.insn	4, 0x2dab7c4b
80005a9e:	27d67c6f          	jal	s8,8006d51a <_tbss_end+0x63916>
80005aa2:	7c7d                	lui	s8,0xfffff
80005aa4:	5be8                	lw	a0,116(a5)
80005aa6:	7c80                	.insn	2, 0x7c80
80005aa8:	ee66                	.insn	2, 0xee66
80005aaa:	7c82                	.insn	2, 0x7c82
80005aac:	7c9296e3          	bne	t0,s1,80006a78 <input_data+0xed8>
80005ab0:	7c93425b          	.insn	4, 0x7c93425b
80005ab4:	29ad                	jal	80005f2e <input_data+0x38e>
80005ab6:	91207c9b          	.insn	4, 0x91207c9b
80005aba:	4ee17c9b          	.insn	4, 0x4ee17c9b
80005abe:	7c9d                	lui	s9,0xfffe7
80005ac0:	ae2c                	.insn	2, 0xae2c
80005ac2:	da267cab          	.insn	4, 0xda267cab
80005ac6:	35837cc7          	.insn	4, 0x35837cc7
80005aca:	7cd1                	lui	s9,0xffff4
80005acc:	5531                	li	a0,-20
80005ace:	7cd2                	.insn	2, 0x7cd2
80005ad0:	ed64                	.insn	2, 0xed64
80005ad2:	7cd8                	.insn	2, 0x7cd8
80005ad4:	172d                	add	a4,a4,-21 # ffff7feb <_tbss_end+0x7ffee3e7>
80005ad6:	7cdd                	lui	s9,0xffff7
80005ad8:	8ed0                	.insn	2, 0x8ed0
80005ada:	7cfe                	.insn	2, 0x7cfe
80005adc:	7d199933          	.insn	4, 0x7d199933
80005ae0:	0d94                	add	a3,sp,720
80005ae2:	d9767d33          	.insn	4, 0xd9767d33
80005ae6:	7d5c                	.insn	2, 0x7d5c
80005ae8:	a826                	.insn	2, 0xa826
80005aea:	7d7c                	.insn	2, 0x7d7c
80005aec:	7dc1                	lui	s11,0xffff0
80005aee:	7d81                	lui	s11,0xfffe0
80005af0:	b7c8                	.insn	2, 0xb7c8
80005af2:	7d82                	.insn	2, 0x7d82
80005af4:	2f96                	.insn	2, 0x2f96
80005af6:	7d84                	.insn	2, 0x7d84
80005af8:	3b66                	.insn	2, 0x3b66
80005afa:	7dac                	.insn	2, 0x7dac
80005afc:	97d6                	add	a5,a5,s5
80005afe:	7db5                	lui	s11,0xfffed
80005b00:	7dbce1f7          	.insn	4, 0x7dbce1f7
80005b04:	c751                	beqz	a4,80005b90 <verify_data+0x1ff0>
80005b06:	7dc1                	lui	s11,0xffff0
80005b08:	7558                	.insn	2, 0x7558
80005b0a:	7df8                	.insn	2, 0x7df8
80005b0c:	7e0a0b8f          	.insn	4, 0x7e0a0b8f
80005b10:	7e1723f7          	.insn	4, 0x7e1723f7
80005b14:	287c                	.insn	2, 0x287c
80005b16:	48c77e27          	.insn	4, 0x48c77e27
80005b1a:	7e3c                	.insn	2, 0x7e3c
80005b1c:	3888                	.insn	2, 0x3888
80005b1e:	7e41                	lui	t3,0xffff0
80005b20:	b8ee                	.insn	2, 0xb8ee
80005b22:	7e44                	.insn	2, 0x7e44
80005b24:	69c4                	.insn	2, 0x69c4
80005b26:	7e4a                	.insn	2, 0x7e4a
80005b28:	a6bd                	j	80005e96 <input_data+0x2f6>
80005b2a:	7e4a                	.insn	2, 0x7e4a
80005b2c:	de88                	sw	a0,56(a3)
80005b2e:	282b7e53          	.insn	4, 0x282b7e53
80005b32:	7e7f                	.insn	2, 0x7e7f
80005b34:	2a5f 7e88 3314      	.insn	6, 0x33147e882a5f
80005b3a:	7e90                	.insn	2, 0x7e90
80005b3c:	1b69                	add	s6,s6,-6 # ffff4ffa <_tbss_end+0x7ffeb3f6>
80005b3e:	7ea5                	lui	t4,0xfffe9
80005b40:	8eb9                	xor	a3,a3,a4
80005b42:	a1f87eb7          	lui	t4,0xa1f87
80005b46:	7eb8                	.insn	2, 0x7eb8
80005b48:	8b3e                	mv	s6,a5
80005b4a:	7ec6                	.insn	2, 0x7ec6
80005b4c:	7ec6e397          	auipc	t2,0x7ec6e
80005b50:	e55e                	.insn	2, 0xe55e
80005b52:	50687ed7          	.insn	4, 0x50687ed7
80005b56:	cc317ee3          	bgeu	sp,gp,80005832 <verify_data+0x1c92>
80005b5a:	7eed                	lui	t4,0xffffb
80005b5c:	2954                	.insn	2, 0x2954
80005b5e:	7ef4                	.insn	2, 0x7ef4
80005b60:	7ef912b7          	lui	t0,0x7ef91
80005b64:	a5cd                	j	80006246 <input_data+0x6a6>
80005b66:	7f02                	.insn	2, 0x7f02
80005b68:	1831                	add	a6,a6,-20 # ffff2fec <_tbss_end+0x7ffe93e8>
80005b6a:	7f10                	.insn	2, 0x7f10
80005b6c:	a605                	j	80005e8c <input_data+0x2ec>
80005b6e:	7f10                	.insn	2, 0x7f10
80005b70:	0434                	add	a3,sp,520
80005b72:	7f24                	.insn	2, 0x7f24
80005b74:	c95e                	sw	s7,144(sp)
80005b76:	731f7f4b          	.insn	4, 0x731f7f4b
80005b7a:	7f8d                	lui	t6,0xfffe3
80005b7c:	3385                	jal	800058dc <verify_data+0x1d3c>
80005b7e:	58997f8f          	.insn	4, 0x58997f8f
80005b82:	7f99                	lui	t6,0xfffe6
80005b84:	1715                	add	a4,a4,-27
80005b86:	7fa6                	.insn	2, 0x7fa6
80005b88:	c8f2                	sw	t3,80(sp)
80005b8a:	7fb1                	lui	t6,0xfffec
80005b8c:	8976                	mv	s2,t4
80005b8e:	7fc0                	.insn	2, 0x7fc0
80005b90:	d2d0                	sw	a2,36(a3)
80005b92:	7fc0                	.insn	2, 0x7fc0
80005b94:	7fca5d7f 7fdb3900 	.insn	20, 0x3a2ccef4055424a47fe84e467fdb39007fca5d7f
80005b9c:	7fe84e46  
80005ba4:	 

80005ba0 <input_data>:
80005ba0:	24a4                	.insn	2, 0x24a4
80005ba2:	0554                	add	a3,sp,644
80005ba4:	cef4                	sw	a3,92(a3)
80005ba6:	3a2c                	.insn	2, 0x3a2c
80005ba8:	4a64                	lw	s1,84(a2)
80005baa:	97196adb          	.insn	4, 0x97196adb
80005bae:	2b01                	jal	800060be <input_data+0x51e>
80005bb0:	f4ee                	.insn	2, 0xf4ee
80005bb2:	4861                	li	a6,24
80005bb4:	0039e5ef          	jal	a1,800a43b6 <_tbss_end+0x9a7b2>
80005bb8:	eeec                	.insn	2, 0xeeec
80005bba:	1802                	sll	a6,a6,0x20
80005bbc:	8b3e                	mv	s6,a5
80005bbe:	7ec6                	.insn	2, 0x7ec6
80005bc0:	4a40                	lw	s0,20(a2)
80005bc2:	6010                	.insn	2, 0x6010
80005bc4:	0df8                	add	a4,sp,732
80005bc6:	2ee2                	.insn	2, 0x2ee2
80005bc8:	6b72                	.insn	2, 0x6b72
80005bca:	2cf4                	.insn	2, 0x2cf4
80005bcc:	49635f53          	.insn	4, 0x49635f53
80005bd0:	8979                	and	a0,a0,30
80005bd2:	9b6810f7          	.insn	4, 0x9b6810f7
80005bd6:	0836                	sll	a6,a6,0xd
80005bd8:	79b5933b          	.insn	4, 0x79b5933b
80005bdc:	db86                	sw	ra,244(sp)
80005bde:	ca5913a7          	.insn	4, 0xca5913a7
80005be2:	4ad5                	li	s5,21
80005be4:	28d5                	jal	80005cd8 <input_data+0x138>
80005be6:	1bb9                	add	s7,s7,-18 # cfee <buflen.1+0xcfae>
80005be8:	72c2                	.insn	2, 0x72c2
80005bea:	04bd673b          	.insn	4, 0x04bd673b
80005bee:	9f1011fb          	.insn	4, 0x9f1011fb
80005bf2:	4f9f 88d5 1afe      	.insn	6, 0x1afe88d54f9f
80005bf8:	8b4c                	.insn	2, 0x8b4c
80005bfa:	d92d00d7          	.insn	4, 0xd92d00d7
80005bfe:	4961                	li	s2,24
80005c00:	8a60                	.insn	2, 0x8a60
80005c02:	7761                	lui	a4,0xffff8
80005c04:	d1e1                	beqz	a1,80005bc4 <input_data+0x24>
80005c06:	ee242b8f          	.insn	4, 0xee242b8f
80005c0a:	720e                	.insn	2, 0x720e
80005c0c:	040c                	add	a1,sp,512
80005c0e:	4c04                	lw	s1,24(s0)
80005c10:	6e71                	lui	t3,0x1c
80005c12:	324a                	.insn	2, 0x324a
80005c14:	0655                	add	a2,a2,21 # a0507015 <_tbss_end+0x204fd411>
80005c16:	731d                	lui	t1,0xfffe7
80005c18:	917d                	srl	a0,a0,0x3f
80005c1a:	58f5                	li	a7,-3
80005c1c:	da5f 1d42 de31      	.insn	6, 0xde311d42da5f
80005c22:	7b31                	lui	s6,0xfffec
80005c24:	fa95                	bnez	a3,80005b58 <verify_data+0x1fb8>
80005c26:	018a                	sll	gp,gp,0x2
80005c28:	d8e0                	sw	s0,116(s1)
80005c2a:	12ec0e33          	.insn	4, 0x12ec0e33
80005c2e:	712a                	.insn	2, 0x712a
80005c30:	db66                	sw	s9,180(sp)
80005c32:	0ef1                	add	t4,t4,28 # ffffb01c <_tbss_end+0x7fff1418>
80005c34:	3b49                	jal	800059c6 <verify_data+0x1e26>
80005c36:	601e                	.insn	2, 0x601e
80005c38:	2601eb4f          	.insn	4, 0x2601eb4f
80005c3c:	cb54                	sw	a3,20(a4)
80005c3e:	52c6                	lw	t0,112(sp)
80005c40:	2b51                	jal	800061d4 <input_data+0x634>
80005c42:	369a                	.insn	2, 0x369a
80005c44:	d5c8                	sw	a0,44(a1)
80005c46:	401e                	.insn	2, 0x401e
80005c48:	10f8                	add	a4,sp,108
80005c4a:	2844                	.insn	2, 0x2844
80005c4c:	8c39                	xor	s0,s0,a4
80005c4e:	37e8                	.insn	2, 0x37e8
80005c50:	0c00                	add	s0,sp,528
80005c52:	547c                	lw	a5,108(s0)
80005c54:	0492                	sll	s1,s1,0x4
80005c56:	59ed                	li	s3,-5
80005c58:	632cf297          	auipc	t0,0x632cf
80005c5c:	1e9a                	sll	t4,t4,0x26
80005c5e:	6819                	lui	a6,0x6
80005c60:	b431                	j	8000566c <verify_data+0x1acc>
80005c62:	e1f728ef          	jal	a7,7ff78a80 <buflen.1+0x7ff78a40>
80005c66:	7dbc                	.insn	2, 0x7dbc
80005c68:	3468                	.insn	2, 0x3468
80005c6a:	56fe                	lw	a3,252(sp)
80005c6c:	2441                	jal	80005eec <input_data+0x34c>
80005c6e:	a7de1353          	.insn	4, 0xa7de1353
80005c72:	7021                	c.lui	zero,0xfffe8
80005c74:	62d6                	.insn	2, 0x62d6
80005c76:	86c8592f          	.insn	4, 0x86c8592f
80005c7a:	304d                	jal	8000551c <verify_data+0x197c>
80005c7c:	8551                	sra	a0,a0,0x14
80005c7e:	484c                	lw	a1,20(s0)
80005c80:	8b6a                	mv	s6,s10
80005c82:	3ccc                	.insn	2, 0x3ccc
80005c84:	fb81                	bnez	a5,80005b94 <verify_data+0x1ff4>
80005c86:	22e0                	.insn	2, 0x22e0
80005c88:	783be667          	.insn	4, 0x783be667
80005c8c:	2128e503          	.insn	4, 0x2128e503
80005c90:	bf66                	.insn	2, 0xbf66
80005c92:	4524                	lw	s1,72(a0)
80005c94:	52ea70bb          	.insn	4, 0x52ea70bb
80005c98:	662c                	.insn	2, 0x662c
80005c9a:	48ee                	lw	a7,216(sp)
80005c9c:	6f6a                	.insn	2, 0x6f6a
80005c9e:	4139                	li	sp,14
80005ca0:	af00                	.insn	2, 0xaf00
80005ca2:	1a05                	add	s4,s4,-31 # 11fe1 <buflen.1+0x11fa1>
80005ca4:	0b5676e3          	bgeu	a2,s5,80006550 <input_data+0x9b0>
80005ca8:	7ca6                	.insn	2, 0x7ca6
80005caa:	727123f3          	csrrs	t2,mhpmevent7h,sp
80005cae:	5a32                	lw	s4,44(sp)
80005cb0:	5b08                	lw	a0,48(a4)
80005cb2:	6145                	add	sp,sp,48
80005cb4:	e12a                	.insn	2, 0xe12a
80005cb6:	55d6                	lw	a1,116(sp)
80005cb8:	6f29                	lui	t5,0xa
80005cba:	4db5                	li	s11,13
80005cbc:	301453e7          	.insn	4, 0x301453e7
80005cc0:	4ba0                	lw	s0,80(a5)
80005cc2:	4191                	li	gp,4
80005cc4:	42ff 46ae 148d 544a 	.insn	18, 0x058c1900b280780c96b1544a148d46ae42ff
80005ccc:	96b1 780c b280 1900 
80005cd4:	058c 
80005cd6:	c97f4bef          	jal	s7,7fffa96c <buflen.1+0x7fffa92c>
80005cda:	0a79                	add	s4,s4,30
80005cdc:	c11e                	sw	t2,128(sp)
80005cde:	48ec                	lw	a1,84(s1)
80005ce0:	27e4                	.insn	2, 0x27e4
80005ce2:	223a                	.insn	2, 0x223a
80005ce4:	135a                	sll	t1,t1,0x36
80005ce6:	79ff                	.insn	2, 0x79ff
80005ce8:	1082                	sll	ra,ra,0x20
80005cea:	16571d5b          	.insn	4, 0x16571d5b
80005cee:	66a0                	.insn	2, 0x66a0
80005cf0:	0c12                	sll	s8,s8,0x4
80005cf2:	2b48                	.insn	2, 0x2b48
80005cf4:	5c10                	lw	a2,56(s0)
80005cf6:	4adf f786 78fd      	.insn	6, 0x78fdf7864adf
80005cfc:	34f5                	jal	800057e8 <verify_data+0x1c48>
80005cfe:	5266                	lw	tp,120(sp)
80005d00:	739d378b          	.insn	4, 0x739d378b
80005d04:	9259                	srl	a2,a2,0x36
80005d06:	2f28                	.insn	2, 0x2f28
80005d08:	1ef9fd23          	.insn	4, 0x1ef9fd23
80005d0c:	ccad                	beqz	s1,80005d86 <input_data+0x1e6>
80005d0e:	43cd3ea7          	.insn	4, 0x43cd3ea7
80005d12:	74fc                	.insn	2, 0x74fc
80005d14:	2a22a5e3          	.insn	4, 0x2a22a5e3
80005d18:	cf72                	sw	t3,156(sp)
80005d1a:	69e2                	.insn	2, 0x69e2
80005d1c:	281bbd27          	.insn	4, 0x281bbd27
80005d20:	778e56c3          	.insn	4, 0x778e56c3
80005d24:	4bf29b83          	lh	s7,1215(t0) # e32d5117 <_tbss_end+0x632cb513>
80005d28:	de88                	sw	a0,56(a3)
80005d2a:	0fec7e53          	.insn	4, 0x0fec7e53
80005d2e:	31c6                	.insn	2, 0x31c6
80005d30:	191afacb          	.insn	4, 0x191afacb
80005d34:	8575                	sra	a0,a0,0x1d
80005d36:	45b2                	lw	a1,12(sp)
80005d38:	5c90                	lw	a2,56(s1)
80005d3a:	7b08                	.insn	2, 0x7b08
80005d3c:	5f7c                	lw	a5,124(a4)
80005d3e:	2d61533f 7dc148a1 	.insn	8, 0x7dc148a12d61533f
80005d46:	7d81                	lui	s11,0xfffe0
80005d48:	e584                	.insn	2, 0xe584
80005d4a:	2cf4                	.insn	2, 0x2cf4
80005d4c:	7fca5d7f 532a6e6c 	.insn	20, 0x0a264a155431a8886855a4ba532a6e6c7fca5d7f
80005d54:	6855a4ba 5431a888 
80005d5c:	0a264a15 
80005d60:	3a26                	.insn	2, 0x3a26
80005d62:	45a11733          	.insn	4, 0x45a11733
80005d66:	1ab8                	add	a4,sp,376
80005d68:	0e578ce3          	beq	a5,t0,80006660 <input_data+0xac0>
80005d6c:	4e46                	lw	t3,80(sp)
80005d6e:	7fe8                	.insn	2, 0x7fe8
80005d70:	f7a0                	.insn	2, 0xf7a0
80005d72:	6e10                	.insn	2, 0x6e10
80005d74:	6366                	.insn	2, 0x6366
80005d76:	50b4                	lw	a3,96(s1)
80005d78:	08606c9b          	.insn	4, 0x08606c9b
80005d7c:	cb9d                	beqz	a5,80005db2 <input_data+0x212>
80005d7e:	6c92                	.insn	2, 0x6c92
80005d80:	05f9                	add	a1,a1,30 # fffe101e <_tbss_end+0x7ffd741a>
80005d82:	24f4                	.insn	2, 0x24f4
80005d84:	0f8e                	sll	t6,t6,0x3
80005d86:	5a42                	lw	s4,48(sp)
80005d88:	2cc21eab          	.insn	4, 0x2cc21eab
80005d8c:	d2d0                	sw	a2,36(a3)
80005d8e:	7fc0                	.insn	2, 0x7fc0
80005d90:	321c                	.insn	2, 0x321c
80005d92:	1225                	add	tp,tp,-23 # fffeefe9 <_tbss_end+0x7ffe53e5>
80005d94:	0d30                	add	a2,sp,664
80005d96:	207d                	jal	80005e44 <input_data+0x2a4>
80005d98:	aae2                	.insn	2, 0xaae2
80005d9a:	73fd                	lui	t2,0xfffff
80005d9c:	1398                	add	a4,sp,480
80005d9e:	5bad                	li	s7,-21
80005da0:	7f30                	.insn	2, 0x7f30
80005da2:	7188                	.insn	2, 0x7188
80005da4:	6219                	lui	tp,0x6
80005da6:	a15d371b          	.insn	4, 0xa15d371b
80005daa:	b79f21d7          	.insn	4, 0xb79f21d7
80005dae:	353e                	.insn	2, 0x353e
80005db0:	cba1                	beqz	a5,80005e00 <input_data+0x260>
80005db2:	980f49e3          	bltz	t5,80005744 <verify_data+0x1ba4>
80005db6:	4500                	lw	s0,8(a0)
80005db8:	2f96                	.insn	2, 0x2f96
80005dba:	7d84                	.insn	2, 0x7d84
80005dbc:	59bbba97          	auipc	s5,0x59bbb
80005dc0:	7cc8                	.insn	2, 0x7cc8
80005dc2:	6186                	.insn	2, 0x6186
80005dc4:	00949033          	sll	zero,s1,s1
80005dc8:	2d32                	.insn	2, 0x2d32
80005dca:	1ee1                	add	t4,t4,-8
80005dcc:	7168                	.insn	2, 0x7168
80005dce:	fb3a3f67          	.insn	4, 0xfb3a3f67
80005dd2:	ea803d57          	.insn	4, 0xea803d57
80005dd6:	0cd0                	add	a2,sp,596
80005dd8:	fa46                	.insn	2, 0xfa46
80005dda:	4001                	c.li	zero,0
80005ddc:	1281                	add	t0,t0,-32
80005dde:	6ecd                	lui	t4,0x13
80005de0:	69aa                	.insn	2, 0x69aa
80005de2:	33a5                	jal	80005b4a <verify_data+0x1faa>
80005de4:	58e6236f          	jal	t1,80068372 <_tbss_end+0x5e76e>
80005de8:	a960                	.insn	2, 0xa960
80005dea:	1c74                	add	a3,sp,572
80005dec:	3150                	.insn	2, 0x3150
80005dee:	3561                	jal	80005c76 <input_data+0xd6>
80005df0:	a07c                	.insn	2, 0xa07c
80005df2:	a9bd38e3          	.insn	4, 0xa9bd38e3
80005df6:	2609                	jal	800060f8 <input_data+0x558>
80005df8:	8f18                	.insn	2, 0x8f18
80005dfa:	5c65                	li	s8,-7
80005dfc:	3ecd                	jal	800059ee <verify_data+0x1e4e>
80005dfe:	24a2                	.insn	2, 0x24a2
80005e00:	17e6                	sll	a5,a5,0x39
80005e02:	56a1                	li	a3,-24
80005e04:	4e44                	lw	s1,28(a2)
80005e06:	4f90                	lw	a2,24(a5)
80005e08:	28bdf153          	.insn	4, 0x28bdf153
80005e0c:	4130                	lw	a2,64(a0)
80005e0e:	0ac50a0f          	.insn	4, 0x0ac50a0f
80005e12:	1cb4                	add	a3,sp,632
80005e14:	9006                	c.add	zero,ra
80005e16:	2d0c                	.insn	2, 0x2d0c
80005e18:	3012                	.insn	2, 0x3012
80005e1a:	782c                	.insn	2, 0x782c
80005e1c:	14c2                	sll	s1,s1,0x30
80005e1e:	454d                	li	a0,19
80005e20:	bbfa                	.insn	2, 0xbbfa
80005e22:	664924eb          	.insn	4, 0x664924eb
80005e26:	52de                	lw	t0,244(sp)
80005e28:	61f6                	.insn	2, 0x61f6
80005e2a:	a7d10f4f          	.insn	4, 0xa7d10f4f
80005e2e:	15c5                	add	a1,a1,-15
80005e30:	687e                	.insn	2, 0x687e
80005e32:	4ed0                	lw	a2,28(a3)
80005e34:	4adc                	lw	a5,20(a3)
80005e36:	439a                	lw	t2,132(sp)
80005e38:	fe51                	bnez	a2,80005dd4 <input_data+0x234>
80005e3a:	4da5                	li	s11,9
80005e3c:	c3bd                	beqz	a5,80005ea2 <input_data+0x302>
80005e3e:	2511                	jal	80006442 <input_data+0x8a2>
80005e40:	100a                	c.slli	zero,0x22
80005e42:	31ec                	.insn	2, 0x31ec
80005e44:	66076677          	.insn	4, 0x66076677
80005e48:	ceea                	sw	s10,92(sp)
80005e4a:	2cfe                	.insn	2, 0x2cfe
80005e4c:	152e                	sll	a0,a0,0x2b
80005e4e:	66b5                	lui	a3,0xd
80005e50:	de5c                	sw	a5,60(a2)
80005e52:	3a4e                	.insn	2, 0x3a4e
80005e54:	e140                	.insn	2, 0xe140
80005e56:	5c50                	lw	a2,60(s0)
80005e58:	034d                	add	t1,t1,19 # fffe7013 <_tbss_end+0x7ffdd40f>
80005e5a:	23a5                	jal	800063c2 <input_data+0x822>
80005e5c:	4569                	li	a0,26
80005e5e:	613d                	add	sp,sp,480
80005e60:	9f26                	add	t5,t5,s1
80005e62:	2f24                	.insn	2, 0x2f24
80005e64:	796a                	.insn	2, 0x796a
80005e66:	5f84                	lw	s1,56(a5)
80005e68:	2df3dfcb          	.insn	4, 0x2df3dfcb
80005e6c:	16b9                	add	a3,a3,-18 # cfee <buflen.1+0xcfae>
80005e6e:	0bd0                	add	a2,sp,468
80005e70:	4699                	li	a3,6
80005e72:	4add                	li	s5,23
80005e74:	a1f8                	.insn	2, 0xa1f8
80005e76:	7eb8                	.insn	2, 0x7eb8
80005e78:	2215                	jal	80005f9c <input_data+0x3fc>
80005e7a:	080c                	add	a1,sp,16
80005e7c:	9608                	.insn	2, 0x9608
80005e7e:	22c1                	jal	8000603e <input_data+0x49e>
80005e80:	3888                	.insn	2, 0x3888
80005e82:	7e41                	lui	t3,0xffff0
80005e84:	8b9f 6d56 d570      	.insn	6, 0xd5706d568b9f
80005e8a:	33ac                	.insn	2, 0x33ac
80005e8c:	938e                	add	t2,t2,gp
80005e8e:	650a                	.insn	2, 0x650a
80005e90:	983d                	and	s0,s0,-17
80005e92:	2c6a                	.insn	2, 0x2c6a
80005e94:	99ca                	add	s3,s3,s2
80005e96:	4428                	lw	a0,72(s0)
80005e98:	f095                	bnez	s1,80005dbc <input_data+0x21c>
80005e9a:	4252                	lw	tp,20(sp)
80005e9c:	b4a9                	j	800058e6 <verify_data+0x1d46>
80005e9e:	1c88                	add	a0,sp,624
80005ea0:	8ad5                	and	a3,a3,21
80005ea2:	e5b747a7          	.insn	4, 0xe5b747a7
80005ea6:	b7293b13          	sltiu	s6,s2,-1166
80005eaa:	745e                	.insn	2, 0x745e
80005eac:	1ef490c3          	.insn	4, 0x1ef490c3
80005eb0:	f658                	.insn	2, 0xf658
80005eb2:	635d                	lui	t1,0x17
80005eb4:	2deb91bf 20b378d4 	.insn	8, 0x20b378d42deb91bf
80005ebc:	2a8f6b6f          	jal	s6,800fc164 <_tbss_end+0xf2560>
80005ec0:	e759                	bnez	a4,80005f4e <input_data+0x3ae>
80005ec2:	ceb263c7          	.insn	4, 0xceb263c7
80005ec6:	57b6                	lw	a5,108(sp)
80005ec8:	e800                	.insn	2, 0xe800
80005eca:	4cb5                	li	s9,13
80005ecc:	3d98                	.insn	2, 0x3d98
80005ece:	5ed1                	li	t4,-12
80005ed0:	6746                	.insn	2, 0x6746
80005ed2:	1268                	add	a0,sp,300
80005ed4:	9561                	sra	a0,a0,0x38
80005ed6:	392e                	.insn	2, 0x392e
80005ed8:	e231                	bnez	a2,80005f1c <input_data+0x37c>
80005eda:	0456                	sll	s0,s0,0x15
80005edc:	dfd0                	sw	a2,60(a5)
80005ede:	27f8                	.insn	2, 0x27f8
80005ee0:	2d4e                	.insn	2, 0x2d4e
80005ee2:	3635100b          	.insn	4, 0x3635100b
80005ee6:	5f46                	lw	t5,112(sp)
80005ee8:	23fa                	.insn	2, 0x23fa
80005eea:	789c                	.insn	2, 0x789c
80005eec:	47c5                	li	a5,17
80005eee:	33eb476b          	.insn	4, 0x33eb476b
80005ef2:	779e                	.insn	2, 0x779e
80005ef4:	00fc                	add	a5,sp,76
80005ef6:	3d62                	.insn	2, 0x3d62
80005ef8:	02a2                	sll	t0,t0,0x8
80005efa:	6676                	.insn	2, 0x6676
80005efc:	476bead3          	.insn	4, 0x476bead3
80005f00:	46dadd13          	.insn	4, 0x46dadd13
80005f04:	66c4                	.insn	2, 0x66c4
80005f06:	7691                	lui	a3,0xfffe4
80005f08:	e555                	bnez	a0,80005fb4 <input_data+0x414>
80005f0a:	3748                	.insn	2, 0x3748
80005f0c:	77b2                	.insn	2, 0x77b2
80005f0e:	eef76607          	.insn	4, 0xeef76607
80005f12:	5324                	lw	s1,96(a4)
80005f14:	17e0                	add	s0,sp,1004
80005f16:	2dd6                	.insn	2, 0x2dd6
80005f18:	7a02d7ff 722b3950 	.insn	20, 0x028131ca5557c00724e05376722b39507a02d7ff
80005f20:	24e05376 5557c007 
80005f28:	028131ca 
80005f2c:	94ba                	add	s1,s1,a4
80005f2e:	41f6                	lw	gp,92(sp)
80005f30:	2422                	.insn	2, 0x2422
80005f32:	229c0663          	beq	s8,s1,8000615e <input_data+0x5be>
80005f36:	477c                	lw	a5,76(a4)
80005f38:	0b0fe933          	max	s2,t6,a6
80005f3c:	6f793433          	.insn	4, 0x6f793433
80005f40:	2cec                	.insn	2, 0x2cec
80005f42:	0c38                	add	a4,sp,536
80005f44:	7909                	lui	s2,0xfffe2
80005f46:	6d55                	lui	s10,0x15
80005f48:	cfc9                	beqz	a5,80005fe2 <input_data+0x442>
80005f4a:	9167388b          	.insn	4, 0x9167388b
80005f4e:	af6d3867          	.insn	4, 0xaf6d3867
80005f52:	4b3e                	lw	s6,204(sp)
80005f54:	1545                	add	a0,a0,-15 # fffdfff1 <_tbss_end+0x7ffd63ed>
80005f56:	07d5                	add	a5,a5,21 # 7015 <buflen.1+0x6fd5>
80005f58:	8f85                	sub	a5,a5,s1
80005f5a:	4eca                	lw	t4,144(sp)
80005f5c:	b0b9                	j	800057aa <verify_data+0x1c0a>
80005f5e:	56f8                	lw	a4,108(a3)
80005f60:	d0d4                	sw	a3,36(s1)
80005f62:	30f6                	.insn	2, 0x30f6
80005f64:	6a74                	.insn	2, 0x6a74
80005f66:	32ce                	.insn	2, 0x32ce
80005f68:	e3c1                	bnez	a5,80005fe8 <input_data+0x448>
80005f6a:	23fe                	.insn	2, 0x23fe
80005f6c:	ffb9                	bnez	a5,80005eca <input_data+0x32a>
80005f6e:	013a                	sll	sp,sp,0xe
80005f70:	6796bc67          	.insn	4, 0x6796bc67
80005f74:	bdad                	j	80005dee <input_data+0x24e>
80005f76:	0236                	sll	tp,tp,0xd
80005f78:	27d6                	.insn	2, 0x27d6
80005f7a:	7c7d                	lui	s8,0xfffff
80005f7c:	68b2                	.insn	2, 0x68b2
80005f7e:	24b915db          	.insn	4, 0x24b915db
80005f82:	e0d668fb          	.insn	4, 0xe0d668fb
80005f86:	f557254f          	.insn	4, 0xf557254f
80005f8a:	cd5f2c2b          	.insn	4, 0xcd5f2c2b
80005f8e:	30b8                	.insn	2, 0x30b8
80005f90:	6d68                	.insn	2, 0x6d68
80005f92:	39c6                	.insn	2, 0x39c6
80005f94:	44b079ab          	.insn	4, 0x44b079ab
80005f98:	2be4                	.insn	2, 0x2be4
80005f9a:	41ae                	lw	gp,200(sp)
80005f9c:	3abd                	jal	8000591a <verify_data+0x1d7a>
80005f9e:	678e17cf          	.insn	4, 0x678e17cf
80005fa2:	7bac                	.insn	2, 0x7bac
80005fa4:	76de                	.insn	2, 0x76de
80005fa6:	7582                	.insn	2, 0x7582
80005fa8:	2c8f5cab          	.insn	4, 0x2c8f5cab
80005fac:	452947fb          	.insn	4, 0x452947fb
80005fb0:	2ace                	.insn	2, 0x2ace
80005fb2:	679d                	lui	a5,0x7
80005fb4:	7558                	.insn	2, 0x7558
80005fb6:	7df8                	.insn	2, 0x7df8
80005fb8:	3381                	jal	80005cf8 <input_data+0x158>
80005fba:	7111                	add	sp,sp,-256
80005fbc:	328d                	jal	8000591e <verify_data+0x1d7e>
80005fbe:	34f371bb          	.insn	4, 0x34f371bb
80005fc2:	44e0                	lw	s0,76(s1)
80005fc4:	f79f 0704 1798      	.insn	6, 0x17980704f79f
80005fca:	7948                	.insn	2, 0x7948
80005fcc:	6961                	lui	s2,0x18
80005fce:	4e72                	lw	t3,28(sp)
80005fd0:	9a45                	and	a2,a2,-15
80005fd2:	59d9                	li	s3,-10
80005fd4:	79ea714f          	.insn	4, 0x79ea714f
80005fd8:	ddde                	sw	s7,248(sp)
80005fda:	2d9e                	.insn	2, 0x2d9e
80005fdc:	592a                	lw	s2,168(sp)
80005fde:	3d7d                	jal	80005e9c <input_data+0x2fc>
80005fe0:	b06d                	j	8000588a <verify_data+0x1cea>
80005fe2:	48c5                	li	a7,17
80005fe4:	136948cb          	.insn	4, 0x136948cb
80005fe8:	06f2                	sll	a3,a3,0x1c
80005fea:	723d                	lui	tp,0xfffef
80005fec:	6bd8                	.insn	2, 0x6bd8
80005fee:	00fa                	sll	ra,ra,0x1e
80005ff0:	3e02                	.insn	2, 0x3e02
80005ff2:	02d4                	add	a3,sp,324
80005ff4:	10ed                	add	ra,ra,-5 # fffecffb <_tbss_end+0x7ffe33f7>
80005ff6:	5241                	li	tp,-16
80005ff8:	a2c4                	.insn	2, 0xa2c4
80005ffa:	48c8                	lw	a0,20(s1)
80005ffc:	4d28                	lw	a0,88(a0)
80005ffe:	2afa                	.insn	2, 0x2afa
80006000:	5552d8af          	.insn	4, 0x5552d8af
80006004:	5cf8                	lw	a4,124(s1)
80006006:	5d8c                	lw	a1,56(a1)
80006008:	93c9                	srl	a5,a5,0x32
8000600a:	3634                	.insn	2, 0x3634
8000600c:	0c30a657          	.insn	4, 0x0c30a657
80006010:	37a6bc03          	.insn	4, 0x37a6bc03
80006014:	5d52b08f          	.insn	4, 0x5d52b08f
80006018:	145d8bd7          	.insn	4, 0x145d8bd7
8000601c:	a2f2                	.insn	2, 0xa2f2
8000601e:	02d623ef          	jal	t2,8006884a <_tbss_end+0x5ec46>
80006022:	0051                	c.nop	20
80006024:	2dde                	.insn	2, 0x2dde
80006026:	32a2                	.insn	2, 0x32a2
80006028:	0ac3bca3          	.insn	4, 0x0ac3bca3
8000602c:	b0c8                	.insn	2, 0xb0c8
8000602e:	583d                	li	a6,-17
80006030:	1fbccd53          	.insn	4, 0x1fbccd53
80006034:	74bac3d7          	.insn	4, 0x74bac3d7
80006038:	d5d4                	sw	a3,44(a1)
8000603a:	0654                	add	a3,sp,772
8000603c:	0d01                	add	s10,s10,0 # 15000 <buflen.1+0x14fc0>
8000603e:	3d1a                	.insn	2, 0x3d1a
80006040:	7da5                	lui	s11,0xfffe9
80006042:	37c5                	jal	80006022 <input_data+0x482>
80006044:	686ebe97          	auipc	t4,0x686eb
80006048:	8ac2                	mv	s5,a6
8000604a:	6599                	lui	a1,0x6
8000604c:	d049                	beqz	s0,80005fce <input_data+0x42e>
8000604e:	d5415d7b          	.insn	4, 0xd5415d7b
80006052:	bbe76f5b          	.insn	4, 0xbbe76f5b
80006056:	21f8                	.insn	2, 0x21f8
80006058:	79d1                	lui	s3,0xffff4
8000605a:	4c253e53          	.insn	4, 0x4c253e53
8000605e:	1060                	add	s0,sp,44
80006060:	5cce                	lw	s9,240(sp)
80006062:	25de3513          	sltiu	a0,t3,605
80006066:	1e45                	add	t3,t3,-15 # fffefff1 <_tbss_end+0x7ffe63ed>
80006068:	ef64                	.insn	2, 0xef64
8000606a:	ab662f4b          	.insn	4, 0xab662f4b
8000606e:	1b78                	add	a4,sp,444
80006070:	20ae                	.insn	2, 0x20ae
80006072:	464e                	lw	a2,208(sp)
80006074:	172d75a3          	.insn	4, 0x172d75a3
80006078:	9e80                	.insn	2, 0x9e80
8000607a:	4261                	li	tp,24
8000607c:	00d3e7bb          	.insn	4, 0x00d3e7bb
80006080:	6c2a                	.insn	2, 0x6c2a
80006082:	a05071d3          	.insn	4, 0xa05071d3
80006086:	4085                	li	ra,1
80006088:	08ff 576b 465f 4c61 	.insn	10, 0xcd3e4c61465f576b08ff
80006090:	cd3e 
80006092:	247e                	.insn	2, 0x247e
80006094:	2ff2                	.insn	2, 0x2ff2
80006096:	1640                	add	s0,sp,804
80006098:	f16e                	.insn	2, 0xf16e
8000609a:	21e4                	.insn	2, 0x21e4
8000609c:	5278adf3          	csrrs	s11,0x527,a7
800060a0:	4afd                	li	s5,31
800060a2:	aaad3fff d0832c73 	.insn	16, 0x58a24cd94768253fd0832c73aaad3fff
800060aa:	4768253f 58a24cd9 
800060b2:	09fd72f3          	csrrc	t0,0x9f,26
800060b6:	08d4                	add	a3,sp,84
800060b8:	e83e                	.insn	2, 0xe83e
800060ba:	1b94                	add	a3,sp,496
800060bc:	6ce3fc13          	and	s8,t2,1742
800060c0:	af35                	j	800067fc <input_data+0xc5c>
800060c2:	5dac                	lw	a1,120(a1)
800060c4:	2416                	.insn	2, 0x2416
800060c6:	545d                	li	s0,-9
800060c8:	2e9a                	.insn	2, 0x2e9a
800060ca:	82e3583b          	.insn	4, 0x82e3583b
800060ce:	4f5e                	lw	t5,212(sp)
800060d0:	202fd7d7          	.insn	4, 0x202fd7d7
800060d4:	096e                	sll	s2,s2,0x1b
800060d6:	e9f00f97          	auipc	t6,0xe9f00
800060da:	64bd                	lui	s1,0xf
800060dc:	10e4ceaf          	.insn	4, 0x10e4ceaf
800060e0:	d0aa                	sw	a0,96(sp)
800060e2:	4735                	li	a4,13
800060e4:	7850                	.insn	2, 0x7850
800060e6:	78e96a2b          	.insn	4, 0x78e96a2b
800060ea:	26ba                	.insn	2, 0x26ba
800060ec:	5579cfa7          	.insn	4, 0x5579cfa7
800060f0:	d65f 43b2 a8b1      	.insn	6, 0xa8b143b2d65f
800060f6:	601e3793          	sltiu	a5,t3,1537
800060fa:	45c8                	lw	a0,12(a1)
800060fc:	99ec                	.insn	2, 0x99ec
800060fe:	3e85                	jal	80005c6e <input_data+0xce>
80006100:	fc5d                	bnez	s0,800060be <input_data+0x51e>
80006102:	d200294b          	.insn	4, 0xd200294b
80006106:	574d6097          	auipc	ra,0x574d6
8000610a:	7966                	.insn	2, 0x7966
8000610c:	233d                	jal	8000663a <input_data+0xa9a>
8000610e:	101e                	c.slli	zero,0x27
80006110:	24d5dd8b          	.insn	4, 0x24d5dd8b
80006114:	ed35                	bnez	a0,80006190 <input_data+0x5f0>
80006116:	504d                	c.li	zero,-13
80006118:	b03a                	.insn	2, 0xb03a
8000611a:	6998                	.insn	2, 0x6998
8000611c:	01d8e9c7          	.insn	4, 0x01d8e9c7
80006120:	4fba                	lw	t6,140(sp)
80006122:	2711                	jal	80006826 <input_data+0xc86>
80006124:	54ee                	lw	s1,248(sp)
80006126:	1121015b          	.insn	4, 0x1121015b
8000612a:	6511                	lui	a0,0x4
8000612c:	f61d                	bnez	a2,8000605a <input_data+0x4ba>
8000612e:	33b6                	.insn	2, 0x33b6
80006130:	a3b2                	.insn	2, 0xa3b2
80006132:	05ac5dff 1cd30d95 	.insn	20, 0x60412ef69bd85a21ca467afd1cd30d9505ac5dff
8000613a:	ca467afd 9bd85a21 
80006142:	60412ef6 
80006146:	68d4                	.insn	2, 0x68d4
80006148:	4274                	lw	a3,68(a2)
8000614a:	5c99                	li	s9,-26
8000614c:	7b86eff3          	csrrs	t6,0x7b8,13
80006150:	e378                	.insn	2, 0xe378
80006152:	25b4                	.insn	2, 0x25b4
80006154:	34127047          	.insn	4, 0x34127047
80006158:	8ed0                	.insn	2, 0x8ed0
8000615a:	7cfe                	.insn	2, 0x7cfe
8000615c:	7008f7cb          	.insn	4, 0x7008f7cb
80006160:	70b5                	lui	ra,0xfffed
80006162:	53ba                	lw	t2,172(sp)
80006164:	6db9d8c7          	.insn	4, 0x6db9d8c7
80006168:	f955                	bnez	a0,8000611c <input_data+0x57c>
8000616a:	5ff5                	li	t6,-3
8000616c:	dbe0                	sw	s0,116(a5)
8000616e:	db0a0b17          	auipc	s6,0xdb0a0
80006172:	0bb4                	add	a3,sp,472
80006174:	a8fc                	.insn	2, 0xa8fc
80006176:	46b207bf d7423089 	.insn	8, 0xd742308946b207bf
8000617e:	507c54af          	.insn	4, 0x507c54af
80006182:	0d86                	sll	s11,s11,0x1
80006184:	7b2e                	.insn	2, 0x7b2e
80006186:	5595                	li	a1,-27
80006188:	3b0a                	.insn	2, 0x3b0a
8000618a:	0d31                	add	s10,s10,12
8000618c:	e4b2                	.insn	2, 0xe4b2
8000618e:	139c                	add	a5,sp,480
80006190:	735e                	.insn	2, 0x735e
80006192:	30ee                	.insn	2, 0x30ee
80006194:	0f8b5fbf 538275d3 	.insn	8, 0x538275d30f8b5fbf
8000619c:	366e                	.insn	2, 0x366e
8000619e:	0c92                	sll	s9,s9,0x4
800061a0:	0ac0                	add	s0,sp,340
800061a2:	364469c7          	.insn	4, 0x364469c7
800061a6:	34de                	.insn	2, 0x34de
800061a8:	f150                	.insn	2, 0xf150
800061aa:	6bb5                	lui	s7,0xd
800061ac:	1e48192b          	.insn	4, 0x1e48192b
800061b0:	0f76                	sll	t5,t5,0x1d
800061b2:	36cb2dbb          	.insn	4, 0x36cb2dbb
800061b6:	bfaa0197          	auipc	gp,0xbfaa0
800061ba:	d42012ff 3fc03647 	.insn	12, 0x8d3a06fd3fc03647d42012ff
800061c2:	8d3a06fd 
800061c6:	3fa67bab          	.insn	4, 0x3fa67bab
800061ca:	11f6                	sll	gp,gp,0x3d
800061cc:	1bb4383f 7a6c039a 	.insn	8, 0x7a6c039a1bb4383f
800061d4:	08d9                	add	a7,a7,22 # fffff016 <_tbss_end+0x7fff5412>
800061d6:	a3054f97          	auipc	t6,0xa3054
800061da:	2bf5                	jal	800067d6 <input_data+0xc36>
800061dc:	2e56b07f 44630ba3 	.insn	16, 0x610f407d761b01e644630ba32e56b07f
800061e4:	761b01e6 610f407d 
800061ec:	c554                	sw	a3,12(a0)
800061ee:	b4a35ba3          	.insn	4, 0xb4a35ba3
800061f2:	b76642d7          	.insn	4, 0xb76642d7
800061f6:	52fa                	lw	t0,188(sp)
800061f8:	6b51cb4f          	.insn	4, 0x6b51cb4f
800061fc:	2540                	.insn	2, 0x2540
800061fe:	d9bb2667          	.insn	4, 0xd9bb2667
80006202:	86fc4be3          	blt	s8,a5,80005a78 <verify_data+0x1ed8>
80006206:	71a0                	.insn	2, 0x71a0
80006208:	2a85                	jal	80006378 <input_data+0x7d8>
8000620a:	648301af          	.insn	4, 0x648301af
8000620e:	5776                	lw	a4,124(sp)
80006210:	5f2d                	li	t5,-21
80006212:	80f21633          	.insn	4, 0x80f21633
80006216:	49ca04ab          	.insn	4, 0x49ca04ab
8000621a:	0816                	sll	a6,a6,0x5
8000621c:	c5ee                	sw	s11,200(sp)
8000621e:	3f4a                	.insn	2, 0x3f4a
80006220:	5fc4                	lw	s1,60(a5)
80006222:	fa540f83          	lb	t6,-91(s0) # ffff8fa5 <_tbss_end+0x7ffef3a1>
80006226:	469a                	lw	a3,132(sp)
80006228:	dde6                	sw	s9,248(sp)
8000622a:	1122                	sll	sp,sp,0x28
8000622c:	7ed5                	lui	t4,0xffff5
8000622e:	44d5                	li	s1,21
80006230:	86e0                	.insn	2, 0x86e0
80006232:	6126                	.insn	2, 0x6126
80006234:	7c45df3b          	.insn	4, 0x7c45df3b
80006238:	b6d4                	.insn	2, 0xb6d4
8000623a:	2faa                	.insn	2, 0x2faa
8000623c:	52670823          	sb	t1,1328(a4) # ffff8530 <_tbss_end+0x7ffee92c>
80006240:	c122                	sw	s0,128(sp)
80006242:	79f0                	.insn	2, 0x79f0
80006244:	37a5a727          	.insn	4, 0x37a5a727
80006248:	d981                	beqz	a1,80006158 <input_data+0x5b8>
8000624a:	2e88050f          	.insn	4, 0x2e88050f
8000624e:	3539                	jal	8000605c <input_data+0x4bc>
80006250:	0db2                	sll	s11,s11,0xc
80006252:	10a5                	add	ra,ra,-23 # fffecfe9 <_tbss_end+0x7ffe33e5>
80006254:	ed86                	.insn	2, 0xed86
80006256:	26d8                	.insn	2, 0x26d8
80006258:	3b24                	.insn	2, 0x3b24
8000625a:	0e38                	add	a4,sp,792
8000625c:	b3cd                	j	8000603e <input_data+0x49e>
8000625e:	3834                	.insn	2, 0x3834
80006260:	da28                	sw	a0,112(a2)
80006262:	6ca2                	.insn	2, 0x6ca2
80006264:	d051                	beqz	s0,800061e8 <input_data+0x648>
80006266:	98346e3f 734737ff 	.insn	8, 0x734737ff98346e3f
8000626e:	1a06                	sll	s4,s4,0x21
80006270:	f31d                	bnez	a4,80006196 <input_data+0x5f6>
80006272:	20bc                	.insn	2, 0x20bc
80006274:	56d6                	lw	a3,116(sp)
80006276:	3d54                	.insn	2, 0x3d54
80006278:	810a                	mv	sp,sp
8000627a:	2285                	jal	800063da <input_data+0x83a>
8000627c:	1b69                	add	s6,s6,-6 # 5b0a6168 <buflen.1+0x5b0a6128>
8000627e:	7ea5                	lui	t4,0xfffe9
80006280:	b34e                	.insn	2, 0xb34e
80006282:	347a                	.insn	2, 0x347a
80006284:	4290                	lw	a2,0(a3)
80006286:	56155683          	lhu	a3,1377(a0) # 4561 <buflen.1+0x4521>
8000628a:	5081                	li	ra,-32
8000628c:	ae74                	.insn	2, 0xae74
8000628e:	bb695c27          	.insn	4, 0xbb695c27
80006292:	3324                	.insn	2, 0x3324
80006294:	cc31                	beqz	s0,800062f0 <input_data+0x750>
80006296:	7eed                	lui	t4,0xffffb
80006298:	8db4                	.insn	2, 0x8db4
8000629a:	1c4b4667          	.insn	4, 0x1c4b4667
8000629e:	2b5e                	.insn	2, 0x2b5e
800062a0:	1c78                	add	a4,sp,572
800062a2:	6089                	lui	ra,0x2
800062a4:	39c2eec3          	.insn	4, 0x39c2eec3
800062a8:	48473db3          	.insn	4, 0x48473db3
800062ac:	6762                	.insn	2, 0x6762
800062ae:	5120                	lw	s0,96(a0)
800062b0:	15f77ee7          	.insn	4, 0x15f77ee7
800062b4:	13e702e3          	beq	a4,t5,80006bd8 <input_data+0x1038>
800062b8:	8266                	mv	tp,s9
800062ba:	027c                	add	a5,sp,268
800062bc:	e6d4                	.insn	2, 0xe6d4
800062be:	52dd                	li	t0,-9
800062c0:	5d347033          	.insn	4, 0x5d347033
800062c4:	3a0a8c2b          	.insn	4, 0x3a0a8c2b
800062c8:	4043fd5b          	.insn	4, 0x4043fd5b
800062cc:	36bd5793          	.insn	4, 0x36bd5793
800062d0:	a131                	j	800066dc <input_data+0xb3c>
800062d2:	3ab263ab          	.insn	4, 0x3ab263ab
800062d6:	413d                	li	sp,15
800062d8:	058545bf 7eb78eb9 	.insn	8, 0x7eb78eb9058545bf
800062e0:	7ef8                	.insn	2, 0x7ef8
800062e2:	42ad609b          	.insn	4, 0x42ad609b
800062e6:	3698                	.insn	2, 0x3698
800062e8:	0a6dc44f          	.insn	4, 0x0a6dc44f
800062ec:	befe                	.insn	2, 0xbefe
800062ee:	01a1                	add	gp,gp,8 # 3faa61be <buflen.1+0x3faa617e>
800062f0:	306d                	jal	80005b9a <verify_data+0x1ffa>
800062f2:	19f1                	add	s3,s3,-4 # ffff3ffc <_tbss_end+0x7ffea3f8>
800062f4:	4c2e                	lw	s8,200(sp)
800062f6:	14f73deb          	.insn	4, 0x14f73deb
800062fa:	63436d53          	.insn	4, 0x63436d53
800062fe:	1239                	add	tp,tp,-18 # fffeefee <_tbss_end+0x7ffe53ea>
80006300:	a26a                	.insn	2, 0xa26a
80006302:	13b2                	sll	t2,t2,0x2c
80006304:	5d0d                	li	s10,-29
80006306:	2b89                	jal	80006858 <input_data+0xcb8>
80006308:	a80d                	j	8000633a <input_data+0x79a>
8000630a:	004b616b          	.insn	4, 0x004b616b
8000630e:	ec893213          	sltiu	tp,s2,-312
80006312:	2dc4                	.insn	2, 0x2dc4
80006314:	3ee4                	.insn	2, 0x3ee4
80006316:	fd240687          	.insn	4, 0xfd240687
8000631a:	78dd                	lui	a7,0xffff7
8000631c:	0f89                	add	t6,t6,2 # 2305a1d8 <buflen.1+0x2305a198>
8000631e:	15ee                	sll	a1,a1,0x3b
80006320:	f891                	bnez	s1,80006234 <input_data+0x694>
80006322:	03337637          	lui	a2,0x3337
80006326:	718f4d13          	xor	s10,t5,1816
8000632a:	2a12                	.insn	2, 0x2a12
8000632c:	8514                	.insn	2, 0x8514
8000632e:	f67d0d83          	lb	s11,-153(s10)
80006332:	3fa4                	.insn	2, 0x3fa4
80006334:	67a4                	.insn	2, 0x67a4
80006336:	7c24                	.insn	2, 0x7c24
80006338:	38b93c73          	csrrc	s8,0x38b,s2
8000633c:	0f8982b7          	lui	t0,0xf898
80006340:	c726                	sw	s1,140(sp)
80006342:	fc69423b          	.insn	4, 0xfc69423b
80006346:	d28770bf ea255235 	.insn	8, 0xea255235d28770bf
8000634e:	0a7d                	add	s4,s4,31
80006350:	278e                	.insn	2, 0x278e
80006352:	2374                	.insn	2, 0x2374
80006354:	0ec2                	sll	t4,t4,0x10
80006356:	8b6a6f83          	.insn	4, 0x8b6a6f83
8000635a:	64ba                	.insn	2, 0x64ba
8000635c:	a049                	j	800063de <input_data+0x83e>
8000635e:	4cf2                	lw	s9,28(sp)
80006360:	06c9                	add	a3,a3,18 # fffe4012 <_tbss_end+0x7ffda40e>
80006362:	0e9a                	sll	t4,t4,0x6
80006364:	4d4c799b          	.insn	4, 0x4d4c799b
80006368:	02a0                	add	s0,sp,328
8000636a:	73bb6bf3          	csrrs	s7,mhpmevent27h,22
8000636e:	6fb1                	lui	t6,0xc
80006370:	1086                	sll	ra,ra,0x21
80006372:	7439                	lui	s0,0xfffee
80006374:	9e52                	add	t3,t3,s4
80006376:	71b6                	.insn	2, 0x71b6
80006378:	23494e2b          	.insn	4, 0x23494e2b
8000637c:	b850                	.insn	2, 0xb850
8000637e:	4e3a                	lw	t3,140(sp)
80006380:	1641                	add	a2,a2,-16 # 3336ff0 <buflen.1+0x3336fb0>
80006382:	1e62                	sll	t3,t3,0x38
80006384:	e796                	.insn	2, 0xe796
80006386:	33d8                	.insn	2, 0x33d8
80006388:	c4c2                	sw	a6,72(sp)
8000638a:	0439                	add	s0,s0,14 # fffee00e <_tbss_end+0x7ffe440a>
8000638c:	c9c9                	beqz	a1,8000641e <input_data+0x87e>
8000638e:	1e00                	add	s0,sp,816
80006390:	a0ff 6485 586b 5f8b 	.insn	14, 0xc7ab486aadb05f8b586b6485a0ff
80006398:	adb0 486a c7ab 
8000639e:	95c44373          	.insn	4, 0x95c44373
800063a2:	2dc9                	jal	80006a74 <input_data+0xed4>
800063a4:	c94a                	sw	s2,144(sp)
800063a6:	234c                	.insn	2, 0x234c
800063a8:	d44c                	sw	a1,44(s0)
800063aa:	66f8                	.insn	2, 0x66f8
800063ac:	3893fc2f          	.insn	4, 0x3893fc2f
800063b0:	68f47697          	auipc	a3,0x68f47
800063b4:	9565                	sra	a0,a0,0x39
800063b6:	1d14                	add	a3,sp,688
800063b8:	9910                	.insn	2, 0x9910
800063ba:	804f603f 6a306076 	.insn	8, 0x6a306076804f603f
800063c2:	9a0723e7          	.insn	4, 0x9a0723e7
800063c6:	78e2                	.insn	2, 0x78e2
800063c8:	ba5a                	.insn	2, 0xba5a
800063ca:	0af2                	sll	s5,s5,0x1c
800063cc:	cf00                	sw	s0,24(a4)
800063ce:	5d0e                	lw	s10,224(sp)
800063d0:	3ac8d43b          	.insn	4, 0x3ac8d43b
800063d4:	8a1a                	mv	s4,t1
800063d6:	5aec                	lw	a1,116(a3)
800063d8:	3a49aebb          	.insn	4, 0x3a49aebb
800063dc:	1980                	add	s0,sp,240
800063de:	19c9                	add	s3,s3,-14
800063e0:	5b13e84b          	.insn	4, 0x5b13e84b
800063e4:	06f5b7c3          	.insn	4, 0x06f5b7c3
800063e8:	0afe                	sll	s5,s5,0x1f
800063ea:	3ae0                	.insn	2, 0x3ae0
800063ec:	4ec4                	lw	s1,28(a3)
800063ee:	612c                	.insn	2, 0x612c
800063f0:	415f 055e 9628      	.insn	6, 0x9628055e415f
800063f6:	06ce                	sll	a3,a3,0x13
800063f8:	0db8                	add	a4,sp,728
800063fa:	206c                	.insn	2, 0x206c
800063fc:	e815                	bnez	s0,80006430 <input_data+0x890>
800063fe:	280932f7          	.insn	4, 0x280932f7
80006402:	5552306b          	.insn	4, 0x5552306b
80006406:	0a87054b          	.insn	4, 0x0a87054b
8000640a:	4124                	lw	s1,64(a0)
8000640c:	acb4                	.insn	2, 0xacb4
8000640e:	1220                	add	s0,sp,296
80006410:	d140                	sw	s0,36(a0)
80006412:	59b4                	lw	a3,112(a1)
80006414:	1a2c                	add	a1,sp,312
80006416:	3555                	jal	800062ba <input_data+0x71a>
80006418:	6e3d0eeb          	.insn	4, 0x6e3d0eeb
8000641c:	beb6                	.insn	2, 0xbeb6
8000641e:	5fd0                	lw	a2,60(a5)
80006420:	7fc4                	.insn	2, 0x7fc4
80006422:	3d8e                	.insn	2, 0x3d8e
80006424:	1c2f74ab          	.insn	4, 0x1c2f74ab
80006428:	babe                	.insn	2, 0xbabe
8000642a:	5ef8                	lw	a4,124(a3)
8000642c:	3d4262f7          	.insn	4, 0x3d4262f7
80006430:	1229                	add	tp,tp,-22 # ffffffea <_tbss_end+0x7fff63e6>
80006432:	d6074007          	.insn	4, 0xd6074007
80006436:	e65262c3          	.insn	4, 0xe65262c3
8000643a:	5add                	li	s5,-9
8000643c:	1621                	add	a2,a2,-24
8000643e:	1712                	sll	a4,a4,0x24
80006440:	06622783          	lw	a5,102(tp) # 66 <buflen.1+0x26>
80006444:	e928                	.insn	2, 0xe928
80006446:	3dde                	.insn	2, 0x3dde
80006448:	5026                	.insn	2, 0x5026
8000644a:	a0ea2f97          	auipc	t6,0xa0ea2
8000644e:	a4ac589b          	.insn	4, 0xa4ac589b
80006452:	6ff6                	.insn	2, 0x6ff6
80006454:	cf1d                	beqz	a4,80006492 <input_data+0x8f2>
80006456:	2c445ce7          	.insn	4, 0x2c445ce7
8000645a:	792d                	lui	s2,0xfffeb
8000645c:	fd61                	bnez	a0,80006434 <input_data+0x894>
8000645e:	163e                	sll	a2,a2,0x2f
80006460:	0434                	add	a3,sp,520
80006462:	7f24                	.insn	2, 0x7f24
80006464:	61c6                	.insn	2, 0x61c6
80006466:	0f3a17d7          	.insn	4, 0x0f3a17d7
8000646a:	4382                	lw	t2,0(sp)
8000646c:	ff5d                	bnez	a4,8000642a <input_data+0x88a>
8000646e:	7524                	.insn	2, 0x7524
80006470:	5c7c7ae7          	.insn	4, 0x5c7c7ae7
80006474:	be92                	.insn	2, 0xbe92
80006476:	0035                	c.nop	13
80006478:	37c94eb3          	.insn	4, 0x37c94eb3
8000647c:	d215                	beqz	a2,800063a0 <input_data+0x800>
8000647e:	7b68                	.insn	2, 0x7b68
80006480:	9af5                	and	a3,a3,-3
80006482:	1dd8                	add	a4,sp,756
80006484:	7b61                	lui	s6,0xffff8
80006486:	1fc6                	sll	t6,t6,0x31
80006488:	91b1                	srl	a1,a1,0x2c
8000648a:	3fb4                	.insn	2, 0x3fb4
8000648c:	7cce                	.insn	2, 0x7cce
8000648e:	3b8a                	.insn	2, 0x3b8a
80006490:	5969bfbf 2e70078a 	.insn	8, 0x2e70078a5969bfbf
80006498:	ea69                	bnez	a2,8000656a <input_data+0x9ca>
8000649a:	c0af03f7          	.insn	4, 0xc0af03f7
8000649e:	42df 2c45 2cab      	.insn	6, 0x2cab2c4542df
800064a4:	daf9                	beqz	a3,8000647a <input_data+0x8da>
800064a6:	1df0                	add	a2,sp,764
800064a8:	201f73bb          	.insn	4, 0x201f73bb
800064ac:	c1b1                	beqz	a1,800064f0 <input_data+0x950>
800064ae:	66270f7b          	.insn	4, 0x66270f7b
800064b2:	2ce6                	.insn	2, 0x2ce6
800064b4:	3571                	jal	80006340 <input_data+0x7a0>
800064b6:	053d                	add	a0,a0,15
800064b8:	0c4c                	add	a1,sp,532
800064ba:	0cb12027          	.insn	4, 0x0cb12027
800064be:	f75463db          	.insn	4, 0xf75463db
800064c2:	497d                	li	s2,31
800064c4:	4ff0                	lw	a2,92(a5)
800064c6:	190a                	sll	s2,s2,0x22
800064c8:	6941                	lui	s2,0x10
800064ca:	6474                	.insn	2, 0x6474
800064cc:	14a8aca7          	.insn	4, 0x14a8aca7
800064d0:	5ffa6057          	.insn	4, 0x5ffa6057
800064d4:	0230                	add	a2,sp,264
800064d6:	5f38                	lw	a4,120(a4)
800064d8:	405d5a9b          	.insn	4, 0x405d5a9b
800064dc:	20f1                	jal	800065a8 <input_data+0xa08>
800064de:	384a                	.insn	2, 0x384a
800064e0:	a53a                	.insn	2, 0xa53a
800064e2:	fe496987          	.insn	4, 0xfe496987
800064e6:	bb2a2d97          	auipc	s11,0xbb2a2
800064ea:	26c969e7          	.insn	4, 0x26c969e7
800064ee:	7f1633ab          	.insn	4, 0x7f1633ab
800064f2:	15ce                	sll	a1,a1,0x33
800064f4:	e474                	.insn	2, 0xe474
800064f6:	1221                	add	tp,tp,-24 # ffffffe8 <_tbss_end+0x7fff63e4>
800064f8:	2630                	.insn	2, 0x2630
800064fa:	148e                	sll	s1,s1,0x23
800064fc:	67d5                	lui	a5,0x15
800064fe:	511f dc38 567a      	.insn	6, 0x567adc38511f
80006504:	90ea                	add	ra,ra,s10
80006506:	2515                	jal	80006b2a <input_data+0xf8a>
80006508:	042c2c93          	slti	s9,s8,66
8000650c:	3fdd                	jal	80006502 <input_data+0x962>
8000650e:	f8f2643f 25ea19f1 	.insn	8, 0x25ea19f1f8f2643f
80006516:	2901                	jal	80006926 <input_data+0xd86>
80006518:	63be                	.insn	2, 0x63be
8000651a:	1266                	sll	tp,tp,0x39
8000651c:	eb98                	.insn	2, 0xeb98
8000651e:	5185                	li	gp,-31
80006520:	6d54fafb          	.insn	4, 0x6d54fafb
80006524:	73da                	.insn	2, 0x73da
80006526:	0f36                	sll	t5,t5,0xd
80006528:	4814                	lw	a3,16(s0)
8000652a:	0b8e                	sll	s7,s7,0x3
8000652c:	929f 6d4a 9983      	.insn	6, 0x99836d4a929f
80006532:	3291                	jal	80005e76 <input_data+0x2d6>
80006534:	8185                	srl	a1,a1,0x1
80006536:	8d110913          	add	s2,sp,-1839
8000653a:	be830dc7          	.insn	4, 0xbe830dc7
8000653e:	6892                	.insn	2, 0x6892
80006540:	6d90fbd7          	.insn	4, 0x6d90fbd7
80006544:	31bc1683          	lh	a3,795(s8) # fffff31b <_tbss_end+0x7fff5717>
80006548:	1500                	add	s0,sp,672
8000654a:	0db4                	add	a3,sp,728
8000654c:	f0f9                	bnez	s1,80006512 <input_data+0x972>
8000654e:	98ae7a53          	.insn	4, 0x98ae7a53
80006552:	142d                	add	s0,s0,-21
80006554:	49b6                	lw	s3,76(sp)
80006556:	049e                	sll	s1,s1,0x7
80006558:	00c56a53          	.insn	4, 0x00c56a53
8000655c:	2b34                	.insn	2, 0x2b34
8000655e:	800e0223          	sb	zero,-2044(t3)
80006562:	35f0621b          	.insn	4, 0x35f0621b
80006566:	597a                	lw	s2,188(sp)
80006568:	34a2                	.insn	2, 0x34a2
8000656a:	1a26                	sll	s4,s4,0x29
8000656c:	592c584b          	.insn	4, 0x592c584b
80006570:	19de                	sll	s3,s3,0x37
80006572:	16b218fb          	.insn	4, 0x16b218fb
80006576:	56c5                	li	a3,-15
80006578:	c342                	sw	a6,132(sp)
8000657a:	acda499b          	.insn	4, 0xacda499b
8000657e:	4cb8                	lw	a4,88(s1)
80006580:	0309                	add	t1,t1,2 # 17002 <buflen.1+0x16fc2>
80006582:	1c05                	add	s8,s8,-31
80006584:	71422f0f          	.insn	4, 0x71422f0f
80006588:	6781                	.insn	2, 0x6781
8000658a:	2da44367          	.insn	4, 0x2da44367
8000658e:	69aa                	.insn	2, 0x69aa
80006590:	16be534b          	.insn	4, 0x16be534b
80006594:	5faffcaf          	.insn	4, 0x5faffcaf
80006598:	f87d                	bnez	s0,8000658e <input_data+0x9ee>
8000659a:	1eb0                	add	a2,sp,888
8000659c:	af76                	.insn	2, 0xaf76
8000659e:	359a3b43          	.insn	4, 0x359a3b43
800065a2:	58f0598f          	.insn	4, 0x58f0598f
800065a6:	418e                	lw	gp,192(sp)
800065a8:	7a9e                	.insn	2, 0x7a9e
800065aa:	60ff c207 4477 5d34 	.insn	22, 0x36ee181a065a84b7386a4a275a8a5d344477c20760ff
800065b2:	5a8a 4a27 386a 84b7 
800065ba:	065a 181a 36ee 
800065c0:	8142                	mv	sp,a6
800065c2:	0ad2                	sll	s5,s5,0x14
800065c4:	6704                	.insn	2, 0x6704
800065c6:	5de6                	lw	s11,120(sp)
800065c8:	667e9cb3          	.insn	4, 0x667e9cb3
800065cc:	5d161ea7          	.insn	4, 0x5d161ea7
800065d0:	a925                	j	80006a08 <input_data+0xe68>
800065d2:	ce147273          	csrrc	tp,0xce1,8
800065d6:	5a02                	lw	s4,32(sp)
800065d8:	65ff 41b8 952d 4616 	.insn	22, 0x192a3f1e1b750b15d3602fd8b3664616952d41b865ff
800065e0:	b366 2fd8 d360 0b15 
800065e8:	1b75 3f1e 192a 
800065ee:	6655                	lui	a2,0x15
800065f0:	2134                	.insn	2, 0x2134
800065f2:	01e2                	sll	gp,gp,0x18
800065f4:	a632                	.insn	2, 0xa632
800065f6:	1b96                	sll	s7,s7,0x25
800065f8:	6eff 4f9c b6a6 02cd 	.insn	22, 0xafe90d4388d1536d50f60aa9d09902cdb6a64f9c6eff
80006600:	d099 0aa9 50f6 536d 
80006608:	88d1 0d43 afe9 
8000660e:	07a1                	add	a5,a5,8 # 15008 <buflen.1+0x14fc8>
80006610:	ef3e                	.insn	2, 0xef3e
80006612:	953f65cf          	.insn	4, 0x953f65cf
80006616:	803b370f          	.insn	4, 0x803b370f
8000661a:	7612                	.insn	2, 0x7612
8000661c:	ce4c                	sw	a1,28(a2)
8000661e:	5445                	li	s0,-15
80006620:	52680fd7          	.insn	4, 0x52680fd7
80006624:	45e2                	lw	a1,24(sp)
80006626:	0c68                	add	a0,sp,540
80006628:	482e                	lw	a6,200(sp)
8000662a:	ae2c70cb          	.insn	4, 0xae2c70cb
8000662e:	ec2c7cab          	.insn	4, 0xec2c7cab
80006632:	6ae1                	lui	s5,0x18
80006634:	e13c                	.insn	2, 0xe13c
80006636:	547e                	lw	s0,252(sp)
80006638:	a950                	.insn	2, 0xa950
8000663a:	1ebe                	sll	t4,t4,0x2f
8000663c:	7bc697fb          	.insn	4, 0x7bc697fb
80006640:	fdc5                	bnez	a1,800065f8 <input_data+0xa58>
80006642:	4d993b37          	lui	s6,0x4d993
80006646:	83b2432f          	.insn	4, 0x83b2432f
8000664a:	0e9f 9873 0803      	.insn	6, 0x080398730e9f
80006650:	b732                	.insn	2, 0xb732
80006652:	47e6                	lw	a5,88(sp)
80006654:	b9ad                	j	800062ce <input_data+0x72e>
80006656:	501d                	c.li	zero,-25
80006658:	3234                	.insn	2, 0x3234
8000665a:	43e6                	lw	t2,88(sp)
8000665c:	a9e2                	.insn	2, 0xa9e2
8000665e:	26d5                	jal	80006a42 <input_data+0xea2>
80006660:	c7f5                	beqz	a5,8000674c <input_data+0xbac>
80006662:	0151                	add	sp,sp,20
80006664:	c33a                	sw	a4,132(sp)
80006666:	5b90                	lw	a2,48(a5)
80006668:	8976                	mv	s2,t4
8000666a:	7fc0                	.insn	2, 0x7fc0
8000666c:	e0a8                	.insn	2, 0xe0a8
8000666e:	3471                	jal	800060fa <input_data+0x55a>
80006670:	73e9750b          	.insn	4, 0x73e9750b
80006674:	25d6                	.insn	2, 0x25d6
80006676:	071c                	add	a5,sp,896
80006678:	8c7a                	mv	s8,t5
8000667a:	3198                	.insn	2, 0x3198
8000667c:	acbd                	j	800068fa <input_data+0xd5a>
8000667e:	5d64                	lw	s1,124(a0)
80006680:	b01d                	j	80005ea6 <input_data+0x306>
80006682:	3438                	.insn	2, 0x3438
80006684:	53c2                	lw	t2,48(sp)
80006686:	2728                	.insn	2, 0x2728
80006688:	90d4                	.insn	2, 0x90d4
8000668a:	626c0d83          	lb	s11,1574(s8)
8000668e:	37e8                	.insn	2, 0x37e8
80006690:	3740                	.insn	2, 0x3740
80006692:	47a5                	li	a5,9
80006694:	73877afb          	.insn	4, 0x73877afb
80006698:	2c8c                	.insn	2, 0x2c8c
8000669a:	780d                	lui	a6,0xfffe3
8000669c:	5c1f 4bf6 a764      	.insn	6, 0xa7644bf65c1f
800066a2:	41b5                	li	gp,13
800066a4:	9850                	.insn	2, 0x9850
800066a6:	588e                	lw	a7,224(sp)
800066a8:	e798                	.insn	2, 0xe798
800066aa:	346c                	.insn	2, 0x346c
800066ac:	660f2753          	.insn	4, 0x660f2753
800066b0:	0b60                	add	s0,sp,412
800066b2:	26c6                	.insn	2, 0x26c6
800066b4:	5aa8                	lw	a0,112(a3)
800066b6:	3fb1                	jal	80006612 <input_data+0xa72>
800066b8:	4af1                	li	s5,28
800066ba:	4eab19eb          	.insn	4, 0x4eab19eb
800066be:	119716cb          	.insn	4, 0x119716cb
800066c2:	36d2                	.insn	2, 0x36d2
800066c4:	b865                	j	80005f7c <input_data+0x3dc>
800066c6:	7889                	lui	a7,0xfffe2
800066c8:	4eaa874f          	.insn	4, 0x4eaa874f
800066cc:	731f 7f8d b247      	.insn	6, 0xb2477f8d731f
800066d2:	2e04                	.insn	2, 0x2e04
800066d4:	38e6                	.insn	2, 0x38e6
800066d6:	3da0                	.insn	2, 0x3da0
800066d8:	8d86                	mv	s11,ra
800066da:	42d0                	lw	a2,4(a3)
800066dc:	8655                	sra	a2,a2,0x15
800066de:	b06e1447          	.insn	4, 0xb06e1447
800066e2:	142657af          	.insn	4, 0x142657af
800066e6:	6958                	.insn	2, 0x6958
800066e8:	127d                	add	tp,tp,-1 # ffffffff <_tbss_end+0x7fff63fb>
800066ea:	02d4                	add	a3,sp,324
800066ec:	1808                	add	a0,sp,48
800066ee:	4e50                	lw	a2,28(a2)
800066f0:	ff59                	bnez	a4,8000668e <input_data+0xaee>
800066f2:	17c9                	add	a5,a5,-14
800066f4:	6a81                	.insn	2, 0x6a81
800066f6:	5732                	lw	a4,44(sp)
800066f8:	280b98c7          	.insn	4, 0x280b98c7
800066fc:	c8a5                	beqz	s1,8000676c <input_data+0xbcc>
800066fe:	01e1                	add	gp,gp,24 # 800083b8 <__global_pointer$+0x18>
80006700:	b6ca                	.insn	2, 0xb6ca
80006702:	0dba                	sll	s11,s11,0xe
80006704:	f698                	.insn	2, 0xf698
80006706:	0e4d                	add	t3,t3,19
80006708:	39df 2335 12f4      	.insn	6, 0x12f4233539df
8000670e:	662e                	.insn	2, 0x662e
80006710:	dfc5                	beqz	a5,800066c8 <input_data+0xb28>
80006712:	31a6                	.insn	2, 0x31a6
80006714:	bb4a                	.insn	2, 0xbb4a
80006716:	17bc                	add	a5,sp,1000
80006718:	8905                	and	a0,a0,1
8000671a:	1f1f bef4 000d      	.insn	6, 0x000dbef41f1f
80006720:	3e5303f7          	.insn	4, 0x3e5303f7
80006724:	4fe1                	li	t6,24
80006726:	5c1f 89af 0d87      	.insn	6, 0x0d8789af5c1f
8000672c:	6fc0                	.insn	2, 0x6fc0
8000672e:	0c6c                	add	a1,sp,540
80006730:	09c4                	add	s1,sp,212
80006732:	598e                	lw	s3,224(sp)
80006734:	8c4e                	mv	s8,s3
80006736:	600d                	c.lui	zero,0x3
80006738:	53ad                	li	t2,-21
8000673a:	7345                	lui	t1,0xffff1
8000673c:	5eb1deab          	.insn	4, 0x5eb1deab
80006740:	62a986eb          	.insn	4, 0x62a986eb
80006744:	778c                	.insn	2, 0x778c
80006746:	684e                	.insn	2, 0x684e
80006748:	9ede                	add	t4,t4,s7
8000674a:	52a0                	lw	s0,96(a3)
8000674c:	7574                	.insn	2, 0x7574
8000674e:	37c2                	.insn	2, 0x37c2
80006750:	53d9                	li	t2,-10
80006752:	0a5c                	add	a5,sp,276
80006754:	7a22                	.insn	2, 0x7a22
80006756:	29dd                	jal	80006c4c <input_data+0x10ac>
80006758:	108a                	sll	ra,ra,0x22
8000675a:	14c0                	add	s0,sp,612
8000675c:	04da198b          	.insn	4, 0x04da198b
80006760:	342ec987          	.insn	4, 0x342ec987
80006764:	f6c6                	.insn	2, 0xf6c6
80006766:	0458                	add	a4,sp,516
80006768:	c459                	beqz	s0,800067f6 <input_data+0xc56>
8000676a:	7939                	lui	s2,0xfffee
8000676c:	1a90                	add	a2,sp,368
8000676e:	4d9f b410 03dc      	.insn	6, 0x03dcb4104d9f
80006774:	8b1a                	mv	s6,t1
80006776:	77d6                	.insn	2, 0x77d6
80006778:	2af9                	jal	80006956 <input_data+0xdb6>
8000677a:	6279                	lui	tp,0x1e
8000677c:	55e0                	lw	s0,108(a1)
8000677e:	0378                	add	a4,sp,396
80006780:	a3d2                	.insn	2, 0xa3d2
80006782:	5a9a6f8f          	.insn	4, 0x5a9a6f8f
80006786:	f8480b5b          	.insn	4, 0xf8480b5b
8000678a:	0e95                	add	t4,t4,5 # ffffb005 <_tbss_end+0x7fff1401>
8000678c:	c145                	beqz	a0,8000682c <input_data+0xc8c>
8000678e:	3890                	.insn	2, 0x3890
80006790:	e741                	bnez	a4,80006818 <input_data+0xc78>
80006792:	1314                	add	a3,sp,416
80006794:	e58d                	bnez	a1,800067be <input_data+0xc1e>
80006796:	2b7a                	.insn	2, 0x2b7a
80006798:	7b38                	.insn	2, 0x7b38
8000679a:	07f9                	add	a5,a5,30
8000679c:	aecc                	.insn	2, 0xaecc
8000679e:	17442c23          	sw	s4,376(s0)
800067a2:	12dd                	add	t0,t0,-9 # f897ff7 <buflen.1+0xf897fb7>
800067a4:	0e38                	add	a4,sp,792
800067a6:	4705                	li	a4,1
800067a8:	6b6b5947          	.insn	4, 0x6b6b5947
800067ac:	3bb4                	.insn	2, 0x3bb4
800067ae:	2ed0                	.insn	2, 0x2ed0
800067b0:	6c47c04b          	.insn	4, 0x6c47c04b
800067b4:	0e12                	sll	t3,t3,0x4
800067b6:	7a54                	.insn	2, 0x7a54
800067b8:	3774479b          	.insn	4, 0x3774479b
800067bc:	7c82                	.insn	2, 0x7c82
800067be:	51f651e7          	.insn	4, 0x51f651e7
800067c2:	121c                	add	a5,sp,288
800067c4:	3d32                	.insn	2, 0x3d32
800067c6:	32d5                	jal	800061aa <input_data+0x60a>
800067c8:	fbb4                	.insn	2, 0xfbb4
800067ca:	1b14                	add	a3,sp,432
800067cc:	1831                	add	a6,a6,-20 # fffe2fec <_tbss_end+0x7ffd93e8>
800067ce:	7f10                	.insn	2, 0x7f10
800067d0:	1f5a                	sll	t5,t5,0x36
800067d2:	68ba                	.insn	2, 0x68ba
800067d4:	adc6                	.insn	2, 0xadc6
800067d6:	2dd11ff3          	csrrw	t6,0x2dd,sp
800067da:	6939                	lui	s2,0xe
800067dc:	2488                	.insn	2, 0x2488
800067de:	d9f32b53          	.insn	4, 0xd9f32b53
800067e2:	bdbc481b          	.insn	4, 0xbdbc481b
800067e6:	6ab9                	lui	s5,0xe
800067e8:	26e2                	.insn	2, 0x26e2
800067ea:	2eb2                	.insn	2, 0x2eb2
800067ec:	7cd13583          	.insn	4, 0x7cd13583
800067f0:	9124                	.insn	2, 0x9124
800067f2:	e0844ee7          	.insn	4, 0xe0844ee7
800067f6:	326e                	.insn	2, 0x326e
800067f8:	f425                	bnez	s0,80006760 <input_data+0xbc0>
800067fa:	3f81                	jal	8000674a <input_data+0xbaa>
800067fc:	221bb1f3          	csrrc	gp,0x221,s7
80006800:	680ae06b          	.insn	4, 0x680ae06b
80006804:	02ec                	add	a1,sp,332
80006806:	3c49                	jal	80006298 <input_data+0x6f8>
80006808:	fa5f 7577 9f22      	.insn	6, 0x9f227577fa5f
8000680e:	2c9d                	jal	80006a84 <input_data+0xee4>
80006810:	14739627          	.insn	4, 0x14739627
80006814:	0b2a                	sll	s6,s6,0xa
80006816:	2b1d                	jal	80006d4c <input_data+0x11ac>
80006818:	42b9                	li	t0,14
8000681a:	3731                	jal	80006726 <input_data+0xb86>
8000681c:	35ae                	.insn	2, 0x35ae
8000681e:	35c0                	.insn	2, 0x35c0
80006820:	bcfc                	.insn	2, 0xbcfc
80006822:	16f966ef          	jal	a3,8009d190 <_tbss_end+0x9358c>
80006826:	1ff0                	add	a2,sp,1020
80006828:	7b35                	lui	s6,0xfffed
8000682a:	171a                	sll	a4,a4,0x26
8000682c:	1baab177          	.insn	4, 0x1baab177
80006830:	91ea                	add	gp,gp,s10
80006832:	45c4                	lw	s1,12(a1)
80006834:	39da                	.insn	2, 0x39da
80006836:	44cb4583          	lbu	a1,1100(s6) # fffed44c <_tbss_end+0x7ffe3848>
8000683a:	eeb26bb7          	lui	s7,0xeeb26
8000683e:	73c1                	lui	t2,0xffff0
80006840:	3aba90eb          	.insn	4, 0x3aba90eb
80006844:	518d9d7b          	.insn	4, 0x518d9d7b
80006848:	0924                	add	s1,sp,152
8000684a:	64d2                	.insn	2, 0x64d2
8000684c:	861e                	mv	a2,t2
8000684e:	62415d83          	lhu	s11,1572(sp)
80006852:	6fd5                	lui	t6,0x15
80006854:	0635                	add	a2,a2,13 # 1500d <buflen.1+0x14fcd>
80006856:	4a75                	li	s4,29
80006858:	31f2                	.insn	2, 0x31f2
8000685a:	65f1                	lui	a1,0x1c
8000685c:	69213a4f          	.insn	4, 0x69213a4f
80006860:	1266                	sll	tp,tp,0x39
80006862:	6751                	lui	a4,0x14
80006864:	ddb0                	sw	a2,120(a1)
80006866:	5612                	lw	a2,36(sp)
80006868:	3bea                	.insn	2, 0x3bea
8000686a:	6122                	.insn	2, 0x6122
8000686c:	a826                	.insn	2, 0xa826
8000686e:	7d7c                	.insn	2, 0x7d7c
80006870:	0d6a9e8b          	.insn	4, 0x0d6a9e8b
80006874:	05a2                	sll	a1,a1,0x8
80006876:	3594                	.insn	2, 0x3594
80006878:	bf5f 3378 4c62      	.insn	6, 0x4c623378bf5f
8000687e:	55f0                	lw	a2,108(a1)
80006880:	7fc9                	lui	t6,0xffff2
80006882:	2090                	.insn	2, 0x2090
80006884:	d4b4                	sw	a3,104(s1)
80006886:	287c75e3          	bgeu	s8,t2,80007310 <input_data+0x1770>
8000688a:	104f7e27          	.insn	4, 0x104f7e27
8000688e:	48d2                	lw	a7,20(sp)
80006890:	7eec                	.insn	2, 0x7eec
80006892:	1178                	add	a4,sp,172
80006894:	bf85                	j	80006804 <input_data+0xc64>
80006896:	5f76                	lw	t5,124(sp)
80006898:	791e                	.insn	2, 0x791e
8000689a:	5d78                	lw	a4,124(a0)
8000689c:	af9c                	.insn	2, 0xaf9c
8000689e:	54ec                	lw	a1,108(s1)
800068a0:	bad6                	.insn	2, 0xbad6
800068a2:	4ae2                	lw	s5,24(sp)
800068a4:	4fc8                	lw	a0,28(a5)
800068a6:	0e4c11cf          	.insn	4, 0x0e4c11cf
800068aa:	65ce                	.insn	2, 0x65ce
800068ac:	3170694b          	.insn	4, 0x3170694b
800068b0:	6b95                	lui	s7,0x5
800068b2:	3526                	.insn	2, 0x3526
800068b4:	76e02b87          	.insn	4, 0x76e02b87
800068b8:	0354                	add	a3,sp,388
800068ba:	43ba                	lw	t2,140(sp)
800068bc:	8dc1                	or	a1,a1,s0
800068be:	1630                	add	a2,sp,808
800068c0:	8bfd                	and	a5,a5,31
800068c2:	0e8b5aa3          	.insn	4, 0x0e8b5aa3
800068c6:	3a98                	.insn	2, 0x3a98
800068c8:	46fe6c83          	.insn	4, 0x46fe6c83
800068cc:	9bfd                	and	a5,a5,-1
800068ce:	288a                	.insn	2, 0x288a
800068d0:	3401                	jal	800062d0 <input_data+0x730>
800068d2:	307d                	jal	80006180 <input_data+0x5e0>
800068d4:	b7d5                	j	800068b8 <input_data+0xd18>
800068d6:	1790                	add	a2,sp,992
800068d8:	4380                	lw	s0,0(a5)
800068da:	bfe56243          	.insn	4, 0xbfe56243
800068de:	3d2c                	.insn	2, 0x3d2c
800068e0:	0d94                	add	a3,sp,720
800068e2:	ed447d33          	.insn	4, 0xed447d33
800068e6:	7f461927          	.insn	4, 0x7f461927
800068ea:	1e58                	add	a4,sp,820
800068ec:	a3bc                	.insn	2, 0xa3bc
800068ee:	333c                	.insn	2, 0x333c
800068f0:	ee36                	.insn	2, 0xee36
800068f2:	796c                	.insn	2, 0x796c
800068f4:	d758                	sw	a4,44(a4)
800068f6:	3559                	jal	8000677c <input_data+0xbdc>
800068f8:	71bc                	.insn	2, 0x71bc
800068fa:	a6b01d77          	.insn	4, 0xa6b01d77
800068fe:	673c                	.insn	2, 0x673c
80006900:	3f1e                	.insn	2, 0x3f1e
80006902:	1532                	sll	a0,a0,0x2c
80006904:	1715                	add	a4,a4,-27 # 13fe5 <buflen.1+0x13fa5>
80006906:	7fa6                	.insn	2, 0x7fa6
80006908:	24f2                	.insn	2, 0x24f2
8000690a:	40ce                	lw	ra,208(sp)
8000690c:	aa91                	j	80006a60 <input_data+0xec0>
8000690e:	229c                	.insn	2, 0x229c
80006910:	0d777e03          	.insn	4, 0x0d777e03
80006914:	1801                	add	a6,a6,-32
80006916:	5e3d                	li	t3,-17
80006918:	11fa                	sll	gp,gp,0x3e
8000691a:	5a51                	li	s4,-12
8000691c:	5944ca9b          	.insn	4, 0x5944ca9b
80006920:	c086                	sw	ra,64(sp)
80006922:	6606                	.insn	2, 0x6606
80006924:	4048                	lw	a0,4(s0)
80006926:	69c9                	lui	s3,0x12
80006928:	2b61                	jal	80006ec0 <input_data+0x1320>
8000692a:	6d7411fb          	.insn	4, 0x6d7411fb
8000692e:	c43f43bb          	.insn	4, 0xc43f43bb
80006932:	26ec                	.insn	2, 0x26ec
80006934:	c100                	sw	s0,0(a0)
80006936:	067f d548 65e9 4431 	.insn	10, 0x4fed443165e9d548067f
8000693e:	4fed 
80006940:	b562                	.insn	2, 0xb562
80006942:	5162                	lw	sp,56(sp)
80006944:	e886                	.insn	2, 0xe886
80006946:	44de                	lw	s1,212(sp)
80006948:	0524                	add	s1,sp,648
8000694a:	47c2                	lw	a5,16(sp)
8000694c:	e892                	.insn	2, 0xe892
8000694e:	0b34                	add	a3,sp,408
80006950:	760e                	.insn	2, 0x760e
80006952:	0f45                	add	t5,t5,17 # a011 <buflen.1+0x9fd1>
80006954:	25bbf907          	.insn	4, 0x25bbf907
80006958:	0125630f          	.insn	4, 0x0125630f
8000695c:	ec4e                	.insn	2, 0xec4e
8000695e:	6f28                	.insn	2, 0x6f28
80006960:	d032                	sw	a2,32(sp)
80006962:	442d                	li	s0,11
80006964:	0e20a51b          	.insn	4, 0x0e20a51b
80006968:	e6c8                	.insn	2, 0xe6c8
8000696a:	6851                	lui	a6,0x14
8000696c:	4b8a                	lw	s7,128(sp)
8000696e:	3312                	.insn	2, 0x3312
80006970:	9c1c                	.insn	2, 0x9c1c
80006972:	04c9                	add	s1,s1,18 # f012 <buflen.1+0xefd2>
80006974:	6418748b          	.insn	4, 0x6418748b
80006978:	0a4e                	sll	s4,s4,0x13
8000697a:	4af4                	lw	a3,84(a3)
8000697c:	52da5463          	bge	s4,a3,80006ea4 <input_data+0x1304>
80006980:	859f 5ecc 7333      	.insn	6, 0x73335ecc859f
80006986:	3010                	.insn	2, 0x3010
80006988:	4c14                	lw	a3,24(s0)
8000698a:	35aa4f5b          	.insn	4, 0x35aa4f5b
8000698e:	78de                	.insn	2, 0x78de
80006990:	b9e0                	.insn	2, 0xb9e0
80006992:	ac02624f          	.insn	4, 0xac02624f
80006996:	5ae172ef          	jal	t0,8001df44 <_tbss_end+0x14340>
8000699a:	3d42                	.insn	2, 0x3d42
8000699c:	4b8786af          	.insn	4, 0x4b8786af
800069a0:	076267bf 05b51220 	.insn	8, 0x05b51220076267bf
800069a8:	e546                	.insn	2, 0xe546
800069aa:	3a367ad7          	.insn	4, 0x3a367ad7
800069ae:	24ec                	.insn	2, 0x24ec
800069b0:	9cdc                	.insn	2, 0x9cdc
800069b2:	6481                	.insn	2, 0x6481
800069b4:	9a26                	add	s4,s4,s1
800069b6:	a6bd6c4f          	.insn	4, 0xa6bd6c4f
800069ba:	7e4a                	.insn	2, 0x7e4a
800069bc:	5f2d8e87          	.insn	4, 0x5f2d8e87
800069c0:	a94d                	j	80006e72 <input_data+0x12d2>
800069c2:	6b4c                	.insn	2, 0x6b4c
800069c4:	6591                	lui	a1,0x4
800069c6:	ec5c0caf          	.insn	4, 0xec5c0caf
800069ca:	276a                	.insn	2, 0x276a
800069cc:	aca1                	j	80006c24 <input_data+0x1084>
800069ce:	42f4                	lw	a3,68(a3)
800069d0:	08b3d3db          	.insn	4, 0x08b3d3db
800069d4:	0231                	add	tp,tp,12 # 1e00c <buflen.1+0x1dfcc>
800069d6:	6b3238db          	.insn	4, 0x6b3238db
800069da:	699d                	lui	s3,0x7
800069dc:	c88e                	sw	gp,80(sp)
800069de:	3764                	.insn	2, 0x3764
800069e0:	c8f2                	sw	t3,80(sp)
800069e2:	7fb1                	lui	t6,0xfffec
800069e4:	1541dfdb          	.insn	4, 0x1541dfdb
800069e8:	e246                	.insn	2, 0xe246
800069ea:	5ffe                	lw	t6,252(sp)
800069ec:	b4d1                	j	800064b0 <input_data+0x910>
800069ee:	7745                	lui	a4,0xffff1
800069f0:	15fcce2f          	.insn	4, 0x15fcce2f
800069f4:	3e1f 03b5 a229      	.insn	6, 0xa22903b53e1f
800069fa:	69d5                	lui	s3,0x15
800069fc:	fafd                	bnez	a3,800069f2 <input_data+0xe52>
800069fe:	3b26                	.insn	2, 0x3b26
80006a00:	6481                	.insn	2, 0x6481
80006a02:	f4324fa3          	.insn	4, 0xf4324fa3
80006a06:	2982                	.insn	2, 0x2982
80006a08:	b436                	.insn	2, 0xb436
80006a0a:	13e5                	add	t2,t2,-7 # fffefff9 <_tbss_end+0x7ffe63f5>
80006a0c:	ab60                	.insn	2, 0xab60
80006a0e:	22ea                	.insn	2, 0x22ea
80006a10:	a2f9                	j	80006bde <input_data+0x103e>
80006a12:	69d8                	.insn	2, 0x69d8
80006a14:	94ee                	add	s1,s1,s11
80006a16:	3041                	jal	80006296 <input_data+0x6f6>
80006a18:	058dfb67          	.insn	4, 0x058dfb67
80006a1c:	35dc                	.insn	2, 0x35dc
80006a1e:	2ba8                	.insn	2, 0x2ba8
80006a20:	3434                	.insn	2, 0x3434
80006a22:	90f058ef          	jal	a7,7ff0c330 <buflen.1+0x7ff0c2f0>
80006a26:	48d27313          	and	t1,tp,1165
80006a2a:	0a60                	add	s0,sp,284
80006a2c:	bdd6                	.insn	2, 0xbdd6
80006a2e:	144a                	sll	s0,s0,0x32
80006a30:	8062                	c.mv	zero,s8
80006a32:	1e46                	sll	t3,t3,0x31
80006a34:	18e0                	add	s0,sp,124
80006a36:	159f fdc5 5fcb      	.insn	6, 0x5fcbfdc5159f
80006a3c:	7b46                	.insn	2, 0x7b46
80006a3e:	2df238d3          	.insn	4, 0x2df238d3
80006a42:	5f5c                	lw	a5,60(a4)
80006a44:	a1ce                	.insn	2, 0xa1ce
80006a46:	18d2                	sll	a7,a7,0x34
80006a48:	757d                	lui	a0,0xfffff
80006a4a:	2212                	.insn	2, 0x2212
80006a4c:	50dfdaef          	jal	s5,80104758 <_tbss_end+0xfab54>
80006a50:	c2dc                	sw	a5,4(a3)
80006a52:	0fec                	add	a1,sp,988
80006a54:	0db6                	sll	s11,s11,0xd
80006a56:	77ea                	.insn	2, 0x77ea
80006a58:	5db6107f 231c2fa9 	.insn	12, 0x78b0d08a231c2fa95db6107f
80006a60:	78b0d08a 
80006a64:	9a25                	and	a2,a2,-23
80006a66:	6426                	.insn	2, 0x6426
80006a68:	5b94                	lw	a3,48(a5)
80006a6a:	3688                	.insn	2, 0x3688
80006a6c:	e6da                	.insn	2, 0xe6da
80006a6e:	17c6                	sll	a5,a5,0x31
80006a70:	b464                	.insn	2, 0xb464
80006a72:	2f70                	.insn	2, 0x2f70
80006a74:	d6f6                	sw	t4,108(sp)
80006a76:	6c644f6b          	.insn	4, 0x6c644f6b
80006a7a:	2909                	jal	80006e8c <input_data+0x12ec>
80006a7c:	25755203          	lhu	tp,599(a0) # fffff257 <_tbss_end+0x7fff5653>
80006a80:	227f96f7          	.insn	4, 0x227f96f7
80006a84:	0736                	sll	a4,a4,0xd
80006a86:	7796                	.insn	2, 0x7796
80006a88:	2dac                	.insn	2, 0x2dac
80006a8a:	4592                	lw	a1,4(sp)
80006a8c:	140a3777          	.insn	4, 0x140a3777
80006a90:	f3c1                	bnez	a5,80006a10 <input_data+0xe70>
80006a92:	61ce                	.insn	2, 0x61ce
80006a94:	6e26                	.insn	2, 0x6e26
80006a96:	6a02                	.insn	2, 0x6a02
80006a98:	f51e                	.insn	2, 0xf51e
80006a9a:	6064                	.insn	2, 0x6064
80006a9c:	7c26                	.insn	2, 0x7c26
80006a9e:	0b5f 939b 7556      	.insn	6, 0x7556939b0b5f
80006aa4:	2a5f 7e88 5cd7      	.insn	6, 0x5cd77e882a5f
80006aaa:	589601db          	.insn	4, 0x589601db
80006aae:	83c450a7          	.insn	4, 0x83c450a7
80006ab2:	0021                	c.nop	8
80006ab4:	5328610f          	.insn	4, 0x5328610f
80006ab8:	fa75                	bnez	a2,80006aac <input_data+0xf0c>
80006aba:	741d                	lui	s0,0xfffe7
80006abc:	aaf4                	.insn	2, 0xaaf4
80006abe:	041e                	sll	s0,s0,0x7
80006ac0:	3385                	jal	80006820 <input_data+0xc80>
80006ac2:	9b627f8f          	.insn	4, 0x9b627f8f
80006ac6:	0026                	c.slli	zero,0x9
80006ac8:	2ddd                	jal	800071be <input_data+0x161e>
80006aca:	67c2                	.insn	2, 0x67c2
80006acc:	183e                	sll	a6,a6,0x2f
80006ace:	5f71                	li	t5,-4
80006ad0:	8286                	mv	t0,ra
80006ad2:	47e0                	lw	s0,76(a5)
80006ad4:	57fc                	lw	a5,108(a5)
80006ad6:	3326                	.insn	2, 0x3326
80006ad8:	e188                	.insn	2, 0xe188
80006ada:	cea26ff3          	csrrs	t6,0xcea,4
80006ade:	7548                	.insn	2, 0x7548
80006ae0:	29ad                	jal	80006f5a <input_data+0x13ba>
80006ae2:	f2a17c9b          	.insn	4, 0xf2a17c9b
80006ae6:	6578                	.insn	2, 0x6578
80006ae8:	b685                	j	80006648 <input_data+0xaa8>
80006aea:	2514                	.insn	2, 0x2514
80006aec:	dae5                	beqz	a3,80006adc <input_data+0xf3c>
80006aee:	470e                	lw	a4,192(sp)
80006af0:	88ae                	mv	a7,a1
80006af2:	414a                	lw	sp,144(sp)
80006af4:	7e1723f7          	.insn	4, 0x7e1723f7
80006af8:	4797b60f          	.insn	4, 0x4797b60f
80006afc:	22f9                	jal	80006cca <input_data+0x112a>
80006afe:	43fe                	lw	t2,220(sp)
80006b00:	8234                	.insn	2, 0x8234
80006b02:	7b647c4b          	.insn	4, 0x7b647c4b
80006b06:	42cb4cf3          	.insn	4, 0x42cb4cf3
80006b0a:	33f8                	.insn	2, 0x33f8
80006b0c:	37b1                	jal	80006a58 <input_data+0xeb8>
80006b0e:	337a                	.insn	2, 0x337a
80006b10:	4a41b0ab          	.insn	4, 0x4a41b0ab
80006b14:	5511                	li	a0,-28
80006b16:	a39e5787          	.insn	4, 0xa39e5787
80006b1a:	259c                	.insn	2, 0x259c
80006b1c:	4f90                	lw	a2,24(a5)
80006b1e:	453c                	lw	a5,72(a0)
80006b20:	202edda7          	.insn	4, 0x202edda7
80006b24:	ee10                	.insn	2, 0xee10
80006b26:	73d1                	lui	t2,0xffff4
80006b28:	2228                	.insn	2, 0x2228
80006b2a:	6ce0                	.insn	2, 0x6ce0
80006b2c:	dcbd                	beqz	s1,80006aaa <input_data+0xf0a>
80006b2e:	45f50f7b          	.insn	4, 0x45f50f7b
80006b32:	108a                	sll	ra,ra,0x22
80006b34:	5899                	li	a7,-26
80006b36:	7f99                	lui	t6,0xfffe6
80006b38:	56e2                	lw	a3,56(sp)
80006b3a:	3a06                	.insn	2, 0x3a06
80006b3c:	42dd5013          	sra	zero,s10,0x2d
80006b40:	5bc3d43b          	.insn	4, 0x5bc3d43b
80006b44:	3271                	jal	800064d0 <input_data+0x930>
80006b46:	dcd04fb7          	lui	t6,0xdcd04
80006b4a:	0b18                	add	a4,sp,400
80006b4c:	bb55                	j	80006900 <input_data+0xd60>
80006b4e:	1cc8                	add	a0,sp,628
80006b50:	1c4d                	add	s8,s8,-13
80006b52:	56f8                	lw	a4,108(a3)
80006b54:	1f64                	add	s1,sp,956
80006b56:	46e372b7          	lui	t0,0x46e37
80006b5a:	174a                	sll	a4,a4,0x32
80006b5c:	247f 43f3 8110 1edc 	.insn	14, 0xd0ed692b29f11edc811043f3247f
80006b64:	29f1 692b d0ed 
80006b6a:	2b0c                	.insn	2, 0x2b0c
80006b6c:	53807c37          	lui	s8,0x53807
80006b70:	8f02                	jr	t5
80006b72:	4c0565b7          	lui	a1,0x4c056
80006b76:	1cfa                	sll	s9,s9,0x3e
80006b78:	e641                	bnez	a2,80006c00 <input_data+0x1060>
80006b7a:	5238                	lw	a4,96(a2)
80006b7c:	0c514963          	blt	sp,t0,80006c4e <input_data+0x10ae>
80006b80:	0030356f          	jal	a0,8000a382 <_tbss_end+0x77e>
80006b84:	81de                	mv	gp,s7
80006b86:	37e721af          	.insn	4, 0x37e721af
80006b8a:	3bd32907          	.insn	4, 0x3bd32907
80006b8e:	48ee                	lw	a7,216(sp)
80006b90:	7e7f282b          	.insn	4, 0x7e7f282b
80006b94:	e911                	bnez	a0,80006ba8 <input_data+0x1008>
80006b96:	bc781e93          	.insn	4, 0xbc781e93
80006b9a:	f81f52e3          	bge	t5,ra,80006b1e <input_data+0xf7e>
80006b9e:	1034                	add	a3,sp,40
80006ba0:	540c                	lw	a1,40(s0)
80006ba2:	60b8                	.insn	2, 0x60b8
80006ba4:	4e448da7          	.insn	4, 0x4e448da7
80006ba8:	939c                	.insn	2, 0x939c
80006baa:	7ada                	.insn	2, 0x7ada
80006bac:	8e8d                	sub	a3,a3,a1
80006bae:	188c                	add	a1,sp,112
80006bb0:	efe9                	bnez	a5,80006c8a <input_data+0x10ea>
80006bb2:	1a16                	sll	s4,s4,0x25
80006bb4:	1e9ca763          	.insn	4, 0x1e9ca763
80006bb8:	671f 1235 2f27      	.insn	6, 0x2f271235671f
80006bbe:	661d                	lui	a2,0x7
80006bc0:	17155447          	.insn	4, 0x17155447
80006bc4:	291f 7157 83a9      	.insn	6, 0x83a97157291f
80006bca:	ccf5266f          	jal	a2,7ff59898 <buflen.1+0x7ff59858>
80006bce:	496d                	li	s2,27
80006bd0:	63a5                	lui	t2,0x9
80006bd2:	1542                	sll	a0,a0,0x30
80006bd4:	a455                	j	80006e78 <input_data+0x12d8>
80006bd6:	0dd6                	sll	s11,s11,0x15
80006bd8:	8322                	mv	t1,s0
80006bda:	6190                	.insn	2, 0x6190
80006bdc:	8242                	mv	tp,a6
80006bde:	ed641203          	lh	tp,-298(s0) # fffe6ed6 <_tbss_end+0x7ffdd2d2>
80006be2:	7cd8                	.insn	2, 0x7cd8
80006be4:	a2b8                	.insn	2, 0xa2b8
80006be6:	6530                	.insn	2, 0x6530
80006be8:	02a1                	add	t0,t0,8 # 46e37008 <buflen.1+0x46e36fc8>
80006bea:	52e1                	li	t0,-8
80006bec:	a814                	.insn	2, 0xa814
80006bee:	6d49                	lui	s10,0x12
80006bf0:	1554                	add	a3,sp,676
80006bf2:	47ba                	lw	a5,140(sp)
80006bf4:	b802                	.insn	2, 0xb802
80006bf6:	0309                	add	t1,t1,2 # ffff1002 <_tbss_end+0x7ffe73fe>
80006bf8:	7e0c                	.insn	2, 0x7e0c
80006bfa:	4f6a                	lw	t5,152(sp)
80006bfc:	5a46b2c3          	.insn	4, 0x5a46b2c3
80006c00:	69d9                	lui	s3,0x16
80006c02:	3632                	.insn	2, 0x3632
80006c04:	adc9                	j	800072d6 <input_data+0x1736>
80006c06:	7221                	lui	tp,0xfffe8
80006c08:	0b52                	sll	s6,s6,0x14
80006c0a:	05a3216b          	.insn	4, 0x05a3216b
80006c0e:	3d91                	jal	80006a62 <input_data+0xec2>
80006c10:	4881f2b7          	lui	t0,0x4881f
80006c14:	06c34b8b          	.insn	4, 0x06c34b8b
80006c18:	4f41                	li	t5,16
80006c1a:	0fd74577          	.insn	4, 0x0fd74577
80006c1e:	2fb8                	.insn	2, 0x2fb8
80006c20:	227f 3f1a 5cc9 19c1 	.insn	14, 0x24497f10a60519c15cc93f1a227f
80006c28:	a605 7f10 2449 
80006c2e:	4609                	li	a2,2
80006c30:	3495                	jal	80006694 <input_data+0xaf4>
80006c32:	5f89                	li	t6,-30
80006c34:	b74e                	.insn	2, 0xb74e
80006c36:	3462                	.insn	2, 0x3462
80006c38:	1a9b193f 0f5c9eb7 	.insn	8, 0x0f5c9eb71a9b193f
80006c40:	21dc                	.insn	2, 0x21dc
80006c42:	2fb9                	jal	800073a0 <input_data+0x1800>
80006c44:	2390                	.insn	2, 0x2390
80006c46:	52b9                	li	t0,-18
80006c48:	5dbc                	lw	a5,120(a1)
80006c4a:	777e                	.insn	2, 0x777e
80006c4c:	07e4                	add	s1,sp,972
80006c4e:	f6013b8f          	.insn	4, 0xf6013b8f
80006c52:	5520                	lw	s0,104(a0)
80006c54:	2930                	.insn	2, 0x2930
80006c56:	b2da0a7b          	.insn	4, 0xb2da0a7b
80006c5a:	0476                	sll	s0,s0,0x1d
80006c5c:	0af0                	add	a2,sp,348
80006c5e:	ef612593          	slti	a1,sp,-266
80006c62:	4469                	li	s0,26
80006c64:	e19d                	bnez	a1,80006c8a <input_data+0x10ea>
80006c66:	06b6                	sll	a3,a3,0xd
80006c68:	1d74                	add	a3,sp,700
80006c6a:	3d4e                	.insn	2, 0x3d4e
80006c6c:	2dc1                	jal	8000733c <input_data+0x179c>
80006c6e:	70c4                	.insn	2, 0x70c4
80006c70:	7398                	.insn	2, 0x7398
80006c72:	7476                	.insn	2, 0x7476
80006c74:	12d4                	add	a3,sp,356
80006c76:	1cb4                	add	a3,sp,632
80006c78:	1886                	sll	a7,a7,0x21
80006c7a:	1a04                	add	s1,sp,304
80006c7c:	5ea0                	lw	s0,120(a3)
80006c7e:	82a85f6f          	jal	t5,7ff8bca8 <buflen.1+0x7ff8bc68>
80006c82:	f449044f          	.insn	4, 0xf449044f
80006c86:	5e3d                	li	t3,-17
80006c88:	1b717563          	bgeu	sp,s7,80006e32 <input_data+0x1292>
80006c8c:	88e1                	and	s1,s1,24
80006c8e:	7185                	lui	gp,0xfffe1
80006c90:	f2c1                	bnez	a3,80006c10 <input_data+0x1070>
80006c92:	2edd                	jal	80007088 <input_data+0x14e8>
80006c94:	1fe2                	sll	t6,t6,0x38
80006c96:	1571                	add	a0,a0,-4
80006c98:	c58d                	beqz	a1,80006cc2 <input_data+0x1122>
80006c9a:	82bc7257          	.insn	4, 0x82bc7257
80006c9e:	003d                	c.nop	15
80006ca0:	5eb2                	lw	t4,44(sp)
80006ca2:	641f 5118 4430      	.insn	6, 0x44305118641f
80006ca8:	4838                	lw	a4,80(s0)
80006caa:	c6375727          	.insn	4, 0xc6375727
80006cae:	292d                	jal	800070e8 <input_data+0x1548>
80006cb0:	50ec                	lw	a1,100(s1)
80006cb2:	b4405a5b          	.insn	4, 0xb4405a5b
80006cb6:	15aa                	sll	a1,a1,0x2a
80006cb8:	f556                	.insn	2, 0xf556
80006cba:	8743583b          	.insn	4, 0x8743583b
80006cbe:	d5303e3b          	.insn	4, 0xd5303e3b
80006cc2:	a7e9795b          	.insn	4, 0xa7e9795b
80006cc6:	0d08                	add	a0,sp,656
80006cc8:	e05e                	.insn	2, 0xe05e
80006cca:	3181                	jal	8000690a <input_data+0xd6a>
80006ccc:	d8e5                	beqz	s1,80006cbc <input_data+0x111c>
80006cce:	3ad616c3          	.insn	4, 0x3ad616c3
80006cd2:	0675                	add	a2,a2,29 # 701d <buflen.1+0x6fdd>
80006cd4:	f25c                	.insn	2, 0xf25c
80006cd6:	057f cc9f 0cfa b38c 	.insn	10, 0x5abcb38c0cfacc9f057f
80006cde:	5abc 
80006ce0:	71b9                	lui	gp,0xfffee
80006ce2:	8d403cdb          	.insn	4, 0x8d403cdb
80006ce6:	53de                	lw	t2,244(sp)
80006ce8:	33226d3b          	.insn	4, 0x33226d3b
80006cec:	ce81                	beqz	a3,80006d04 <input_data+0x1164>
80006cee:	7556                	.insn	2, 0x7556
80006cf0:	0bc1                	add	s7,s7,16 # 5010 <buflen.1+0x4fd0>
80006cf2:	5700                	lw	s0,40(a4)
80006cf4:	495f 502b 6ac2      	.insn	6, 0x6ac2502b495f
80006cfa:	2a4c                	.insn	2, 0x2a4c
80006cfc:	5e7e                	lw	t3,252(sp)
80006cfe:	1f06                	sll	t5,t5,0x21
80006d00:	8d0d                	sub	a0,a0,a1
80006d02:	7a1a                	.insn	2, 0x7a1a
80006d04:	ac82                	.insn	2, 0xac82
80006d06:	696d                	lui	s2,0x1b
80006d08:	3c6ee86b          	.insn	4, 0x3c6ee86b
80006d0c:	eb55                	bnez	a4,80006dc0 <input_data+0x1220>
80006d0e:	54be65e7          	.insn	4, 0x54be65e7
80006d12:	3d2d                	jal	80006b4c <input_data+0xfac>
80006d14:	8b7a                	mv	s6,t5
80006d16:	5222                	lw	tp,40(sp)
80006d18:	e2f0                	.insn	2, 0xe2f0
80006d1a:	5cfd                	li	s9,-1
80006d1c:	8ed1                	or	a3,a3,a2
80006d1e:	085b2057          	.insn	4, 0x085b2057
80006d22:	5b74                	lw	a3,116(a4)
80006d24:	0239                	add	tp,tp,14 # fffe800e <_tbss_end+0x7ffde40a>
80006d26:	1f79                	add	t5,t5,-2
80006d28:	78276307          	.insn	4, 0x78276307
80006d2c:	13640e9b          	.insn	4, 0x13640e9b
80006d30:	0be4                	add	s1,sp,476
80006d32:	43cd                	li	t2,19
80006d34:	8c1c                	.insn	2, 0x8c1c
80006d36:	1d7a704b          	.insn	4, 0x1d7a704b
80006d3a:	6f86                	.insn	2, 0x6f86
80006d3c:	6351                	lui	t1,0x14
80006d3e:	2aac                	.insn	2, 0x2aac
80006d40:	09fe3077          	.insn	4, 0x09fe3077
80006d44:	1e4c                	add	a1,sp,820
80006d46:	bae34d03          	lbu	s10,-1106(t1) # 13bae <buflen.1+0x13b6e>
80006d4a:	45df 5ebc 784d      	.insn	6, 0x784d5ebc45df
80006d50:	744d6397          	auipc	t2,0x744d6
80006d54:	463a                	lw	a2,140(sp)
80006d56:	634e                	.insn	2, 0x634e
80006d58:	a105                	j	80007178 <input_data+0x15d8>
80006d5a:	6d5d                	lui	s10,0x17
80006d5c:	32ee431b          	.insn	4, 0x32ee431b
80006d60:	c920                	sw	s0,80(a0)
80006d62:	1268                	add	a0,sp,300
80006d64:	6e48                	.insn	2, 0x6e48
80006d66:	1df4                	add	a3,sp,764
80006d68:	b7c8                	.insn	2, 0xb7c8
80006d6a:	7d82                	.insn	2, 0x7d82
80006d6c:	3d99                	jal	80006bc2 <input_data+0x1022>
80006d6e:	60d6                	.insn	2, 0x60d6
80006d70:	49c4                	lw	s1,20(a1)
80006d72:	1ea6                	sll	t4,t4,0x29
80006d74:	8a86                	mv	s5,ra
80006d76:	3a2d                	jal	800066b0 <input_data+0xb10>
80006d78:	0d8e43d3          	.insn	4, 0x0d8e43d3
80006d7c:	d5de                	sw	s7,232(sp)
80006d7e:	3661                	jal	80006906 <input_data+0xd66>
80006d80:	4040                	lw	s0,4(s0)
80006d82:	2ed9                	jal	80007158 <input_data+0x15b8>
80006d84:	8f99                	sub	a5,a5,a4
80006d86:	1ae8                	add	a0,sp,380
80006d88:	90c0                	.insn	2, 0x90c0
80006d8a:	84c10ca3          	sb	a2,-1959(sp)
80006d8e:	7b4e                	.insn	2, 0x7b4e
80006d90:	8f21                	xor	a4,a4,s0
80006d92:	06fd                	add	a3,a3,31 # e8f4d3cf <_tbss_end+0x68f437cb>
80006d94:	736f35b7          	lui	a1,0x736f3
80006d98:	c4ff 0c8f c41b 7643 	.insn	18, 0xd94853fba9d03862092d7643c41b0c8fc4ff
80006da0:	092d 3862 a9d0 53fb 
80006da8:	d948 
80006daa:	6202                	.insn	2, 0x6202
80006dac:	43e409b7          	lui	s3,0x43e40
80006db0:	2870b66f          	jal	a2,80012836 <_tbss_end+0x8c32>
80006db4:	4c3ceec7          	.insn	4, 0x4c3ceec7
80006db8:	4dbe                	lw	s11,204(sp)
80006dba:	2b26                	.insn	2, 0x2b26
80006dbc:	3f66                	.insn	2, 0x3f66
80006dbe:	0ba5                	add	s7,s7,9
80006dc0:	1fe2                	sll	t6,t6,0x38
80006dc2:	5952                	lw	s2,52(sp)
80006dc4:	d0de                	sw	s7,96(sp)
80006dc6:	3b90                	.insn	2, 0x3b90
80006dc8:	d69d                	beqz	a3,80006cf6 <input_data+0x1156>
80006dca:	6a2e634b          	.insn	4, 0x6a2e634b
80006dce:	6bb957d7          	.insn	4, 0x6bb957d7
80006dd2:	5d11                	li	s10,-28
80006dd4:	6d30                	.insn	2, 0x6d30
80006dd6:	0906                	sll	s2,s2,0x1
80006dd8:	daa0                	sw	s0,112(a3)
80006dda:	52a12997          	auipc	s3,0x52a12
80006dde:	60b9                	lui	ra,0xe
80006de0:	b44a                	.insn	2, 0xb44a
80006de2:	2439                	jal	80006ff0 <input_data+0x1450>
80006de4:	6f58                	.insn	2, 0x6f58
80006de6:	042a                	sll	s0,s0,0xa
80006de8:	3cf2                	.insn	2, 0x3cf2
80006dea:	204c44af          	.insn	4, 0x204c44af
80006dee:	3f66                	.insn	2, 0x3f66
80006df0:	a394                	.insn	2, 0xa394
80006df2:	4fc1                	li	t6,16
80006df4:	472e                	lw	a4,200(sp)
80006df6:	034e                	sll	t1,t1,0x13
80006df8:	8cce                	mv	s9,s3
80006dfa:	4c2d                	li	s8,11
80006dfc:	31e3fa47          	.insn	4, 0x31e3fa47
80006e00:	7220fd73          	csrrc	s10,0x722,1
80006e04:	b8b0                	.insn	2, 0xb8b0
80006e06:	3e8d                	jal	80006978 <input_data+0xdd8>
80006e08:	54b6                	lw	s1,108(sp)
80006e0a:	09a0                	add	s0,sp,216
80006e0c:	deea                	sw	s10,124(sp)
80006e0e:	04ca                	sll	s1,s1,0x12
80006e10:	625f 253c 47ff      	.insn	6, 0x47ff253c625f
80006e16:	346a                	.insn	2, 0x346a
80006e18:	3f95e34b          	.insn	4, 0x3f95e34b
80006e1c:	049e                	sll	s1,s1,0x7
80006e1e:	51fc                	lw	a5,100(a1)
80006e20:	5d0e34db          	.insn	4, 0x5d0e34db
80006e24:	2382                	.insn	2, 0x2382
80006e26:	038a                	sll	t2,t2,0x2
80006e28:	399987cf          	.insn	4, 0x399987cf
80006e2c:	35d0                	.insn	2, 0x35d0
80006e2e:	79d5                	lui	s3,0xffff5
80006e30:	2b82                	.insn	2, 0x2b82
80006e32:	4638                	lw	a4,72(a2)
80006e34:	4e25                	li	t3,9
80006e36:	4520                	lw	s0,72(a0)
80006e38:	dc36                	sw	a3,56(sp)
80006e3a:	115c                	add	a5,sp,164
80006e3c:	0a50ba03          	.insn	4, 0x0a50ba03
80006e40:	b9a9                	j	80006a9a <input_data+0xefa>
80006e42:	ebc45297          	auipc	t0,0xebc45
80006e46:	26dd                	jal	8000722c <input_data+0x168c>
80006e48:	56e2                	lw	a3,56(sp)
80006e4a:	6b6d                	lui	s6,0x1b
80006e4c:	7dfd                	lui	s11,0xfffff
80006e4e:	5cb9                	li	s9,-18
80006e50:	18b0                	add	a2,sp,120
80006e52:	2530                	.insn	2, 0x2530
80006e54:	b1a2                	.insn	2, 0xb1a2
80006e56:	5e28                	lw	a0,120(a2)
80006e58:	624efe03          	.insn	4, 0x624efe03
80006e5c:	10244d23          	.insn	4, 0x10244d23
80006e60:	14df5beb          	.insn	4, 0x14df5beb
80006e64:	46d09d13          	.insn	4, 0x46d09d13
80006e68:	3548b68b          	.insn	4, 0x3548b68b
80006e6c:	0dde                	sll	s11,s11,0x17
80006e6e:	1fda                	sll	t6,t6,0x36
80006e70:	9926                	add	s2,s2,s1
80006e72:	3f00                	.insn	2, 0x3f00
80006e74:	323a                	.insn	2, 0x323a
80006e76:	48c70dbf 133b7e3c 	.insn	8, 0x133b7e3c48c70dbf
80006e7e:	2e6c                	.insn	2, 0x2e6c
80006e80:	cfda                	sw	s6,220(sp)
80006e82:	a4ed0ef3          	.insn	4, 0xa4ed0ef3
80006e86:	063c                	add	a5,sp,776
80006e88:	d49f 4f2b b592      	.insn	6, 0xb5924f2bd49f
80006e8e:	6f6a                	.insn	2, 0x6f6a
80006e90:	6e24d8eb          	.insn	4, 0x6e24d8eb
80006e94:	6db5                	lui	s11,0xd
80006e96:	0f6b128b          	.insn	4, 0x0f6b128b
80006e9a:	1e30                	add	a2,sp,824
80006e9c:	845e                	mv	s0,s7
80006e9e:	491c6bc7          	.insn	4, 0x491c6bc7
80006ea2:	2435                	jal	800070ce <input_data+0x152e>
80006ea4:	ecf0                	.insn	2, 0xecf0
80006ea6:	5ce0                	lw	s0,124(s1)
80006ea8:	493e456f          	jal	a0,800ebb3a <_tbss_end+0xe1f36>
80006eac:	832c                	.insn	2, 0x832c
80006eae:	d0102aef          	jal	s5,7ff09bae <buflen.1+0x7ff09b6e>
80006eb2:	7501                	lui	a0,0xfffe0
80006eb4:	de19                	beqz	a2,80006dd2 <input_data+0x1232>
80006eb6:	3c49                	jal	80006948 <input_data+0xda8>
80006eb8:	b8f5                	j	800067b4 <input_data+0xc14>
80006eba:	47d2                	lw	a5,20(sp)
80006ebc:	21bf03af          	.insn	4, 0x21bf03af
80006ec0:	3dfe                	.insn	2, 0x3dfe
80006ec2:	18fa                	sll	a7,a7,0x3e
80006ec4:	7d20                	.insn	2, 0x7d20
80006ec6:	99062bf3          	csrrs	s7,0x990,a2
80006eca:	ceef1f03          	lh	t5,-786(t5)
80006ece:	f9ef67b7          	lui	a5,0xf9ef6
80006ed2:	5ff3644b          	.insn	4, 0x5ff3644b
80006ed6:	56be                	lw	a3,236(sp)
80006ed8:	69c4                	.insn	2, 0x69c4
80006eda:	7e4a                	.insn	2, 0x7e4a
80006edc:	6fa2                	.insn	2, 0x6fa2
80006ede:	52b62b7b          	.insn	4, 0x52b62b7b
80006ee2:	5d51                	li	s10,-12
80006ee4:	261f 2b0e 5867      	.insn	6, 0x58672b0e261f
80006eea:	2c15                	jal	8000711e <input_data+0x157e>
80006eec:	34968f93          	add	t6,a3,841
80006ef0:	b46e                	.insn	2, 0xb46e
80006ef2:	3734                	.insn	2, 0x3734
80006ef4:	3b99408f          	.insn	4, 0x3b99408f
80006ef8:	94d2                	add	s1,s1,s4
80006efa:	7a3f4e8f          	.insn	4, 0x7a3f4e8f
80006efe:	6ca90747          	.insn	4, 0x6ca90747
80006f02:	615d                	add	sp,sp,432
80006f04:	3372                	.insn	2, 0x3372
80006f06:	4bae                	lw	s7,200(sp)
80006f08:	6ad2                	.insn	2, 0x6ad2
80006f0a:	f67f16a7          	.insn	4, 0xf67f16a7
80006f0e:	3e38                	.insn	2, 0x3e38
80006f10:	27ac473b          	.insn	4, 0x27ac473b
80006f14:	3417d43b          	.insn	4, 0x3417d43b
80006f18:	74f2                	.insn	2, 0x74f2
80006f1a:	2aca                	.insn	2, 0x2aca
80006f1c:	c95e                	sw	s7,144(sp)
80006f1e:	eda17f4b          	.insn	4, 0xeda17f4b
80006f22:	2d68                	.insn	2, 0x2d68
80006f24:	25c2                	.insn	2, 0x25c2
80006f26:	5fa0                	lw	s0,120(a5)
80006f28:	e2fd                	bnez	a3,8000700e <input_data+0x146e>
80006f2a:	540d27bb          	.insn	4, 0x540d27bb
80006f2e:	1e9c                	add	a5,sp,880
80006f30:	930e                	add	t1,t1,gp
80006f32:	59a5                	li	s3,-23
80006f34:	9488                	.insn	2, 0x9488
80006f36:	4349                	li	t1,18
80006f38:	6e11                	lui	t3,0x4
80006f3a:	05ee                	sll	a1,a1,0x1b
80006f3c:	deec                	sw	a1,124(a3)
80006f3e:	2b16                	.insn	2, 0x2b16
80006f40:	1714                	add	a3,sp,928
80006f42:	3e6d                	jal	80006afc <input_data+0xf5c>
80006f44:	7518                	.insn	2, 0x7518
80006f46:	20d0                	.insn	2, 0x20d0
80006f48:	345c                	.insn	2, 0x345c
80006f4a:	43c8408b          	.insn	4, 0x43c8408b
80006f4e:	1144                	add	s1,sp,164
80006f50:	68ec                	.insn	2, 0x68ec
80006f52:	0ce8                	add	a0,sp,604
80006f54:	c688                	sw	a0,8(a3)
80006f56:	4602                	lw	a2,0(sp)
80006f58:	5676                	lw	a2,124(sp)
80006f5a:	3268                	.insn	2, 0x3268
80006f5c:	c924                	sw	s1,80(a0)
80006f5e:	5ca1                	li	s9,-24
80006f60:	9562                	add	a0,a0,s8
80006f62:	226a                	.insn	2, 0x226a
80006f64:	5b1f 2f1a d05b      	.insn	6, 0xd05b2f1a5b1f
80006f6a:	2845                	jal	8000701a <input_data+0x147a>
80006f6c:	78f220af          	.insn	4, 0x78f220af
80006f70:	8960                	.insn	2, 0x8960
80006f72:	099f a911 0da5      	.insn	6, 0x0da5a911099f
80006f78:	2c54a803          	lw	a6,709(s1)
80006f7c:	9ad6                	add	s5,s5,s5
80006f7e:	50a2                	lw	ra,40(sp)
80006f80:	3314                	.insn	2, 0x3314
80006f82:	7e90                	.insn	2, 0x7e90
80006f84:	a565                	j	8000762c <input_data+0x1a8c>
80006f86:	32cd                	jal	80006968 <input_data+0xdc8>
80006f88:	2ba0                	.insn	2, 0x2ba0
80006f8a:	4cf4                	lw	a3,92(s1)
80006f8c:	c174                	sw	a3,68(a0)
80006f8e:	1abe                	sll	s5,s5,0x2f
80006f90:	4bc0                	lw	s0,20(a5)
80006f92:	2af7746f          	jal	s0,8007ea40 <_tbss_end+0x74e3c>
80006f96:	9973370b          	.insn	4, 0x9973370b
80006f9a:	3152                	.insn	2, 0x3152
80006f9c:	aba4                	.insn	2, 0xaba4
80006f9e:	431d                	li	t1,7
80006fa0:	b420                	.insn	2, 0xb420
80006fa2:	0bcc                	add	a1,sp,468
80006fa4:	8f9a                	mv	t6,t1
80006fa6:	10c4                	add	s1,sp,100
80006fa8:	45da2b4b          	.insn	4, 0x45da2b4b
80006fac:	7cb6                	.insn	2, 0x7cb6
80006fae:	ed702d97          	auipc	s11,0xed702
80006fb2:	2381                	jal	800074f2 <input_data+0x1952>
80006fb4:	2954                	.insn	2, 0x2954
80006fb6:	7ef4                	.insn	2, 0x7ef4
80006fb8:	1f9c                	add	a5,sp,1008
80006fba:	55a9                	li	a1,-22
80006fbc:	5646a03f 2d08d921 	.insn	8, 0x2d08d9215646a03f
80006fc4:	a5cd                	j	800076a6 <input_data+0x1b06>
80006fc6:	7f02                	.insn	2, 0x7f02
80006fc8:	fa38                	.insn	2, 0xfa38
80006fca:	6d62                	.insn	2, 0x6d62
80006fcc:	754a                	.insn	2, 0x754a
80006fce:	89185c3f 35c46e96 	.insn	8, 0x35c46e9689185c3f
80006fd6:	398c                	.insn	2, 0x398c
80006fd8:	d6ad                	beqz	a3,80006f42 <input_data+0x13a2>
80006fda:	2812                	.insn	2, 0x2812
80006fdc:	3aae                	.insn	2, 0x3aae
80006fde:	0ae2                	sll	s5,s5,0x18
80006fe0:	8aa1                	and	a3,a3,8
80006fe2:	0ce6                	sll	s9,s9,0x19
80006fe4:	aeb6                	.insn	2, 0xaeb6
80006fe6:	4ef5                	li	t4,29
80006fe8:	463a                	lw	a2,140(sp)
80006fea:	443a                	lw	s0,140(sp)
80006fec:	2e78                	.insn	2, 0x2e78
80006fee:	1b16                	sll	s6,s6,0x25
80006ff0:	48bfb5ef          	jal	a1,80102c7a <_tbss_end+0xf9076>
80006ff4:	e4a2                	.insn	2, 0xe4a2
80006ff6:	5aa6                	lw	s5,104(sp)
80006ff8:	d36e                	sw	s11,164(sp)
80006ffa:	6b25                	lui	s6,0x9
80006ffc:	f286                	.insn	2, 0xf286
80006ffe:	5e79                	li	t3,-2
80007000:	2c50                	.insn	2, 0x2c50
80007002:	2f82                	.insn	2, 0x2f82
80007004:	9de8                	.insn	2, 0x9de8
80007006:	6c91                	lui	s9,0x4
80007008:	e55e                	.insn	2, 0xe55e
8000700a:	68357ed7          	.insn	4, 0x68357ed7
8000700e:	3a04                	.insn	2, 0x3a04
80007010:	cef1                	beqz	a3,800070ec <input_data+0x154c>
80007012:	3b1e                	.insn	2, 0x3b1e
80007014:	a34d                	j	800075b6 <input_data+0x1a16>
80007016:	2880                	.insn	2, 0x2880
80007018:	74ec5c83          	lhu	s9,1870(s8) # 5380774e <buflen.1+0x5380770e>
8000701c:	5531                	li	a0,-20
8000701e:	7cd2                	.insn	2, 0x7cd2
80007020:	1753184b          	.insn	4, 0x1753184b
80007024:	8e1a                	mv	t3,t1
80007026:	5fa0                	lw	s0,120(a5)
80007028:	e330                	.insn	2, 0xe330
8000702a:	2262                	.insn	2, 0x2262
8000702c:	436d                	li	t1,27
8000702e:	6610                	.insn	2, 0x6610
80007030:	e22a                	.insn	2, 0xe22a
80007032:	1488                	add	a0,sp,608
80007034:	1664                	add	s1,sp,812
80007036:	42ec                	lw	a1,68(a3)
80007038:	62e38bab          	.insn	4, 0x62e38bab
8000703c:	2e2c                	.insn	2, 0x2e2c
8000703e:	4f35                	li	t5,13
80007040:	4258                	lw	a4,4(a2)
80007042:	02e8                	add	a0,sp,332
80007044:	c368                	sw	a0,68(a4)
80007046:	f5ee0ebf ae3b6d70 	.insn	8, 0xae3b6d70f5ee0ebf
8000704e:	5d39                	li	s10,-18
80007050:	47ea                	lw	a5,152(sp)
80007052:	52a2                	lw	t0,40(sp)
80007054:	000d                	c.nop	3
80007056:	1cf5                	add	s9,s9,-3 # 3ffd <buflen.1+0x3fbd>
80007058:	d6fc                	sw	a5,108(a3)
8000705a:	0234                	add	a3,sp,264
8000705c:	7742                	.insn	2, 0x7742
8000705e:	1540                	add	s0,sp,676
80007060:	0326                	sll	t1,t1,0x9
80007062:	63de                	.insn	2, 0x63de
80007064:	19a2b58b          	.insn	4, 0x19a2b58b
80007068:	5bd8                	lw	a4,52(a5)
8000706a:	182e74c7          	.insn	4, 0x182e74c7
8000706e:	6a60                	.insn	2, 0x6a60
80007070:	6d9de20f          	.insn	4, 0x6d9de20f
80007074:	ae28                	.insn	2, 0xae28
80007076:	5f21                	li	t5,-24
80007078:	119f8227          	.insn	4, 0x119f8227
8000707c:	10d2                	sll	ra,ra,0x34
8000707e:	0b8f180b          	.insn	4, 0x0b8f180b
80007082:	7e0a                	.insn	2, 0x7e0a
80007084:	2220                	.insn	2, 0x2220
80007086:	5a55                	li	s4,-11
80007088:	2062                	.insn	2, 0x2062
8000708a:	5be2                	lw	s7,56(sp)
8000708c:	56126e87          	.insn	4, 0x56126e87
80007090:	0341                	add	t1,t1,16
80007092:	486d                	li	a6,27
80007094:	f0a0                	.insn	2, 0xf0a0
80007096:	f7b7649b          	.insn	4, 0xf7b7649b
8000709a:	5c26                	lw	s8,104(sp)
8000709c:	420c                	lw	a1,0(a2)
8000709e:	7190                	.insn	2, 0x7190
800070a0:	7fd8                	.insn	2, 0x7fd8
800070a2:	207a                	.insn	2, 0x207a
800070a4:	26e9                	jal	8000746e <input_data+0x18ce>
800070a6:	7b55                	lui	s6,0xffff5
800070a8:	c97d                	beqz	a0,8000719e <input_data+0x15fe>
800070aa:	64a6                	.insn	2, 0x64a6
800070ac:	6075                	c.lui	zero,0x1d
800070ae:	544a                	lw	s0,176(sp)
800070b0:	13ccfe2f          	.insn	4, 0x13ccfe2f
800070b4:	25aa979b          	.insn	4, 0x25aa979b
800070b8:	193b0a53          	.insn	4, 0x193b0a53
800070bc:	4f730137          	lui	sp,0x4f730
800070c0:	3aed                	jal	80006aba <input_data+0xf1a>
800070c2:	2085                	jal	80007122 <input_data+0x1582>
800070c4:	6408                	.insn	2, 0x6408
800070c6:	127e                	sll	tp,tp,0x3f
800070c8:	6cd4                	.insn	2, 0x6cd4
800070ca:	eb5f3947          	.insn	4, 0xeb5f3947
800070ce:	5cd41633          	.insn	4, 0x5cd41633
800070d2:	79c3733f 1df96604 	.insn	8, 0x1df9660479c3733f
800070da:	03e500af          	.insn	4, 0x03e500af
800070de:	094a                	sll	s2,s2,0x12
800070e0:	29c439a7          	.insn	4, 0x29c439a7
800070e4:	263e                	.insn	2, 0x263e
800070e6:	56df 2d0a 4efb      	.insn	6, 0x4efb2d0a56df
800070ec:	2f1a                	.insn	2, 0x2f1a
800070ee:	0a42                	sll	s4,s4,0x10
800070f0:	bfb6                	.insn	2, 0xbfb6
800070f2:	2799                	jal	80007838 <input_data+0x1c98>
800070f4:	65a60287          	.insn	4, 0x65a60287
800070f8:	3942                	.insn	2, 0x3942
800070fa:	1675                	add	a2,a2,-3
800070fc:	973c                	.insn	2, 0x973c
800070fe:	57c5                	li	a5,-15
80007100:	2e08                	.insn	2, 0x2e08
80007102:	147c                	add	a5,sp,556
80007104:	9932                	add	s2,s2,a2
80007106:	51b0                	lw	a2,96(a1)
80007108:	1efe                	sll	t4,t4,0x3f
8000710a:	0fd1                	add	t6,t6,20 # dcd04014 <_tbss_end+0x5ccfa410>
8000710c:	8a2c                	.insn	2, 0x8a2c
8000710e:	7bf2                	.insn	2, 0x7bf2
80007110:	6522                	.insn	2, 0x6522
80007112:	6b7a                	.insn	2, 0x6b7a
80007114:	4855                	li	a6,21
80007116:	1ef2                	sll	t4,t4,0x3c
80007118:	fea1                	bnez	a3,80007070 <input_data+0x14d0>
8000711a:	5bb1                	li	s7,-20
8000711c:	4038                	lw	a4,64(s0)
8000711e:	7320                	.insn	2, 0x7320
80007120:	3a7a                	.insn	2, 0x3a7a
80007122:	468a                	lw	a3,128(sp)
80007124:	58cb01ab          	.insn	4, 0x58cb01ab
80007128:	9709                	sra	a4,a4,0x22
8000712a:	1d82                	sll	s11,s11,0x20
8000712c:	2fbefe13          	and	t3,t4,763
80007130:	5874                	lw	a3,116(s0)
80007132:	0a8e                	sll	s5,s5,0x3
80007134:	4d08aadb          	.insn	4, 0x4d08aadb
80007138:	8da5                	xor	a1,a1,s1
8000713a:	505e                	.insn	2, 0x505e
8000713c:	5c6b23e3          	.insn	4, 0x5c6b23e3
80007140:	d515                	beqz	a0,8000706c <input_data+0x14cc>
80007142:	2995                	jal	800075b6 <input_data+0x1a16>
80007144:	ffd4                	.insn	2, 0xffd4
80007146:	330e                	.insn	2, 0x330e
80007148:	76c9de3b          	.insn	4, 0x76c9de3b
8000714c:	db78                	sw	a4,116(a4)
8000714e:	46e0                	lw	s0,76(a3)
80007150:	0d36494b          	.insn	4, 0x0d36494b
80007154:	0957f94f          	.insn	4, 0x0957f94f
80007158:	4c36                	lw	s8,76(sp)
8000715a:	024d                	add	tp,tp,19 # 13 <buf.2+0x13>
8000715c:	379a                	.insn	2, 0x379a
8000715e:	d2d71667          	.insn	4, 0xd2d71667
80007162:	d9767be3          	bgeu	a2,s7,80006ef8 <input_data+0x1358>
80007166:	7d5c                	.insn	2, 0x7d5c
80007168:	14624fa3          	.insn	4, 0x14624fa3
8000716c:	29a4b67b          	.insn	4, 0x29a4b67b
80007170:	0ad6                	sll	s5,s5,0x15
80007172:	20a316b7          	lui	a3,0x20a31
80007176:	4798                	lw	a4,8(a5)
80007178:	97d2                	add	a5,a5,s4
8000717a:	4c06                	lw	s8,64(sp)
8000717c:	394c                	.insn	2, 0x394c
8000717e:	17bc                	add	a5,sp,1000
80007180:	2fc79aeb          	.insn	4, 0x2fc79aeb
80007184:	cc41                	beqz	s0,8000721c <input_data+0x167c>
80007186:	40d2                	lw	ra,20(sp)
80007188:	dd86                	sw	ra,248(sp)
8000718a:	3276                	.insn	2, 0x3276
8000718c:	a2ea                	.insn	2, 0xa2ea
8000718e:	6e30                	.insn	2, 0x6e30
80007190:	4cc2bb0b          	.insn	4, 0x4cc2bb0b
80007194:	537361cf          	.insn	4, 0x537361cf
80007198:	5ed6                	lw	t4,116(sp)
8000719a:	5f92                	lw	t6,36(sp)
8000719c:	6fb9                	lui	t6,0xe
8000719e:	497e                	lw	s2,220(sp)
800071a0:	81e5                	srl	a1,a1,0x19
800071a2:	6803304f          	.insn	4, 0x6803304f
800071a6:	fea4292b          	.insn	4, 0xfea4292b
800071aa:	b88a6ee3          	bltu	s4,s0,80006d46 <input_data+0x11a6>
800071ae:	2cbd                	jal	8000742c <input_data+0x188c>
800071b0:	91ec                	.insn	2, 0x91ec
800071b2:	100b4bc7          	.insn	4, 0x100b4bc7
800071b6:	3348                	.insn	2, 0x3348
800071b8:	a1b8                	.insn	2, 0xa1b8
800071ba:	32b546e3          	blt	a0,a1,80007ce6 <scratch.0+0x136>
800071be:	7214                	.insn	2, 0x7214
800071c0:	4d02                	lw	s10,0(sp)
800071c2:	3869                	jal	80006a5c <input_data+0xebc>
800071c4:	f0ee                	.insn	2, 0xf0ee
800071c6:	6c34                	.insn	2, 0x6c34
800071c8:	0379                	add	t1,t1,30
800071ca:	2c52                	.insn	2, 0x2c52
800071cc:	df4c                	sw	a1,60(a4)
800071ce:	7165                	add	sp,sp,-400
800071d0:	58c2                	lw	a7,48(sp)
800071d2:	4c11                	li	s8,4
800071d4:	d711                	beqz	a4,800070e0 <input_data+0x1540>
800071d6:	dc48778b          	.insn	4, 0xdc48778b
800071da:	253a                	.insn	2, 0x253a
800071dc:	3b66                	.insn	2, 0x3b66
800071de:	7dac                	.insn	2, 0x7dac
800071e0:	dd6a                	sw	s10,184(sp)
800071e2:	c9d6745b          	.insn	4, 0xc9d6745b
800071e6:	397a                	.insn	2, 0x397a
800071e8:	d378                	sw	a4,100(a4)
800071ea:	45cc                	lw	a1,12(a1)
800071ec:	7ec6e397          	auipc	t2,0x7ec6e
800071f0:	8964                	.insn	2, 0x8964
800071f2:	306a                	.insn	2, 0x306a
800071f4:	895f 0679 56ec      	.insn	6, 0x56ec0679895f
800071fa:	3a74                	.insn	2, 0x3a74
800071fc:	bc82                	.insn	2, 0xbc82
800071fe:	2a95                	jal	80007372 <input_data+0x17d2>
80007200:	6413036f          	jal	t1,80038040 <_tbss_end+0x2e43c>
80007204:	e670                	.insn	2, 0xe670
80007206:	7359                	lui	t1,0xffff6
80007208:	0e1e124f          	.insn	4, 0x0e1e124f
8000720c:	d285                	beqz	a3,8000712c <input_data+0x158c>
8000720e:	156e5bdb          	.insn	4, 0x156e5bdb
80007212:	3f8a                	.insn	2, 0x3f8a
80007214:	7672                	.insn	2, 0x7672
80007216:	5fd2                	lw	t6,52(sp)
80007218:	5fea                	lw	t6,184(sp)
8000721a:	429272d7          	.insn	4, 0x429272d7
8000721e:	79cd38eb          	.insn	4, 0x79cd38eb
80007222:	675a                	.insn	2, 0x675a
80007224:	4595                	li	a1,5
80007226:	00d9                	add	ra,ra,22 # e016 <buflen.1+0xdfd6>
80007228:	ad26                	.insn	2, 0xad26
8000722a:	59ce                	lw	s3,240(sp)
8000722c:	9e1e                	add	t3,t3,t2
8000722e:	328d                	jal	80006b90 <input_data+0xff0>
80007230:	d58c                	sw	a1,40(a1)
80007232:	463a                	lw	a2,140(sp)
80007234:	490d                	li	s2,3
80007236:	249c                	.insn	2, 0x249c
80007238:	6ca0                	.insn	2, 0x6ca0
8000723a:	5c312b9b          	.insn	4, 0x5c312b9b
8000723e:	5a21                	li	s4,-24
80007240:	08ea                	sll	a7,a7,0x1a
80007242:	03c5                	add	t2,t2,17 # fec751fd <_tbss_end+0x7ec6b5f9>
80007244:	737c                	.insn	2, 0x737c
80007246:	cfe139bf 099e6a54 	.insn	8, 0x099e6a54cfe139bf
8000724e:	539c                	lw	a5,32(a5)
80007250:	a0ae                	.insn	2, 0xa0ae
80007252:	50c9                	li	ra,-14
80007254:	62e46d6f          	jal	s10,8004d882 <_tbss_end+0x43c7e>
80007258:	22c2                	.insn	2, 0x22c2
8000725a:	45f8                	lw	a4,76(a1)
8000725c:	0a4d                	add	s4,s4,19
8000725e:	3e2a                	.insn	2, 0x3e2a
80007260:	d214                	sw	a3,32(a2)
80007262:	4e9c                	lw	a5,24(a3)
80007264:	1402                	sll	s0,s0,0x20
80007266:	447e                	lw	s0,220(sp)
80007268:	7c93425b          	.insn	4, 0x7c93425b
8000726c:	ddb4                	sw	a3,120(a1)
8000726e:	479f 0b53 0ee7      	.insn	6, 0x0ee70b53479f
80007274:	ffa0                	.insn	2, 0xffa0
80007276:	3db1                	jal	800070d2 <input_data+0x1532>
80007278:	49a5                	li	s3,9
8000727a:	2835                	jal	800072b6 <input_data+0x1716>
8000727c:	f865                	bnez	s0,8000726c <input_data+0x16cc>
8000727e:	40fd                	li	ra,31
80007280:	73d9c2c7          	.insn	4, 0x73d9c2c7
80007284:	74e5                	lui	s1,0xffff9
80007286:	37ac                	.insn	2, 0x37ac
80007288:	7c6f2dab          	.insn	4, 0x7c6f2dab
8000728c:	64c0                	.insn	2, 0x64c0
8000728e:	cec02c07          	.insn	4, 0xcec02c07
80007292:	4dc9                	li	s11,18
80007294:	41a4                	lw	s1,64(a1)
80007296:	a371056f          	jal	a0,7ff17ccc <buflen.1+0x7ff17c8c>
8000729a:	7cc865cf          	.insn	4, 0x7cc865cf
8000729e:	647c                	.insn	2, 0x647c
800072a0:	15bb2fe7          	.insn	4, 0x15bb2fe7
800072a4:	6eea2803          	lw	a6,1774(s4)
800072a8:	4961                	li	s2,24
800072aa:	72e1                	lui	t0,0xffff8
800072ac:	360e2f13          	slti	t5,t3,864
800072b0:	40fed847          	.insn	4, 0x40fed847
800072b4:	99c5                	and	a1,a1,-15
800072b6:	ae6e3533          	.insn	4, 0xae6e3533
800072ba:	60db7567          	.insn	4, 0x60db7567
800072be:	98ff6fb3          	.insn	4, 0x98ff6fb3
800072c2:	3741                	jal	80007242 <input_data+0x16a2>
800072c4:	a5a0                	.insn	2, 0xa5a0
800072c6:	4522                	lw	a0,8(sp)
800072c8:	70c8                	.insn	2, 0x70c8
800072ca:	1f332b87          	.insn	4, 0x1f332b87
800072ce:	14d1                	add	s1,s1,-12 # ffff8ff4 <_tbss_end+0x7ffef3f0>
800072d0:	12f40083          	lb	ra,303(s0)
800072d4:	18cd                	add	a7,a7,-13 # fffe1ff3 <_tbss_end+0x7ffd83ef>
800072d6:	4e3b0d77          	.insn	4, 0x4e3b0d77
800072da:	71531ccf          	.insn	4, 0x71531ccf
800072de:	938a3dbf f69e0e65 	.insn	8, 0xf69e0e65938a3dbf
800072e6:	4c4a                	lw	s8,144(sp)
800072e8:	4a5ba023          	sw	t0,1184(s7)
800072ec:	be14                	.insn	2, 0xbe14
800072ee:	6a980ebf 88496aea 	.insn	8, 0x88496aea6a980ebf
800072f6:	2cd8                	.insn	2, 0x2cd8
800072f8:	112b5d0f          	.insn	4, 0x112b5d0f
800072fc:	d676                	sw	t4,44(sp)
800072fe:	7b96                	.insn	2, 0x7b96
80007300:	7988de27          	.insn	4, 0x7988de27
80007304:	24d266c3          	.insn	4, 0x24d266c3
80007308:	59f1                	li	s3,-4
8000730a:	19d5                	add	s3,s3,-11 # ffff4ff5 <_tbss_end+0x7ffeb3f1>
8000730c:	d75f 1dcb 8b75      	.insn	6, 0x8b751dcbd75f
80007312:	3e9d                	jal	80006e88 <input_data+0x12e8>
80007314:	13bf00c7          	.insn	4, 0x13bf00c7
80007318:	24ff 32be 345f 4d2e 	.insn	14, 0x3ef5663e9be54d2e345f32be24ff
80007320:	9be5 663e 3ef5 
80007326:	451f 742a 3d5a      	.insn	6, 0x3d5a742a451f
8000732c:	5dae                	lw	s11,232(sp)
8000732e:	78d8                	.insn	2, 0x78d8
80007330:	628bd913          	ror	s2,s7,0x28
80007334:	6fc00817          	auipc	a6,0x6fc00
80007338:	c139                	beqz	a0,8000737e <input_data+0x17de>
8000733a:	9338498f          	.insn	4, 0x9338498f
8000733e:	0f89                	add	t6,t6,2 # e002 <buflen.1+0xdfc2>
80007340:	3e27b777          	.insn	4, 0x3e27b777
80007344:	8780                	.insn	2, 0x8780
80007346:	5390                	lw	a2,32(a5)
80007348:	4d81                	li	s11,0
8000734a:	2b84                	.insn	2, 0x2b84
8000734c:	96cd                	sra	a3,a3,0x33
8000734e:	6808                	.insn	2, 0x6808
80007350:	21b4                	.insn	2, 0x21b4
80007352:	5c6e                	lw	s8,248(sp)
80007354:	378e                	.insn	2, 0x378e
80007356:	67435fd3          	.insn	4, 0x67435fd3
8000735a:	39c9                	jal	8000702c <input_data+0x148c>
8000735c:	0f7c                	add	a5,sp,924
8000735e:	2e6a                	.insn	2, 0x2e6a
80007360:	6e7e                	.insn	2, 0x6e7e
80007362:	6940                	.insn	2, 0x6940
80007364:	d24e                	sw	s3,36(sp)
80007366:	2b9d                	jal	800078dc <input_data+0x1d3c>
80007368:	6aa2                	.insn	2, 0x6aa2
8000736a:	5f5e                	lw	t5,244(sp)
8000736c:	8ffa                	mv	t6,t5
8000736e:	74b0                	.insn	2, 0x74b0
80007370:	000a8b27          	.insn	4, 0x000a8b27
80007374:	6a3e                	.insn	2, 0x6a3e
80007376:	1a7c                	add	a5,sp,316
80007378:	4c38983f 4969523d 	.insn	8, 0x4969523d4c38983f
80007380:	04c5                	add	s1,s1,17
80007382:	239c                	.insn	2, 0x239c
80007384:	0d2d                	add	s10,s10,11 # 1700b <buflen.1+0x16fcb>
80007386:	40ce                	lw	ra,208(sp)
80007388:	0f637b73          	csrrc	s6,0xf6,6
8000738c:	da26                	sw	s1,52(sp)
8000738e:	3a007cc7          	.insn	4, 0x3a007cc7
80007392:	5730                	lw	a2,104(a4)
80007394:	7b35733f 610f3a28 	.insn	8, 0x610f3a287b35733f
8000739c:	2d73d15b          	.insn	4, 0x2d73d15b
800073a0:	9f7d                	.insn	2, 0x9f7d
800073a2:	5c0d472b          	.insn	4, 0x5c0d472b
800073a6:	505e                	.insn	2, 0x505e
800073a8:	c854                	sw	a3,20(s0)
800073aa:	6c9d                	lui	s9,0x7
800073ac:	8e32                	mv	t3,a2
800073ae:	6cdf a0e2 4248      	.insn	6, 0x4248a0e26cdf
800073b4:	5be8                	lw	a0,116(a5)
800073b6:	7c80                	.insn	2, 0x7c80
800073b8:	9914                	.insn	2, 0x9914
800073ba:	3095                	jal	80006c1e <input_data+0x107e>
800073bc:	d7c8                	sw	a0,44(a5)
800073be:	74b2                	.insn	2, 0x74b2
800073c0:	4885                	li	a7,1
800073c2:	40cd                	li	ra,19
800073c4:	3491fb3f 73f00760 	.insn	8, 0x73f007603491fb3f
800073cc:	9932                	add	s2,s2,a2
800073ce:	62bc                	.insn	2, 0x62bc
800073d0:	1f8b77b7          	lui	a5,0x1f8b7
800073d4:	082b2a17          	auipc	s4,0x82b2
800073d8:	5071                	c.li	zero,-4
800073da:	55cb1f23          	sh	t3,1374(s6) # ffff555e <_tbss_end+0x7ffeb95a>
800073de:	19a67017          	auipc	zero,0x19a67
800073e2:	3280                	.insn	2, 0x3280
800073e4:	29b6                	.insn	2, 0x29b6
800073e6:	32c4                	.insn	2, 0x32c4
800073e8:	99ac                	.insn	2, 0x99ac
800073ea:	50ad372b          	.insn	4, 0x50ad372b
800073ee:	5af33dd7          	.insn	4, 0x5af33dd7
800073f2:	1b82                	sll	s7,s7,0x20
800073f4:	2e64                	.insn	2, 0x2e64
800073f6:	4f6e                	lw	t5,216(sp)
800073f8:	1c49                	add	s8,s8,-14
800073fa:	1f54                	add	a3,sp,948
800073fc:	52d6793b          	.insn	4, 0x52d6793b
80007400:	8fd1                	or	a5,a5,a2
80007402:	433a                	lw	t1,140(sp)
80007404:	1b49                	add	s6,s6,-14
80007406:	4775                	li	a4,29
80007408:	3085                	jal	80006c68 <input_data+0x10c8>
8000740a:	3339                	jal	80007118 <input_data+0x1578>
8000740c:	4eda                	lw	t4,148(sp)
8000740e:	2a21                	jal	80007526 <input_data+0x1986>
80007410:	12d6                	sll	t0,t0,0x35
80007412:	1629                	add	a2,a2,-22
80007414:	da71                	beqz	a2,800073e8 <input_data+0x1848>
80007416:	08ad                	add	a7,a7,11
80007418:	9280                	.insn	2, 0x9280
8000741a:	270d                	jal	80007b3c <input_data+0x1f9c>
8000741c:	71490dbf 4f800661 	.insn	8, 0x4f80066171490dbf
80007424:	41aaf2ef          	jal	t0,800b683e <_tbss_end+0xacc3a>
80007428:	dab4                	sw	a3,112(a3)
8000742a:	4c38                	lw	a4,88(s0)
8000742c:	7c9296e3          	bne	t0,s1,800083f8 <__global_pointer$+0x58>
80007430:	82a8                	.insn	2, 0x82a8
80007432:	1f1d4497          	auipc	s1,0x1f1d4
80007436:	00c9                	add	ra,ra,18
80007438:	c412                	sw	tp,8(sp)
8000743a:	598a                	lw	s3,160(sp)
8000743c:	a514                	.insn	2, 0xa514
8000743e:	41be                	lw	gp,204(sp)
80007440:	5a5e                	lw	s4,244(sp)
80007442:	1472                	sll	s0,s0,0x3c
80007444:	c500                	sw	s0,8(a0)
80007446:	711f 79bb 601e      	.insn	6, 0x601e79bb711f
8000744c:	0125                	add	sp,sp,9 # 4f730009 <buflen.1+0x4f72ffc9>
8000744e:	481f 3ffd 67c2      	.insn	6, 0x67c23ffd481f
80007454:	52ca                	lw	t0,176(sp)
80007456:	61fd                	lui	gp,0x1f
80007458:	c658                	sw	a4,12(a2)
8000745a:	3a42                	.insn	2, 0x3a42
8000745c:	8746                	mv	a4,a7
8000745e:	2ef5                	jal	8000785a <input_data+0x1cba>
80007460:	b5b6                	.insn	2, 0xb5b6
80007462:	09bc                	add	a5,sp,216
80007464:	a17a                	.insn	2, 0xa17a
80007466:	40d5                	li	ra,21
80007468:	9f16                	add	t5,t5,t0
8000746a:	ef6e0bef          	jal	s7,7ffe7b60 <buflen.1+0x7ffe7b20>
8000746e:	64d4                	.insn	2, 0x64d4
80007470:	d1f1                	beqz	a1,80007434 <input_data+0x1894>
80007472:	157e                	sll	a0,a0,0x3f
80007474:	9f9f 6a88 2442      	.insn	6, 0x24426a889f9f
8000747a:	021f 6af4 3108      	.insn	6, 0x31086af4021f
80007480:	8282                	jr	t0
80007482:	6d54                	.insn	2, 0x6d54
80007484:	a63a                	.insn	2, 0xa63a
80007486:	51c9                	li	gp,-14
80007488:	d17c                	sw	a5,100(a0)
8000748a:	493e3f67          	.insn	4, 0x493e3f67
8000748e:	3a06                	.insn	2, 0x3a06
80007490:	2998986b          	.insn	4, 0x2998986b
80007494:	f9c1                	bnez	a1,80007424 <input_data+0x1884>
80007496:	379b0953          	.insn	4, 0x379b0953
8000749a:	f5910a17          	auipc	s4,0xf5910
8000749e:	0ac2                	sll	s5,s5,0x10
800074a0:	8648                	.insn	2, 0x8648
800074a2:	06ad                	add	a3,a3,11 # 20a3100b <buflen.1+0x20a30fcb>
800074a4:	079f193f 0e683a1d 	.insn	8, 0x0e683a1d079f193f
800074ac:	c005                	beqz	s0,800074cc <input_data+0x192c>
800074ae:	777c                	.insn	2, 0x777c
800074b0:	01635b5b          	.insn	4, 0x01635b5b
800074b4:	770d9d97          	auipc	s11,0x770d9
800074b8:	6a49                	lui	s4,0x12
800074ba:	2be5                	jal	80007ab2 <input_data+0x1f12>
800074bc:	039c                	add	a5,sp,448
800074be:	766e                	.insn	2, 0x766e
800074c0:	2534                	.insn	2, 0x2534
800074c2:	5d9e                	lw	s11,228(sp)
800074c4:	8ae9                	and	a3,a3,26
800074c6:	b9e37b3b          	.insn	4, 0xb9e37b3b
800074ca:	5b6b5737          	lui	a4,0x5b6b5
800074ce:	08da                	sll	a7,a7,0x16
800074d0:	81fd                	srl	a1,a1,0x1f
800074d2:	24d8                	.insn	2, 0x24d8
800074d4:	160e                	sll	a2,a2,0x23
800074d6:	663d                	lui	a2,0xf
800074d8:	7b2b5f8b          	.insn	4, 0x7b2b5f8b
800074dc:	b8ee                	.insn	2, 0xb8ee
800074de:	7e44                	.insn	2, 0x7e44
800074e0:	cd60                	sw	s0,92(a0)
800074e2:	0bd0                	add	a2,sp,468
800074e4:	003e                	c.slli	zero,0xf
800074e6:	6d6d                	lui	s10,0x1b
800074e8:	503866b3          	.insn	4, 0x503866b3
800074ec:	4d82                	lw	s11,0(sp)
800074ee:	f2147167          	.insn	4, 0xf2147167
800074f2:	cad274eb          	.insn	4, 0xcad274eb
800074f6:	4cf9                	li	s9,30
800074f8:	4efa053b          	.insn	4, 0x4efa053b
800074fc:	58ee                	lw	a7,248(sp)
800074fe:	8a0b31e3          	.insn	4, 0x8a0b31e3
80007502:	25246e3f 70ab1dd3 	.insn	8, 0x70ab1dd325246e3f
8000750a:	0f155f57          	.insn	4, 0x0f155f57
8000750e:	65ae                	.insn	2, 0x65ae
80007510:	9731                	sra	a4,a4,0x2c
80007512:	5f65                	li	t5,-7
80007514:	1692                	sll	a3,a3,0x24
80007516:	170d                	add	a4,a4,-29 # 5b6b4fe3 <buflen.1+0x5b6b4fa3>
80007518:	8d0c                	.insn	2, 0x8d0c
8000751a:	3d52                	.insn	2, 0x3d52
8000751c:	e6d2                	.insn	2, 0xe6d2
8000751e:	6320                	.insn	2, 0x6320
80007520:	4ed6bee3          	.insn	4, 0x4ed6bee3
80007524:	86a0                	.insn	2, 0x86a0
80007526:	5864                	lw	s1,116(s0)
80007528:	411c6f63          	bltu	s8,a7,80007946 <input_data+0x1da6>
8000752c:	c3dd                	beqz	a5,800075d2 <input_data+0x1a32>
8000752e:	6366                	.insn	2, 0x6366
80007530:	91ec                	.insn	2, 0x91ec
80007532:	752c                	.insn	2, 0x752c
80007534:	e53c                	.insn	2, 0xe53c
80007536:	3f68                	.insn	2, 0x3f68
80007538:	67d54dcb          	.insn	4, 0x67d54dcb
8000753c:	8de8                	.insn	2, 0x8de8
8000753e:	11e4                	add	s1,sp,236
80007540:	0b3d                	add	s6,s6,15
80007542:	24fc                	.insn	2, 0x24fc
80007544:	d51d                	beqz	a0,80007472 <input_data+0x18d2>
80007546:	1e08                	add	a0,sp,816
80007548:	172d                	add	a4,a4,-21
8000754a:	7cdd                	lui	s9,0xffff7
8000754c:	3752e6c7          	.insn	4, 0x3752e6c7
80007550:	0f29                	add	t5,t5,10
80007552:	1091                	add	ra,ra,-28
80007554:	da45                	beqz	a2,80007504 <input_data+0x1964>
80007556:	8c9f63fb          	.insn	4, 0x8c9f63fb
8000755a:	d1cb4a73          	.insn	4, 0xd1cb4a73
8000755e:	55582fa7          	.insn	4, 0x55582fa7
80007562:	4656                	lw	a2,84(sp)
80007564:	02e12ea7          	.insn	4, 0x02e12ea7
80007568:	6f3a5657          	.insn	4, 0x6f3a5657
8000756c:	53ca3e2f          	.insn	4, 0x53ca3e2f
80007570:	c751                	beqz	a4,800075fc <input_data+0x1a5c>
80007572:	7dc1                	lui	s11,0xffff0
80007574:	fee2                	.insn	2, 0xfee2
80007576:	2e4b5f0b          	.insn	4, 0x2e4b5f0b
8000757a:	2299                	jal	800076c0 <input_data+0x1b20>
8000757c:	86aa                	mv	a3,a0
8000757e:	6876                	.insn	2, 0x6876
80007580:	fda0                	.insn	2, 0xfda0
80007582:	712a4fd3          	.insn	4, 0x712a4fd3
80007586:	da6636f7          	.insn	4, 0xda6636f7
8000758a:	182653ab          	.insn	4, 0x182653ab
8000758e:	11da                	sll	gp,gp,0x36
80007590:	259f 503a f848      	.insn	6, 0xf848503a259f
80007596:	4d60                	lw	s0,92(a0)
80007598:	5068                	lw	a0,100(s0)
8000759a:	91897ee3          	bgeu	s2,s8,80006eb6 <input_data+0x1316>
8000759e:	285d                	jal	80007654 <input_data+0x1ab4>
800075a0:	318c39e7          	.insn	4, 0x318c39e7
800075a4:	94b8                	.insn	2, 0x94b8
800075a6:	2c2d                	jal	800077e0 <input_data+0x1c40>
800075a8:	297efd5b          	.insn	4, 0x297efd5b
800075ac:	ceae                	sw	a1,92(sp)
800075ae:	175271f7          	.insn	4, 0x175271f7
800075b2:	3c96                	.insn	2, 0x3c96
800075b4:	c5f0                	sw	a2,76(a1)
800075b6:	28a6                	.insn	2, 0x28a6
800075b8:	caae                	sw	a1,84(sp)
800075ba:	1518                	add	a4,sp,672
800075bc:	7078                	.insn	2, 0x7078
800075be:	2159                	jal	80007a44 <input_data+0x1ea4>
800075c0:	98ac                	.insn	2, 0x98ac
800075c2:	1eb8                	add	a4,sp,888
800075c4:	0dc0                	add	s0,sp,724
800075c6:	6e66                	.insn	2, 0x6e66
800075c8:	184e1aef          	jal	s5,800e874c <_tbss_end+0xdeb48>
800075cc:	93fd                	srl	a5,a5,0x3f
800075ce:	82f53067          	.insn	4, 0x82f53067
800075d2:	6ed8                	.insn	2, 0x6ed8
800075d4:	07d4                	add	a3,sp,964
800075d6:	4192                	lw	gp,4(sp)
800075d8:	9829                	and	s0,s0,-22
800075da:	1db9                	add	s11,s11,-18 # fffeffee <_tbss_end+0x7ffe63ea>
800075dc:	8add                	and	a3,a3,23
800075de:	26f5                	jal	800079ca <input_data+0x1e2a>
800075e0:	ac55                	j	80007894 <input_data+0x1cf4>
800075e2:	37572da3          	sw	s5,891(a4)
800075e6:	08fe                	sll	a7,a7,0x1f
800075e8:	4dd8                	lw	a4,28(a1)
800075ea:	1395                	add	t2,t2,-27
800075ec:	86b6                	mv	a3,a3
800075ee:	0498                	add	a4,sp,576
800075f0:	679c                	.insn	2, 0x679c
800075f2:	69d1                	lui	s3,0x14
800075f4:	ccb2                	sw	a2,88(sp)
800075f6:	6d6e                	.insn	2, 0x6d6e
800075f8:	2885                	jal	80007668 <input_data+0x1ac8>
800075fa:	2a1a                	.insn	2, 0x2a1a
800075fc:	49b0                	lw	a2,80(a1)
800075fe:	49ed                	li	s3,27
80007600:	de75                	beqz	a2,800075fc <input_data+0x1a5c>
80007602:	3209                	jal	80006f04 <input_data+0x1364>
80007604:	c572                	sw	t3,136(sp)
80007606:	95023ed3          	.insn	4, 0x95023ed3
8000760a:	6ca9                	lui	s9,0xa
8000760c:	29d70e33          	.insn	4, 0x29d70e33
80007610:	a428                	.insn	2, 0xa428
80007612:	04f0                	add	a2,sp,588
80007614:	e848                	.insn	2, 0xe848
80007616:	26e2                	.insn	2, 0x26e2
80007618:	9944                	.insn	2, 0x9944
8000761a:	339f f7b8 373f      	.insn	6, 0x373ff7b8339f
80007620:	6b08                	.insn	2, 0x6b08
80007622:	4f09                	li	t5,2
80007624:	3f29                	jal	8000753e <input_data+0x199e>
80007626:	682e                	.insn	2, 0x682e
80007628:	60d8                	.insn	2, 0x60d8
8000762a:	7ebd45f7          	.insn	4, 0x7ebd45f7
8000762e:	5ad6                	lw	s5,116(sp)
80007630:	6680                	.insn	2, 0x6680
80007632:	1a72                	sll	s4,s4,0x3c
80007634:	d196                	sw	t0,224(sp)
80007636:	31cc                	.insn	2, 0x31cc
80007638:	d704                	sw	s1,40(a4)
8000763a:	0051                	c.nop	20
8000763c:	69d2                	.insn	2, 0x69d2
8000763e:	7b48                	.insn	2, 0x7b48
80007640:	83b4                	.insn	2, 0x83b4
80007642:	645e                	.insn	2, 0x645e
80007644:	80f5                	srl	s1,s1,0x1d
80007646:	7c05                	lui	s8,0xfffe1
80007648:	887a                	mv	a6,t5
8000764a:	720d                	lui	tp,0xfffe3
8000764c:	05d1                	add	a1,a1,20 # 736f3014 <buflen.1+0x736f2fd4>
8000764e:	42d638b3          	.insn	4, 0x42d638b3
80007652:	6872                	.insn	2, 0x6872
80007654:	091f 0648 a6bb      	.insn	6, 0xa6bb0648091f
8000765a:	6a98                	.insn	2, 0x6a98
8000765c:	6f2a                	.insn	2, 0x6f2a
8000765e:	6a89                	lui	s5,0x2
80007660:	9b08                	.insn	2, 0x9b08
80007662:	5548                	lw	a0,44(a0)
80007664:	46f4                	lw	a3,76(a3)
80007666:	203e                	.insn	2, 0x203e
80007668:	3499a707          	.insn	4, 0x3499a707
8000766c:	de5d                	beqz	a2,8000762a <input_data+0x1a8a>
8000766e:	292c                	.insn	2, 0x292c
80007670:	f2ea                	.insn	2, 0xf2ea
80007672:	0c11                	add	s8,s8,4 # fffe1004 <_tbss_end+0x7ffd7400>
80007674:	5f000727          	.insn	4, 0x5f000727
80007678:	96fd                	sra	a3,a3,0x3f
8000767a:	1f98                	add	a4,sp,1008
8000767c:	0981                	add	s3,s3,0 # 14000 <buflen.1+0x13fc0>
8000767e:	1700                	add	s0,sp,928
80007680:	3615d7bf 1695bf1f 	.insn	8, 0x1695bf1f3615d7bf
80007688:	1b1ae0d3          	.insn	4, 0x1b1ae0d3
8000768c:	cd00                	sw	s0,24(a0)
8000768e:	0efd                	add	t4,t4,31
80007690:	5680bd3f 431ab1f5 	.insn	8, 0x431ab1f55680bd3f
80007698:	d932                	sw	a2,176(sp)
8000769a:	0144                	add	s1,sp,132
8000769c:	6d64                	.insn	2, 0x6d64
8000769e:	61ec                	.insn	2, 0x61ec
800076a0:	2ff1affb          	.insn	4, 0x2ff1affb
800076a4:	2399                	jal	80007bea <scratch.0+0x3a>
800076a6:	7a15                	lui	s4,0xfffe5
800076a8:	10ae                	sll	ra,ra,0x2b
800076aa:	36b0                	.insn	2, 0x36b0
800076ac:	e44c                	.insn	2, 0xe44c
800076ae:	5a49                	li	s4,-14
800076b0:	8469                	sra	s0,s0,0x1a
800076b2:	0850                	add	a2,sp,20
800076b4:	5c12                	lw	s8,36(sp)
800076b6:	02e24423          	.insn	4, 0x02e24423
800076ba:	ca7a06db          	.insn	4, 0xca7a06db
800076be:	6722                	.insn	2, 0x6722
800076c0:	6133ac8b          	.insn	4, 0x6133ac8b
800076c4:	03065ce3          	bge	a2,a6,80007efc <scratch.0+0x34c>
800076c8:	5d24                	lw	s1,120(a0)
800076ca:	6806                	.insn	2, 0x6806
800076cc:	4e4c9107          	.insn	4, 0x4e4c9107
800076d0:	7e40                	.insn	2, 0x7e40
800076d2:	4025                	c.li	zero,9
800076d4:	4a88                	lw	a0,16(a3)
800076d6:	6c7f b6ea 381d dbb7 	.insn	22, 0x2a0d35ba6d82ac1f2b0b54273014dbb7381db6ea6c7f
800076de:	3014 5427 2b0b ac1f 
800076e6:	6d82 35ba 2a0d 
800076ec:	ee66                	.insn	2, 0xee66
800076ee:	7c82                	.insn	2, 0x7c82
800076f0:	932c                	.insn	2, 0x932c
800076f2:	1e6d                	add	t3,t3,-5 # 3ffb <buflen.1+0x3fbb>
800076f4:	c325                	beqz	a4,80007754 <input_data+0x1bb4>
800076f6:	0314                	add	a3,sp,384
800076f8:	36c6                	.insn	2, 0x36c6
800076fa:	3fa13543          	.insn	4, 0x3fa13543
800076fe:	51e5                	li	gp,-7
80007700:	3eb0                	.insn	2, 0x3eb0
80007702:	3c06                	.insn	2, 0x3c06
80007704:	5d55                	li	s10,-11
80007706:	28d4                	.insn	2, 0x28d4
80007708:	57b4b82b          	.insn	4, 0x57b4b82b
8000770c:	6251                	lui	tp,0x14
8000770e:	5cb4                	lw	a3,120(s1)
80007710:	6559                	lui	a0,0x16
80007712:	486c                	lw	a1,84(s0)
80007714:	a2b4                	.insn	2, 0xa2b4
80007716:	54ed                	li	s1,-5
80007718:	272cdbc7          	.insn	4, 0x272cdbc7
8000771c:	9892                	add	a7,a7,tp
8000771e:	52f5                	li	t0,-3
80007720:	398d5073          	csrw	0x398,26
80007724:	240481ab          	.insn	4, 0x240481ab
80007728:	7db2                	.insn	2, 0x7db2
8000772a:	81a24c9b          	.insn	4, 0x81a24c9b
8000772e:	145a                	sll	s0,s0,0x36
80007730:	0002                	c.slli64	zero
80007732:	1189                	add	gp,gp,-30 # 1efe2 <buflen.1+0x1efa2>
80007734:	7b4a                	.insn	2, 0x7b4a
80007736:	25be                	.insn	2, 0x25be
80007738:	711c785b          	.insn	4, 0x711c785b
8000773c:	74f4                	.insn	2, 0x74f4
8000773e:	7180                	.insn	2, 0x7180
80007740:	1d65                	add	s10,s10,-7 # 1aff9 <buflen.1+0x1afb9>
80007742:	3116                	.insn	2, 0x3116
80007744:	b1aa                	.insn	2, 0xb1aa
80007746:	5e0d                	li	t3,-29
80007748:	d041                	beqz	s0,800076c8 <input_data+0x1b28>
8000774a:	7830                	.insn	2, 0x7830
8000774c:	3c64                	.insn	2, 0x3c64
8000774e:	6f09                	lui	t5,0x2
80007750:	226a2ea7          	.insn	4, 0x226a2ea7
80007754:	3a76                	.insn	2, 0x3a76
80007756:	a14b3c5b          	.insn	4, 0xa14b3c5b
8000775a:	0ebc                	add	a5,sp,856
8000775c:	ff86                	.insn	2, 0xff86
8000775e:	746525ef          	jal	a1,80059ea4 <_tbss_end+0x502a0>
80007762:	7465                	lui	s0,0xffff9
80007764:	d780                	sw	s0,40(a5)
80007766:	564c                	lw	a1,44(a2)
80007768:	47c4                	lw	s1,12(a5)
8000776a:	0670                	add	a2,sp,780
8000776c:	3c985217          	auipc	tp,0x3c985
80007770:	7a0e7c57          	.insn	4, 0x7a0e7c57
80007774:	578e                	lw	a5,224(sp)
80007776:	3842                	.insn	2, 0x3842
80007778:	def5                	beqz	a3,80007774 <input_data+0x1bd4>
8000777a:	2ef0                	.insn	2, 0x2ef0
8000777c:	7796                	.insn	2, 0x7796
8000777e:	00c2                	sll	ra,ra,0x10
80007780:	127e                	sll	tp,tp,0x3f
80007782:	32e0                	.insn	2, 0x32e0
80007784:	0138                	add	a4,sp,136
80007786:	13e9                	add	t2,t2,-6
80007788:	cf61                	beqz	a4,80007860 <input_data+0x1cc0>
8000778a:	0dea20fb          	.insn	4, 0x0dea20fb
8000778e:	daea40ef          	jal	7ffabd3c <buflen.1+0x7ffabcfc>
80007792:	1dac                	add	a1,sp,760
80007794:	89e9                	and	a1,a1,26
80007796:	c6977987          	.insn	4, 0xc6977987
8000779a:	5582                	lw	a1,32(sp)
8000779c:	4ced7143          	.insn	4, 0x4ced7143
800077a0:	7e24                	.insn	2, 0x7e24
800077a2:	0486                	sll	s1,s1,0x1
800077a4:	390b3b03          	.insn	4, 0x390b3b03
800077a8:	7ef912b7          	lui	t0,0x7ef91
800077ac:	4b00                	lw	s0,16(a4)
800077ae:	f23d1c73          	csrrw	s8,0xf23,s10
800077b2:	38ca                	.insn	2, 0x38ca
800077b4:	071f 6487 fb86      	.insn	6, 0xfb866487071f
800077ba:	1b60                	add	s0,sp,444
800077bc:	ddc4                	sw	s1,60(a1)
800077be:	2cd0                	.insn	2, 0x2cd0
800077c0:	0a74                	add	a3,sp,284
800077c2:	31d9                	jal	80007488 <input_data+0x18e8>
800077c4:	7171                	add	sp,sp,-176
800077c6:	78df 5324 01b7      	.insn	6, 0x01b7532478df
800077cc:	c0ac                	sw	a1,64(s1)
800077ce:	133c                	add	a5,sp,424
800077d0:	177e                	sll	a4,a4,0x3f
800077d2:	4f96                	lw	t6,68(sp)
800077d4:	2eea494b          	.insn	4, 0x2eea494b
800077d8:	1870                	add	a2,sp,60
800077da:	06c5                	add	a3,a3,17
800077dc:	db9c                	sw	a5,48(a5)
800077de:	38ea                	.insn	2, 0x38ea
800077e0:	0276                	sll	tp,tp,0x1d
800077e2:	4e81                	li	t4,0
800077e4:	5bb8                	lw	a4,112(a5)
800077e6:	a4f94d77          	.insn	4, 0xa4f94d77
800077ea:	77c2                	.insn	2, 0x77c2
800077ec:	5c4d96b3          	.insn	4, 0x5c4d96b3
800077f0:	ec61                	bnez	s0,800078c8 <input_data+0x1d28>
800077f2:	5d497a2b          	.insn	4, 0x5d497a2b
800077f6:	809e2ba7          	.insn	4, 0x809e2ba7
800077fa:	6a35                	lui	s4,0xd
800077fc:	4ee1                	li	t4,24
800077fe:	7c9d                	lui	s9,0xfffe7
80007800:	fc5c                	.insn	2, 0xfc5c
80007802:	6dec3b3b          	.insn	4, 0x6dec3b3b
80007806:	74c8                	.insn	2, 0x74c8
80007808:	94c6                	add	s1,s1,a7
8000780a:	4fa9                	li	t6,10
8000780c:	4190                	lw	a2,0(a1)
8000780e:	2931                	jal	80007c2a <scratch.0+0x7a>
80007810:	a664                	.insn	2, 0xa664
80007812:	681f b8f7 37c3      	.insn	6, 0x37c3b8f7681f
80007818:	1936                	sll	s2,s2,0x2d
8000781a:	42f8                	lw	a4,68(a3)
8000781c:	417f 0676 54c2 5626 	.insn	18, 0xa6ab075a34930a1dd345562654c20676417f
80007824:	d345 0a1d 3493 075a 
8000782c:	a6ab 
8000782e:	6182                	.insn	2, 0x6182
80007830:	fe11                	bnez	a2,8000774c <input_data+0x1bac>
80007832:	2828                	.insn	2, 0x2828
80007834:	79c39977          	.insn	4, 0x79c39977
80007838:	2d2aea73          	csrrs	s4,0x2d2,21
8000783c:	0b6e                	sll	s6,s6,0x1b
8000783e:	1e8c                	add	a1,sp,880
80007840:	d1ee                	sw	s11,224(sp)
80007842:	0721                	add	a4,a4,8
80007844:	705c                	.insn	2, 0x705c
80007846:	91200377          	.insn	4, 0x91200377
8000784a:	88a17c9b          	.insn	4, 0x88a17c9b
8000784e:	1cfa                	sll	s9,s9,0x3e
80007850:	c63a                	sw	a4,12(sp)
80007852:	6089                	lui	ra,0x2
80007854:	19cee96b          	.insn	4, 0x19cee96b
80007858:	a8ed                	j	80007952 <input_data+0x1db2>
8000785a:	42fc3557          	.insn	4, 0x42fc3557
8000785e:	169e                	sll	a3,a3,0x27
80007860:	6f0e                	.insn	2, 0x6f0e
80007862:	70b5                	lui	ra,0xfffed
80007864:	ed6c                	.insn	2, 0xed6c
80007866:	706e                	.insn	2, 0x706e
80007868:	8f2e                	mv	t5,a1
8000786a:	6ec8                	.insn	2, 0x6ec8
8000786c:	39c73b7f 49572b3c 	.insn	16, 0x14f726d670b4af3749572b3c39c73b7f
80007874:	70b4af37 14f726d6 
8000787c:	7509                	lui	a0,0xfffe2
8000787e:	0ccc                	add	a1,sp,596
80007880:	4f7e                	lw	t5,220(sp)
80007882:	c8955c63          	bge	a0,s1,80006d1a <input_data+0x117a>
80007886:	30b0125b          	.insn	4, 0x30b0125b
8000788a:	0191                	add	gp,gp,4 # 800083a4 <__global_pointer$+0x4>
8000788c:	040ea107          	.insn	4, 0x040ea107
80007890:	9a3e                	add	s4,s4,a5
80007892:	03435273          	csrrw	tp,0x34,6
80007896:	6816                	.insn	2, 0x6816
80007898:	ad38                	.insn	2, 0xad38
8000789a:	40f9                	li	ra,30
8000789c:	a545                	j	80007f3c <scratch.0+0x38c>
8000789e:	da0162d3          	.insn	4, 0xda0162d3
800078a2:	7c11                	lui	s8,0xfffe4
800078a4:	7015                	c.lui	zero,0xfffe5
800078a6:	4216438f          	.insn	4, 0x4216438f
800078aa:	6ce86427          	.insn	4, 0x6ce86427
800078ae:	50713e9b          	.insn	4, 0x50713e9b
800078b2:	6ba6                	.insn	2, 0x6ba6
800078b4:	8e36                	mv	t3,a3
800078b6:	6621                	lui	a2,0x8
800078b8:	3d39                	jal	800076d6 <input_data+0x1b36>
800078ba:	1f09                	add	t5,t5,-30 # 1fe2 <buflen.1+0x1fa2>
800078bc:	9675                	sra	a2,a2,0x3d
800078be:	fc0518e3          	bnez	a0,8000788e <input_data+0x1cee>
800078c2:	50c4                	lw	s1,36(s1)
800078c4:	648d                	lui	s1,0x3
800078c6:	25a2                	.insn	2, 0x25a2
800078c8:	6f8c                	.insn	2, 0x6f8c
800078ca:	b10867db          	.insn	4, 0xb10867db
800078ce:	7bd6                	.insn	2, 0x7bd6
800078d0:	65dd924f          	.insn	4, 0x65dd924f
800078d4:	23688f3b          	.insn	4, 0x23688f3b
800078d8:	b958                	.insn	2, 0xb958
800078da:	37da                	.insn	2, 0x37da
800078dc:	2c3cdaab          	.insn	4, 0x2c3cdaab
800078e0:	94e1                	sra	s1,s1,0x38
800078e2:	7184                	.insn	2, 0x7184
800078e4:	6341                	lui	t1,0x10
800078e6:	c23634eb          	.insn	4, 0xc23634eb
800078ea:	b1bf4ccf          	.insn	4, 0xb1bf4ccf
800078ee:	194e                	sll	s2,s2,0x33
800078f0:	8add                	and	a3,a3,23
800078f2:	5948                	lw	a0,52(a0)
800078f4:	31766a3f 5282f6af 	.insn	8, 0x5282f6af31766a3f
800078fc:	ab91                	j	80007e50 <scratch.0+0x2a0>
800078fe:	0ee8                	add	a0,sp,860
80007900:	0919                	add	s2,s2,6 # 1b006 <buflen.1+0x1afc6>
80007902:	0bed                	add	s7,s7,27
80007904:	29599857          	.insn	4, 0x29599857
80007908:	8572                	mv	a0,t3
8000790a:	5b04                	lw	s1,48(a4)
8000790c:	0211                	add	tp,tp,4 # bc98c770 <_tbss_end+0x3c982b6c>
8000790e:	572c                	lw	a1,104(a4)
80007910:	d2ea                	sw	s10,100(sp)
80007912:	6495                	lui	s1,0x5
80007914:	be30                	.insn	2, 0xbe30
80007916:	b63144f3          	.insn	4, 0xb63144f3
8000791a:	0e64                	add	s1,sp,796
8000791c:	8a9e                	mv	s5,t2
8000791e:	fd9646fb          	.insn	4, 0xfd9646fb
80007922:	4a86                	lw	s5,64(sp)
80007924:	d916                	sw	t0,176(sp)
80007926:	7b0a                	.insn	2, 0x7b0a
80007928:	9418                	.insn	2, 0x9418
8000792a:	01a4                	add	s1,sp,200
8000792c:	e7fa                	.insn	2, 0xe7fa
8000792e:	7015                	c.lui	zero,0xfffe5
80007930:	a050                	.insn	2, 0xa050
80007932:	03407643          	.insn	4, 0x03407643
80007936:	063e                	sll	a2,a2,0xf
80007938:	85ea                	mv	a1,s10
8000793a:	4eec                	lw	a1,92(a3)
8000793c:	a95e                	.insn	2, 0xa95e
8000793e:	3aef40f3          	.insn	4, 0x3aef40f3
80007942:	e62853a3          	.insn	4, 0xe62853a3
80007946:	7316                	.insn	2, 0x7316
80007948:	2e160dbb          	.insn	4, 0x2e160dbb
8000794c:	452708a7          	.insn	4, 0x452708a7
80007950:	9d30                	.insn	2, 0x9d30
80007952:	218e                	.insn	2, 0x218e
80007954:	b11e                	.insn	2, 0xb11e
80007956:	3f7c                	.insn	2, 0x3f7c
80007958:	8a44                	.insn	2, 0x8a44
8000795a:	19ad1def          	jal	s11,800d8af4 <_tbss_end+0xceef0>
8000795e:	61e4                	.insn	2, 0x61e4
80007960:	b8a4                	.insn	2, 0xb8a4
80007962:	b5d94e17          	auipc	t3,0xb5d94
80007966:	6728                	.insn	2, 0x6728
80007968:	73e6                	.insn	2, 0x73e6
8000796a:	57f4                	lw	a3,108(a5)
8000796c:	5cb5                	li	s9,-19
8000796e:	673824b3          	.insn	4, 0x673824b3
80007972:	452c                	lw	a1,72(a0)
80007974:	375ced43          	.insn	4, 0x375ced43
80007978:	2f3e                	.insn	2, 0x2f3e
8000797a:	0f22                	sll	t5,t5,0x8
8000797c:	c5fc                	sw	a5,76(a1)
8000797e:	6b3d                	lui	s6,0xf
80007980:	d05f 47da c656      	.insn	6, 0xc65647dad05f
80007986:	189e                	sll	a7,a7,0x27
80007988:	2f60                	.insn	2, 0x2f60
8000798a:	5eb9                	li	t4,-18
8000798c:	69c06c73          	csrrs	s8,0x69c,0
80007990:	b6de                	.insn	2, 0xb6de
80007992:	029e                	sll	t0,t0,0x7
80007994:	63bcc123          	.insn	4, 0x63bcc123
80007998:	c1b4                	sw	a3,64(a1)
8000799a:	318b28bb          	.insn	4, 0x318b28bb
8000799e:	99334b27          	.insn	4, 0x99334b27
800079a2:	7d19                	lui	s10,0xfffe6
800079a4:	2e0b77ef          	jal	a5,800bec84 <_tbss_end+0xb5080>
800079a8:	49777d6b          	.insn	4, 0x49777d6b
800079ac:	d426                	sw	s1,40(sp)
800079ae:	2d30                	.insn	2, 0x2d30
800079b0:	318c2ea3          	sw	s8,797(s8) # fffe431d <_tbss_end+0x7ffda719>
800079b4:	5faed877          	.insn	4, 0x5faed877
800079b8:	f09c                	.insn	2, 0xf09c
800079ba:	00ad62fb          	.insn	4, 0x00ad62fb
800079be:	0174                	add	a3,sp,140
800079c0:	6adf 5506 6f54      	.insn	6, 0x6f5455066adf
800079c6:	600e                	.insn	2, 0x600e
800079c8:	c4ff 40b0 1040 00c4 	.insn	18, 0x3644345fc77a1b2bd25200c4104040b0c4ff
800079d0:	d252 1b2b c77a 345f 
800079d8:	3644 
800079da:	490671e7          	.insn	4, 0x490671e7
800079de:	526d                	li	tp,-5
800079e0:	8909                	and	a0,a0,2
800079e2:	743c                	.insn	2, 0x743c
800079e4:	ffda                	.insn	2, 0xffda
800079e6:	389f 5411 35e6      	.insn	6, 0x35e65411389f
800079ec:	91a6                	add	gp,gp,s1
800079ee:	26402f2b          	.insn	4, 0x26402f2b
800079f2:	5e70                	lw	a2,124(a2)
800079f4:	d928                	sw	a0,112(a0)
800079f6:	0c85                	add	s9,s9,1 # fffe7001 <_tbss_end+0x7ffdd3fd>
800079f8:	422f2997          	auipc	s3,0x422f2
800079fc:	a9d0                	.insn	2, 0xa9d0
800079fe:	f68615bb          	.insn	4, 0xf68615bb
80007a02:	0335                	add	t1,t1,13 # 1000d <buflen.1+0xffcd>
80007a04:	9db6                	add	s11,s11,a3
80007a06:	84d02e07          	.insn	4, 0x84d02e07
80007a0a:	1c2d                	add	s8,s8,-21
80007a0c:	19f2                	sll	s3,s3,0x3c
80007a0e:	4396                	lw	t2,68(sp)
80007a10:	663ef68b          	.insn	4, 0x663ef68b
80007a14:	657f 5624 b757 5bdb 	.insn	22, 0x4ae370d6584039f0708e08e42c115bdbb7575624657f
80007a1c:	2c11 08e4 708e 39f0 
80007a24:	5840 70d6 4ae3 
80007a2a:	5fae58ab          	.insn	4, 0x5fae58ab
80007a2e:	2632                	.insn	2, 0x2632
80007a30:	c65d                	beqz	a2,80007ade <input_data+0x1f3e>
80007a32:	57a2                	lw	a5,40(sp)
80007a34:	afc1                	j	80008204 <scratch.0+0x654>
80007a36:	4361268b          	.insn	4, 0x4361268b
80007a3a:	3aea                	.insn	2, 0x3aea
80007a3c:	eae5                	bnez	a3,80007b2c <input_data+0x1f8c>
80007a3e:	29e8                	.insn	2, 0x29e8
80007a40:	9209                	srl	a2,a2,0x22
80007a42:	687e                	.insn	2, 0x687e
80007a44:	5c32                	lw	s8,44(sp)
80007a46:	765e                	.insn	2, 0x765e
80007a48:	28ae                	.insn	2, 0x28ae
80007a4a:	297c                	.insn	2, 0x297c
80007a4c:	fa95                	bnez	a3,80007980 <input_data+0x1de0>
80007a4e:	6a49                	lui	s4,0x12
80007a50:	e729                	bnez	a4,80007a9a <input_data+0x1efa>
80007a52:	4e82                	lw	t4,0(sp)
80007a54:	4cb0                	lw	a2,88(s1)
80007a56:	689e                	.insn	2, 0x689e
80007a58:	b1ee                	.insn	2, 0xb1ee
80007a5a:	83ba1fb7          	lui	t6,0x83ba1
80007a5e:	3fbe                	.insn	2, 0x3fbe
80007a60:	0ee21ec7          	.insn	4, 0x0ee21ec7
80007a64:	1f407de7          	.insn	4, 0x1f407de7
80007a68:	8c8c                	.insn	2, 0x8c8c
80007a6a:	2d2d                	jal	800080a4 <scratch.0+0x4f4>
80007a6c:	97d6                	add	a5,a5,s5
80007a6e:	7db5                	lui	s11,0xfffed
80007a70:	37ea                	.insn	2, 0x37ea
80007a72:	10d0240f          	.insn	4, 0x10d0240f
80007a76:	7585                	lui	a1,0xfffe1
80007a78:	58ce                	lw	a7,240(sp)
80007a7a:	5eaa                	lw	t4,168(sp)
80007a7c:	4e8e                	lw	t4,192(sp)
80007a7e:	76c05b67          	.insn	4, 0x76c05b67
80007a82:	252c                	.insn	2, 0x252c
80007a84:	53c8cb9b          	.insn	4, 0x53c8cb9b
80007a88:	748d9613          	.insn	4, 0x748d9613
80007a8c:	7651                	lui	a2,0xffff4
80007a8e:	8c68408b          	.insn	4, 0x8c68408b
80007a92:	52ac                	lw	a1,96(a3)
80007a94:	86a9                	sra	a3,a3,0xa
80007a96:	341a                	.insn	2, 0x341a
80007a98:	d8ac                	sw	a1,112(s1)
80007a9a:	5030                	lw	a2,96(s0)
80007a9c:	45a55e33          	.insn	4, 0x45a55e33
80007aa0:	3159                	jal	80007726 <input_data+0x1b86>
80007aa2:	7782                	.insn	2, 0x7782
80007aa4:	27b1                	jal	800081f0 <scratch.0+0x640>
80007aa6:	43550df3          	.insn	4, 0x43550df3
80007aaa:	1c36                	sll	s8,s8,0x2d
80007aac:	2ad8                	.insn	2, 0x2ad8
80007aae:	2709                	jal	800081b0 <scratch.0+0x600>
80007ab0:	57cebc73          	csrrc	s8,0x57c,t4
80007ab4:	ed02                	.insn	2, 0xed02
80007ab6:	3b76                	.insn	2, 0x3b76
80007ab8:	2fcade4f          	.insn	4, 0x2fcade4f
80007abc:	7a54488b          	.insn	4, 0x7a54488b
80007ac0:	e0a1                	bnez	s1,80007b00 <input_data+0x1f60>
80007ac2:	703e                	.insn	2, 0x703e
80007ac4:	eae8                	.insn	2, 0xeae8
80007ac6:	0b10                	add	a2,sp,400
80007ac8:	52d9061b          	.insn	4, 0x52d9061b
80007acc:	ac6e                	.insn	2, 0xac6e
80007ace:	66d9                	lui	a3,0x16
80007ad0:	5b28                	lw	a0,112(a4)
80007ad2:	34cd                	jal	800075b4 <input_data+0x1a14>
80007ad4:	bd26                	.insn	2, 0xbd26
80007ad6:	3925                	jal	8000770e <input_data+0x1b6e>
80007ad8:	cbd4                	sw	a3,20(a5)
80007ada:	7a70                	.insn	2, 0x7a70
80007adc:	b6cd                	j	800076be <input_data+0x1b1e>
80007ade:	fc8e039b          	.insn	4, 0xfc8e039b
80007ae2:	5515                	li	a0,-27
80007ae4:	45288ea3          	sb	s2,1117(a7)
80007ae8:	c129                	beqz	a0,80007b2a <input_data+0x1f8a>
80007aea:	a88b6cef          	jal	s9,7ffbdd72 <buflen.1+0x7ffbdd32>
80007aee:	53f8                	lw	a4,100(a5)
80007af0:	1629                	add	a2,a2,-22 # ffff3fea <_tbss_end+0x7ffea3e6>
80007af2:	6460                	.insn	2, 0x6460
80007af4:	b922                	.insn	2, 0xb922
80007af6:	03ad                	add	t2,t2,11
80007af8:	324f49f7          	.insn	4, 0x324f49f7
80007afc:	bdbd                	j	8000797a <input_data+0x1dda>
80007afe:	f6433c4b          	.insn	4, 0xf6433c4b
80007b02:	5aad                	li	s5,-21
80007b04:	5f29                	li	t5,-22
80007b06:	5e48                	lw	a0,60(a2)
80007b08:	2d7f 3618 1f55 7894 	.insn	14, 0x8204430fbce778941f5536182d7f
80007b10:	bce7 430f 8204 
80007b16:	4e34                	lw	a3,88(a2)
80007b18:	c149                	beqz	a0,80007b9a <input_data+0x1ffa>
80007b1a:	fdf6576b          	.insn	4, 0xfdf6576b
80007b1e:	734b39d3          	.insn	4, 0x734b39d3
80007b22:	04d2                	sll	s1,s1,0x14
80007b24:	35e2                	.insn	2, 0x35e2
80007b26:	5625                	li	a2,-23
80007b28:	a794                	.insn	2, 0xa794
80007b2a:	13fe                	sll	t2,t2,0x3f
80007b2c:	47e8                	lw	a0,76(a5)
80007b2e:	1e6d                	add	t3,t3,-5 # 35d9b95d <buflen.1+0x35d9b91d>
80007b30:	efda                	.insn	2, 0xefda
80007b32:	0588                	add	a0,sp,704
80007b34:	b61d                	j	8000765a <input_data+0x1aba>
80007b36:	6226                	.insn	2, 0x6226
80007b38:	bb78                	.insn	2, 0xbb78
80007b3a:	6266                	.insn	2, 0x6266
80007b3c:	5b668c23          	sb	s6,1464(a3) # 165b8 <buflen.1+0x16578>
80007b40:	b0dc                	.insn	2, 0xb0dc
80007b42:	0ffa                	sll	t6,t6,0x1e
80007b44:	347e3b97          	auipc	s7,0x347e3
80007b48:	465d649b          	.insn	4, 0x465d649b
80007b4c:	bc8d                	j	800075be <input_data+0x1a1e>
80007b4e:	6f59                	lui	t5,0x16
80007b50:	685d77c3          	.insn	4, 0x685d77c3
80007b54:	9740                	.insn	2, 0x9740
80007b56:	17ed                	add	a5,a5,-5 # 1f8b6ffb <buflen.1+0x1f8b6fbb>
80007b58:	2c8c                	.insn	2, 0x2c8c
80007b5a:	2031                	jal	80007b66 <input_data+0x1fc6>
80007b5c:	a141                	j	80007fdc <scratch.0+0x42c>
80007b5e:	0f163cf7          	.insn	4, 0x0f163cf7
80007b62:	1b81                	add	s7,s7,-32 # b47eab24 <_tbss_end+0x347e0f20>
80007b64:	48deb2b3          	.insn	4, 0x48deb2b3
80007b68:	1b350fbf 05a5ef07 	.insn	8, 0x05a5ef071b350fbf
80007b70:	44f2                	lw	s1,28(sp)
80007b72:	4961                	li	s2,24
80007b74:	3900                	.insn	2, 0x3900
80007b76:	a4257fdb          	.insn	4, 0xa4257fdb
80007b7a:	7329                	lui	t1,0xfffea
80007b7c:	12e0                	add	s0,sp,364
80007b7e:	c44211eb          	.insn	4, 0xc44211eb
80007b82:	7a88                	.insn	2, 0x7a88
80007b84:	c985                	beqz	a1,80007bb4 <scratch.0+0x4>
80007b86:	3a76                	.insn	2, 0x3a76
80007b88:	4e03cf67          	.insn	4, 0x4e03cf67
80007b8c:	e4c1                	bnez	s1,80007c14 <scratch.0+0x64>
80007b8e:	3c39                	jal	800075ac <input_data+0x1a0c>
80007b90:	167d                	add	a2,a2,-1
80007b92:	5370                	lw	a2,100(a4)
80007b94:	36f5                	jal	80007780 <input_data+0x1be0>
80007b96:	4896                	lw	a7,68(sp)
80007b98:	66c0                	.insn	2, 0x66c0
80007b9a:	37b6                	.insn	2, 0x37b6
80007b9c:	935e                	add	t1,t1,s7
80007b9e:	3460                	.insn	2, 0x3460
