
spmv.riscv:     file format elf32-littleriscv


Disassembly of section .text.init:

80000000 <_start>:
80000000:	4081                	li	ra,0
80000002:	4101                	li	sp,0
80000004:	4181                	li	gp,0
80000006:	4201                	li	tp,0
80000008:	4281                	li	t0,0
8000000a:	4301                	li	t1,0
8000000c:	4381                	li	t2,0
8000000e:	4401                	li	s0,0
80000010:	4481                	li	s1,0
80000012:	4501                	li	a0,0
80000014:	4581                	li	a1,0
80000016:	4601                	li	a2,0
80000018:	4681                	li	a3,0
8000001a:	4701                	li	a4,0
8000001c:	4781                	li	a5,0
8000001e:	4801                	li	a6,0
80000020:	4881                	li	a7,0
80000022:	4901                	li	s2,0
80000024:	4981                	li	s3,0
80000026:	4a01                	li	s4,0
80000028:	4a81                	li	s5,0
8000002a:	4b01                	li	s6,0
8000002c:	4b81                	li	s7,0
8000002e:	4c01                	li	s8,0
80000030:	4c81                	li	s9,0
80000032:	4d01                	li	s10,0
80000034:	4d81                	li	s11,0
80000036:	4e01                	li	t3,0
80000038:	4e81                	li	t4,0
8000003a:	4f01                	li	t5,0
8000003c:	4f81                	li	t6,0
8000003e:	62f9                	lui	t0,0x1e
80000040:	60028293          	add	t0,t0,1536 # 1e600 <buflen.1+0x1e5c0>
80000044:	3002a073          	csrs	mstatus,t0
80000048:	4285                	li	t0,1
8000004a:	02fe                	sll	t0,t0,0x1f
8000004c:	0002c863          	bltz	t0,8000005c <_start+0x5c>
80000050:	4505                	li	a0,1
80000052:	00001297          	auipc	t0,0x1
80000056:	faa2a723          	sw	a0,-82(t0) # 80001000 <tohost>
8000005a:	bfdd                	j	80000050 <_start+0x50>
8000005c:	00000297          	auipc	t0,0x0
80000060:	03828293          	add	t0,t0,56 # 80000094 <trap_entry>
80000064:	30529073          	csrw	mtvec,t0
80000068:	0000f197          	auipc	gp,0xf
8000006c:	8f018193          	add	gp,gp,-1808 # 8000e958 <__global_pointer$>
80000070:	86718213          	add	tp,gp,-1945 # 8000e1bf <_end+0x3f>
80000074:	fc027213          	and	tp,tp,-64
80000078:	f1402573          	csrr	a0,mhartid
8000007c:	4585                	li	a1,1
8000007e:	00b57063          	bgeu	a0,a1,8000007e <_start+0x7e>
80000082:	00150113          	add	sp,a0,1
80000086:	0146                	sll	sp,sp,0x11
80000088:	9112                	add	sp,sp,tp
8000008a:	01151613          	sll	a2,a0,0x11
8000008e:	9232                	add	tp,tp,a2
80000090:	07d0206f          	j	8000290c <_init>

80000094 <trap_entry>:
80000094:	716d                	add	sp,sp,-272
80000096:	c206                	sw	ra,4(sp)
80000098:	c40a                	sw	sp,8(sp)
8000009a:	c60e                	sw	gp,12(sp)
8000009c:	c812                	sw	tp,16(sp)
8000009e:	ca16                	sw	t0,20(sp)
800000a0:	cc1a                	sw	t1,24(sp)
800000a2:	ce1e                	sw	t2,28(sp)
800000a4:	d022                	sw	s0,32(sp)
800000a6:	d226                	sw	s1,36(sp)
800000a8:	d42a                	sw	a0,40(sp)
800000aa:	d62e                	sw	a1,44(sp)
800000ac:	d832                	sw	a2,48(sp)
800000ae:	da36                	sw	a3,52(sp)
800000b0:	dc3a                	sw	a4,56(sp)
800000b2:	de3e                	sw	a5,60(sp)
800000b4:	c0c2                	sw	a6,64(sp)
800000b6:	c2c6                	sw	a7,68(sp)
800000b8:	c4ca                	sw	s2,72(sp)
800000ba:	c6ce                	sw	s3,76(sp)
800000bc:	c8d2                	sw	s4,80(sp)
800000be:	cad6                	sw	s5,84(sp)
800000c0:	ccda                	sw	s6,88(sp)
800000c2:	cede                	sw	s7,92(sp)
800000c4:	d0e2                	sw	s8,96(sp)
800000c6:	d2e6                	sw	s9,100(sp)
800000c8:	d4ea                	sw	s10,104(sp)
800000ca:	d6ee                	sw	s11,108(sp)
800000cc:	d8f2                	sw	t3,112(sp)
800000ce:	daf6                	sw	t4,116(sp)
800000d0:	dcfa                	sw	t5,120(sp)
800000d2:	defe                	sw	t6,124(sp)
800000d4:	34202573          	csrr	a0,mcause
800000d8:	341025f3          	csrr	a1,mepc
800000dc:	860a                	mv	a2,sp
800000de:	530020ef          	jal	8000260e <handle_trap>
800000e2:	34151073          	csrw	mepc,a0
800000e6:	6289                	lui	t0,0x2
800000e8:	80028293          	add	t0,t0,-2048 # 1800 <buflen.1+0x17c0>
800000ec:	3002a073          	csrs	mstatus,t0
800000f0:	4092                	lw	ra,4(sp)
800000f2:	4122                	lw	sp,8(sp)
800000f4:	41b2                	lw	gp,12(sp)
800000f6:	4242                	lw	tp,16(sp)
800000f8:	42d2                	lw	t0,20(sp)
800000fa:	4362                	lw	t1,24(sp)
800000fc:	43f2                	lw	t2,28(sp)
800000fe:	5402                	lw	s0,32(sp)
80000100:	5492                	lw	s1,36(sp)
80000102:	5522                	lw	a0,40(sp)
80000104:	55b2                	lw	a1,44(sp)
80000106:	5642                	lw	a2,48(sp)
80000108:	56d2                	lw	a3,52(sp)
8000010a:	5762                	lw	a4,56(sp)
8000010c:	57f2                	lw	a5,60(sp)
8000010e:	4806                	lw	a6,64(sp)
80000110:	4896                	lw	a7,68(sp)
80000112:	4926                	lw	s2,72(sp)
80000114:	49b6                	lw	s3,76(sp)
80000116:	4a46                	lw	s4,80(sp)
80000118:	4ad6                	lw	s5,84(sp)
8000011a:	4b66                	lw	s6,88(sp)
8000011c:	4bf6                	lw	s7,92(sp)
8000011e:	5c06                	lw	s8,96(sp)
80000120:	5c96                	lw	s9,100(sp)
80000122:	5d26                	lw	s10,104(sp)
80000124:	5db6                	lw	s11,108(sp)
80000126:	5e46                	lw	t3,112(sp)
80000128:	5ed6                	lw	t4,116(sp)
8000012a:	5f66                	lw	t5,120(sp)
8000012c:	5ff6                	lw	t6,124(sp)
8000012e:	6151                	add	sp,sp,272
80000130:	30200073          	mret
80000134:	0000                	unimp

Disassembly of section .text:

80002000 <spmv>:
80002000:	7159                	add	sp,sp,-112
80002002:	d686                	sw	ra,108(sp)
80002004:	ce2e                	sw	a1,28(sp)
80002006:	d032                	sw	a2,32(sp)
80002008:	1ca05463          	blez	a0,800021d0 <spmv+0x1d0>
8000200c:	cece                	sw	s3,92(sp)
8000200e:	89b6                	mv	s3,a3
80002010:	02058693          	add	a3,a1,32
80002014:	ca3e                	sw	a5,20(sp)
80002016:	d4a2                	sw	s0,104(sp)
80002018:	20e547b3          	sh2add	a5,a0,a4
8000201c:	d2a6                	sw	s1,100(sp)
8000201e:	d0ca                	sw	s2,96(sp)
80002020:	ccd2                	sw	s4,88(sp)
80002022:	cad6                	sw	s5,84(sp)
80002024:	c8da                	sw	s6,80(sp)
80002026:	c6de                	sw	s7,76(sp)
80002028:	c4e2                	sw	s8,72(sp)
8000202a:	c2e6                	sw	s9,68(sp)
8000202c:	c0ea                	sw	s10,64(sp)
8000202e:	de6e                	sw	s11,60(sp)
80002030:	c83a                	sw	a4,16(sp)
80002032:	d636                	sw	a3,44(sp)
80002034:	d43e                	sw	a5,40(sp)
80002036:	47c2                	lw	a5,16(sp)
80002038:	43d4                	lw	a3,4(a5)
8000203a:	4398                	lw	a4,0(a5)
8000203c:	cc36                	sw	a3,24(sp)
8000203e:	c63a                	sw	a4,12(sp)
80002040:	ffd68793          	add	a5,a3,-3
80002044:	18f75963          	bge	a4,a5,800021d6 <spmv+0x1d6>
80002048:	ffc68793          	add	a5,a3,-4
8000204c:	8f99                	sub	a5,a5,a4
8000204e:	ffe7fd13          	and	s10,a5,-2
80002052:	d23e                	sw	a5,36(sp)
80002054:	47f2                	lw	a5,28(sp)
80002056:	ffdd7d13          	and	s10,s10,-3
8000205a:	9d3a                	add	s10,s10,a4
8000205c:	20f76933          	sh3add	s2,a4,a5
80002060:	5782                	lw	a5,32(sp)
80002062:	4d81                	li	s11,0
80002064:	4c81                	li	s9,0
80002066:	20f74a33          	sh2add	s4,a4,a5
8000206a:	57b2                	lw	a5,44(sp)
8000206c:	4c01                	li	s8,0
8000206e:	4b01                	li	s6,0
80002070:	4b81                	li	s7,0
80002072:	4a81                	li	s5,0
80002074:	4481                	li	s1,0
80002076:	4401                	li	s0,0
80002078:	20fd6d33          	sh3add	s10,s10,a5
8000207c:	000a2583          	lw	a1,0(s4)
80002080:	00092603          	lw	a2,0(s2)
80002084:	00492683          	lw	a3,4(s2)
80002088:	2135e5b3          	sh3add	a1,a1,s3
8000208c:	4188                	lw	a0,0(a1)
8000208e:	41cc                	lw	a1,4(a1)
80002090:	02090913          	add	s2,s2,32
80002094:	0a41                	add	s4,s4,16
80002096:	69b010ef          	jal	80003f30 <__muldf3>
8000209a:	862a                	mv	a2,a0
8000209c:	86ae                	mv	a3,a1
8000209e:	8526                	mv	a0,s1
800020a0:	85a2                	mv	a1,s0
800020a2:	66e010ef          	jal	80003710 <__adddf3>
800020a6:	842e                	mv	s0,a1
800020a8:	ff4a2583          	lw	a1,-12(s4)
800020ac:	fe892603          	lw	a2,-24(s2)
800020b0:	fec92683          	lw	a3,-20(s2)
800020b4:	2135e5b3          	sh3add	a1,a1,s3
800020b8:	84aa                	mv	s1,a0
800020ba:	4188                	lw	a0,0(a1)
800020bc:	41cc                	lw	a1,4(a1)
800020be:	673010ef          	jal	80003f30 <__muldf3>
800020c2:	862a                	mv	a2,a0
800020c4:	86ae                	mv	a3,a1
800020c6:	855e                	mv	a0,s7
800020c8:	85d6                	mv	a1,s5
800020ca:	646010ef          	jal	80003710 <__adddf3>
800020ce:	8aae                	mv	s5,a1
800020d0:	ff8a2583          	lw	a1,-8(s4)
800020d4:	ff092603          	lw	a2,-16(s2)
800020d8:	ff492683          	lw	a3,-12(s2)
800020dc:	2135e5b3          	sh3add	a1,a1,s3
800020e0:	8baa                	mv	s7,a0
800020e2:	4188                	lw	a0,0(a1)
800020e4:	41cc                	lw	a1,4(a1)
800020e6:	64b010ef          	jal	80003f30 <__muldf3>
800020ea:	862a                	mv	a2,a0
800020ec:	86ae                	mv	a3,a1
800020ee:	8562                	mv	a0,s8
800020f0:	85da                	mv	a1,s6
800020f2:	61e010ef          	jal	80003710 <__adddf3>
800020f6:	8b2e                	mv	s6,a1
800020f8:	ffca2583          	lw	a1,-4(s4)
800020fc:	ff892603          	lw	a2,-8(s2)
80002100:	ffc92683          	lw	a3,-4(s2)
80002104:	2135e5b3          	sh3add	a1,a1,s3
80002108:	8c2a                	mv	s8,a0
8000210a:	4188                	lw	a0,0(a1)
8000210c:	41cc                	lw	a1,4(a1)
8000210e:	623010ef          	jal	80003f30 <__muldf3>
80002112:	862a                	mv	a2,a0
80002114:	86ae                	mv	a3,a1
80002116:	856e                	mv	a0,s11
80002118:	85e6                	mv	a1,s9
8000211a:	5f6010ef          	jal	80003710 <__adddf3>
8000211e:	8daa                	mv	s11,a0
80002120:	8cae                	mv	s9,a1
80002122:	f52d1de3          	bne	s10,s2,8000207c <spmv+0x7c>
80002126:	47b2                	lw	a5,12(sp)
80002128:	8662                	mv	a2,s8
8000212a:	86da                	mv	a3,s6
8000212c:	00478a13          	add	s4,a5,4
80002130:	5792                	lw	a5,36(sp)
80002132:	85d6                	mv	a1,s5
80002134:	855e                	mv	a0,s7
80002136:	9bf9                	and	a5,a5,-2
80002138:	9bf5                	and	a5,a5,-3
8000213a:	97d2                	add	a5,a5,s4
8000213c:	c63e                	sw	a5,12(sp)
8000213e:	5d2010ef          	jal	80003710 <__adddf3>
80002142:	866e                	mv	a2,s11
80002144:	86e6                	mv	a3,s9
80002146:	5ca010ef          	jal	80003710 <__adddf3>
8000214a:	8aaa                	mv	s5,a0
8000214c:	892e                	mv	s2,a1
8000214e:	4762                	lw	a4,24(sp)
80002150:	47b2                	lw	a5,12(sp)
80002152:	04e7d263          	bge	a5,a4,80002196 <spmv+0x196>
80002156:	46f2                	lw	a3,28(sp)
80002158:	5602                	lw	a2,32(sp)
8000215a:	20d7eb33          	sh3add	s6,a5,a3
8000215e:	20c7ca33          	sh2add	s4,a5,a2
80002162:	20d76cb3          	sh3add	s9,a4,a3
80002166:	000a2783          	lw	a5,0(s4)
8000216a:	000b2603          	lw	a2,0(s6)
8000216e:	004b2683          	lw	a3,4(s6)
80002172:	2137e7b3          	sh3add	a5,a5,s3
80002176:	4388                	lw	a0,0(a5)
80002178:	43cc                	lw	a1,4(a5)
8000217a:	0b21                	add	s6,s6,8
8000217c:	0a11                	add	s4,s4,4
8000217e:	5b3010ef          	jal	80003f30 <__muldf3>
80002182:	862a                	mv	a2,a0
80002184:	86ae                	mv	a3,a1
80002186:	8526                	mv	a0,s1
80002188:	85a2                	mv	a1,s0
8000218a:	586010ef          	jal	80003710 <__adddf3>
8000218e:	84aa                	mv	s1,a0
80002190:	842e                	mv	s0,a1
80002192:	fd6c9ae3          	bne	s9,s6,80002166 <spmv+0x166>
80002196:	8656                	mv	a2,s5
80002198:	8526                	mv	a0,s1
8000219a:	86ca                	mv	a3,s2
8000219c:	85a2                	mv	a1,s0
8000219e:	572010ef          	jal	80003710 <__adddf3>
800021a2:	47d2                	lw	a5,20(sp)
800021a4:	4742                	lw	a4,16(sp)
800021a6:	c388                	sw	a0,0(a5)
800021a8:	c3cc                	sw	a1,4(a5)
800021aa:	07a1                	add	a5,a5,8
800021ac:	ca3e                	sw	a5,20(sp)
800021ae:	57a2                	lw	a5,40(sp)
800021b0:	0711                	add	a4,a4,4
800021b2:	c83a                	sw	a4,16(sp)
800021b4:	e8e791e3          	bne	a5,a4,80002036 <spmv+0x36>
800021b8:	5426                	lw	s0,104(sp)
800021ba:	5496                	lw	s1,100(sp)
800021bc:	5906                	lw	s2,96(sp)
800021be:	49f6                	lw	s3,92(sp)
800021c0:	4a66                	lw	s4,88(sp)
800021c2:	4ad6                	lw	s5,84(sp)
800021c4:	4b46                	lw	s6,80(sp)
800021c6:	4bb6                	lw	s7,76(sp)
800021c8:	4c26                	lw	s8,72(sp)
800021ca:	4c96                	lw	s9,68(sp)
800021cc:	4d06                	lw	s10,64(sp)
800021ce:	5df2                	lw	s11,60(sp)
800021d0:	50b6                	lw	ra,108(sp)
800021d2:	6165                	add	sp,sp,112
800021d4:	8082                	ret
800021d6:	4a81                	li	s5,0
800021d8:	4901                	li	s2,0
800021da:	4481                	li	s1,0
800021dc:	4401                	li	s0,0
800021de:	bf85                	j	8000214e <spmv+0x14e>

800021e0 <cputchar>:
800021e0:	fffff697          	auipc	a3,0xfffff
800021e4:	e2068693          	add	a3,a3,-480 # 80001000 <tohost>
800021e8:	0ff57713          	zext.b	a4,a0
800021ec:	010107b7          	lui	a5,0x1010
800021f0:	c298                	sw	a4,0(a3)
800021f2:	c2dc                	sw	a5,4(a3)
800021f4:	0000100f          	fence.i
800021f8:	8082                	ret

800021fa <vprintfmt>:
800021fa:	714d                	add	sp,sp,-336
800021fc:	14812423          	sw	s0,328(sp)
80002200:	15212023          	sw	s2,320(sp)
80002204:	13312e23          	sw	s3,316(sp)
80002208:	13512a23          	sw	s5,308(sp)
8000220c:	14112623          	sw	ra,332(sp)
80002210:	14912223          	sw	s1,324(sp)
80002214:	13412c23          	sw	s4,312(sp)
80002218:	13712623          	sw	s7,300(sp)
8000221c:	13812423          	sw	s8,296(sp)
80002220:	13a12023          	sw	s10,288(sp)
80002224:	11b12e23          	sw	s11,284(sp)
80002228:	89aa                	mv	s3,a0
8000222a:	892e                	mv	s2,a1
8000222c:	8432                	mv	s0,a2
8000222e:	c636                	sw	a3,12(sp)
80002230:	02500a93          	li	s5,37
80002234:	a029                	j	8000223e <vprintfmt+0x44>
80002236:	c531                	beqz	a0,80002282 <vprintfmt+0x88>
80002238:	85ca                	mv	a1,s2
8000223a:	0405                	add	s0,s0,1
8000223c:	9982                	jalr	s3
8000223e:	00044503          	lbu	a0,0(s0)
80002242:	ff551ae3          	bne	a0,s5,80002236 <vprintfmt+0x3c>
80002246:	00144683          	lbu	a3,1(s0)
8000224a:	00140a13          	add	s4,s0,1
8000224e:	02000793          	li	a5,32
80002252:	8752                	mv	a4,s4
80002254:	c43e                	sw	a5,8(sp)
80002256:	54fd                	li	s1,-1
80002258:	5c7d                	li	s8,-1
8000225a:	4601                	li	a2,0
8000225c:	fdd68793          	add	a5,a3,-35
80002260:	0ff7f793          	zext.b	a5,a5
80002264:	05500593          	li	a1,85
80002268:	00170413          	add	s0,a4,1
8000226c:	06f5e163          	bltu	a1,a5,800022ce <vprintfmt+0xd4>
80002270:	0000c597          	auipc	a1,0xc
80002274:	bc058593          	add	a1,a1,-1088 # 8000de30 <val+0x4af8>
80002278:	20b7c7b3          	sh2add	a5,a5,a1
8000227c:	439c                	lw	a5,0(a5)
8000227e:	97ae                	add	a5,a5,a1
80002280:	8782                	jr	a5
80002282:	14c12083          	lw	ra,332(sp)
80002286:	14812403          	lw	s0,328(sp)
8000228a:	14412483          	lw	s1,324(sp)
8000228e:	14012903          	lw	s2,320(sp)
80002292:	13c12983          	lw	s3,316(sp)
80002296:	13812a03          	lw	s4,312(sp)
8000229a:	13412a83          	lw	s5,308(sp)
8000229e:	12c12b83          	lw	s7,300(sp)
800022a2:	12812c03          	lw	s8,296(sp)
800022a6:	12012d03          	lw	s10,288(sp)
800022aa:	11c12d83          	lw	s11,284(sp)
800022ae:	6171                	add	sp,sp,336
800022b0:	8082                	ret
800022b2:	c436                	sw	a3,8(sp)
800022b4:	00174683          	lbu	a3,1(a4)
800022b8:	05500593          	li	a1,85
800022bc:	8722                	mv	a4,s0
800022be:	fdd68793          	add	a5,a3,-35
800022c2:	0ff7f793          	zext.b	a5,a5
800022c6:	00170413          	add	s0,a4,1
800022ca:	faf5f3e3          	bgeu	a1,a5,80002270 <vprintfmt+0x76>
800022ce:	85ca                	mv	a1,s2
800022d0:	02500513          	li	a0,37
800022d4:	9982                	jalr	s3
800022d6:	8452                	mv	s0,s4
800022d8:	b79d                	j	8000223e <vprintfmt+0x44>
800022da:	00174783          	lbu	a5,1(a4)
800022de:	4725                	li	a4,9
800022e0:	fd068493          	add	s1,a3,-48
800022e4:	fd078593          	add	a1,a5,-48 # 100ffd0 <buflen.1+0x100ff90>
800022e8:	86be                	mv	a3,a5
800022ea:	2ab76863          	bltu	a4,a1,8000259a <vprintfmt+0x3a0>
800022ee:	8722                	mv	a4,s0
800022f0:	4525                	li	a0,9
800022f2:	0705                	add	a4,a4,1
800022f4:	2094c4b3          	sh2add	s1,s1,s1
800022f8:	20f4a4b3          	sh1add	s1,s1,a5
800022fc:	00074783          	lbu	a5,0(a4)
80002300:	fd048493          	add	s1,s1,-48
80002304:	fd078593          	add	a1,a5,-48
80002308:	86be                	mv	a3,a5
8000230a:	feb574e3          	bgeu	a0,a1,800022f2 <vprintfmt+0xf8>
8000230e:	f40c57e3          	bgez	s8,8000225c <vprintfmt+0x62>
80002312:	8c26                	mv	s8,s1
80002314:	54fd                	li	s1,-1
80002316:	b799                	j	8000225c <vprintfmt+0x62>
80002318:	00174683          	lbu	a3,1(a4)
8000231c:	8722                	mv	a4,s0
8000231e:	bf3d                	j	8000225c <vprintfmt+0x62>
80002320:	85ca                	mv	a1,s2
80002322:	02500513          	li	a0,37
80002326:	9982                	jalr	s3
80002328:	bf19                	j	8000223e <vprintfmt+0x44>
8000232a:	47b2                	lw	a5,12(sp)
8000232c:	00174683          	lbu	a3,1(a4)
80002330:	8722                	mv	a4,s0
80002332:	4384                	lw	s1,0(a5)
80002334:	0791                	add	a5,a5,4
80002336:	c63e                	sw	a5,12(sp)
80002338:	bfd9                	j	8000230e <vprintfmt+0x114>
8000233a:	85ca                	mv	a1,s2
8000233c:	03000513          	li	a0,48
80002340:	13612823          	sw	s6,304(sp)
80002344:	9982                	jalr	s3
80002346:	85ca                	mv	a1,s2
80002348:	07800513          	li	a0,120
8000234c:	9982                	jalr	s3
8000234e:	47b2                	lw	a5,12(sp)
80002350:	4bc1                	li	s7,16
80002352:	4d81                	li	s11,0
80002354:	00478713          	add	a4,a5,4
80002358:	47b2                	lw	a5,12(sp)
8000235a:	4d01                	li	s10,0
8000235c:	4384                	lw	s1,0(a5)
8000235e:	c63a                	sw	a4,12(sp)
80002360:	865e                	mv	a2,s7
80002362:	4681                	li	a3,0
80002364:	8526                	mv	a0,s1
80002366:	85ea                	mv	a1,s10
80002368:	7c5000ef          	jal	8000332c <__umoddi3>
8000236c:	c82a                	sw	a0,16(sp)
8000236e:	1dad8c63          	beq	s11,s10,80002546 <vprintfmt+0x34c>
80002372:	13912223          	sw	s9,292(sp)
80002376:	4b05                	li	s6,1
80002378:	01410c93          	add	s9,sp,20
8000237c:	865e                	mv	a2,s7
8000237e:	4681                	li	a3,0
80002380:	8526                	mv	a0,s1
80002382:	85ea                	mv	a1,s10
80002384:	379000ef          	jal	80002efc <__udivdi3>
80002388:	865e                	mv	a2,s7
8000238a:	4681                	li	a3,0
8000238c:	84aa                	mv	s1,a0
8000238e:	8d2e                	mv	s10,a1
80002390:	79d000ef          	jal	8000332c <__umoddi3>
80002394:	00aca023          	sw	a0,0(s9)
80002398:	8a5a                	mv	s4,s6
8000239a:	0c91                	add	s9,s9,4
8000239c:	0b05                	add	s6,s6,1
8000239e:	fdad9fe3          	bne	s11,s10,8000237c <vprintfmt+0x182>
800023a2:	fd74fde3          	bgeu	s1,s7,8000237c <vprintfmt+0x182>
800023a6:	12412c83          	lw	s9,292(sp)
800023aa:	fffc0b93          	add	s7,s8,-1
800023ae:	fffb0493          	add	s1,s6,-1
800023b2:	018b5863          	bge	s6,s8,800023c2 <vprintfmt+0x1c8>
800023b6:	4522                	lw	a0,8(sp)
800023b8:	85ca                	mv	a1,s2
800023ba:	1bfd                	add	s7,s7,-1
800023bc:	9982                	jalr	s3
800023be:	fe9b9ce3          	bne	s7,s1,800023b6 <vprintfmt+0x1bc>
800023c2:	0804                	add	s1,sp,16
800023c4:	4b25                	li	s6,9
800023c6:	209a4a33          	sh2add	s4,s4,s1
800023ca:	a011                	j	800023ce <vprintfmt+0x1d4>
800023cc:	8a3e                	mv	s4,a5
800023ce:	000a2783          	lw	a5,0(s4)
800023d2:	03000513          	li	a0,48
800023d6:	00fb7463          	bgeu	s6,a5,800023de <vprintfmt+0x1e4>
800023da:	05700513          	li	a0,87
800023de:	953e                	add	a0,a0,a5
800023e0:	85ca                	mv	a1,s2
800023e2:	9982                	jalr	s3
800023e4:	ffca0793          	add	a5,s4,-4
800023e8:	ff4492e3          	bne	s1,s4,800023cc <vprintfmt+0x1d2>
800023ec:	13012b03          	lw	s6,304(sp)
800023f0:	b5b9                	j	8000223e <vprintfmt+0x44>
800023f2:	13612823          	sw	s6,304(sp)
800023f6:	4785                	li	a5,1
800023f8:	14c7cc63          	blt	a5,a2,80002550 <vprintfmt+0x356>
800023fc:	47b2                	lw	a5,12(sp)
800023fe:	4384                	lw	s1,0(a5)
80002400:	0791                	add	a5,a5,4
80002402:	c63e                	sw	a5,12(sp)
80002404:	41f4dd13          	sra	s10,s1,0x1f
80002408:	000d5e63          	bgez	s10,80002424 <vprintfmt+0x22a>
8000240c:	85ca                	mv	a1,s2
8000240e:	02d00513          	li	a0,45
80002412:	9982                	jalr	s3
80002414:	00903733          	snez	a4,s1
80002418:	41a007b3          	neg	a5,s10
8000241c:	409004b3          	neg	s1,s1
80002420:	40e78d33          	sub	s10,a5,a4
80002424:	4ba9                	li	s7,10
80002426:	4d81                	li	s11,0
80002428:	bf25                	j	80002360 <vprintfmt+0x166>
8000242a:	00174683          	lbu	a3,1(a4)
8000242e:	0605                	add	a2,a2,1
80002430:	8722                	mv	a4,s0
80002432:	b52d                	j	8000225c <vprintfmt+0x62>
80002434:	13612823          	sw	s6,304(sp)
80002438:	4bc1                	li	s7,16
8000243a:	4d81                	li	s11,0
8000243c:	4785                	li	a5,1
8000243e:	0ec7c363          	blt	a5,a2,80002524 <vprintfmt+0x32a>
80002442:	47b2                	lw	a5,12(sp)
80002444:	00478713          	add	a4,a5,4
80002448:	bf01                	j	80002358 <vprintfmt+0x15e>
8000244a:	47b2                	lw	a5,12(sp)
8000244c:	13912223          	sw	s9,292(sp)
80002450:	0007aa03          	lw	s4,0(a5)
80002454:	00478c93          	add	s9,a5,4
80002458:	040a0a63          	beqz	s4,800024ac <vprintfmt+0x2b2>
8000245c:	09805c63          	blez	s8,800024f4 <vprintfmt+0x2fa>
80002460:	4722                	lw	a4,8(sp)
80002462:	02d00793          	li	a5,45
80002466:	06f71063          	bne	a4,a5,800024c6 <vprintfmt+0x2cc>
8000246a:	000a4503          	lbu	a0,0(s4)
8000246e:	c505                	beqz	a0,80002496 <vprintfmt+0x29c>
80002470:	13612823          	sw	s6,304(sp)
80002474:	5b7d                	li	s6,-1
80002476:	0004c563          	bltz	s1,80002480 <vprintfmt+0x286>
8000247a:	14fd                	add	s1,s1,-1
8000247c:	01648963          	beq	s1,s6,8000248e <vprintfmt+0x294>
80002480:	85ca                	mv	a1,s2
80002482:	9982                	jalr	s3
80002484:	001a4503          	lbu	a0,1(s4)
80002488:	1c7d                	add	s8,s8,-1
8000248a:	0a05                	add	s4,s4,1
8000248c:	f56d                	bnez	a0,80002476 <vprintfmt+0x27c>
8000248e:	13012b03          	lw	s6,304(sp)
80002492:	01805963          	blez	s8,800024a4 <vprintfmt+0x2aa>
80002496:	85ca                	mv	a1,s2
80002498:	02000513          	li	a0,32
8000249c:	1c7d                	add	s8,s8,-1
8000249e:	9982                	jalr	s3
800024a0:	fe0c1be3          	bnez	s8,80002496 <vprintfmt+0x29c>
800024a4:	c666                	sw	s9,12(sp)
800024a6:	12412c83          	lw	s9,292(sp)
800024aa:	bb51                	j	8000223e <vprintfmt+0x44>
800024ac:	0d805d63          	blez	s8,80002586 <vprintfmt+0x38c>
800024b0:	4722                	lw	a4,8(sp)
800024b2:	02d00793          	li	a5,45
800024b6:	0000ca17          	auipc	s4,0xc
800024ba:	bd2a0a13          	add	s4,s4,-1070 # 8000e088 <__clz_tab+0x100>
800024be:	02800513          	li	a0,40
800024c2:	faf707e3          	beq	a4,a5,80002470 <vprintfmt+0x276>
800024c6:	87d2                	mv	a5,s4
800024c8:	009a06b3          	add	a3,s4,s1
800024cc:	e489                	bnez	s1,800024d6 <vprintfmt+0x2dc>
800024ce:	a829                	j	800024e8 <vprintfmt+0x2ee>
800024d0:	0785                	add	a5,a5,1
800024d2:	00d78563          	beq	a5,a3,800024dc <vprintfmt+0x2e2>
800024d6:	0007c703          	lbu	a4,0(a5)
800024da:	fb7d                	bnez	a4,800024d0 <vprintfmt+0x2d6>
800024dc:	414787b3          	sub	a5,a5,s4
800024e0:	40fc0c33          	sub	s8,s8,a5
800024e4:	01805863          	blez	s8,800024f4 <vprintfmt+0x2fa>
800024e8:	4522                	lw	a0,8(sp)
800024ea:	85ca                	mv	a1,s2
800024ec:	1c7d                	add	s8,s8,-1
800024ee:	9982                	jalr	s3
800024f0:	fe0c1ce3          	bnez	s8,800024e8 <vprintfmt+0x2ee>
800024f4:	000a4503          	lbu	a0,0(s4)
800024f8:	d555                	beqz	a0,800024a4 <vprintfmt+0x2aa>
800024fa:	13612823          	sw	s6,304(sp)
800024fe:	bf9d                	j	80002474 <vprintfmt+0x27a>
80002500:	00174683          	lbu	a3,1(a4)
80002504:	0a0c6c33          	max	s8,s8,zero
80002508:	8722                	mv	a4,s0
8000250a:	bb89                	j	8000225c <vprintfmt+0x62>
8000250c:	47b2                	lw	a5,12(sp)
8000250e:	13912223          	sw	s9,292(sp)
80002512:	85ca                	mv	a1,s2
80002514:	4388                	lw	a0,0(a5)
80002516:	00478c93          	add	s9,a5,4
8000251a:	9982                	jalr	s3
8000251c:	c666                	sw	s9,12(sp)
8000251e:	12412c83          	lw	s9,292(sp)
80002522:	bb31                	j	8000223e <vprintfmt+0x44>
80002524:	47b2                	lw	a5,12(sp)
80002526:	13912223          	sw	s9,292(sp)
8000252a:	00778c93          	add	s9,a5,7
8000252e:	ff8cfc93          	and	s9,s9,-8
80002532:	008c8793          	add	a5,s9,8
80002536:	000ca483          	lw	s1,0(s9)
8000253a:	004cad03          	lw	s10,4(s9)
8000253e:	c63e                	sw	a5,12(sp)
80002540:	12412c83          	lw	s9,292(sp)
80002544:	bd31                	j	80002360 <vprintfmt+0x166>
80002546:	e374f6e3          	bgeu	s1,s7,80002372 <vprintfmt+0x178>
8000254a:	4a01                	li	s4,0
8000254c:	4b05                	li	s6,1
8000254e:	bdb1                	j	800023aa <vprintfmt+0x1b0>
80002550:	47b2                	lw	a5,12(sp)
80002552:	13912223          	sw	s9,292(sp)
80002556:	00778c93          	add	s9,a5,7
8000255a:	ff8cfc93          	and	s9,s9,-8
8000255e:	008c8793          	add	a5,s9,8
80002562:	000ca483          	lw	s1,0(s9)
80002566:	004cad03          	lw	s10,4(s9)
8000256a:	c63e                	sw	a5,12(sp)
8000256c:	12412c83          	lw	s9,292(sp)
80002570:	bd61                	j	80002408 <vprintfmt+0x20e>
80002572:	13612823          	sw	s6,304(sp)
80002576:	4ba9                	li	s7,10
80002578:	4d81                	li	s11,0
8000257a:	b5c9                	j	8000243c <vprintfmt+0x242>
8000257c:	13612823          	sw	s6,304(sp)
80002580:	4ba1                	li	s7,8
80002582:	4d81                	li	s11,0
80002584:	bd65                	j	8000243c <vprintfmt+0x242>
80002586:	13612823          	sw	s6,304(sp)
8000258a:	0000ca17          	auipc	s4,0xc
8000258e:	afea0a13          	add	s4,s4,-1282 # 8000e088 <__clz_tab+0x100>
80002592:	02800513          	li	a0,40
80002596:	5b7d                	li	s6,-1
80002598:	bdf9                	j	80002476 <vprintfmt+0x27c>
8000259a:	8722                	mv	a4,s0
8000259c:	bb8d                	j	8000230e <vprintfmt+0x114>

8000259e <sprintf_putch.0>:
8000259e:	419c                	lw	a5,0(a1)
800025a0:	00a78023          	sb	a0,0(a5)
800025a4:	419c                	lw	a5,0(a1)
800025a6:	0785                	add	a5,a5,1
800025a8:	c19c                	sw	a5,0(a1)
800025aa:	8082                	ret

800025ac <setStats>:
800025ac:	b0002773          	csrr	a4,mcycle
800025b0:	0000c797          	auipc	a5,0xc
800025b4:	bb078793          	add	a5,a5,-1104 # 8000e160 <counters>
800025b8:	c511                	beqz	a0,800025c4 <setStats+0x18>
800025ba:	c398                	sw	a4,0(a5)
800025bc:	b0202773          	csrr	a4,minstret
800025c0:	c3d8                	sw	a4,4(a5)
800025c2:	8082                	ret
800025c4:	4390                	lw	a2,0(a5)
800025c6:	0000c697          	auipc	a3,0xc
800025ca:	b9268693          	add	a3,a3,-1134 # 8000e158 <counter_names>
800025ce:	8f11                	sub	a4,a4,a2
800025d0:	0000c617          	auipc	a2,0xc
800025d4:	ac460613          	add	a2,a2,-1340 # 8000e094 <__clz_tab+0x10c>
800025d8:	c290                	sw	a2,0(a3)
800025da:	c398                	sw	a4,0(a5)
800025dc:	b0202773          	csrr	a4,minstret
800025e0:	43d0                	lw	a2,4(a5)
800025e2:	0000c597          	auipc	a1,0xc
800025e6:	aba58593          	add	a1,a1,-1350 # 8000e09c <__clz_tab+0x114>
800025ea:	c2cc                	sw	a1,4(a3)
800025ec:	8f11                	sub	a4,a4,a2
800025ee:	c3d8                	sw	a4,4(a5)
800025f0:	8082                	ret

800025f2 <tohost_exit>:
800025f2:	00151693          	sll	a3,a0,0x1
800025f6:	0016e713          	or	a4,a3,1
800025fa:	fffff697          	auipc	a3,0xfffff
800025fe:	a0668693          	add	a3,a3,-1530 # 80001000 <tohost>
80002602:	4781                	li	a5,0
80002604:	c298                	sw	a4,0(a3)
80002606:	c2dc                	sw	a5,4(a3)
80002608:	0000100f          	fence.i
8000260c:	a001                	j	8000260c <tohost_exit+0x1a>

8000260e <handle_trap>:
8000260e:	1141                	add	sp,sp,-16
80002610:	53900513          	li	a0,1337
80002614:	c606                	sw	ra,12(sp)
80002616:	3ff1                	jal	800025f2 <tohost_exit>

80002618 <exit>:
80002618:	1141                	add	sp,sp,-16
8000261a:	c606                	sw	ra,12(sp)
8000261c:	3fd9                	jal	800025f2 <tohost_exit>

8000261e <abort>:
8000261e:	1141                	add	sp,sp,-16
80002620:	08600513          	li	a0,134
80002624:	c606                	sw	ra,12(sp)
80002626:	37f1                	jal	800025f2 <tohost_exit>

80002628 <printstr>:
80002628:	00054783          	lbu	a5,0(a0)
8000262c:	7119                	add	sp,sp,-128
8000262e:	03f10613          	add	a2,sp,63
80002632:	882a                	mv	a6,a0
80002634:	fc067613          	and	a2,a2,-64
80002638:	4881                	li	a7,0
8000263a:	cba5                	beqz	a5,800026aa <printstr+0x82>
8000263c:	87aa                	mv	a5,a0
8000263e:	0017c703          	lbu	a4,1(a5)
80002642:	0785                	add	a5,a5,1
80002644:	ff6d                	bnez	a4,8000263e <printstr+0x16>
80002646:	40a78333          	sub	t1,a5,a0
8000264a:	4381                	li	t2,0
8000264c:	04000713          	li	a4,64
80002650:	c218                	sw	a4,0(a2)
80002652:	4781                	li	a5,0
80002654:	c25c                	sw	a5,4(a2)
80002656:	4705                	li	a4,1
80002658:	c618                	sw	a4,8(a2)
8000265a:	4781                	li	a5,0
8000265c:	c65c                	sw	a5,12(a2)
8000265e:	01062823          	sw	a6,16(a2)
80002662:	01162a23          	sw	a7,20(a2)
80002666:	00662c23          	sw	t1,24(a2)
8000266a:	00762e23          	sw	t2,28(a2)
8000266e:	0ff0000f          	fence
80002672:	fffff697          	auipc	a3,0xfffff
80002676:	98e68693          	add	a3,a3,-1650 # 80001000 <tohost>
8000267a:	4781                	li	a5,0
8000267c:	c290                	sw	a2,0(a3)
8000267e:	c2dc                	sw	a5,4(a3)
80002680:	0000100f          	fence.i
80002684:	fffff697          	auipc	a3,0xfffff
80002688:	9bc68693          	add	a3,a3,-1604 # 80001040 <fromhost>
8000268c:	4298                	lw	a4,0(a3)
8000268e:	42dc                	lw	a5,4(a3)
80002690:	8f5d                	or	a4,a4,a5
80002692:	df6d                	beqz	a4,8000268c <printstr+0x64>
80002694:	4781                	li	a5,0
80002696:	c29c                	sw	a5,0(a3)
80002698:	4801                	li	a6,0
8000269a:	0106a223          	sw	a6,4(a3)
8000269e:	0ff0000f          	fence
800026a2:	4218                	lw	a4,0(a2)
800026a4:	425c                	lw	a5,4(a2)
800026a6:	6109                	add	sp,sp,128
800026a8:	8082                	ret
800026aa:	4301                	li	t1,0
800026ac:	4381                	li	t2,0
800026ae:	bf79                	j	8000264c <printstr+0x24>

800026b0 <thread_entry>:
800026b0:	c111                	beqz	a0,800026b4 <thread_entry+0x4>
800026b2:	a001                	j	800026b2 <thread_entry+0x2>
800026b4:	8082                	ret

800026b6 <putchar>:
800026b6:	04022803          	lw	a6,64(tp) # 40 <buflen.1>
800026ba:	00020793          	mv	a5,tp
800026be:	97c2                	add	a5,a5,a6
800026c0:	7119                	add	sp,sp,-128
800026c2:	00180713          	add	a4,a6,1
800026c6:	04e22023          	sw	a4,64(tp) # 40 <buflen.1>
800026ca:	00a78023          	sb	a0,0(a5)
800026ce:	03f10693          	add	a3,sp,63
800026d2:	47a9                	li	a5,10
800026d4:	fc06f693          	and	a3,a3,-64
800026d8:	00f50963          	beq	a0,a5,800026ea <putchar+0x34>
800026dc:	04000793          	li	a5,64
800026e0:	00f70563          	beq	a4,a5,800026ea <putchar+0x34>
800026e4:	4501                	li	a0,0
800026e6:	6109                	add	sp,sp,128
800026e8:	8082                	ret
800026ea:	04000813          	li	a6,64
800026ee:	0106a023          	sw	a6,0(a3)
800026f2:	4881                	li	a7,0
800026f4:	0116a223          	sw	a7,4(a3)
800026f8:	4e05                	li	t3,1
800026fa:	01c6a423          	sw	t3,8(a3)
800026fe:	4e81                	li	t4,0
80002700:	01d6a623          	sw	t4,12(a3)
80002704:	00020313          	mv	t1,tp
80002708:	0066a823          	sw	t1,16(a3)
8000270c:	4381                	li	t2,0
8000270e:	0076aa23          	sw	t2,20(a3)
80002712:	ce98                	sw	a4,24(a3)
80002714:	41f75893          	sra	a7,a4,0x1f
80002718:	0116ae23          	sw	a7,28(a3)
8000271c:	0ff0000f          	fence
80002720:	fffff617          	auipc	a2,0xfffff
80002724:	8e060613          	add	a2,a2,-1824 # 80001000 <tohost>
80002728:	4781                	li	a5,0
8000272a:	c214                	sw	a3,0(a2)
8000272c:	c25c                	sw	a5,4(a2)
8000272e:	0000100f          	fence.i
80002732:	fffff617          	auipc	a2,0xfffff
80002736:	90e60613          	add	a2,a2,-1778 # 80001040 <fromhost>
8000273a:	4218                	lw	a4,0(a2)
8000273c:	425c                	lw	a5,4(a2)
8000273e:	8f5d                	or	a4,a4,a5
80002740:	df6d                	beqz	a4,8000273a <putchar+0x84>
80002742:	4781                	li	a5,0
80002744:	c21c                	sw	a5,0(a2)
80002746:	4801                	li	a6,0
80002748:	01062223          	sw	a6,4(a2)
8000274c:	0ff0000f          	fence
80002750:	04022023          	sw	zero,64(tp) # 40 <buflen.1>
80002754:	4298                	lw	a4,0(a3)
80002756:	4501                	li	a0,0
80002758:	42dc                	lw	a5,4(a3)
8000275a:	6109                	add	sp,sp,128
8000275c:	8082                	ret

8000275e <printhex>:
8000275e:	7179                	add	sp,sp,-48
80002760:	872a                	mv	a4,a0
80002762:	d606                	sw	ra,44(sp)
80002764:	0068                	add	a0,sp,12
80002766:	01b10693          	add	a3,sp,27
8000276a:	4825                	li	a6,9
8000276c:	a011                	j	80002770 <printhex+0x12>
8000276e:	86be                	mv	a3,a5
80002770:	00f77793          	and	a5,a4,15
80002774:	00f837b3          	sltu	a5,a6,a5
80002778:	40f007b3          	neg	a5,a5
8000277c:	0277f793          	and	a5,a5,39
80002780:	00f77613          	and	a2,a4,15
80002784:	03078793          	add	a5,a5,48
80002788:	97b2                	add	a5,a5,a2
8000278a:	00f68023          	sb	a5,0(a3)
8000278e:	01c59613          	sll	a2,a1,0x1c
80002792:	8311                	srl	a4,a4,0x4
80002794:	fff68793          	add	a5,a3,-1
80002798:	8f51                	or	a4,a4,a2
8000279a:	8191                	srl	a1,a1,0x4
8000279c:	fcd519e3          	bne	a0,a3,8000276e <printhex+0x10>
800027a0:	00010e23          	sb	zero,28(sp)
800027a4:	3551                	jal	80002628 <printstr>
800027a6:	50b2                	lw	ra,44(sp)
800027a8:	6145                	add	sp,sp,48
800027aa:	8082                	ret

800027ac <printf>:
800027ac:	7139                	add	sp,sp,-64
800027ae:	02410313          	add	t1,sp,36
800027b2:	d22e                	sw	a1,36(sp)
800027b4:	d432                	sw	a2,40(sp)
800027b6:	d636                	sw	a3,44(sp)
800027b8:	862a                	mv	a2,a0
800027ba:	869a                	mv	a3,t1
800027bc:	00000517          	auipc	a0,0x0
800027c0:	a2450513          	add	a0,a0,-1500 # 800021e0 <cputchar>
800027c4:	4581                	li	a1,0
800027c6:	ce06                	sw	ra,28(sp)
800027c8:	d83a                	sw	a4,48(sp)
800027ca:	da3e                	sw	a5,52(sp)
800027cc:	dc42                	sw	a6,56(sp)
800027ce:	de46                	sw	a7,60(sp)
800027d0:	c61a                	sw	t1,12(sp)
800027d2:	3425                	jal	800021fa <vprintfmt>
800027d4:	40f2                	lw	ra,28(sp)
800027d6:	4501                	li	a0,0
800027d8:	6121                	add	sp,sp,64
800027da:	8082                	ret

800027dc <sprintf>:
800027dc:	715d                	add	sp,sp,-80
800027de:	03810e13          	add	t3,sp,56
800027e2:	d422                	sw	s0,40(sp)
800027e4:	c62a                	sw	a0,12(sp)
800027e6:	842a                	mv	s0,a0
800027e8:	dc32                	sw	a2,56(sp)
800027ea:	de36                	sw	a3,60(sp)
800027ec:	862e                	mv	a2,a1
800027ee:	00000517          	auipc	a0,0x0
800027f2:	db050513          	add	a0,a0,-592 # 8000259e <sprintf_putch.0>
800027f6:	006c                	add	a1,sp,12
800027f8:	86f2                	mv	a3,t3
800027fa:	d606                	sw	ra,44(sp)
800027fc:	c2be                	sw	a5,68(sp)
800027fe:	c0ba                	sw	a4,64(sp)
80002800:	c4c2                	sw	a6,72(sp)
80002802:	c6c6                	sw	a7,76(sp)
80002804:	ce72                	sw	t3,28(sp)
80002806:	3ad5                	jal	800021fa <vprintfmt>
80002808:	47b2                	lw	a5,12(sp)
8000280a:	00078023          	sb	zero,0(a5)
8000280e:	4532                	lw	a0,12(sp)
80002810:	50b2                	lw	ra,44(sp)
80002812:	8d01                	sub	a0,a0,s0
80002814:	5422                	lw	s0,40(sp)
80002816:	6161                	add	sp,sp,80
80002818:	8082                	ret

8000281a <memcpy>:
8000281a:	00c5e7b3          	or	a5,a1,a2
8000281e:	8fc9                	or	a5,a5,a0
80002820:	8b8d                	and	a5,a5,3
80002822:	00c50833          	add	a6,a0,a2
80002826:	cf91                	beqz	a5,80002842 <memcpy+0x28>
80002828:	962e                	add	a2,a2,a1
8000282a:	87aa                	mv	a5,a0
8000282c:	09057b63          	bgeu	a0,a6,800028c2 <memcpy+0xa8>
80002830:	0005c703          	lbu	a4,0(a1)
80002834:	0585                	add	a1,a1,1
80002836:	0785                	add	a5,a5,1
80002838:	fee78fa3          	sb	a4,-1(a5)
8000283c:	fec59ae3          	bne	a1,a2,80002830 <memcpy+0x16>
80002840:	8082                	ret
80002842:	02050693          	add	a3,a0,32
80002846:	0706ff63          	bgeu	a3,a6,800028c4 <memcpy+0xaa>
8000284a:	87b6                	mv	a5,a3
8000284c:	872e                	mv	a4,a1
8000284e:	00072383          	lw	t2,0(a4)
80002852:	00472283          	lw	t0,4(a4)
80002856:	00872f83          	lw	t6,8(a4)
8000285a:	00c72f03          	lw	t5,12(a4)
8000285e:	01072e83          	lw	t4,16(a4)
80002862:	01472e03          	lw	t3,20(a4)
80002866:	01872303          	lw	t1,24(a4)
8000286a:	01c72883          	lw	a7,28(a4)
8000286e:	02078793          	add	a5,a5,32
80002872:	fc77a023          	sw	t2,-64(a5)
80002876:	fc57a223          	sw	t0,-60(a5)
8000287a:	fdf7a423          	sw	t6,-56(a5)
8000287e:	fde7a623          	sw	t5,-52(a5)
80002882:	fdd7a823          	sw	t4,-48(a5)
80002886:	fdc7aa23          	sw	t3,-44(a5)
8000288a:	fc67ac23          	sw	t1,-40(a5)
8000288e:	fd17ae23          	sw	a7,-36(a5)
80002892:	02070713          	add	a4,a4,32
80002896:	fb07ece3          	bltu	a5,a6,8000284e <memcpy+0x34>
8000289a:	fdf60613          	add	a2,a2,-33
8000289e:	fe067793          	and	a5,a2,-32
800028a2:	02078793          	add	a5,a5,32
800028a6:	9a01                	and	a2,a2,-32
800028a8:	95be                	add	a1,a1,a5
800028aa:	00c687b3          	add	a5,a3,a2
800028ae:	f907f9e3          	bgeu	a5,a6,80002840 <memcpy+0x26>
800028b2:	4198                	lw	a4,0(a1)
800028b4:	0791                	add	a5,a5,4
800028b6:	0591                	add	a1,a1,4
800028b8:	fee7ae23          	sw	a4,-4(a5)
800028bc:	ff07ebe3          	bltu	a5,a6,800028b2 <memcpy+0x98>
800028c0:	8082                	ret
800028c2:	8082                	ret
800028c4:	87aa                	mv	a5,a0
800028c6:	b7e5                	j	800028ae <memcpy+0x94>

800028c8 <memset>:
800028c8:	00c567b3          	or	a5,a0,a2
800028cc:	8b8d                	and	a5,a5,3
800028ce:	962a                	add	a2,a2,a0
800028d0:	cf81                	beqz	a5,800028e8 <memset+0x20>
800028d2:	0ff5f593          	zext.b	a1,a1
800028d6:	87aa                	mv	a5,a0
800028d8:	02c57963          	bgeu	a0,a2,8000290a <memset+0x42>
800028dc:	0785                	add	a5,a5,1
800028de:	feb78fa3          	sb	a1,-1(a5)
800028e2:	fec79de3          	bne	a5,a2,800028dc <memset+0x14>
800028e6:	8082                	ret
800028e8:	0ff5f593          	zext.b	a1,a1
800028ec:	00859713          	sll	a4,a1,0x8
800028f0:	972e                	add	a4,a4,a1
800028f2:	01071793          	sll	a5,a4,0x10
800028f6:	973e                	add	a4,a4,a5
800028f8:	fec577e3          	bgeu	a0,a2,800028e6 <memset+0x1e>
800028fc:	87aa                	mv	a5,a0
800028fe:	0791                	add	a5,a5,4
80002900:	fee7ae23          	sw	a4,-4(a5)
80002904:	fec7ede3          	bltu	a5,a2,800028fe <memset+0x36>
80002908:	8082                	ret
8000290a:	8082                	ret

8000290c <_init>:
8000290c:	7135                	add	sp,sp,-160
8000290e:	0000c797          	auipc	a5,0xc
80002912:	85a78793          	add	a5,a5,-1958 # 8000e168 <_tdata_begin>
80002916:	c552                	sw	s4,136(sp)
80002918:	0000ca17          	auipc	s4,0xc
8000291c:	850a0a13          	add	s4,s4,-1968 # 8000e168 <_tdata_begin>
80002920:	c74e                	sw	s3,140(sp)
80002922:	40fa09b3          	sub	s3,s4,a5
80002926:	cb26                	sw	s1,148(sp)
80002928:	c94a                	sw	s2,144(sp)
8000292a:	84aa                	mv	s1,a0
8000292c:	892e                	mv	s2,a1
8000292e:	8512                	mv	a0,tp
80002930:	85be                	mv	a1,a5
80002932:	864e                	mv	a2,s3
80002934:	cf06                	sw	ra,156(sp)
80002936:	cd22                	sw	s0,152(sp)
80002938:	c356                	sw	s5,132(sp)
8000293a:	8a92                	mv	s5,tp
8000293c:	3df9                	jal	8000281a <memcpy>
8000293e:	86c18613          	add	a2,gp,-1940 # 8000e1c4 <_tbss_end>
80002942:	41460633          	sub	a2,a2,s4
80002946:	4581                	li	a1,0
80002948:	013a8533          	add	a0,s5,s3
8000294c:	3fb5                	jal	800028c8 <memset>
8000294e:	85ca                	mv	a1,s2
80002950:	8526                	mv	a0,s1
80002952:	3bb9                	jal	800026b0 <thread_entry>
80002954:	03f10413          	add	s0,sp,63
80002958:	0000b517          	auipc	a0,0xb
8000295c:	76850513          	add	a0,a0,1896 # 8000e0c0 <__clz_tab+0x138>
80002960:	35b1                	jal	800027ac <printf>
80002962:	fc047413          	and	s0,s0,-64
80002966:	b0002a73          	csrr	s4,mcycle
8000296a:	b0202973          	csrr	s2,minstret
8000296e:	4581                	li	a1,0
80002970:	4501                	li	a0,0
80002972:	3fb010ef          	jal	8000456c <main>
80002976:	84aa                	mv	s1,a0
80002978:	b00025f3          	csrr	a1,mcycle
8000297c:	b02029f3          	csrr	s3,minstret
80002980:	0000b517          	auipc	a0,0xb
80002984:	75050513          	add	a0,a0,1872 # 8000e0d0 <__clz_tab+0x148>
80002988:	414585b3          	sub	a1,a1,s4
8000298c:	3505                	jal	800027ac <printf>
8000298e:	412985b3          	sub	a1,s3,s2
80002992:	0000b517          	auipc	a0,0xb
80002996:	75250513          	add	a0,a0,1874 # 8000e0e4 <__clz_tab+0x15c>
8000299a:	3d09                	jal	800027ac <printf>
8000299c:	0000b917          	auipc	s2,0xb
800029a0:	7c490913          	add	s2,s2,1988 # 8000e160 <counters>
800029a4:	00092683          	lw	a3,0(s2)
800029a8:	ea8d                	bnez	a3,800029da <_init+0xce>
800029aa:	00492683          	lw	a3,4(s2)
800029ae:	e299                	bnez	a3,800029b4 <_init+0xa8>
800029b0:	8526                	mv	a0,s1
800029b2:	3181                	jal	800025f2 <tohost_exit>
800029b4:	8922                	mv	s2,s0
800029b6:	0000b997          	auipc	s3,0xb
800029ba:	7a298993          	add	s3,s3,1954 # 8000e158 <counter_names>
800029be:	0049a603          	lw	a2,4(s3)
800029c2:	854a                	mv	a0,s2
800029c4:	0000b597          	auipc	a1,0xb
800029c8:	73858593          	add	a1,a1,1848 # 8000e0fc <__clz_tab+0x174>
800029cc:	3d01                	jal	800027dc <sprintf>
800029ce:	992a                	add	s2,s2,a0
800029d0:	ff2400e3          	beq	s0,s2,800029b0 <_init+0xa4>
800029d4:	8522                	mv	a0,s0
800029d6:	3989                	jal	80002628 <printstr>
800029d8:	bfe1                	j	800029b0 <_init+0xa4>
800029da:	0000b997          	auipc	s3,0xb
800029de:	77e98993          	add	s3,s3,1918 # 8000e158 <counter_names>
800029e2:	0009a603          	lw	a2,0(s3)
800029e6:	0000b597          	auipc	a1,0xb
800029ea:	71658593          	add	a1,a1,1814 # 8000e0fc <__clz_tab+0x174>
800029ee:	8522                	mv	a0,s0
800029f0:	33f5                	jal	800027dc <sprintf>
800029f2:	00492683          	lw	a3,4(s2)
800029f6:	00a40933          	add	s2,s0,a0
800029fa:	daf9                	beqz	a3,800029d0 <_init+0xc4>
800029fc:	b7c9                	j	800029be <_init+0xb2>

800029fe <strlen>:
800029fe:	00054783          	lbu	a5,0(a0)
80002a02:	cb89                	beqz	a5,80002a14 <strlen+0x16>
80002a04:	87aa                	mv	a5,a0
80002a06:	0017c703          	lbu	a4,1(a5)
80002a0a:	0785                	add	a5,a5,1
80002a0c:	ff6d                	bnez	a4,80002a06 <strlen+0x8>
80002a0e:	40a78533          	sub	a0,a5,a0
80002a12:	8082                	ret
80002a14:	4501                	li	a0,0
80002a16:	8082                	ret

80002a18 <strnlen>:
80002a18:	00b506b3          	add	a3,a0,a1
80002a1c:	87aa                	mv	a5,a0
80002a1e:	e589                	bnez	a1,80002a28 <strnlen+0x10>
80002a20:	a829                	j	80002a3a <strnlen+0x22>
80002a22:	0785                	add	a5,a5,1
80002a24:	00f68863          	beq	a3,a5,80002a34 <strnlen+0x1c>
80002a28:	0007c703          	lbu	a4,0(a5)
80002a2c:	fb7d                	bnez	a4,80002a22 <strnlen+0xa>
80002a2e:	40a78533          	sub	a0,a5,a0
80002a32:	8082                	ret
80002a34:	40a68533          	sub	a0,a3,a0
80002a38:	8082                	ret
80002a3a:	4501                	li	a0,0
80002a3c:	8082                	ret

80002a3e <strcmp>:
80002a3e:	00054783          	lbu	a5,0(a0)
80002a42:	0585                	add	a1,a1,1
80002a44:	0505                	add	a0,a0,1
80002a46:	fff5c703          	lbu	a4,-1(a1)
80002a4a:	c791                	beqz	a5,80002a56 <strcmp+0x18>
80002a4c:	fee789e3          	beq	a5,a4,80002a3e <strcmp>
80002a50:	40e78533          	sub	a0,a5,a4
80002a54:	8082                	ret
80002a56:	4781                	li	a5,0
80002a58:	bfe5                	j	80002a50 <strcmp+0x12>

80002a5a <strcpy>:
80002a5a:	87aa                	mv	a5,a0
80002a5c:	0005c703          	lbu	a4,0(a1)
80002a60:	0785                	add	a5,a5,1
80002a62:	0585                	add	a1,a1,1
80002a64:	fee78fa3          	sb	a4,-1(a5)
80002a68:	fb75                	bnez	a4,80002a5c <strcpy+0x2>
80002a6a:	8082                	ret

80002a6c <atol>:
80002a6c:	00054703          	lbu	a4,0(a0)
80002a70:	02000693          	li	a3,32
80002a74:	87aa                	mv	a5,a0
80002a76:	00d71763          	bne	a4,a3,80002a84 <atol+0x18>
80002a7a:	0017c703          	lbu	a4,1(a5)
80002a7e:	0785                	add	a5,a5,1
80002a80:	fed70de3          	beq	a4,a3,80002a7a <atol+0xe>
80002a84:	02d00693          	li	a3,45
80002a88:	02d70f63          	beq	a4,a3,80002ac6 <atol+0x5a>
80002a8c:	02b00693          	li	a3,43
80002a90:	02d70563          	beq	a4,a3,80002aba <atol+0x4e>
80002a94:	0007c703          	lbu	a4,0(a5)
80002a98:	4601                	li	a2,0
80002a9a:	cb1d                	beqz	a4,80002ad0 <atol+0x64>
80002a9c:	4501                	li	a0,0
80002a9e:	0785                	add	a5,a5,1
80002aa0:	fd070693          	add	a3,a4,-48
80002aa4:	0007c703          	lbu	a4,0(a5)
80002aa8:	20a54533          	sh2add	a0,a0,a0
80002aac:	20d52533          	sh1add	a0,a0,a3
80002ab0:	f77d                	bnez	a4,80002a9e <atol+0x32>
80002ab2:	c205                	beqz	a2,80002ad2 <atol+0x66>
80002ab4:	40a00533          	neg	a0,a0
80002ab8:	8082                	ret
80002aba:	0017c703          	lbu	a4,1(a5)
80002abe:	0785                	add	a5,a5,1
80002ac0:	cb01                	beqz	a4,80002ad0 <atol+0x64>
80002ac2:	4601                	li	a2,0
80002ac4:	bfe1                	j	80002a9c <atol+0x30>
80002ac6:	0017c703          	lbu	a4,1(a5)
80002aca:	4605                	li	a2,1
80002acc:	0785                	add	a5,a5,1
80002ace:	f779                	bnez	a4,80002a9c <atol+0x30>
80002ad0:	4501                	li	a0,0
80002ad2:	8082                	ret

80002ad4 <__moddi3>:
80002ad4:	00058e13          	mv	t3,a1
80002ad8:	00000813          	li	a6,0
80002adc:	0005dc63          	bgez	a1,80002af4 <__moddi3+0x20>
80002ae0:	00a037b3          	snez	a5,a0
80002ae4:	40b00e33          	neg	t3,a1
80002ae8:	40fe0e33          	sub	t3,t3,a5
80002aec:	40a00533          	neg	a0,a0
80002af0:	fff00813          	li	a6,-1
80002af4:	0006da63          	bgez	a3,80002b08 <__moddi3+0x34>
80002af8:	00c037b3          	snez	a5,a2
80002afc:	40d006b3          	neg	a3,a3
80002b00:	40f686b3          	sub	a3,a3,a5
80002b04:	40c00633          	neg	a2,a2
80002b08:	00060893          	mv	a7,a2
80002b0c:	00050793          	mv	a5,a0
80002b10:	000e0593          	mv	a1,t3
80002b14:	22069063          	bnez	a3,80002d34 <__moddi3+0x260>
80002b18:	8000e737          	lui	a4,0x8000e
80002b1c:	f8870713          	add	a4,a4,-120 # 8000df88 <__clz_tab>
80002b20:	0ece7663          	bgeu	t3,a2,80002c0c <__moddi3+0x138>
80002b24:	000106b7          	lui	a3,0x10
80002b28:	0cd67863          	bgeu	a2,a3,80002bf8 <__moddi3+0x124>
80002b2c:	10063693          	sltiu	a3,a2,256
80002b30:	0016b693          	seqz	a3,a3
80002b34:	00369693          	sll	a3,a3,0x3
80002b38:	00d65333          	srl	t1,a2,a3
80002b3c:	00670733          	add	a4,a4,t1
80002b40:	00074703          	lbu	a4,0(a4)
80002b44:	00d70733          	add	a4,a4,a3
80002b48:	02000693          	li	a3,32
80002b4c:	40e68333          	sub	t1,a3,a4
80002b50:	00e68c63          	beq	a3,a4,80002b68 <__moddi3+0x94>
80002b54:	006e15b3          	sll	a1,t3,t1
80002b58:	00e55733          	srl	a4,a0,a4
80002b5c:	006618b3          	sll	a7,a2,t1
80002b60:	00b765b3          	or	a1,a4,a1
80002b64:	006517b3          	sll	a5,a0,t1
80002b68:	0108d613          	srl	a2,a7,0x10
80002b6c:	02c5d6b3          	divu	a3,a1,a2
80002b70:	01089513          	sll	a0,a7,0x10
80002b74:	01055513          	srl	a0,a0,0x10
80002b78:	0107d713          	srl	a4,a5,0x10
80002b7c:	02c5f5b3          	remu	a1,a1,a2
80002b80:	02a686b3          	mul	a3,a3,a0
80002b84:	01059593          	sll	a1,a1,0x10
80002b88:	00b76733          	or	a4,a4,a1
80002b8c:	00d77a63          	bgeu	a4,a3,80002ba0 <__moddi3+0xcc>
80002b90:	00e88733          	add	a4,a7,a4
80002b94:	01176663          	bltu	a4,a7,80002ba0 <__moddi3+0xcc>
80002b98:	00d77463          	bgeu	a4,a3,80002ba0 <__moddi3+0xcc>
80002b9c:	01170733          	add	a4,a4,a7
80002ba0:	40d70733          	sub	a4,a4,a3
80002ba4:	02c756b3          	divu	a3,a4,a2
80002ba8:	02c77733          	remu	a4,a4,a2
80002bac:	02a686b3          	mul	a3,a3,a0
80002bb0:	01079793          	sll	a5,a5,0x10
80002bb4:	01071713          	sll	a4,a4,0x10
80002bb8:	0107d793          	srl	a5,a5,0x10
80002bbc:	00e7e7b3          	or	a5,a5,a4
80002bc0:	00d7fa63          	bgeu	a5,a3,80002bd4 <__moddi3+0x100>
80002bc4:	00f887b3          	add	a5,a7,a5
80002bc8:	0117e663          	bltu	a5,a7,80002bd4 <__moddi3+0x100>
80002bcc:	00d7f463          	bgeu	a5,a3,80002bd4 <__moddi3+0x100>
80002bd0:	011787b3          	add	a5,a5,a7
80002bd4:	40d787b3          	sub	a5,a5,a3
80002bd8:	0067d533          	srl	a0,a5,t1
80002bdc:	00000593          	li	a1,0
80002be0:	00080a63          	beqz	a6,80002bf4 <__moddi3+0x120>
80002be4:	00a037b3          	snez	a5,a0
80002be8:	40b005b3          	neg	a1,a1
80002bec:	40f585b3          	sub	a1,a1,a5
80002bf0:	40a00533          	neg	a0,a0
80002bf4:	00008067          	ret
80002bf8:	01000337          	lui	t1,0x1000
80002bfc:	01800693          	li	a3,24
80002c00:	f2667ce3          	bgeu	a2,t1,80002b38 <__moddi3+0x64>
80002c04:	01000693          	li	a3,16
80002c08:	f31ff06f          	j	80002b38 <__moddi3+0x64>
80002c0c:	00000693          	li	a3,0
80002c10:	00060c63          	beqz	a2,80002c28 <__moddi3+0x154>
80002c14:	000106b7          	lui	a3,0x10
80002c18:	06d67e63          	bgeu	a2,a3,80002c94 <__moddi3+0x1c0>
80002c1c:	10063693          	sltiu	a3,a2,256
80002c20:	0016b693          	seqz	a3,a3
80002c24:	00369693          	sll	a3,a3,0x3
80002c28:	00d655b3          	srl	a1,a2,a3
80002c2c:	00b70733          	add	a4,a4,a1
80002c30:	00074703          	lbu	a4,0(a4)
80002c34:	00d70733          	add	a4,a4,a3
80002c38:	02000693          	li	a3,32
80002c3c:	40e68333          	sub	t1,a3,a4
80002c40:	06e69463          	bne	a3,a4,80002ca8 <__moddi3+0x1d4>
80002c44:	40ce0733          	sub	a4,t3,a2
80002c48:	0108d593          	srl	a1,a7,0x10
80002c4c:	02b75633          	divu	a2,a4,a1
80002c50:	01089513          	sll	a0,a7,0x10
80002c54:	01055513          	srl	a0,a0,0x10
80002c58:	0107d693          	srl	a3,a5,0x10
80002c5c:	02b77733          	remu	a4,a4,a1
80002c60:	02a60633          	mul	a2,a2,a0
80002c64:	01071713          	sll	a4,a4,0x10
80002c68:	00e6e733          	or	a4,a3,a4
80002c6c:	00c77a63          	bgeu	a4,a2,80002c80 <__moddi3+0x1ac>
80002c70:	00e88733          	add	a4,a7,a4
80002c74:	01176663          	bltu	a4,a7,80002c80 <__moddi3+0x1ac>
80002c78:	00c77463          	bgeu	a4,a2,80002c80 <__moddi3+0x1ac>
80002c7c:	01170733          	add	a4,a4,a7
80002c80:	40c70733          	sub	a4,a4,a2
80002c84:	02b756b3          	divu	a3,a4,a1
80002c88:	02b77733          	remu	a4,a4,a1
80002c8c:	02a686b3          	mul	a3,a3,a0
80002c90:	f21ff06f          	j	80002bb0 <__moddi3+0xdc>
80002c94:	010005b7          	lui	a1,0x1000
80002c98:	01800693          	li	a3,24
80002c9c:	f8b676e3          	bgeu	a2,a1,80002c28 <__moddi3+0x154>
80002ca0:	01000693          	li	a3,16
80002ca4:	f85ff06f          	j	80002c28 <__moddi3+0x154>
80002ca8:	006618b3          	sll	a7,a2,t1
80002cac:	00ee56b3          	srl	a3,t3,a4
80002cb0:	006517b3          	sll	a5,a0,t1
80002cb4:	00e55733          	srl	a4,a0,a4
80002cb8:	0108d513          	srl	a0,a7,0x10
80002cbc:	02a6d5b3          	divu	a1,a3,a0
80002cc0:	006e1e33          	sll	t3,t3,t1
80002cc4:	01c76733          	or	a4,a4,t3
80002cc8:	01089e13          	sll	t3,a7,0x10
80002ccc:	010e5e13          	srl	t3,t3,0x10
80002cd0:	02a6f6b3          	remu	a3,a3,a0
80002cd4:	03c585b3          	mul	a1,a1,t3
80002cd8:	01069613          	sll	a2,a3,0x10
80002cdc:	01075693          	srl	a3,a4,0x10
80002ce0:	00c6e6b3          	or	a3,a3,a2
80002ce4:	00b6fa63          	bgeu	a3,a1,80002cf8 <__moddi3+0x224>
80002ce8:	00d886b3          	add	a3,a7,a3
80002cec:	0116e663          	bltu	a3,a7,80002cf8 <__moddi3+0x224>
80002cf0:	00b6f463          	bgeu	a3,a1,80002cf8 <__moddi3+0x224>
80002cf4:	011686b3          	add	a3,a3,a7
80002cf8:	40b686b3          	sub	a3,a3,a1
80002cfc:	02a6d633          	divu	a2,a3,a0
80002d00:	01071713          	sll	a4,a4,0x10
80002d04:	01075713          	srl	a4,a4,0x10
80002d08:	02a6f6b3          	remu	a3,a3,a0
80002d0c:	03c60633          	mul	a2,a2,t3
80002d10:	01069693          	sll	a3,a3,0x10
80002d14:	00d76733          	or	a4,a4,a3
80002d18:	00c77a63          	bgeu	a4,a2,80002d2c <__moddi3+0x258>
80002d1c:	00e88733          	add	a4,a7,a4
80002d20:	01176663          	bltu	a4,a7,80002d2c <__moddi3+0x258>
80002d24:	00c77463          	bgeu	a4,a2,80002d2c <__moddi3+0x258>
80002d28:	01170733          	add	a4,a4,a7
80002d2c:	40c70733          	sub	a4,a4,a2
80002d30:	f19ff06f          	j	80002c48 <__moddi3+0x174>
80002d34:	eade66e3          	bltu	t3,a3,80002be0 <__moddi3+0x10c>
80002d38:	00010737          	lui	a4,0x10
80002d3c:	04e6fc63          	bgeu	a3,a4,80002d94 <__moddi3+0x2c0>
80002d40:	1006b713          	sltiu	a4,a3,256
80002d44:	00173713          	seqz	a4,a4
80002d48:	00371713          	sll	a4,a4,0x3
80002d4c:	8000e8b7          	lui	a7,0x8000e
80002d50:	00e6d333          	srl	t1,a3,a4
80002d54:	f8888893          	add	a7,a7,-120 # 8000df88 <__clz_tab>
80002d58:	006888b3          	add	a7,a7,t1
80002d5c:	0008c883          	lbu	a7,0(a7)
80002d60:	02000313          	li	t1,32
80002d64:	00e888b3          	add	a7,a7,a4
80002d68:	41130733          	sub	a4,t1,a7
80002d6c:	03131e63          	bne	t1,a7,80002da8 <__moddi3+0x2d4>
80002d70:	01c6e463          	bltu	a3,t3,80002d78 <__moddi3+0x2a4>
80002d74:	00c56c63          	bltu	a0,a2,80002d8c <__moddi3+0x2b8>
80002d78:	40c50633          	sub	a2,a0,a2
80002d7c:	40de06b3          	sub	a3,t3,a3
80002d80:	00c535b3          	sltu	a1,a0,a2
80002d84:	00060793          	mv	a5,a2
80002d88:	40b685b3          	sub	a1,a3,a1
80002d8c:	00078513          	mv	a0,a5
80002d90:	e51ff06f          	j	80002be0 <__moddi3+0x10c>
80002d94:	010008b7          	lui	a7,0x1000
80002d98:	01800713          	li	a4,24
80002d9c:	fb16f8e3          	bgeu	a3,a7,80002d4c <__moddi3+0x278>
80002da0:	01000713          	li	a4,16
80002da4:	fa9ff06f          	j	80002d4c <__moddi3+0x278>
80002da8:	00e696b3          	sll	a3,a3,a4
80002dac:	01165333          	srl	t1,a2,a7
80002db0:	00d36333          	or	t1,t1,a3
80002db4:	011e57b3          	srl	a5,t3,a7
80002db8:	01035e93          	srl	t4,t1,0x10
80002dbc:	03d7dfb3          	divu	t6,a5,t4
80002dc0:	00ee1e33          	sll	t3,t3,a4
80002dc4:	011555b3          	srl	a1,a0,a7
80002dc8:	01c5e5b3          	or	a1,a1,t3
80002dcc:	01031e13          	sll	t3,t1,0x10
80002dd0:	010e5e13          	srl	t3,t3,0x10
80002dd4:	00e61633          	sll	a2,a2,a4
80002dd8:	00e51533          	sll	a0,a0,a4
80002ddc:	03d7f7b3          	remu	a5,a5,t4
80002de0:	03fe0f33          	mul	t5,t3,t6
80002de4:	01079693          	sll	a3,a5,0x10
80002de8:	0105d793          	srl	a5,a1,0x10
80002dec:	00d7e7b3          	or	a5,a5,a3
80002df0:	000f8693          	mv	a3,t6
80002df4:	01e7fe63          	bgeu	a5,t5,80002e10 <__moddi3+0x33c>
80002df8:	00f307b3          	add	a5,t1,a5
80002dfc:	ffff8693          	add	a3,t6,-1
80002e00:	0067e863          	bltu	a5,t1,80002e10 <__moddi3+0x33c>
80002e04:	01e7f663          	bgeu	a5,t5,80002e10 <__moddi3+0x33c>
80002e08:	ffef8693          	add	a3,t6,-2
80002e0c:	006787b3          	add	a5,a5,t1
80002e10:	41e787b3          	sub	a5,a5,t5
80002e14:	03d7df33          	divu	t5,a5,t4
80002e18:	01059593          	sll	a1,a1,0x10
80002e1c:	0105d593          	srl	a1,a1,0x10
80002e20:	03d7f7b3          	remu	a5,a5,t4
80002e24:	03ee0e33          	mul	t3,t3,t5
80002e28:	01079793          	sll	a5,a5,0x10
80002e2c:	00f5e5b3          	or	a1,a1,a5
80002e30:	000f0793          	mv	a5,t5
80002e34:	01c5fe63          	bgeu	a1,t3,80002e50 <__moddi3+0x37c>
80002e38:	00b305b3          	add	a1,t1,a1
80002e3c:	ffff0793          	add	a5,t5,-1
80002e40:	0065e863          	bltu	a1,t1,80002e50 <__moddi3+0x37c>
80002e44:	01c5f663          	bgeu	a1,t3,80002e50 <__moddi3+0x37c>
80002e48:	ffef0793          	add	a5,t5,-2
80002e4c:	006585b3          	add	a1,a1,t1
80002e50:	01069693          	sll	a3,a3,0x10
80002e54:	00010fb7          	lui	t6,0x10
80002e58:	00f6e6b3          	or	a3,a3,a5
80002e5c:	41c585b3          	sub	a1,a1,t3
80002e60:	ffff8e13          	add	t3,t6,-1 # ffff <buflen.1+0xffbf>
80002e64:	01c6f7b3          	and	a5,a3,t3
80002e68:	01065e93          	srl	t4,a2,0x10
80002e6c:	0106d693          	srl	a3,a3,0x10
80002e70:	01c67e33          	and	t3,a2,t3
80002e74:	03c78f33          	mul	t5,a5,t3
80002e78:	03c68e33          	mul	t3,a3,t3
80002e7c:	03d787b3          	mul	a5,a5,t4
80002e80:	03d686b3          	mul	a3,a3,t4
80002e84:	01c78eb3          	add	t4,a5,t3
80002e88:	010f5793          	srl	a5,t5,0x10
80002e8c:	01d787b3          	add	a5,a5,t4
80002e90:	01c7f463          	bgeu	a5,t3,80002e98 <__moddi3+0x3c4>
80002e94:	01f686b3          	add	a3,a3,t6
80002e98:	0107de13          	srl	t3,a5,0x10
80002e9c:	00de06b3          	add	a3,t3,a3
80002ea0:	00010e37          	lui	t3,0x10
80002ea4:	fffe0e13          	add	t3,t3,-1 # ffff <buflen.1+0xffbf>
80002ea8:	01c7f7b3          	and	a5,a5,t3
80002eac:	01079793          	sll	a5,a5,0x10
80002eb0:	01cf7f33          	and	t5,t5,t3
80002eb4:	01e787b3          	add	a5,a5,t5
80002eb8:	00d5e663          	bltu	a1,a3,80002ec4 <__moddi3+0x3f0>
80002ebc:	00d59e63          	bne	a1,a3,80002ed8 <__moddi3+0x404>
80002ec0:	00f57c63          	bgeu	a0,a5,80002ed8 <__moddi3+0x404>
80002ec4:	40c78633          	sub	a2,a5,a2
80002ec8:	00c7be33          	sltu	t3,a5,a2
80002ecc:	00060793          	mv	a5,a2
80002ed0:	006e0633          	add	a2,t3,t1
80002ed4:	40c686b3          	sub	a3,a3,a2
80002ed8:	40f507b3          	sub	a5,a0,a5
80002edc:	00f53533          	sltu	a0,a0,a5
80002ee0:	40d585b3          	sub	a1,a1,a3
80002ee4:	40a585b3          	sub	a1,a1,a0
80002ee8:	011598b3          	sll	a7,a1,a7
80002eec:	00e7d7b3          	srl	a5,a5,a4
80002ef0:	00f8e533          	or	a0,a7,a5
80002ef4:	00e5d5b3          	srl	a1,a1,a4
80002ef8:	ce9ff06f          	j	80002be0 <__moddi3+0x10c>

80002efc <__udivdi3>:
80002efc:	00050893          	mv	a7,a0
80002f00:	00058313          	mv	t1,a1
80002f04:	00060713          	mv	a4,a2
80002f08:	00050813          	mv	a6,a0
80002f0c:	00058793          	mv	a5,a1
80002f10:	28069263          	bnez	a3,80003194 <__udivdi3+0x298>
80002f14:	8000e5b7          	lui	a1,0x8000e
80002f18:	f8858593          	add	a1,a1,-120 # 8000df88 <__clz_tab>
80002f1c:	0ec37663          	bgeu	t1,a2,80003008 <__udivdi3+0x10c>
80002f20:	000106b7          	lui	a3,0x10
80002f24:	0cd67863          	bgeu	a2,a3,80002ff4 <__udivdi3+0xf8>
80002f28:	10063693          	sltiu	a3,a2,256
80002f2c:	0016b693          	seqz	a3,a3
80002f30:	00369693          	sll	a3,a3,0x3
80002f34:	00d65533          	srl	a0,a2,a3
80002f38:	00a585b3          	add	a1,a1,a0
80002f3c:	0005c583          	lbu	a1,0(a1)
80002f40:	02000513          	li	a0,32
80002f44:	00d586b3          	add	a3,a1,a3
80002f48:	40d505b3          	sub	a1,a0,a3
80002f4c:	00d50c63          	beq	a0,a3,80002f64 <__udivdi3+0x68>
80002f50:	00b317b3          	sll	a5,t1,a1
80002f54:	00d8d6b3          	srl	a3,a7,a3
80002f58:	00b61733          	sll	a4,a2,a1
80002f5c:	00f6e7b3          	or	a5,a3,a5
80002f60:	00b89833          	sll	a6,a7,a1
80002f64:	01075593          	srl	a1,a4,0x10
80002f68:	02b7d333          	divu	t1,a5,a1
80002f6c:	01071613          	sll	a2,a4,0x10
80002f70:	01065613          	srl	a2,a2,0x10
80002f74:	02b7f7b3          	remu	a5,a5,a1
80002f78:	00030513          	mv	a0,t1
80002f7c:	026608b3          	mul	a7,a2,t1
80002f80:	01079693          	sll	a3,a5,0x10
80002f84:	01085793          	srl	a5,a6,0x10
80002f88:	00d7e7b3          	or	a5,a5,a3
80002f8c:	0117fe63          	bgeu	a5,a7,80002fa8 <__udivdi3+0xac>
80002f90:	00f707b3          	add	a5,a4,a5
80002f94:	fff30513          	add	a0,t1,-1 # ffffff <buflen.1+0xffffbf>
80002f98:	00e7e863          	bltu	a5,a4,80002fa8 <__udivdi3+0xac>
80002f9c:	0117f663          	bgeu	a5,a7,80002fa8 <__udivdi3+0xac>
80002fa0:	ffe30513          	add	a0,t1,-2
80002fa4:	00e787b3          	add	a5,a5,a4
80002fa8:	411787b3          	sub	a5,a5,a7
80002fac:	02b7d8b3          	divu	a7,a5,a1
80002fb0:	01081813          	sll	a6,a6,0x10
80002fb4:	01085813          	srl	a6,a6,0x10
80002fb8:	02b7f7b3          	remu	a5,a5,a1
80002fbc:	031606b3          	mul	a3,a2,a7
80002fc0:	01079793          	sll	a5,a5,0x10
80002fc4:	00f86833          	or	a6,a6,a5
80002fc8:	00088793          	mv	a5,a7
80002fcc:	00d87c63          	bgeu	a6,a3,80002fe4 <__udivdi3+0xe8>
80002fd0:	01070833          	add	a6,a4,a6
80002fd4:	fff88793          	add	a5,a7,-1 # ffffff <buflen.1+0xffffbf>
80002fd8:	00e86663          	bltu	a6,a4,80002fe4 <__udivdi3+0xe8>
80002fdc:	00d87463          	bgeu	a6,a3,80002fe4 <__udivdi3+0xe8>
80002fe0:	ffe88793          	add	a5,a7,-2
80002fe4:	01051513          	sll	a0,a0,0x10
80002fe8:	00f56533          	or	a0,a0,a5
80002fec:	00000593          	li	a1,0
80002ff0:	00008067          	ret
80002ff4:	01000537          	lui	a0,0x1000
80002ff8:	01800693          	li	a3,24
80002ffc:	f2a67ce3          	bgeu	a2,a0,80002f34 <__udivdi3+0x38>
80003000:	01000693          	li	a3,16
80003004:	f31ff06f          	j	80002f34 <__udivdi3+0x38>
80003008:	00000693          	li	a3,0
8000300c:	00060c63          	beqz	a2,80003024 <__udivdi3+0x128>
80003010:	000107b7          	lui	a5,0x10
80003014:	0cf67063          	bgeu	a2,a5,800030d4 <__udivdi3+0x1d8>
80003018:	10063693          	sltiu	a3,a2,256
8000301c:	0016b693          	seqz	a3,a3
80003020:	00369693          	sll	a3,a3,0x3
80003024:	00d657b3          	srl	a5,a2,a3
80003028:	00f585b3          	add	a1,a1,a5
8000302c:	0005c783          	lbu	a5,0(a1)
80003030:	00d787b3          	add	a5,a5,a3
80003034:	02000693          	li	a3,32
80003038:	40f685b3          	sub	a1,a3,a5
8000303c:	0af69663          	bne	a3,a5,800030e8 <__udivdi3+0x1ec>
80003040:	40c307b3          	sub	a5,t1,a2
80003044:	00100593          	li	a1,1
80003048:	01075893          	srl	a7,a4,0x10
8000304c:	0317de33          	divu	t3,a5,a7
80003050:	01071613          	sll	a2,a4,0x10
80003054:	01065613          	srl	a2,a2,0x10
80003058:	01085693          	srl	a3,a6,0x10
8000305c:	0317f7b3          	remu	a5,a5,a7
80003060:	000e0513          	mv	a0,t3
80003064:	03c60333          	mul	t1,a2,t3
80003068:	01079793          	sll	a5,a5,0x10
8000306c:	00f6e7b3          	or	a5,a3,a5
80003070:	0067fe63          	bgeu	a5,t1,8000308c <__udivdi3+0x190>
80003074:	00f707b3          	add	a5,a4,a5
80003078:	fffe0513          	add	a0,t3,-1
8000307c:	00e7e863          	bltu	a5,a4,8000308c <__udivdi3+0x190>
80003080:	0067f663          	bgeu	a5,t1,8000308c <__udivdi3+0x190>
80003084:	ffee0513          	add	a0,t3,-2
80003088:	00e787b3          	add	a5,a5,a4
8000308c:	406787b3          	sub	a5,a5,t1
80003090:	0317d333          	divu	t1,a5,a7
80003094:	01081813          	sll	a6,a6,0x10
80003098:	01085813          	srl	a6,a6,0x10
8000309c:	0317f7b3          	remu	a5,a5,a7
800030a0:	026606b3          	mul	a3,a2,t1
800030a4:	01079793          	sll	a5,a5,0x10
800030a8:	00f86833          	or	a6,a6,a5
800030ac:	00030793          	mv	a5,t1
800030b0:	00d87c63          	bgeu	a6,a3,800030c8 <__udivdi3+0x1cc>
800030b4:	01070833          	add	a6,a4,a6
800030b8:	fff30793          	add	a5,t1,-1
800030bc:	00e86663          	bltu	a6,a4,800030c8 <__udivdi3+0x1cc>
800030c0:	00d87463          	bgeu	a6,a3,800030c8 <__udivdi3+0x1cc>
800030c4:	ffe30793          	add	a5,t1,-2
800030c8:	01051513          	sll	a0,a0,0x10
800030cc:	00f56533          	or	a0,a0,a5
800030d0:	00008067          	ret
800030d4:	010007b7          	lui	a5,0x1000
800030d8:	01800693          	li	a3,24
800030dc:	f4f674e3          	bgeu	a2,a5,80003024 <__udivdi3+0x128>
800030e0:	01000693          	li	a3,16
800030e4:	f41ff06f          	j	80003024 <__udivdi3+0x128>
800030e8:	00b61733          	sll	a4,a2,a1
800030ec:	00f356b3          	srl	a3,t1,a5
800030f0:	01075513          	srl	a0,a4,0x10
800030f4:	00b31333          	sll	t1,t1,a1
800030f8:	00f8d7b3          	srl	a5,a7,a5
800030fc:	0067e7b3          	or	a5,a5,t1
80003100:	02a6d333          	divu	t1,a3,a0
80003104:	01071613          	sll	a2,a4,0x10
80003108:	01065613          	srl	a2,a2,0x10
8000310c:	00b89833          	sll	a6,a7,a1
80003110:	02a6f6b3          	remu	a3,a3,a0
80003114:	026608b3          	mul	a7,a2,t1
80003118:	01069593          	sll	a1,a3,0x10
8000311c:	0107d693          	srl	a3,a5,0x10
80003120:	00b6e6b3          	or	a3,a3,a1
80003124:	00030593          	mv	a1,t1
80003128:	0116fe63          	bgeu	a3,a7,80003144 <__udivdi3+0x248>
8000312c:	00d706b3          	add	a3,a4,a3
80003130:	fff30593          	add	a1,t1,-1
80003134:	00e6e863          	bltu	a3,a4,80003144 <__udivdi3+0x248>
80003138:	0116f663          	bgeu	a3,a7,80003144 <__udivdi3+0x248>
8000313c:	ffe30593          	add	a1,t1,-2
80003140:	00e686b3          	add	a3,a3,a4
80003144:	411686b3          	sub	a3,a3,a7
80003148:	02a6d8b3          	divu	a7,a3,a0
8000314c:	01079793          	sll	a5,a5,0x10
80003150:	0107d793          	srl	a5,a5,0x10
80003154:	02a6f6b3          	remu	a3,a3,a0
80003158:	03160633          	mul	a2,a2,a7
8000315c:	01069693          	sll	a3,a3,0x10
80003160:	00d7e7b3          	or	a5,a5,a3
80003164:	00088693          	mv	a3,a7
80003168:	00c7fe63          	bgeu	a5,a2,80003184 <__udivdi3+0x288>
8000316c:	00f707b3          	add	a5,a4,a5
80003170:	fff88693          	add	a3,a7,-1
80003174:	00e7e863          	bltu	a5,a4,80003184 <__udivdi3+0x288>
80003178:	00c7f663          	bgeu	a5,a2,80003184 <__udivdi3+0x288>
8000317c:	ffe88693          	add	a3,a7,-2
80003180:	00e787b3          	add	a5,a5,a4
80003184:	01059593          	sll	a1,a1,0x10
80003188:	40c787b3          	sub	a5,a5,a2
8000318c:	00d5e5b3          	or	a1,a1,a3
80003190:	eb9ff06f          	j	80003048 <__udivdi3+0x14c>
80003194:	18d5e663          	bltu	a1,a3,80003320 <__udivdi3+0x424>
80003198:	000107b7          	lui	a5,0x10
8000319c:	04f6f463          	bgeu	a3,a5,800031e4 <__udivdi3+0x2e8>
800031a0:	1006b713          	sltiu	a4,a3,256
800031a4:	00173713          	seqz	a4,a4
800031a8:	00371713          	sll	a4,a4,0x3
800031ac:	8000e7b7          	lui	a5,0x8000e
800031b0:	00e6d5b3          	srl	a1,a3,a4
800031b4:	f8878793          	add	a5,a5,-120 # 8000df88 <__clz_tab>
800031b8:	00b787b3          	add	a5,a5,a1
800031bc:	0007c783          	lbu	a5,0(a5)
800031c0:	00e787b3          	add	a5,a5,a4
800031c4:	02000713          	li	a4,32
800031c8:	40f705b3          	sub	a1,a4,a5
800031cc:	02f71663          	bne	a4,a5,800031f8 <__udivdi3+0x2fc>
800031d0:	00100513          	li	a0,1
800031d4:	e066eee3          	bltu	a3,t1,80002ff0 <__udivdi3+0xf4>
800031d8:	00c8b533          	sltu	a0,a7,a2
800031dc:	00153513          	seqz	a0,a0
800031e0:	00008067          	ret
800031e4:	010007b7          	lui	a5,0x1000
800031e8:	01800713          	li	a4,24
800031ec:	fcf6f0e3          	bgeu	a3,a5,800031ac <__udivdi3+0x2b0>
800031f0:	01000713          	li	a4,16
800031f4:	fb9ff06f          	j	800031ac <__udivdi3+0x2b0>
800031f8:	00f65733          	srl	a4,a2,a5
800031fc:	00b696b3          	sll	a3,a3,a1
80003200:	00d766b3          	or	a3,a4,a3
80003204:	00f35733          	srl	a4,t1,a5
80003208:	00b31333          	sll	t1,t1,a1
8000320c:	00f8d7b3          	srl	a5,a7,a5
80003210:	0067e7b3          	or	a5,a5,t1
80003214:	0106d313          	srl	t1,a3,0x10
80003218:	02675eb3          	divu	t4,a4,t1
8000321c:	01069813          	sll	a6,a3,0x10
80003220:	01085813          	srl	a6,a6,0x10
80003224:	00b61633          	sll	a2,a2,a1
80003228:	02677733          	remu	a4,a4,t1
8000322c:	03d80e33          	mul	t3,a6,t4
80003230:	01071513          	sll	a0,a4,0x10
80003234:	0107d713          	srl	a4,a5,0x10
80003238:	00a76733          	or	a4,a4,a0
8000323c:	000e8513          	mv	a0,t4
80003240:	01c77e63          	bgeu	a4,t3,8000325c <__udivdi3+0x360>
80003244:	00e68733          	add	a4,a3,a4
80003248:	fffe8513          	add	a0,t4,-1
8000324c:	00d76863          	bltu	a4,a3,8000325c <__udivdi3+0x360>
80003250:	01c77663          	bgeu	a4,t3,8000325c <__udivdi3+0x360>
80003254:	ffee8513          	add	a0,t4,-2
80003258:	00d70733          	add	a4,a4,a3
8000325c:	41c70733          	sub	a4,a4,t3
80003260:	02675e33          	divu	t3,a4,t1
80003264:	01079793          	sll	a5,a5,0x10
80003268:	0107d793          	srl	a5,a5,0x10
8000326c:	02677733          	remu	a4,a4,t1
80003270:	03c80833          	mul	a6,a6,t3
80003274:	01071713          	sll	a4,a4,0x10
80003278:	00e7e7b3          	or	a5,a5,a4
8000327c:	000e0713          	mv	a4,t3
80003280:	0107fe63          	bgeu	a5,a6,8000329c <__udivdi3+0x3a0>
80003284:	00f687b3          	add	a5,a3,a5
80003288:	fffe0713          	add	a4,t3,-1
8000328c:	00d7e863          	bltu	a5,a3,8000329c <__udivdi3+0x3a0>
80003290:	0107f663          	bgeu	a5,a6,8000329c <__udivdi3+0x3a0>
80003294:	ffee0713          	add	a4,t3,-2
80003298:	00d787b3          	add	a5,a5,a3
8000329c:	01051513          	sll	a0,a0,0x10
800032a0:	00010e37          	lui	t3,0x10
800032a4:	00e56533          	or	a0,a0,a4
800032a8:	fffe0693          	add	a3,t3,-1 # ffff <buflen.1+0xffbf>
800032ac:	00d57733          	and	a4,a0,a3
800032b0:	410787b3          	sub	a5,a5,a6
800032b4:	00d676b3          	and	a3,a2,a3
800032b8:	01055813          	srl	a6,a0,0x10
800032bc:	01065613          	srl	a2,a2,0x10
800032c0:	02d70333          	mul	t1,a4,a3
800032c4:	02d806b3          	mul	a3,a6,a3
800032c8:	02c70733          	mul	a4,a4,a2
800032cc:	02c80833          	mul	a6,a6,a2
800032d0:	00d70633          	add	a2,a4,a3
800032d4:	01035713          	srl	a4,t1,0x10
800032d8:	00c70733          	add	a4,a4,a2
800032dc:	00d77463          	bgeu	a4,a3,800032e4 <__udivdi3+0x3e8>
800032e0:	01c80833          	add	a6,a6,t3
800032e4:	01075693          	srl	a3,a4,0x10
800032e8:	010686b3          	add	a3,a3,a6
800032ec:	02d7e663          	bltu	a5,a3,80003318 <__udivdi3+0x41c>
800032f0:	ced79ee3          	bne	a5,a3,80002fec <__udivdi3+0xf0>
800032f4:	000107b7          	lui	a5,0x10
800032f8:	fff78793          	add	a5,a5,-1 # ffff <buflen.1+0xffbf>
800032fc:	00f77733          	and	a4,a4,a5
80003300:	01071713          	sll	a4,a4,0x10
80003304:	00f37333          	and	t1,t1,a5
80003308:	00b898b3          	sll	a7,a7,a1
8000330c:	00670733          	add	a4,a4,t1
80003310:	00000593          	li	a1,0
80003314:	cce8fee3          	bgeu	a7,a4,80002ff0 <__udivdi3+0xf4>
80003318:	fff50513          	add	a0,a0,-1 # ffffff <buflen.1+0xffffbf>
8000331c:	cd1ff06f          	j	80002fec <__udivdi3+0xf0>
80003320:	00000593          	li	a1,0
80003324:	00000513          	li	a0,0
80003328:	00008067          	ret

8000332c <__umoddi3>:
8000332c:	00060813          	mv	a6,a2
80003330:	00050793          	mv	a5,a0
80003334:	00058713          	mv	a4,a1
80003338:	20069663          	bnez	a3,80003544 <__umoddi3+0x218>
8000333c:	8000e8b7          	lui	a7,0x8000e
80003340:	f8888893          	add	a7,a7,-120 # 8000df88 <__clz_tab>
80003344:	0cc5fc63          	bgeu	a1,a2,8000341c <__umoddi3+0xf0>
80003348:	000106b7          	lui	a3,0x10
8000334c:	0ad67e63          	bgeu	a2,a3,80003408 <__umoddi3+0xdc>
80003350:	10063693          	sltiu	a3,a2,256
80003354:	0016b693          	seqz	a3,a3
80003358:	00369693          	sll	a3,a3,0x3
8000335c:	00d65333          	srl	t1,a2,a3
80003360:	006888b3          	add	a7,a7,t1
80003364:	0008c883          	lbu	a7,0(a7)
80003368:	02000313          	li	t1,32
8000336c:	00d886b3          	add	a3,a7,a3
80003370:	40d308b3          	sub	a7,t1,a3
80003374:	00d30c63          	beq	t1,a3,8000338c <__umoddi3+0x60>
80003378:	01159733          	sll	a4,a1,a7
8000337c:	00d556b3          	srl	a3,a0,a3
80003380:	01161833          	sll	a6,a2,a7
80003384:	00e6e733          	or	a4,a3,a4
80003388:	011517b3          	sll	a5,a0,a7
8000338c:	01085613          	srl	a2,a6,0x10
80003390:	02c756b3          	divu	a3,a4,a2
80003394:	01081513          	sll	a0,a6,0x10
80003398:	01055513          	srl	a0,a0,0x10
8000339c:	02c77733          	remu	a4,a4,a2
800033a0:	02a686b3          	mul	a3,a3,a0
800033a4:	01071593          	sll	a1,a4,0x10
800033a8:	0107d713          	srl	a4,a5,0x10
800033ac:	00b76733          	or	a4,a4,a1
800033b0:	00d77a63          	bgeu	a4,a3,800033c4 <__umoddi3+0x98>
800033b4:	00e80733          	add	a4,a6,a4
800033b8:	01076663          	bltu	a4,a6,800033c4 <__umoddi3+0x98>
800033bc:	00d77463          	bgeu	a4,a3,800033c4 <__umoddi3+0x98>
800033c0:	01070733          	add	a4,a4,a6
800033c4:	40d70733          	sub	a4,a4,a3
800033c8:	02c756b3          	divu	a3,a4,a2
800033cc:	02c77733          	remu	a4,a4,a2
800033d0:	02a686b3          	mul	a3,a3,a0
800033d4:	01079793          	sll	a5,a5,0x10
800033d8:	01071713          	sll	a4,a4,0x10
800033dc:	0107d793          	srl	a5,a5,0x10
800033e0:	00e7e7b3          	or	a5,a5,a4
800033e4:	00d7fa63          	bgeu	a5,a3,800033f8 <__umoddi3+0xcc>
800033e8:	00f807b3          	add	a5,a6,a5
800033ec:	0107e663          	bltu	a5,a6,800033f8 <__umoddi3+0xcc>
800033f0:	00d7f463          	bgeu	a5,a3,800033f8 <__umoddi3+0xcc>
800033f4:	010787b3          	add	a5,a5,a6
800033f8:	40d787b3          	sub	a5,a5,a3
800033fc:	0117d533          	srl	a0,a5,a7
80003400:	00000593          	li	a1,0
80003404:	00008067          	ret
80003408:	01000337          	lui	t1,0x1000
8000340c:	01800693          	li	a3,24
80003410:	f46676e3          	bgeu	a2,t1,8000335c <__umoddi3+0x30>
80003414:	01000693          	li	a3,16
80003418:	f45ff06f          	j	8000335c <__umoddi3+0x30>
8000341c:	00000693          	li	a3,0
80003420:	00060c63          	beqz	a2,80003438 <__umoddi3+0x10c>
80003424:	00010737          	lui	a4,0x10
80003428:	06e67e63          	bgeu	a2,a4,800034a4 <__umoddi3+0x178>
8000342c:	10063693          	sltiu	a3,a2,256
80003430:	0016b693          	seqz	a3,a3
80003434:	00369693          	sll	a3,a3,0x3
80003438:	00d65733          	srl	a4,a2,a3
8000343c:	00e888b3          	add	a7,a7,a4
80003440:	0008c703          	lbu	a4,0(a7)
80003444:	00d70733          	add	a4,a4,a3
80003448:	02000693          	li	a3,32
8000344c:	40e688b3          	sub	a7,a3,a4
80003450:	06e69463          	bne	a3,a4,800034b8 <__umoddi3+0x18c>
80003454:	40c58733          	sub	a4,a1,a2
80003458:	01085593          	srl	a1,a6,0x10
8000345c:	02b75633          	divu	a2,a4,a1
80003460:	01081513          	sll	a0,a6,0x10
80003464:	01055513          	srl	a0,a0,0x10
80003468:	0107d693          	srl	a3,a5,0x10
8000346c:	02b77733          	remu	a4,a4,a1
80003470:	02a60633          	mul	a2,a2,a0
80003474:	01071713          	sll	a4,a4,0x10
80003478:	00e6e733          	or	a4,a3,a4
8000347c:	00c77a63          	bgeu	a4,a2,80003490 <__umoddi3+0x164>
80003480:	00e80733          	add	a4,a6,a4
80003484:	01076663          	bltu	a4,a6,80003490 <__umoddi3+0x164>
80003488:	00c77463          	bgeu	a4,a2,80003490 <__umoddi3+0x164>
8000348c:	01070733          	add	a4,a4,a6
80003490:	40c70733          	sub	a4,a4,a2
80003494:	02b756b3          	divu	a3,a4,a1
80003498:	02b77733          	remu	a4,a4,a1
8000349c:	02a686b3          	mul	a3,a3,a0
800034a0:	f35ff06f          	j	800033d4 <__umoddi3+0xa8>
800034a4:	01000737          	lui	a4,0x1000
800034a8:	01800693          	li	a3,24
800034ac:	f8e676e3          	bgeu	a2,a4,80003438 <__umoddi3+0x10c>
800034b0:	01000693          	li	a3,16
800034b4:	f85ff06f          	j	80003438 <__umoddi3+0x10c>
800034b8:	01161833          	sll	a6,a2,a7
800034bc:	00e5d6b3          	srl	a3,a1,a4
800034c0:	011517b3          	sll	a5,a0,a7
800034c4:	011595b3          	sll	a1,a1,a7
800034c8:	00e55733          	srl	a4,a0,a4
800034cc:	01085513          	srl	a0,a6,0x10
800034d0:	00b76733          	or	a4,a4,a1
800034d4:	02a6d5b3          	divu	a1,a3,a0
800034d8:	01081313          	sll	t1,a6,0x10
800034dc:	01035313          	srl	t1,t1,0x10
800034e0:	02a6f6b3          	remu	a3,a3,a0
800034e4:	026585b3          	mul	a1,a1,t1
800034e8:	01069613          	sll	a2,a3,0x10
800034ec:	01075693          	srl	a3,a4,0x10
800034f0:	00c6e6b3          	or	a3,a3,a2
800034f4:	00b6fa63          	bgeu	a3,a1,80003508 <__umoddi3+0x1dc>
800034f8:	00d806b3          	add	a3,a6,a3
800034fc:	0106e663          	bltu	a3,a6,80003508 <__umoddi3+0x1dc>
80003500:	00b6f463          	bgeu	a3,a1,80003508 <__umoddi3+0x1dc>
80003504:	010686b3          	add	a3,a3,a6
80003508:	40b686b3          	sub	a3,a3,a1
8000350c:	02a6d633          	divu	a2,a3,a0
80003510:	01071713          	sll	a4,a4,0x10
80003514:	01075713          	srl	a4,a4,0x10
80003518:	02a6f6b3          	remu	a3,a3,a0
8000351c:	02660633          	mul	a2,a2,t1
80003520:	01069693          	sll	a3,a3,0x10
80003524:	00d76733          	or	a4,a4,a3
80003528:	00c77a63          	bgeu	a4,a2,8000353c <__umoddi3+0x210>
8000352c:	00e80733          	add	a4,a6,a4
80003530:	01076663          	bltu	a4,a6,8000353c <__umoddi3+0x210>
80003534:	00c77463          	bgeu	a4,a2,8000353c <__umoddi3+0x210>
80003538:	01070733          	add	a4,a4,a6
8000353c:	40c70733          	sub	a4,a4,a2
80003540:	f19ff06f          	j	80003458 <__umoddi3+0x12c>
80003544:	1cd5e463          	bltu	a1,a3,8000370c <__umoddi3+0x3e0>
80003548:	00010837          	lui	a6,0x10
8000354c:	0506fe63          	bgeu	a3,a6,800035a8 <__umoddi3+0x27c>
80003550:	1006b813          	sltiu	a6,a3,256
80003554:	00183813          	seqz	a6,a6
80003558:	00381813          	sll	a6,a6,0x3
8000355c:	8000e8b7          	lui	a7,0x8000e
80003560:	0106d333          	srl	t1,a3,a6
80003564:	f8888893          	add	a7,a7,-120 # 8000df88 <__clz_tab>
80003568:	006888b3          	add	a7,a7,t1
8000356c:	0008c883          	lbu	a7,0(a7)
80003570:	02000313          	li	t1,32
80003574:	010888b3          	add	a7,a7,a6
80003578:	41130833          	sub	a6,t1,a7
8000357c:	05131063          	bne	t1,a7,800035bc <__umoddi3+0x290>
80003580:	00b6e463          	bltu	a3,a1,80003588 <__umoddi3+0x25c>
80003584:	00c56c63          	bltu	a0,a2,8000359c <__umoddi3+0x270>
80003588:	40c50633          	sub	a2,a0,a2
8000358c:	40d586b3          	sub	a3,a1,a3
80003590:	00c53733          	sltu	a4,a0,a2
80003594:	00060793          	mv	a5,a2
80003598:	40e68733          	sub	a4,a3,a4
8000359c:	00078513          	mv	a0,a5
800035a0:	00070593          	mv	a1,a4
800035a4:	00008067          	ret
800035a8:	010008b7          	lui	a7,0x1000
800035ac:	01800813          	li	a6,24
800035b0:	fb16f6e3          	bgeu	a3,a7,8000355c <__umoddi3+0x230>
800035b4:	01000813          	li	a6,16
800035b8:	fa5ff06f          	j	8000355c <__umoddi3+0x230>
800035bc:	011657b3          	srl	a5,a2,a7
800035c0:	010696b3          	sll	a3,a3,a6
800035c4:	00d7e6b3          	or	a3,a5,a3
800035c8:	0115d733          	srl	a4,a1,a7
800035cc:	0106de13          	srl	t3,a3,0x10
800035d0:	03c75f33          	divu	t5,a4,t3
800035d4:	01069313          	sll	t1,a3,0x10
800035d8:	01035313          	srl	t1,t1,0x10
800035dc:	010597b3          	sll	a5,a1,a6
800035e0:	011555b3          	srl	a1,a0,a7
800035e4:	00f5e5b3          	or	a1,a1,a5
800035e8:	0105d793          	srl	a5,a1,0x10
800035ec:	01061633          	sll	a2,a2,a6
800035f0:	01051533          	sll	a0,a0,a6
800035f4:	03c77733          	remu	a4,a4,t3
800035f8:	03e30eb3          	mul	t4,t1,t5
800035fc:	01071713          	sll	a4,a4,0x10
80003600:	00e7e7b3          	or	a5,a5,a4
80003604:	000f0713          	mv	a4,t5
80003608:	01d7fe63          	bgeu	a5,t4,80003624 <__umoddi3+0x2f8>
8000360c:	00f687b3          	add	a5,a3,a5
80003610:	ffff0713          	add	a4,t5,-1
80003614:	00d7e863          	bltu	a5,a3,80003624 <__umoddi3+0x2f8>
80003618:	01d7f663          	bgeu	a5,t4,80003624 <__umoddi3+0x2f8>
8000361c:	ffef0713          	add	a4,t5,-2
80003620:	00d787b3          	add	a5,a5,a3
80003624:	41d787b3          	sub	a5,a5,t4
80003628:	03c7deb3          	divu	t4,a5,t3
8000362c:	01059593          	sll	a1,a1,0x10
80003630:	0105d593          	srl	a1,a1,0x10
80003634:	03c7f7b3          	remu	a5,a5,t3
80003638:	000e8e13          	mv	t3,t4
8000363c:	03d30333          	mul	t1,t1,t4
80003640:	01079793          	sll	a5,a5,0x10
80003644:	00f5e5b3          	or	a1,a1,a5
80003648:	0065fe63          	bgeu	a1,t1,80003664 <__umoddi3+0x338>
8000364c:	00b685b3          	add	a1,a3,a1
80003650:	fffe8e13          	add	t3,t4,-1
80003654:	00d5e863          	bltu	a1,a3,80003664 <__umoddi3+0x338>
80003658:	0065f663          	bgeu	a1,t1,80003664 <__umoddi3+0x338>
8000365c:	ffee8e13          	add	t3,t4,-2
80003660:	00d585b3          	add	a1,a1,a3
80003664:	01071793          	sll	a5,a4,0x10
80003668:	00010f37          	lui	t5,0x10
8000366c:	01c7e7b3          	or	a5,a5,t3
80003670:	406585b3          	sub	a1,a1,t1
80003674:	ffff0313          	add	t1,t5,-1 # ffff <buflen.1+0xffbf>
80003678:	0067f733          	and	a4,a5,t1
8000367c:	01065e13          	srl	t3,a2,0x10
80003680:	0107d793          	srl	a5,a5,0x10
80003684:	00667333          	and	t1,a2,t1
80003688:	02670eb3          	mul	t4,a4,t1
8000368c:	02678333          	mul	t1,a5,t1
80003690:	03c70733          	mul	a4,a4,t3
80003694:	03c787b3          	mul	a5,a5,t3
80003698:	00670e33          	add	t3,a4,t1
8000369c:	010ed713          	srl	a4,t4,0x10
800036a0:	01c70733          	add	a4,a4,t3
800036a4:	00677463          	bgeu	a4,t1,800036ac <__umoddi3+0x380>
800036a8:	01e787b3          	add	a5,a5,t5
800036ac:	01075313          	srl	t1,a4,0x10
800036b0:	00f307b3          	add	a5,t1,a5
800036b4:	00010337          	lui	t1,0x10
800036b8:	fff30313          	add	t1,t1,-1 # ffff <buflen.1+0xffbf>
800036bc:	00677733          	and	a4,a4,t1
800036c0:	01071713          	sll	a4,a4,0x10
800036c4:	006efeb3          	and	t4,t4,t1
800036c8:	01d70733          	add	a4,a4,t4
800036cc:	00f5e663          	bltu	a1,a5,800036d8 <__umoddi3+0x3ac>
800036d0:	00f59e63          	bne	a1,a5,800036ec <__umoddi3+0x3c0>
800036d4:	00e57c63          	bgeu	a0,a4,800036ec <__umoddi3+0x3c0>
800036d8:	40c70633          	sub	a2,a4,a2
800036dc:	00c73333          	sltu	t1,a4,a2
800036e0:	00d306b3          	add	a3,t1,a3
800036e4:	00060713          	mv	a4,a2
800036e8:	40d787b3          	sub	a5,a5,a3
800036ec:	40e50733          	sub	a4,a0,a4
800036f0:	00e53533          	sltu	a0,a0,a4
800036f4:	40f585b3          	sub	a1,a1,a5
800036f8:	40a585b3          	sub	a1,a1,a0
800036fc:	011598b3          	sll	a7,a1,a7
80003700:	01075733          	srl	a4,a4,a6
80003704:	00e8e533          	or	a0,a7,a4
80003708:	0105d5b3          	srl	a1,a1,a6
8000370c:	00008067          	ret

80003710 <__adddf3>:
80003710:	00100837          	lui	a6,0x100
80003714:	fff80813          	add	a6,a6,-1 # fffff <buflen.1+0xfffbf>
80003718:	fe010113          	add	sp,sp,-32
8000371c:	00b878b3          	and	a7,a6,a1
80003720:	0145d713          	srl	a4,a1,0x14
80003724:	01d55793          	srl	a5,a0,0x1d
80003728:	00d87833          	and	a6,a6,a3
8000372c:	00912a23          	sw	s1,20(sp)
80003730:	7ff77493          	and	s1,a4,2047
80003734:	00389713          	sll	a4,a7,0x3
80003738:	0146d893          	srl	a7,a3,0x14
8000373c:	00381813          	sll	a6,a6,0x3
80003740:	01212823          	sw	s2,16(sp)
80003744:	00e7e7b3          	or	a5,a5,a4
80003748:	7ff8f893          	and	a7,a7,2047
8000374c:	01d65713          	srl	a4,a2,0x1d
80003750:	00112e23          	sw	ra,28(sp)
80003754:	00812c23          	sw	s0,24(sp)
80003758:	01312623          	sw	s3,12(sp)
8000375c:	01f5d913          	srl	s2,a1,0x1f
80003760:	01f6d693          	srl	a3,a3,0x1f
80003764:	01076733          	or	a4,a4,a6
80003768:	00351513          	sll	a0,a0,0x3
8000376c:	00361613          	sll	a2,a2,0x3
80003770:	41148833          	sub	a6,s1,a7
80003774:	2ad91a63          	bne	s2,a3,80003a28 <__adddf3+0x318>
80003778:	11005c63          	blez	a6,80003890 <__adddf3+0x180>
8000377c:	04089063          	bnez	a7,800037bc <__adddf3+0xac>
80003780:	00c766b3          	or	a3,a4,a2
80003784:	66068063          	beqz	a3,80003de4 <__adddf3+0x6d4>
80003788:	fff80593          	add	a1,a6,-1
8000378c:	02059063          	bnez	a1,800037ac <__adddf3+0x9c>
80003790:	00c50633          	add	a2,a0,a2
80003794:	00a636b3          	sltu	a3,a2,a0
80003798:	00e78733          	add	a4,a5,a4
8000379c:	00060513          	mv	a0,a2
800037a0:	00d707b3          	add	a5,a4,a3
800037a4:	00100493          	li	s1,1
800037a8:	06c0006f          	j	80003814 <__adddf3+0x104>
800037ac:	7ff00693          	li	a3,2047
800037b0:	02d81063          	bne	a6,a3,800037d0 <__adddf3+0xc0>
800037b4:	7ff00493          	li	s1,2047
800037b8:	1f80006f          	j	800039b0 <__adddf3+0x2a0>
800037bc:	7ff00693          	li	a3,2047
800037c0:	1ed48863          	beq	s1,a3,800039b0 <__adddf3+0x2a0>
800037c4:	008006b7          	lui	a3,0x800
800037c8:	00d76733          	or	a4,a4,a3
800037cc:	00080593          	mv	a1,a6
800037d0:	03800693          	li	a3,56
800037d4:	0ab6c863          	blt	a3,a1,80003884 <__adddf3+0x174>
800037d8:	01f00693          	li	a3,31
800037dc:	06b6ca63          	blt	a3,a1,80003850 <__adddf3+0x140>
800037e0:	02000813          	li	a6,32
800037e4:	40b80833          	sub	a6,a6,a1
800037e8:	010716b3          	sll	a3,a4,a6
800037ec:	00b658b3          	srl	a7,a2,a1
800037f0:	01061833          	sll	a6,a2,a6
800037f4:	0116e6b3          	or	a3,a3,a7
800037f8:	01003833          	snez	a6,a6
800037fc:	0106e6b3          	or	a3,a3,a6
80003800:	00b755b3          	srl	a1,a4,a1
80003804:	00a68533          	add	a0,a3,a0
80003808:	00f585b3          	add	a1,a1,a5
8000380c:	00d536b3          	sltu	a3,a0,a3
80003810:	00d587b3          	add	a5,a1,a3
80003814:	00879713          	sll	a4,a5,0x8
80003818:	18075c63          	bgez	a4,800039b0 <__adddf3+0x2a0>
8000381c:	00148493          	add	s1,s1,1
80003820:	7ff00713          	li	a4,2047
80003824:	5ae48a63          	beq	s1,a4,80003dd8 <__adddf3+0x6c8>
80003828:	ff800737          	lui	a4,0xff800
8000382c:	fff70713          	add	a4,a4,-1 # ff7fffff <__global_pointer$+0x7f7f16a7>
80003830:	00e7f733          	and	a4,a5,a4
80003834:	00155793          	srl	a5,a0,0x1
80003838:	00157513          	and	a0,a0,1
8000383c:	00a7e7b3          	or	a5,a5,a0
80003840:	01f71513          	sll	a0,a4,0x1f
80003844:	00f56533          	or	a0,a0,a5
80003848:	00175793          	srl	a5,a4,0x1
8000384c:	1640006f          	j	800039b0 <__adddf3+0x2a0>
80003850:	fe058693          	add	a3,a1,-32
80003854:	02000893          	li	a7,32
80003858:	00d756b3          	srl	a3,a4,a3
8000385c:	00000813          	li	a6,0
80003860:	01158863          	beq	a1,a7,80003870 <__adddf3+0x160>
80003864:	04000813          	li	a6,64
80003868:	40b80833          	sub	a6,a6,a1
8000386c:	01071833          	sll	a6,a4,a6
80003870:	00c86833          	or	a6,a6,a2
80003874:	01003833          	snez	a6,a6
80003878:	0106e6b3          	or	a3,a3,a6
8000387c:	00000593          	li	a1,0
80003880:	f85ff06f          	j	80003804 <__adddf3+0xf4>
80003884:	00c766b3          	or	a3,a4,a2
80003888:	00d036b3          	snez	a3,a3
8000388c:	ff1ff06f          	j	8000387c <__adddf3+0x16c>
80003890:	0c080a63          	beqz	a6,80003964 <__adddf3+0x254>
80003894:	409886b3          	sub	a3,a7,s1
80003898:	02049463          	bnez	s1,800038c0 <__adddf3+0x1b0>
8000389c:	00a7e5b3          	or	a1,a5,a0
800038a0:	50058e63          	beqz	a1,80003dbc <__adddf3+0x6ac>
800038a4:	fff68593          	add	a1,a3,-1 # 7fffff <buflen.1+0x7fffbf>
800038a8:	ee0584e3          	beqz	a1,80003790 <__adddf3+0x80>
800038ac:	7ff00813          	li	a6,2047
800038b0:	03069263          	bne	a3,a6,800038d4 <__adddf3+0x1c4>
800038b4:	00070793          	mv	a5,a4
800038b8:	00060513          	mv	a0,a2
800038bc:	ef9ff06f          	j	800037b4 <__adddf3+0xa4>
800038c0:	7ff00593          	li	a1,2047
800038c4:	feb888e3          	beq	a7,a1,800038b4 <__adddf3+0x1a4>
800038c8:	008005b7          	lui	a1,0x800
800038cc:	00b7e7b3          	or	a5,a5,a1
800038d0:	00068593          	mv	a1,a3
800038d4:	03800693          	li	a3,56
800038d8:	08b6c063          	blt	a3,a1,80003958 <__adddf3+0x248>
800038dc:	01f00693          	li	a3,31
800038e0:	04b6c263          	blt	a3,a1,80003924 <__adddf3+0x214>
800038e4:	02000813          	li	a6,32
800038e8:	40b80833          	sub	a6,a6,a1
800038ec:	010796b3          	sll	a3,a5,a6
800038f0:	00b55333          	srl	t1,a0,a1
800038f4:	01051833          	sll	a6,a0,a6
800038f8:	0066e6b3          	or	a3,a3,t1
800038fc:	01003833          	snez	a6,a6
80003900:	0106e6b3          	or	a3,a3,a6
80003904:	00b7d5b3          	srl	a1,a5,a1
80003908:	00c68633          	add	a2,a3,a2
8000390c:	00e585b3          	add	a1,a1,a4
80003910:	00d636b3          	sltu	a3,a2,a3
80003914:	00060513          	mv	a0,a2
80003918:	00d587b3          	add	a5,a1,a3
8000391c:	00088493          	mv	s1,a7
80003920:	ef5ff06f          	j	80003814 <__adddf3+0x104>
80003924:	fe058693          	add	a3,a1,-32 # 7fffe0 <buflen.1+0x7fffa0>
80003928:	02000313          	li	t1,32
8000392c:	00d7d6b3          	srl	a3,a5,a3
80003930:	00000813          	li	a6,0
80003934:	00658863          	beq	a1,t1,80003944 <__adddf3+0x234>
80003938:	04000813          	li	a6,64
8000393c:	40b80833          	sub	a6,a6,a1
80003940:	01079833          	sll	a6,a5,a6
80003944:	00a86833          	or	a6,a6,a0
80003948:	01003833          	snez	a6,a6
8000394c:	0106e6b3          	or	a3,a3,a6
80003950:	00000593          	li	a1,0
80003954:	fb5ff06f          	j	80003908 <__adddf3+0x1f8>
80003958:	00a7e6b3          	or	a3,a5,a0
8000395c:	00d036b3          	snez	a3,a3
80003960:	ff1ff06f          	j	80003950 <__adddf3+0x240>
80003964:	00148693          	add	a3,s1,1
80003968:	7fe6f593          	and	a1,a3,2046
8000396c:	08059663          	bnez	a1,800039f8 <__adddf3+0x2e8>
80003970:	00a7e6b3          	or	a3,a5,a0
80003974:	06049263          	bnez	s1,800039d8 <__adddf3+0x2c8>
80003978:	44068863          	beqz	a3,80003dc8 <__adddf3+0x6b8>
8000397c:	00c766b3          	or	a3,a4,a2
80003980:	02068863          	beqz	a3,800039b0 <__adddf3+0x2a0>
80003984:	00c50633          	add	a2,a0,a2
80003988:	00a636b3          	sltu	a3,a2,a0
8000398c:	00e78733          	add	a4,a5,a4
80003990:	00d707b3          	add	a5,a4,a3
80003994:	00879713          	sll	a4,a5,0x8
80003998:	00060513          	mv	a0,a2
8000399c:	00075a63          	bgez	a4,800039b0 <__adddf3+0x2a0>
800039a0:	ff800737          	lui	a4,0xff800
800039a4:	fff70713          	add	a4,a4,-1 # ff7fffff <__global_pointer$+0x7f7f16a7>
800039a8:	00e7f7b3          	and	a5,a5,a4
800039ac:	00100493          	li	s1,1
800039b0:	00757713          	and	a4,a0,7
800039b4:	44070863          	beqz	a4,80003e04 <__adddf3+0x6f4>
800039b8:	00f57713          	and	a4,a0,15
800039bc:	00400693          	li	a3,4
800039c0:	44d70263          	beq	a4,a3,80003e04 <__adddf3+0x6f4>
800039c4:	00450713          	add	a4,a0,4
800039c8:	00a736b3          	sltu	a3,a4,a0
800039cc:	00d787b3          	add	a5,a5,a3
800039d0:	00070513          	mv	a0,a4
800039d4:	4300006f          	j	80003e04 <__adddf3+0x6f4>
800039d8:	ec068ee3          	beqz	a3,800038b4 <__adddf3+0x1a4>
800039dc:	00c76633          	or	a2,a4,a2
800039e0:	dc060ae3          	beqz	a2,800037b4 <__adddf3+0xa4>
800039e4:	00000913          	li	s2,0
800039e8:	004007b7          	lui	a5,0x400
800039ec:	00000513          	li	a0,0
800039f0:	7ff00493          	li	s1,2047
800039f4:	4100006f          	j	80003e04 <__adddf3+0x6f4>
800039f8:	7ff00593          	li	a1,2047
800039fc:	3cb68c63          	beq	a3,a1,80003dd4 <__adddf3+0x6c4>
80003a00:	00c50633          	add	a2,a0,a2
80003a04:	00a63533          	sltu	a0,a2,a0
80003a08:	00e78733          	add	a4,a5,a4
80003a0c:	00a70733          	add	a4,a4,a0
80003a10:	01f71513          	sll	a0,a4,0x1f
80003a14:	00165613          	srl	a2,a2,0x1
80003a18:	00c56533          	or	a0,a0,a2
80003a1c:	00175793          	srl	a5,a4,0x1
80003a20:	00068493          	mv	s1,a3
80003a24:	f8dff06f          	j	800039b0 <__adddf3+0x2a0>
80003a28:	0f005c63          	blez	a6,80003b20 <__adddf3+0x410>
80003a2c:	08089e63          	bnez	a7,80003ac8 <__adddf3+0x3b8>
80003a30:	00c766b3          	or	a3,a4,a2
80003a34:	3a068863          	beqz	a3,80003de4 <__adddf3+0x6d4>
80003a38:	fff80693          	add	a3,a6,-1
80003a3c:	02069063          	bnez	a3,80003a5c <__adddf3+0x34c>
80003a40:	40c50633          	sub	a2,a0,a2
80003a44:	00c536b3          	sltu	a3,a0,a2
80003a48:	40e78733          	sub	a4,a5,a4
80003a4c:	00060513          	mv	a0,a2
80003a50:	40d707b3          	sub	a5,a4,a3
80003a54:	00100493          	li	s1,1
80003a58:	0540006f          	j	80003aac <__adddf3+0x39c>
80003a5c:	7ff00593          	li	a1,2047
80003a60:	d4b80ae3          	beq	a6,a1,800037b4 <__adddf3+0xa4>
80003a64:	03800593          	li	a1,56
80003a68:	0ad5c663          	blt	a1,a3,80003b14 <__adddf3+0x404>
80003a6c:	01f00593          	li	a1,31
80003a70:	06d5c863          	blt	a1,a3,80003ae0 <__adddf3+0x3d0>
80003a74:	02000813          	li	a6,32
80003a78:	40d80833          	sub	a6,a6,a3
80003a7c:	00d658b3          	srl	a7,a2,a3
80003a80:	010715b3          	sll	a1,a4,a6
80003a84:	01061833          	sll	a6,a2,a6
80003a88:	0115e5b3          	or	a1,a1,a7
80003a8c:	01003833          	snez	a6,a6
80003a90:	0105e633          	or	a2,a1,a6
80003a94:	00d756b3          	srl	a3,a4,a3
80003a98:	40c50633          	sub	a2,a0,a2
80003a9c:	00c53733          	sltu	a4,a0,a2
80003aa0:	40d786b3          	sub	a3,a5,a3
80003aa4:	00060513          	mv	a0,a2
80003aa8:	40e687b3          	sub	a5,a3,a4
80003aac:	00879713          	sll	a4,a5,0x8
80003ab0:	f00750e3          	bgez	a4,800039b0 <__adddf3+0x2a0>
80003ab4:	00800437          	lui	s0,0x800
80003ab8:	fff40413          	add	s0,s0,-1 # 7fffff <buflen.1+0x7fffbf>
80003abc:	0087f433          	and	s0,a5,s0
80003ac0:	00050993          	mv	s3,a0
80003ac4:	2100006f          	j	80003cd4 <__adddf3+0x5c4>
80003ac8:	7ff00693          	li	a3,2047
80003acc:	eed482e3          	beq	s1,a3,800039b0 <__adddf3+0x2a0>
80003ad0:	008006b7          	lui	a3,0x800
80003ad4:	00d76733          	or	a4,a4,a3
80003ad8:	00080693          	mv	a3,a6
80003adc:	f89ff06f          	j	80003a64 <__adddf3+0x354>
80003ae0:	fe068593          	add	a1,a3,-32 # 7fffe0 <buflen.1+0x7fffa0>
80003ae4:	02000893          	li	a7,32
80003ae8:	00b755b3          	srl	a1,a4,a1
80003aec:	00000813          	li	a6,0
80003af0:	01168863          	beq	a3,a7,80003b00 <__adddf3+0x3f0>
80003af4:	04000813          	li	a6,64
80003af8:	40d80833          	sub	a6,a6,a3
80003afc:	01071833          	sll	a6,a4,a6
80003b00:	00c86833          	or	a6,a6,a2
80003b04:	01003833          	snez	a6,a6
80003b08:	0105e633          	or	a2,a1,a6
80003b0c:	00000693          	li	a3,0
80003b10:	f89ff06f          	j	80003a98 <__adddf3+0x388>
80003b14:	00c76633          	or	a2,a4,a2
80003b18:	00c03633          	snez	a2,a2
80003b1c:	ff1ff06f          	j	80003b0c <__adddf3+0x3fc>
80003b20:	0e080863          	beqz	a6,80003c10 <__adddf3+0x500>
80003b24:	40988833          	sub	a6,a7,s1
80003b28:	04049263          	bnez	s1,80003b6c <__adddf3+0x45c>
80003b2c:	00a7e5b3          	or	a1,a5,a0
80003b30:	2a058e63          	beqz	a1,80003dec <__adddf3+0x6dc>
80003b34:	fff80593          	add	a1,a6,-1
80003b38:	00059e63          	bnez	a1,80003b54 <__adddf3+0x444>
80003b3c:	40a60533          	sub	a0,a2,a0
80003b40:	40f70733          	sub	a4,a4,a5
80003b44:	00a63633          	sltu	a2,a2,a0
80003b48:	40c707b3          	sub	a5,a4,a2
80003b4c:	00068913          	mv	s2,a3
80003b50:	f05ff06f          	j	80003a54 <__adddf3+0x344>
80003b54:	7ff00313          	li	t1,2047
80003b58:	02681463          	bne	a6,t1,80003b80 <__adddf3+0x470>
80003b5c:	00070793          	mv	a5,a4
80003b60:	00060513          	mv	a0,a2
80003b64:	7ff00493          	li	s1,2047
80003b68:	0d00006f          	j	80003c38 <__adddf3+0x528>
80003b6c:	7ff00593          	li	a1,2047
80003b70:	feb886e3          	beq	a7,a1,80003b5c <__adddf3+0x44c>
80003b74:	008005b7          	lui	a1,0x800
80003b78:	00b7e7b3          	or	a5,a5,a1
80003b7c:	00080593          	mv	a1,a6
80003b80:	03800813          	li	a6,56
80003b84:	08b84063          	blt	a6,a1,80003c04 <__adddf3+0x4f4>
80003b88:	01f00813          	li	a6,31
80003b8c:	04b84263          	blt	a6,a1,80003bd0 <__adddf3+0x4c0>
80003b90:	02000313          	li	t1,32
80003b94:	40b30333          	sub	t1,t1,a1
80003b98:	00b55e33          	srl	t3,a0,a1
80003b9c:	00679833          	sll	a6,a5,t1
80003ba0:	00651333          	sll	t1,a0,t1
80003ba4:	01c86833          	or	a6,a6,t3
80003ba8:	00603333          	snez	t1,t1
80003bac:	00686533          	or	a0,a6,t1
80003bb0:	00b7d5b3          	srl	a1,a5,a1
80003bb4:	40a60533          	sub	a0,a2,a0
80003bb8:	40b705b3          	sub	a1,a4,a1
80003bbc:	00a63633          	sltu	a2,a2,a0
80003bc0:	40c587b3          	sub	a5,a1,a2
80003bc4:	00088493          	mv	s1,a7
80003bc8:	00068913          	mv	s2,a3
80003bcc:	ee1ff06f          	j	80003aac <__adddf3+0x39c>
80003bd0:	fe058813          	add	a6,a1,-32 # 7fffe0 <buflen.1+0x7fffa0>
80003bd4:	02000e13          	li	t3,32
80003bd8:	0107d833          	srl	a6,a5,a6
80003bdc:	00000313          	li	t1,0
80003be0:	01c58863          	beq	a1,t3,80003bf0 <__adddf3+0x4e0>
80003be4:	04000313          	li	t1,64
80003be8:	40b30333          	sub	t1,t1,a1
80003bec:	00679333          	sll	t1,a5,t1
80003bf0:	00a36333          	or	t1,t1,a0
80003bf4:	00603333          	snez	t1,t1
80003bf8:	00686533          	or	a0,a6,t1
80003bfc:	00000593          	li	a1,0
80003c00:	fb5ff06f          	j	80003bb4 <__adddf3+0x4a4>
80003c04:	00a7e533          	or	a0,a5,a0
80003c08:	00a03533          	snez	a0,a0
80003c0c:	ff1ff06f          	j	80003bfc <__adddf3+0x4ec>
80003c10:	00148593          	add	a1,s1,1
80003c14:	7fe5f593          	and	a1,a1,2046
80003c18:	08059663          	bnez	a1,80003ca4 <__adddf3+0x594>
80003c1c:	00a7e833          	or	a6,a5,a0
80003c20:	00c765b3          	or	a1,a4,a2
80003c24:	06049063          	bnez	s1,80003c84 <__adddf3+0x574>
80003c28:	00081c63          	bnez	a6,80003c40 <__adddf3+0x530>
80003c2c:	10058e63          	beqz	a1,80003d48 <__adddf3+0x638>
80003c30:	00070793          	mv	a5,a4
80003c34:	00060513          	mv	a0,a2
80003c38:	00068913          	mv	s2,a3
80003c3c:	d75ff06f          	j	800039b0 <__adddf3+0x2a0>
80003c40:	d60588e3          	beqz	a1,800039b0 <__adddf3+0x2a0>
80003c44:	40c50833          	sub	a6,a0,a2
80003c48:	010538b3          	sltu	a7,a0,a6
80003c4c:	40e785b3          	sub	a1,a5,a4
80003c50:	411585b3          	sub	a1,a1,a7
80003c54:	00859893          	sll	a7,a1,0x8
80003c58:	0008dc63          	bgez	a7,80003c70 <__adddf3+0x560>
80003c5c:	40a60533          	sub	a0,a2,a0
80003c60:	40f70733          	sub	a4,a4,a5
80003c64:	00a63633          	sltu	a2,a2,a0
80003c68:	40c707b3          	sub	a5,a4,a2
80003c6c:	fcdff06f          	j	80003c38 <__adddf3+0x528>
80003c70:	00b86533          	or	a0,a6,a1
80003c74:	18050463          	beqz	a0,80003dfc <__adddf3+0x6ec>
80003c78:	00058793          	mv	a5,a1
80003c7c:	00080513          	mv	a0,a6
80003c80:	d31ff06f          	j	800039b0 <__adddf3+0x2a0>
80003c84:	00081c63          	bnez	a6,80003c9c <__adddf3+0x58c>
80003c88:	d4058ee3          	beqz	a1,800039e4 <__adddf3+0x2d4>
80003c8c:	00070793          	mv	a5,a4
80003c90:	00060513          	mv	a0,a2
80003c94:	00068913          	mv	s2,a3
80003c98:	b1dff06f          	j	800037b4 <__adddf3+0xa4>
80003c9c:	b0058ce3          	beqz	a1,800037b4 <__adddf3+0xa4>
80003ca0:	d45ff06f          	j	800039e4 <__adddf3+0x2d4>
80003ca4:	40c505b3          	sub	a1,a0,a2
80003ca8:	00b53833          	sltu	a6,a0,a1
80003cac:	40e78433          	sub	s0,a5,a4
80003cb0:	41040433          	sub	s0,s0,a6
80003cb4:	00841813          	sll	a6,s0,0x8
80003cb8:	00058993          	mv	s3,a1
80003cbc:	08085063          	bgez	a6,80003d3c <__adddf3+0x62c>
80003cc0:	40a609b3          	sub	s3,a2,a0
80003cc4:	40f70433          	sub	s0,a4,a5
80003cc8:	01363633          	sltu	a2,a2,s3
80003ccc:	40c40433          	sub	s0,s0,a2
80003cd0:	00068913          	mv	s2,a3
80003cd4:	06040e63          	beqz	s0,80003d50 <__adddf3+0x640>
80003cd8:	00040513          	mv	a0,s0
80003cdc:	045000ef          	jal	80004520 <__clzsi2>
80003ce0:	ff850693          	add	a3,a0,-8
80003ce4:	02000793          	li	a5,32
80003ce8:	40d787b3          	sub	a5,a5,a3
80003cec:	00d41433          	sll	s0,s0,a3
80003cf0:	00f9d7b3          	srl	a5,s3,a5
80003cf4:	0087e7b3          	or	a5,a5,s0
80003cf8:	00d99433          	sll	s0,s3,a3
80003cfc:	0a96c463          	blt	a3,s1,80003da4 <__adddf3+0x694>
80003d00:	409686b3          	sub	a3,a3,s1
80003d04:	00168613          	add	a2,a3,1
80003d08:	01f00713          	li	a4,31
80003d0c:	06c74263          	blt	a4,a2,80003d70 <__adddf3+0x660>
80003d10:	02000713          	li	a4,32
80003d14:	40c70733          	sub	a4,a4,a2
80003d18:	00e79533          	sll	a0,a5,a4
80003d1c:	00c456b3          	srl	a3,s0,a2
80003d20:	00e41733          	sll	a4,s0,a4
80003d24:	00d56533          	or	a0,a0,a3
80003d28:	00e03733          	snez	a4,a4
80003d2c:	00e56533          	or	a0,a0,a4
80003d30:	00c7d7b3          	srl	a5,a5,a2
80003d34:	00000493          	li	s1,0
80003d38:	c79ff06f          	j	800039b0 <__adddf3+0x2a0>
80003d3c:	0085e5b3          	or	a1,a1,s0
80003d40:	f8059ae3          	bnez	a1,80003cd4 <__adddf3+0x5c4>
80003d44:	00000493          	li	s1,0
80003d48:	00000913          	li	s2,0
80003d4c:	08c0006f          	j	80003dd8 <__adddf3+0x6c8>
80003d50:	00098513          	mv	a0,s3
80003d54:	7cc000ef          	jal	80004520 <__clzsi2>
80003d58:	01850693          	add	a3,a0,24
80003d5c:	01f00793          	li	a5,31
80003d60:	f8d7d2e3          	bge	a5,a3,80003ce4 <__adddf3+0x5d4>
80003d64:	ff850793          	add	a5,a0,-8
80003d68:	00f997b3          	sll	a5,s3,a5
80003d6c:	f91ff06f          	j	80003cfc <__adddf3+0x5ec>
80003d70:	fe168693          	add	a3,a3,-31
80003d74:	00d7d533          	srl	a0,a5,a3
80003d78:	02000693          	li	a3,32
80003d7c:	00000713          	li	a4,0
80003d80:	00d60863          	beq	a2,a3,80003d90 <__adddf3+0x680>
80003d84:	04000713          	li	a4,64
80003d88:	40c70733          	sub	a4,a4,a2
80003d8c:	00e79733          	sll	a4,a5,a4
80003d90:	00e46733          	or	a4,s0,a4
80003d94:	00e03733          	snez	a4,a4
80003d98:	00e56533          	or	a0,a0,a4
80003d9c:	00000793          	li	a5,0
80003da0:	f95ff06f          	j	80003d34 <__adddf3+0x624>
80003da4:	ff800737          	lui	a4,0xff800
80003da8:	fff70713          	add	a4,a4,-1 # ff7fffff <__global_pointer$+0x7f7f16a7>
80003dac:	40d484b3          	sub	s1,s1,a3
80003db0:	00e7f7b3          	and	a5,a5,a4
80003db4:	00040513          	mv	a0,s0
80003db8:	bf9ff06f          	j	800039b0 <__adddf3+0x2a0>
80003dbc:	00070793          	mv	a5,a4
80003dc0:	00060513          	mv	a0,a2
80003dc4:	c5dff06f          	j	80003a20 <__adddf3+0x310>
80003dc8:	00070793          	mv	a5,a4
80003dcc:	00060513          	mv	a0,a2
80003dd0:	be1ff06f          	j	800039b0 <__adddf3+0x2a0>
80003dd4:	7ff00493          	li	s1,2047
80003dd8:	00000793          	li	a5,0
80003ddc:	00000513          	li	a0,0
80003de0:	0240006f          	j	80003e04 <__adddf3+0x6f4>
80003de4:	00080493          	mv	s1,a6
80003de8:	bc9ff06f          	j	800039b0 <__adddf3+0x2a0>
80003dec:	00070793          	mv	a5,a4
80003df0:	00060513          	mv	a0,a2
80003df4:	00080493          	mv	s1,a6
80003df8:	e41ff06f          	j	80003c38 <__adddf3+0x528>
80003dfc:	00000793          	li	a5,0
80003e00:	00000913          	li	s2,0
80003e04:	00879713          	sll	a4,a5,0x8
80003e08:	00075e63          	bgez	a4,80003e24 <__adddf3+0x714>
80003e0c:	00148493          	add	s1,s1,1
80003e10:	7ff00713          	li	a4,2047
80003e14:	08e48263          	beq	s1,a4,80003e98 <__adddf3+0x788>
80003e18:	ff800737          	lui	a4,0xff800
80003e1c:	fff70713          	add	a4,a4,-1 # ff7fffff <__global_pointer$+0x7f7f16a7>
80003e20:	00e7f7b3          	and	a5,a5,a4
80003e24:	01d79693          	sll	a3,a5,0x1d
80003e28:	00355513          	srl	a0,a0,0x3
80003e2c:	7ff00713          	li	a4,2047
80003e30:	00a6e6b3          	or	a3,a3,a0
80003e34:	0037d793          	srl	a5,a5,0x3
80003e38:	00e49e63          	bne	s1,a4,80003e54 <__adddf3+0x744>
80003e3c:	00f6e6b3          	or	a3,a3,a5
80003e40:	00000793          	li	a5,0
80003e44:	00068863          	beqz	a3,80003e54 <__adddf3+0x744>
80003e48:	000807b7          	lui	a5,0x80
80003e4c:	00000693          	li	a3,0
80003e50:	00000913          	li	s2,0
80003e54:	01449713          	sll	a4,s1,0x14
80003e58:	7ff00637          	lui	a2,0x7ff00
80003e5c:	00c79793          	sll	a5,a5,0xc
80003e60:	00c77733          	and	a4,a4,a2
80003e64:	01c12083          	lw	ra,28(sp)
80003e68:	01812403          	lw	s0,24(sp)
80003e6c:	00c7d793          	srl	a5,a5,0xc
80003e70:	00f767b3          	or	a5,a4,a5
80003e74:	01f91713          	sll	a4,s2,0x1f
80003e78:	00e7e633          	or	a2,a5,a4
80003e7c:	01412483          	lw	s1,20(sp)
80003e80:	01012903          	lw	s2,16(sp)
80003e84:	00c12983          	lw	s3,12(sp)
80003e88:	00068513          	mv	a0,a3
80003e8c:	00060593          	mv	a1,a2
80003e90:	02010113          	add	sp,sp,32
80003e94:	00008067          	ret
80003e98:	00000793          	li	a5,0
80003e9c:	00000513          	li	a0,0
80003ea0:	f85ff06f          	j	80003e24 <__adddf3+0x714>

80003ea4 <__eqdf2>:
80003ea4:	0145d713          	srl	a4,a1,0x14
80003ea8:	001007b7          	lui	a5,0x100
80003eac:	fff78793          	add	a5,a5,-1 # fffff <buflen.1+0xfffbf>
80003eb0:	0146d813          	srl	a6,a3,0x14
80003eb4:	00050313          	mv	t1,a0
80003eb8:	00050e93          	mv	t4,a0
80003ebc:	7ff77713          	and	a4,a4,2047
80003ec0:	7ff00513          	li	a0,2047
80003ec4:	00b7f8b3          	and	a7,a5,a1
80003ec8:	00060f13          	mv	t5,a2
80003ecc:	00d7f7b3          	and	a5,a5,a3
80003ed0:	01f5d593          	srl	a1,a1,0x1f
80003ed4:	7ff87813          	and	a6,a6,2047
80003ed8:	01f6d693          	srl	a3,a3,0x1f
80003edc:	00a71c63          	bne	a4,a0,80003ef4 <__eqdf2+0x50>
80003ee0:	0068ee33          	or	t3,a7,t1
80003ee4:	00100513          	li	a0,1
80003ee8:	000e1463          	bnez	t3,80003ef0 <__eqdf2+0x4c>
80003eec:	00e80663          	beq	a6,a4,80003ef8 <__eqdf2+0x54>
80003ef0:	00008067          	ret
80003ef4:	00a81863          	bne	a6,a0,80003f04 <__eqdf2+0x60>
80003ef8:	00c7e633          	or	a2,a5,a2
80003efc:	00100513          	li	a0,1
80003f00:	fe0618e3          	bnez	a2,80003ef0 <__eqdf2+0x4c>
80003f04:	00100513          	li	a0,1
80003f08:	ff0714e3          	bne	a4,a6,80003ef0 <__eqdf2+0x4c>
80003f0c:	fef892e3          	bne	a7,a5,80003ef0 <__eqdf2+0x4c>
80003f10:	ffee90e3          	bne	t4,t5,80003ef0 <__eqdf2+0x4c>
80003f14:	00d58a63          	beq	a1,a3,80003f28 <__eqdf2+0x84>
80003f18:	fc071ce3          	bnez	a4,80003ef0 <__eqdf2+0x4c>
80003f1c:	0068e8b3          	or	a7,a7,t1
80003f20:	01103533          	snez	a0,a7
80003f24:	00008067          	ret
80003f28:	00000513          	li	a0,0
80003f2c:	00008067          	ret

80003f30 <__muldf3>:
80003f30:	fd010113          	add	sp,sp,-48
80003f34:	01512a23          	sw	s5,20(sp)
80003f38:	0145da93          	srl	s5,a1,0x14
80003f3c:	02812423          	sw	s0,40(sp)
80003f40:	02912223          	sw	s1,36(sp)
80003f44:	01312e23          	sw	s3,28(sp)
80003f48:	01412c23          	sw	s4,24(sp)
80003f4c:	01612823          	sw	s6,16(sp)
80003f50:	00c59493          	sll	s1,a1,0xc
80003f54:	02112623          	sw	ra,44(sp)
80003f58:	03212023          	sw	s2,32(sp)
80003f5c:	01712623          	sw	s7,12(sp)
80003f60:	7ffafa93          	and	s5,s5,2047
80003f64:	00050413          	mv	s0,a0
80003f68:	00060b13          	mv	s6,a2
80003f6c:	00068993          	mv	s3,a3
80003f70:	00c4d493          	srl	s1,s1,0xc
80003f74:	01f5da13          	srl	s4,a1,0x1f
80003f78:	240a8e63          	beqz	s5,800041d4 <__muldf3+0x2a4>
80003f7c:	7ff00793          	li	a5,2047
80003f80:	2cfa8063          	beq	s5,a5,80004240 <__muldf3+0x310>
80003f84:	00349493          	sll	s1,s1,0x3
80003f88:	01d55793          	srl	a5,a0,0x1d
80003f8c:	0097e7b3          	or	a5,a5,s1
80003f90:	008004b7          	lui	s1,0x800
80003f94:	0097e4b3          	or	s1,a5,s1
80003f98:	00351913          	sll	s2,a0,0x3
80003f9c:	c01a8a93          	add	s5,s5,-1023
80003fa0:	00000b93          	li	s7,0
80003fa4:	0149d713          	srl	a4,s3,0x14
80003fa8:	00c99413          	sll	s0,s3,0xc
80003fac:	7ff77713          	and	a4,a4,2047
80003fb0:	00c45413          	srl	s0,s0,0xc
80003fb4:	01f9d993          	srl	s3,s3,0x1f
80003fb8:	2c070063          	beqz	a4,80004278 <__muldf3+0x348>
80003fbc:	7ff00793          	li	a5,2047
80003fc0:	32f70463          	beq	a4,a5,800042e8 <__muldf3+0x3b8>
80003fc4:	00341413          	sll	s0,s0,0x3
80003fc8:	01db5793          	srl	a5,s6,0x1d
80003fcc:	0087e7b3          	or	a5,a5,s0
80003fd0:	00800437          	lui	s0,0x800
80003fd4:	0087e433          	or	s0,a5,s0
80003fd8:	c0170693          	add	a3,a4,-1023
80003fdc:	003b1793          	sll	a5,s6,0x3
80003fe0:	00000713          	li	a4,0
80003fe4:	00da8ab3          	add	s5,s5,a3
80003fe8:	002b9693          	sll	a3,s7,0x2
80003fec:	00e6e6b3          	or	a3,a3,a4
80003ff0:	00a00613          	li	a2,10
80003ff4:	001a8513          	add	a0,s5,1
80003ff8:	40d64663          	blt	a2,a3,80004404 <__muldf3+0x4d4>
80003ffc:	00200613          	li	a2,2
80004000:	013a45b3          	xor	a1,s4,s3
80004004:	30d64e63          	blt	a2,a3,80004320 <__muldf3+0x3f0>
80004008:	fff68693          	add	a3,a3,-1
8000400c:	00100613          	li	a2,1
80004010:	32d67a63          	bgeu	a2,a3,80004344 <__muldf3+0x414>
80004014:	00010337          	lui	t1,0x10
80004018:	fff30e13          	add	t3,t1,-1 # ffff <buflen.1+0xffbf>
8000401c:	01095713          	srl	a4,s2,0x10
80004020:	0107d893          	srl	a7,a5,0x10
80004024:	01c97933          	and	s2,s2,t3
80004028:	01c7ff33          	and	t5,a5,t3
8000402c:	03e907b3          	mul	a5,s2,t5
80004030:	03e70eb3          	mul	t4,a4,t5
80004034:	0107d813          	srl	a6,a5,0x10
80004038:	03288633          	mul	a2,a7,s2
8000403c:	01d60633          	add	a2,a2,t4
80004040:	00c80833          	add	a6,a6,a2
80004044:	031706b3          	mul	a3,a4,a7
80004048:	01d87463          	bgeu	a6,t4,80004050 <__muldf3+0x120>
8000404c:	006686b3          	add	a3,a3,t1
80004050:	01085293          	srl	t0,a6,0x10
80004054:	01c87833          	and	a6,a6,t3
80004058:	01c7f7b3          	and	a5,a5,t3
8000405c:	01045613          	srl	a2,s0,0x10
80004060:	01c47e33          	and	t3,s0,t3
80004064:	01081813          	sll	a6,a6,0x10
80004068:	00f80833          	add	a6,a6,a5
8000406c:	03c90eb3          	mul	t4,s2,t3
80004070:	03c707b3          	mul	a5,a4,t3
80004074:	03260933          	mul	s2,a2,s2
80004078:	02c70333          	mul	t1,a4,a2
8000407c:	00f90933          	add	s2,s2,a5
80004080:	010ed713          	srl	a4,t4,0x10
80004084:	01270733          	add	a4,a4,s2
80004088:	00f77663          	bgeu	a4,a5,80004094 <__muldf3+0x164>
8000408c:	000107b7          	lui	a5,0x10
80004090:	00f30333          	add	t1,t1,a5
80004094:	00010437          	lui	s0,0x10
80004098:	01075793          	srl	a5,a4,0x10
8000409c:	fff40f93          	add	t6,s0,-1 # ffff <buflen.1+0xffbf>
800040a0:	00678333          	add	t1,a5,t1
800040a4:	01f777b3          	and	a5,a4,t6
800040a8:	01fefeb3          	and	t4,t4,t6
800040ac:	01079793          	sll	a5,a5,0x10
800040b0:	01f4ffb3          	and	t6,s1,t6
800040b4:	01d787b3          	add	a5,a5,t4
800040b8:	0104de93          	srl	t4,s1,0x10
800040bc:	03ff03b3          	mul	t2,t5,t6
800040c0:	00f282b3          	add	t0,t0,a5
800040c4:	03ee8f33          	mul	t5,t4,t5
800040c8:	0103d713          	srl	a4,t2,0x10
800040cc:	03d884b3          	mul	s1,a7,t4
800040d0:	03f888b3          	mul	a7,a7,t6
800040d4:	01e888b3          	add	a7,a7,t5
800040d8:	01170733          	add	a4,a4,a7
800040dc:	01e77463          	bgeu	a4,t5,800040e4 <__muldf3+0x1b4>
800040e0:	008484b3          	add	s1,s1,s0
800040e4:	01075f13          	srl	t5,a4,0x10
800040e8:	009f0f33          	add	t5,t5,s1
800040ec:	000104b7          	lui	s1,0x10
800040f0:	fff48413          	add	s0,s1,-1 # ffff <buflen.1+0xffbf>
800040f4:	00877733          	and	a4,a4,s0
800040f8:	0083f3b3          	and	t2,t2,s0
800040fc:	01071713          	sll	a4,a4,0x10
80004100:	007708b3          	add	a7,a4,t2
80004104:	03fe03b3          	mul	t2,t3,t6
80004108:	03ce8e33          	mul	t3,t4,t3
8000410c:	03d60eb3          	mul	t4,a2,t4
80004110:	03f60633          	mul	a2,a2,t6
80004114:	0103df93          	srl	t6,t2,0x10
80004118:	01c60633          	add	a2,a2,t3
8000411c:	00cf8fb3          	add	t6,t6,a2
80004120:	01cff463          	bgeu	t6,t3,80004128 <__muldf3+0x1f8>
80004124:	009e8eb3          	add	t4,t4,s1
80004128:	008ff733          	and	a4,t6,s0
8000412c:	0083f3b3          	and	t2,t2,s0
80004130:	01071713          	sll	a4,a4,0x10
80004134:	005686b3          	add	a3,a3,t0
80004138:	00770733          	add	a4,a4,t2
8000413c:	00670333          	add	t1,a4,t1
80004140:	00f6b7b3          	sltu	a5,a3,a5
80004144:	00f307b3          	add	a5,t1,a5
80004148:	00e33633          	sltu	a2,t1,a4
8000414c:	011688b3          	add	a7,a3,a7
80004150:	0067b333          	sltu	t1,a5,t1
80004154:	00666633          	or	a2,a2,t1
80004158:	00d8b6b3          	sltu	a3,a7,a3
8000415c:	01e78333          	add	t1,a5,t5
80004160:	00d306b3          	add	a3,t1,a3
80004164:	00f33733          	sltu	a4,t1,a5
80004168:	010fdf93          	srl	t6,t6,0x10
8000416c:	0066b333          	sltu	t1,a3,t1
80004170:	00989793          	sll	a5,a7,0x9
80004174:	01f60633          	add	a2,a2,t6
80004178:	00676733          	or	a4,a4,t1
8000417c:	00c70733          	add	a4,a4,a2
80004180:	0107e7b3          	or	a5,a5,a6
80004184:	01d70733          	add	a4,a4,t4
80004188:	00f037b3          	snez	a5,a5
8000418c:	0178d893          	srl	a7,a7,0x17
80004190:	00971713          	sll	a4,a4,0x9
80004194:	0176d413          	srl	s0,a3,0x17
80004198:	0117e7b3          	or	a5,a5,a7
8000419c:	00969693          	sll	a3,a3,0x9
800041a0:	00d7e7b3          	or	a5,a5,a3
800041a4:	00771693          	sll	a3,a4,0x7
800041a8:	00876433          	or	s0,a4,s0
800041ac:	0206d063          	bgez	a3,800041cc <__muldf3+0x29c>
800041b0:	0017d713          	srl	a4,a5,0x1
800041b4:	0017f793          	and	a5,a5,1
800041b8:	00f76733          	or	a4,a4,a5
800041bc:	01f41793          	sll	a5,s0,0x1f
800041c0:	00f767b3          	or	a5,a4,a5
800041c4:	00145413          	srl	s0,s0,0x1
800041c8:	00050a93          	mv	s5,a0
800041cc:	000a8513          	mv	a0,s5
800041d0:	18c0006f          	j	8000435c <__muldf3+0x42c>
800041d4:	00a4e933          	or	s2,s1,a0
800041d8:	08090063          	beqz	s2,80004258 <__muldf3+0x328>
800041dc:	04048063          	beqz	s1,8000421c <__muldf3+0x2ec>
800041e0:	00048513          	mv	a0,s1
800041e4:	33c000ef          	jal	80004520 <__clzsi2>
800041e8:	ff550713          	add	a4,a0,-11
800041ec:	01d00793          	li	a5,29
800041f0:	ff850693          	add	a3,a0,-8
800041f4:	40e787b3          	sub	a5,a5,a4
800041f8:	00d494b3          	sll	s1,s1,a3
800041fc:	00f457b3          	srl	a5,s0,a5
80004200:	0097e7b3          	or	a5,a5,s1
80004204:	00d414b3          	sll	s1,s0,a3
80004208:	c0d00a93          	li	s5,-1011
8000420c:	00048913          	mv	s2,s1
80004210:	40aa8ab3          	sub	s5,s5,a0
80004214:	00078493          	mv	s1,a5
80004218:	d89ff06f          	j	80003fa0 <__muldf3+0x70>
8000421c:	304000ef          	jal	80004520 <__clzsi2>
80004220:	00050793          	mv	a5,a0
80004224:	01578713          	add	a4,a5,21 # 10015 <buflen.1+0xffd5>
80004228:	01c00693          	li	a3,28
8000422c:	02050513          	add	a0,a0,32
80004230:	fae6dee3          	bge	a3,a4,800041ec <__muldf3+0x2bc>
80004234:	ff878793          	add	a5,a5,-8
80004238:	00f417b3          	sll	a5,s0,a5
8000423c:	fcdff06f          	j	80004208 <__muldf3+0x2d8>
80004240:	00a4e933          	or	s2,s1,a0
80004244:	02091263          	bnez	s2,80004268 <__muldf3+0x338>
80004248:	00000493          	li	s1,0
8000424c:	7ff00a93          	li	s5,2047
80004250:	00200b93          	li	s7,2
80004254:	d51ff06f          	j	80003fa4 <__muldf3+0x74>
80004258:	00000493          	li	s1,0
8000425c:	00000a93          	li	s5,0
80004260:	00100b93          	li	s7,1
80004264:	d41ff06f          	j	80003fa4 <__muldf3+0x74>
80004268:	00050913          	mv	s2,a0
8000426c:	7ff00a93          	li	s5,2047
80004270:	00300b93          	li	s7,3
80004274:	d31ff06f          	j	80003fa4 <__muldf3+0x74>
80004278:	016467b3          	or	a5,s0,s6
8000427c:	08078263          	beqz	a5,80004300 <__muldf3+0x3d0>
80004280:	04040063          	beqz	s0,800042c0 <__muldf3+0x390>
80004284:	00040513          	mv	a0,s0
80004288:	298000ef          	jal	80004520 <__clzsi2>
8000428c:	ff550693          	add	a3,a0,-11
80004290:	01d00713          	li	a4,29
80004294:	ff850793          	add	a5,a0,-8
80004298:	40d70733          	sub	a4,a4,a3
8000429c:	00f41433          	sll	s0,s0,a5
800042a0:	00eb5733          	srl	a4,s6,a4
800042a4:	00876733          	or	a4,a4,s0
800042a8:	00fb1433          	sll	s0,s6,a5
800042ac:	c0d00693          	li	a3,-1011
800042b0:	00040793          	mv	a5,s0
800042b4:	40a686b3          	sub	a3,a3,a0
800042b8:	00070413          	mv	s0,a4
800042bc:	d25ff06f          	j	80003fe0 <__muldf3+0xb0>
800042c0:	000b0513          	mv	a0,s6
800042c4:	25c000ef          	jal	80004520 <__clzsi2>
800042c8:	00050793          	mv	a5,a0
800042cc:	01578693          	add	a3,a5,21
800042d0:	01c00713          	li	a4,28
800042d4:	02050513          	add	a0,a0,32
800042d8:	fad75ce3          	bge	a4,a3,80004290 <__muldf3+0x360>
800042dc:	ff878793          	add	a5,a5,-8
800042e0:	00fb1733          	sll	a4,s6,a5
800042e4:	fc9ff06f          	j	800042ac <__muldf3+0x37c>
800042e8:	016467b3          	or	a5,s0,s6
800042ec:	02079263          	bnez	a5,80004310 <__muldf3+0x3e0>
800042f0:	00000413          	li	s0,0
800042f4:	7ff00693          	li	a3,2047
800042f8:	00200713          	li	a4,2
800042fc:	ce9ff06f          	j	80003fe4 <__muldf3+0xb4>
80004300:	00000413          	li	s0,0
80004304:	00000693          	li	a3,0
80004308:	00100713          	li	a4,1
8000430c:	cd9ff06f          	j	80003fe4 <__muldf3+0xb4>
80004310:	000b0793          	mv	a5,s6
80004314:	7ff00693          	li	a3,2047
80004318:	00300713          	li	a4,3
8000431c:	cc9ff06f          	j	80003fe4 <__muldf3+0xb4>
80004320:	00100613          	li	a2,1
80004324:	00d61633          	sll	a2,a2,a3
80004328:	53067693          	and	a3,a2,1328
8000432c:	0e069663          	bnez	a3,80004418 <__muldf3+0x4e8>
80004330:	24067813          	and	a6,a2,576
80004334:	1a081a63          	bnez	a6,800044e8 <__muldf3+0x5b8>
80004338:	08867613          	and	a2,a2,136
8000433c:	cc060ce3          	beqz	a2,80004014 <__muldf3+0xe4>
80004340:	00098593          	mv	a1,s3
80004344:	00200693          	li	a3,2
80004348:	18d70863          	beq	a4,a3,800044d8 <__muldf3+0x5a8>
8000434c:	00300693          	li	a3,3
80004350:	1ad70463          	beq	a4,a3,800044f8 <__muldf3+0x5c8>
80004354:	00100693          	li	a3,1
80004358:	1ad70663          	beq	a4,a3,80004504 <__muldf3+0x5d4>
8000435c:	3ff50613          	add	a2,a0,1023
80004360:	0cc05463          	blez	a2,80004428 <__muldf3+0x4f8>
80004364:	0077f713          	and	a4,a5,7
80004368:	02070063          	beqz	a4,80004388 <__muldf3+0x458>
8000436c:	00f7f713          	and	a4,a5,15
80004370:	00400693          	li	a3,4
80004374:	00d70a63          	beq	a4,a3,80004388 <__muldf3+0x458>
80004378:	00478713          	add	a4,a5,4
8000437c:	00f736b3          	sltu	a3,a4,a5
80004380:	00d40433          	add	s0,s0,a3
80004384:	00070793          	mv	a5,a4
80004388:	00741713          	sll	a4,s0,0x7
8000438c:	00075a63          	bgez	a4,800043a0 <__muldf3+0x470>
80004390:	ff000737          	lui	a4,0xff000
80004394:	fff70713          	add	a4,a4,-1 # feffffff <__global_pointer$+0x7eff16a7>
80004398:	00e47433          	and	s0,s0,a4
8000439c:	40050613          	add	a2,a0,1024
800043a0:	7fe00713          	li	a4,2046
800043a4:	12c74a63          	blt	a4,a2,800044d8 <__muldf3+0x5a8>
800043a8:	0037d793          	srl	a5,a5,0x3
800043ac:	01d41693          	sll	a3,s0,0x1d
800043b0:	00f6e6b3          	or	a3,a3,a5
800043b4:	00345713          	srl	a4,s0,0x3
800043b8:	00c71713          	sll	a4,a4,0xc
800043bc:	02c12083          	lw	ra,44(sp)
800043c0:	02812403          	lw	s0,40(sp)
800043c4:	01461613          	sll	a2,a2,0x14
800043c8:	00c75713          	srl	a4,a4,0xc
800043cc:	01f59593          	sll	a1,a1,0x1f
800043d0:	00e66633          	or	a2,a2,a4
800043d4:	00b667b3          	or	a5,a2,a1
800043d8:	02412483          	lw	s1,36(sp)
800043dc:	02012903          	lw	s2,32(sp)
800043e0:	01c12983          	lw	s3,28(sp)
800043e4:	01812a03          	lw	s4,24(sp)
800043e8:	01412a83          	lw	s5,20(sp)
800043ec:	01012b03          	lw	s6,16(sp)
800043f0:	00c12b83          	lw	s7,12(sp)
800043f4:	00068513          	mv	a0,a3
800043f8:	00078593          	mv	a1,a5
800043fc:	03010113          	add	sp,sp,48
80004400:	00008067          	ret
80004404:	00f00613          	li	a2,15
80004408:	0ec68863          	beq	a3,a2,800044f8 <__muldf3+0x5c8>
8000440c:	00b00613          	li	a2,11
80004410:	000a0593          	mv	a1,s4
80004414:	f2c686e3          	beq	a3,a2,80004340 <__muldf3+0x410>
80004418:	00048413          	mv	s0,s1
8000441c:	00090793          	mv	a5,s2
80004420:	000b8713          	mv	a4,s7
80004424:	f21ff06f          	j	80004344 <__muldf3+0x414>
80004428:	00100713          	li	a4,1
8000442c:	40c70733          	sub	a4,a4,a2
80004430:	03800693          	li	a3,56
80004434:	0ce6c863          	blt	a3,a4,80004504 <__muldf3+0x5d4>
80004438:	01f00693          	li	a3,31
8000443c:	06e6c463          	blt	a3,a4,800044a4 <__muldf3+0x574>
80004440:	41e50513          	add	a0,a0,1054
80004444:	00e7d633          	srl	a2,a5,a4
80004448:	00a416b3          	sll	a3,s0,a0
8000444c:	00a79533          	sll	a0,a5,a0
80004450:	00c6e6b3          	or	a3,a3,a2
80004454:	00a03533          	snez	a0,a0
80004458:	00a6e7b3          	or	a5,a3,a0
8000445c:	00e45733          	srl	a4,s0,a4
80004460:	0077f693          	and	a3,a5,7
80004464:	02068063          	beqz	a3,80004484 <__muldf3+0x554>
80004468:	00f7f693          	and	a3,a5,15
8000446c:	00400613          	li	a2,4
80004470:	00c68a63          	beq	a3,a2,80004484 <__muldf3+0x554>
80004474:	00478693          	add	a3,a5,4
80004478:	00f6b633          	sltu	a2,a3,a5
8000447c:	00c70733          	add	a4,a4,a2
80004480:	00068793          	mv	a5,a3
80004484:	00871693          	sll	a3,a4,0x8
80004488:	0806c463          	bltz	a3,80004510 <__muldf3+0x5e0>
8000448c:	01d71693          	sll	a3,a4,0x1d
80004490:	0037d793          	srl	a5,a5,0x3
80004494:	00f6e6b3          	or	a3,a3,a5
80004498:	00375713          	srl	a4,a4,0x3
8000449c:	00000613          	li	a2,0
800044a0:	f19ff06f          	j	800043b8 <__muldf3+0x488>
800044a4:	fe100693          	li	a3,-31
800044a8:	40c686b3          	sub	a3,a3,a2
800044ac:	02000813          	li	a6,32
800044b0:	00d456b3          	srl	a3,s0,a3
800044b4:	00000613          	li	a2,0
800044b8:	01070663          	beq	a4,a6,800044c4 <__muldf3+0x594>
800044bc:	43e50613          	add	a2,a0,1086
800044c0:	00c41633          	sll	a2,s0,a2
800044c4:	00f66633          	or	a2,a2,a5
800044c8:	00c03633          	snez	a2,a2
800044cc:	00c6e7b3          	or	a5,a3,a2
800044d0:	00000713          	li	a4,0
800044d4:	f8dff06f          	j	80004460 <__muldf3+0x530>
800044d8:	00000713          	li	a4,0
800044dc:	00000693          	li	a3,0
800044e0:	7ff00613          	li	a2,2047
800044e4:	ed5ff06f          	j	800043b8 <__muldf3+0x488>
800044e8:	00080737          	lui	a4,0x80
800044ec:	7ff00613          	li	a2,2047
800044f0:	00000593          	li	a1,0
800044f4:	ec5ff06f          	j	800043b8 <__muldf3+0x488>
800044f8:	00080737          	lui	a4,0x80
800044fc:	00000693          	li	a3,0
80004500:	fedff06f          	j	800044ec <__muldf3+0x5bc>
80004504:	00000713          	li	a4,0
80004508:	00000693          	li	a3,0
8000450c:	f91ff06f          	j	8000449c <__muldf3+0x56c>
80004510:	00000713          	li	a4,0
80004514:	00000693          	li	a3,0
80004518:	00100613          	li	a2,1
8000451c:	e9dff06f          	j	800043b8 <__muldf3+0x488>

80004520 <__clzsi2>:
80004520:	000107b7          	lui	a5,0x10
80004524:	02f57a63          	bgeu	a0,a5,80004558 <__clzsi2+0x38>
80004528:	10053793          	sltiu	a5,a0,256
8000452c:	0017b793          	seqz	a5,a5
80004530:	00379793          	sll	a5,a5,0x3
80004534:	8000e737          	lui	a4,0x8000e
80004538:	02000693          	li	a3,32
8000453c:	40f686b3          	sub	a3,a3,a5
80004540:	00f55533          	srl	a0,a0,a5
80004544:	f8870793          	add	a5,a4,-120 # 8000df88 <__clz_tab>
80004548:	00a787b3          	add	a5,a5,a0
8000454c:	0007c503          	lbu	a0,0(a5) # 10000 <buflen.1+0xffc0>
80004550:	40a68533          	sub	a0,a3,a0
80004554:	00008067          	ret
80004558:	01000737          	lui	a4,0x1000
8000455c:	01800793          	li	a5,24
80004560:	fce57ae3          	bgeu	a0,a4,80004534 <__clzsi2+0x14>
80004564:	01000793          	li	a5,16
80004568:	fcdff06f          	j	80004534 <__clzsi2+0x14>

Disassembly of section .text.startup:

8000456c <main>:
8000456c:	81010113          	add	sp,sp,-2032
80004570:	77fd                	lui	a5,0xfffff
80004572:	6705                	lui	a4,0x1
80004574:	7e112623          	sw	ra,2028(sp)
80004578:	7e812423          	sw	s0,2024(sp)
8000457c:	7f212023          	sw	s2,2016(sp)
80004580:	7d312e23          	sw	s3,2012(sp)
80004584:	7d612823          	sw	s6,2000(sp)
80004588:	7e912223          	sw	s1,2020(sp)
8000458c:	7d412c23          	sw	s4,2008(sp)
80004590:	7d512a23          	sw	s5,2004(sp)
80004594:	06078793          	add	a5,a5,96 # fffff060 <__global_pointer$+0x7fff0708>
80004598:	82010113          	add	sp,sp,-2016
8000459c:	fa070713          	add	a4,a4,-96 # fa0 <buflen.1+0xf60>
800045a0:	973e                	add	a4,a4,a5
800045a2:	081c                	add	a5,sp,16
800045a4:	97ba                	add	a5,a5,a4
800045a6:	00002697          	auipc	a3,0x2
800045aa:	87268693          	add	a3,a3,-1934 # 80005e18 <x>
800045ae:	00000717          	auipc	a4,0x0
800045b2:	0f270713          	add	a4,a4,242 # 800046a0 <ptr>
800045b6:	00003617          	auipc	a2,0x3
800045ba:	80260613          	add	a2,a2,-2046 # 80006db8 <idx>
800045be:	00005597          	auipc	a1,0x5
800045c2:	d7a58593          	add	a1,a1,-646 # 80009338 <val>
800045c6:	1f400513          	li	a0,500
800045ca:	c63e                	sw	a5,12(sp)
800045cc:	a35fd0ef          	jal	80002000 <spmv>
800045d0:	4505                	li	a0,1
800045d2:	fdbfd0ef          	jal	800025ac <setStats>
800045d6:	47b2                	lw	a5,12(sp)
800045d8:	00000717          	auipc	a4,0x0
800045dc:	0c870713          	add	a4,a4,200 # 800046a0 <ptr>
800045e0:	00002697          	auipc	a3,0x2
800045e4:	83868693          	add	a3,a3,-1992 # 80005e18 <x>
800045e8:	00002617          	auipc	a2,0x2
800045ec:	7d060613          	add	a2,a2,2000 # 80006db8 <idx>
800045f0:	00005597          	auipc	a1,0x5
800045f4:	d4858593          	add	a1,a1,-696 # 80009338 <val>
800045f8:	1f400513          	li	a0,500
800045fc:	a05fd0ef          	jal	80002000 <spmv>
80004600:	4501                	li	a0,0
80004602:	fabfd0ef          	jal	800025ac <setStats>
80004606:	4432                	lw	s0,12(sp)
80004608:	00001917          	auipc	s2,0x1
8000460c:	87090913          	add	s2,s2,-1936 # 80004e78 <verify_data>
80004610:	4981                	li	s3,0
80004612:	1f400b13          	li	s6,500
80004616:	4010                	lw	a2,0(s0)
80004618:	00492583          	lw	a1,4(s2)
8000461c:	4054                	lw	a3,4(s0)
8000461e:	00092503          	lw	a0,0(s2)
80004622:	00842a03          	lw	s4,8(s0)
80004626:	00c42a83          	lw	s5,12(s0)
8000462a:	38ad                	jal	80003ea4 <__eqdf2>
8000462c:	84aa                	mv	s1,a0
8000462e:	00c92583          	lw	a1,12(s2)
80004632:	00892503          	lw	a0,8(s2)
80004636:	8652                	mv	a2,s4
80004638:	86d6                	mv	a3,s5
8000463a:	0014b493          	seqz	s1,s1
8000463e:	309d                	jal	80003ea4 <__eqdf2>
80004640:	c90d                	beqz	a0,80004672 <main+0x106>
80004642:	00198513          	add	a0,s3,1
80004646:	9526                	add	a0,a0,s1
80004648:	7e010113          	add	sp,sp,2016
8000464c:	7ec12083          	lw	ra,2028(sp)
80004650:	7e812403          	lw	s0,2024(sp)
80004654:	7e412483          	lw	s1,2020(sp)
80004658:	7e012903          	lw	s2,2016(sp)
8000465c:	7dc12983          	lw	s3,2012(sp)
80004660:	7d812a03          	lw	s4,2008(sp)
80004664:	7d412a83          	lw	s5,2004(sp)
80004668:	7d012b03          	lw	s6,2000(sp)
8000466c:	7f010113          	add	sp,sp,2032
80004670:	8082                	ret
80004672:	d8e1                	beqz	s1,80004642 <main+0xd6>
80004674:	0989                	add	s3,s3,2
80004676:	0441                	add	s0,s0,16
80004678:	0941                	add	s2,s2,16
8000467a:	f9699ee3          	bne	s3,s6,80004616 <main+0xaa>
8000467e:	4501                	li	a0,0
80004680:	b7e1                	j	80004648 <main+0xdc>
80004682:	1141                	add	sp,sp,-16
80004684:	0000a517          	auipc	a0,0xa
80004688:	a2450513          	add	a0,a0,-1500 # 8000e0a8 <__clz_tab+0x120>
8000468c:	c606                	sw	ra,12(sp)
8000468e:	f9bfd0ef          	jal	80002628 <printstr>
80004692:	40b2                	lw	ra,12(sp)
80004694:	557d                	li	a0,-1
80004696:	0141                	add	sp,sp,16
80004698:	8082                	ret
