
towers.riscv:     file format elf32-littleriscv


Disassembly of section .text.init:

80000000 <_start>:
80000000:	4081                	li	ra,0
80000002:	4101                	li	sp,0
80000004:	4181                	li	gp,0
80000006:	4201                	li	tp,0
80000008:	4281                	li	t0,0
8000000a:	4301                	li	t1,0
8000000c:	4381                	li	t2,0
8000000e:	4401                	li	s0,0
80000010:	4481                	li	s1,0
80000012:	4501                	li	a0,0
80000014:	4581                	li	a1,0
80000016:	4601                	li	a2,0
80000018:	4681                	li	a3,0
8000001a:	4701                	li	a4,0
8000001c:	4781                	li	a5,0
8000001e:	4801                	li	a6,0
80000020:	4881                	li	a7,0
80000022:	4901                	li	s2,0
80000024:	4981                	li	s3,0
80000026:	4a01                	li	s4,0
80000028:	4a81                	li	s5,0
8000002a:	4b01                	li	s6,0
8000002c:	4b81                	li	s7,0
8000002e:	4c01                	li	s8,0
80000030:	4c81                	li	s9,0
80000032:	4d01                	li	s10,0
80000034:	4d81                	li	s11,0
80000036:	4e01                	li	t3,0
80000038:	4e81                	li	t4,0
8000003a:	4f01                	li	t5,0
8000003c:	4f81                	li	t6,0
8000003e:	62f9                	lui	t0,0x1e
80000040:	60028293          	add	t0,t0,1536 # 1e600 <buflen.1+0x1e5c0>
80000044:	3002a073          	csrs	mstatus,t0
80000048:	4285                	li	t0,1
8000004a:	02fe                	sll	t0,t0,0x1f
8000004c:	0002c863          	bltz	t0,8000005c <_start+0x5c>
80000050:	4505                	li	a0,1
80000052:	00001297          	auipc	t0,0x1
80000056:	faa2a723          	sw	a0,-82(t0) # 80001000 <tohost>
8000005a:	bfdd                	j	80000050 <_start+0x50>
8000005c:	00000297          	auipc	t0,0x0
80000060:	03828293          	add	t0,t0,56 # 80000094 <trap_entry>
80000064:	30529073          	csrw	mtvec,t0
80000068:	00004197          	auipc	gp,0x4
8000006c:	4b418193          	add	gp,gp,1204 # 8000451c <__global_pointer$>
80000070:	8a318213          	add	tp,gp,-1885 # 80003dbf <_end+0x3f>
80000074:	fc027213          	and	tp,tp,-64
80000078:	f1402573          	csrr	a0,mhartid
8000007c:	4585                	li	a1,1
8000007e:	00b57063          	bgeu	a0,a1,8000007e <_start+0x7e>
80000082:	00150113          	add	sp,a0,1
80000086:	0146                	sll	sp,sp,0x11
80000088:	9112                	add	sp,sp,tp
8000008a:	01151613          	sll	a2,a0,0x11
8000008e:	9232                	add	tp,tp,a2
80000090:	2dd0206f          	j	80002b6c <_init>

80000094 <trap_entry>:
80000094:	716d                	add	sp,sp,-272
80000096:	c206                	sw	ra,4(sp)
80000098:	c40a                	sw	sp,8(sp)
8000009a:	c60e                	sw	gp,12(sp)
8000009c:	c812                	sw	tp,16(sp)
8000009e:	ca16                	sw	t0,20(sp)
800000a0:	cc1a                	sw	t1,24(sp)
800000a2:	ce1e                	sw	t2,28(sp)
800000a4:	d022                	sw	s0,32(sp)
800000a6:	d226                	sw	s1,36(sp)
800000a8:	d42a                	sw	a0,40(sp)
800000aa:	d62e                	sw	a1,44(sp)
800000ac:	d832                	sw	a2,48(sp)
800000ae:	da36                	sw	a3,52(sp)
800000b0:	dc3a                	sw	a4,56(sp)
800000b2:	de3e                	sw	a5,60(sp)
800000b4:	c0c2                	sw	a6,64(sp)
800000b6:	c2c6                	sw	a7,68(sp)
800000b8:	c4ca                	sw	s2,72(sp)
800000ba:	c6ce                	sw	s3,76(sp)
800000bc:	c8d2                	sw	s4,80(sp)
800000be:	cad6                	sw	s5,84(sp)
800000c0:	ccda                	sw	s6,88(sp)
800000c2:	cede                	sw	s7,92(sp)
800000c4:	d0e2                	sw	s8,96(sp)
800000c6:	d2e6                	sw	s9,100(sp)
800000c8:	d4ea                	sw	s10,104(sp)
800000ca:	d6ee                	sw	s11,108(sp)
800000cc:	d8f2                	sw	t3,112(sp)
800000ce:	daf6                	sw	t4,116(sp)
800000d0:	dcfa                	sw	t5,120(sp)
800000d2:	defe                	sw	t6,124(sp)
800000d4:	34202573          	csrr	a0,mcause
800000d8:	341025f3          	csrr	a1,mepc
800000dc:	860a                	mv	a2,sp
800000de:	790020ef          	jal	8000286e <handle_trap>
800000e2:	34151073          	csrw	mepc,a0
800000e6:	6289                	lui	t0,0x2
800000e8:	80028293          	add	t0,t0,-2048 # 1800 <buflen.1+0x17c0>
800000ec:	3002a073          	csrs	mstatus,t0
800000f0:	4092                	lw	ra,4(sp)
800000f2:	4122                	lw	sp,8(sp)
800000f4:	41b2                	lw	gp,12(sp)
800000f6:	4242                	lw	tp,16(sp)
800000f8:	42d2                	lw	t0,20(sp)
800000fa:	4362                	lw	t1,24(sp)
800000fc:	43f2                	lw	t2,28(sp)
800000fe:	5402                	lw	s0,32(sp)
80000100:	5492                	lw	s1,36(sp)
80000102:	5522                	lw	a0,40(sp)
80000104:	55b2                	lw	a1,44(sp)
80000106:	5642                	lw	a2,48(sp)
80000108:	56d2                	lw	a3,52(sp)
8000010a:	5762                	lw	a4,56(sp)
8000010c:	57f2                	lw	a5,60(sp)
8000010e:	4806                	lw	a6,64(sp)
80000110:	4896                	lw	a7,68(sp)
80000112:	4926                	lw	s2,72(sp)
80000114:	49b6                	lw	s3,76(sp)
80000116:	4a46                	lw	s4,80(sp)
80000118:	4ad6                	lw	s5,84(sp)
8000011a:	4b66                	lw	s6,88(sp)
8000011c:	4bf6                	lw	s7,92(sp)
8000011e:	5c06                	lw	s8,96(sp)
80000120:	5c96                	lw	s9,100(sp)
80000122:	5d26                	lw	s10,104(sp)
80000124:	5db6                	lw	s11,108(sp)
80000126:	5e46                	lw	t3,112(sp)
80000128:	5ed6                	lw	t4,116(sp)
8000012a:	5f66                	lw	t5,120(sp)
8000012c:	5ff6                	lw	t6,124(sp)
8000012e:	6151                	add	sp,sp,272
80000130:	30200073          	mret
80000134:	0000                	unimp

Disassembly of section .text:

80002000 <list_getSize>:
80002000:	4108                	lw	a0,0(a0)
80002002:	8082                	ret

80002004 <list_init>:
80002004:	00052023          	sw	zero,0(a0)
80002008:	00052223          	sw	zero,4(a0)
8000200c:	8082                	ret

8000200e <list_push>:
8000200e:	00002697          	auipc	a3,0x2
80002012:	d0e68693          	add	a3,a3,-754 # 80003d1c <g_nodeFreeList>
80002016:	42dc                	lw	a5,4(a3)
80002018:	4118                	lw	a4,0(a0)
8000201a:	43d0                	lw	a2,4(a5)
8000201c:	0705                	add	a4,a4,1
8000201e:	c2d0                	sw	a2,4(a3)
80002020:	4154                	lw	a3,4(a0)
80002022:	c3d4                	sw	a3,4(a5)
80002024:	c15c                	sw	a5,4(a0)
80002026:	c38c                	sw	a1,0(a5)
80002028:	c118                	sw	a4,0(a0)
8000202a:	8082                	ret

8000202c <list_pop>:
8000202c:	4158                	lw	a4,4(a0)
8000202e:	87aa                	mv	a5,a0
80002030:	4114                	lw	a3,0(a0)
80002032:	434c                	lw	a1,4(a4)
80002034:	4308                	lw	a0,0(a4)
80002036:	00002617          	auipc	a2,0x2
8000203a:	ce660613          	add	a2,a2,-794 # 80003d1c <g_nodeFreeList>
8000203e:	c3cc                	sw	a1,4(a5)
80002040:	424c                	lw	a1,4(a2)
80002042:	16fd                	add	a3,a3,-1
80002044:	c34c                	sw	a1,4(a4)
80002046:	c258                	sw	a4,4(a2)
80002048:	c394                	sw	a3,0(a5)
8000204a:	8082                	ret

8000204c <list_clear>:
8000204c:	4118                	lw	a4,0(a0)
8000204e:	02e05063          	blez	a4,8000206e <list_clear+0x22>
80002052:	00002697          	auipc	a3,0x2
80002056:	cca68693          	add	a3,a3,-822 # 80003d1c <g_nodeFreeList>
8000205a:	415c                	lw	a5,4(a0)
8000205c:	177d                	add	a4,a4,-1
8000205e:	43d0                	lw	a2,4(a5)
80002060:	c150                	sw	a2,4(a0)
80002062:	42d0                	lw	a2,4(a3)
80002064:	c3d0                	sw	a2,4(a5)
80002066:	c2dc                	sw	a5,4(a3)
80002068:	fb6d                	bnez	a4,8000205a <list_clear+0xe>
8000206a:	00052023          	sw	zero,0(a0)
8000206e:	8082                	ret

80002070 <towers_init>:
80002070:	c10c                	sw	a1,0(a0)
80002072:	00052223          	sw	zero,4(a0)
80002076:	00052423          	sw	zero,8(a0)
8000207a:	00052623          	sw	zero,12(a0)
8000207e:	00052823          	sw	zero,16(a0)
80002082:	00052a23          	sw	zero,20(a0)
80002086:	00052c23          	sw	zero,24(a0)
8000208a:	00052e23          	sw	zero,28(a0)
8000208e:	02b05963          	blez	a1,800020c0 <towers_init+0x50>
80002092:	00002817          	auipc	a6,0x2
80002096:	c8a80813          	add	a6,a6,-886 # 80003d1c <g_nodeFreeList>
8000209a:	00482783          	lw	a5,4(a6)
8000209e:	872e                	mv	a4,a1
800020a0:	4681                	li	a3,0
800020a2:	a019                	j	800020a8 <towers_init+0x38>
800020a4:	86be                	mv	a3,a5
800020a6:	87b2                	mv	a5,a2
800020a8:	43d0                	lw	a2,4(a5)
800020aa:	c398                	sw	a4,0(a5)
800020ac:	c3d4                	sw	a3,4(a5)
800020ae:	177d                	add	a4,a4,-1
800020b0:	fb75                	bnez	a4,800020a4 <towers_init+0x34>
800020b2:	00c82223          	sw	a2,4(a6)
800020b6:	c3d4                	sw	a3,4(a5)
800020b8:	c55c                	sw	a5,12(a0)
800020ba:	4705                	li	a4,1
800020bc:	c398                	sw	a4,0(a5)
800020be:	c50c                	sw	a1,8(a0)
800020c0:	8082                	ret

800020c2 <towers_clear>:
800020c2:	4518                	lw	a4,8(a0)
800020c4:	02e05763          	blez	a4,800020f2 <towers_clear+0x30>
800020c8:	00002817          	auipc	a6,0x2
800020cc:	c5480813          	add	a6,a6,-940 # 80003d1c <g_nodeFreeList>
800020d0:	455c                	lw	a5,12(a0)
800020d2:	00482683          	lw	a3,4(a6)
800020d6:	a019                	j	800020dc <towers_clear+0x1a>
800020d8:	87b2                	mv	a5,a2
800020da:	86ae                	mv	a3,a1
800020dc:	43d0                	lw	a2,4(a5)
800020de:	177d                	add	a4,a4,-1
800020e0:	c3d4                	sw	a3,4(a5)
800020e2:	85be                	mv	a1,a5
800020e4:	fb75                	bnez	a4,800020d8 <towers_clear+0x16>
800020e6:	c550                	sw	a2,12(a0)
800020e8:	c3d4                	sw	a3,4(a5)
800020ea:	00f82223          	sw	a5,4(a6)
800020ee:	00052423          	sw	zero,8(a0)
800020f2:	4918                	lw	a4,16(a0)
800020f4:	02e05763          	blez	a4,80002122 <towers_clear+0x60>
800020f8:	00002817          	auipc	a6,0x2
800020fc:	c2480813          	add	a6,a6,-988 # 80003d1c <g_nodeFreeList>
80002100:	495c                	lw	a5,20(a0)
80002102:	00482683          	lw	a3,4(a6)
80002106:	a019                	j	8000210c <towers_clear+0x4a>
80002108:	87b2                	mv	a5,a2
8000210a:	86ae                	mv	a3,a1
8000210c:	43d0                	lw	a2,4(a5)
8000210e:	177d                	add	a4,a4,-1
80002110:	c3d4                	sw	a3,4(a5)
80002112:	85be                	mv	a1,a5
80002114:	fb75                	bnez	a4,80002108 <towers_clear+0x46>
80002116:	c950                	sw	a2,20(a0)
80002118:	c3d4                	sw	a3,4(a5)
8000211a:	00f82223          	sw	a5,4(a6)
8000211e:	00052823          	sw	zero,16(a0)
80002122:	4d18                	lw	a4,24(a0)
80002124:	02e05263          	blez	a4,80002148 <towers_clear+0x86>
80002128:	00002817          	auipc	a6,0x2
8000212c:	bf480813          	add	a6,a6,-1036 # 80003d1c <g_nodeFreeList>
80002130:	4d5c                	lw	a5,28(a0)
80002132:	00482683          	lw	a3,4(a6)
80002136:	a011                	j	8000213a <towers_clear+0x78>
80002138:	87b2                	mv	a5,a2
8000213a:	43d0                	lw	a2,4(a5)
8000213c:	177d                	add	a4,a4,-1
8000213e:	c3d4                	sw	a3,4(a5)
80002140:	86be                	mv	a3,a5
80002142:	fb7d                	bnez	a4,80002138 <towers_clear+0x76>
80002144:	00f82223          	sw	a5,4(a6)
80002148:	410c                	lw	a1,0(a0)
8000214a:	00052223          	sw	zero,4(a0)
8000214e:	00052423          	sw	zero,8(a0)
80002152:	00052623          	sw	zero,12(a0)
80002156:	00052823          	sw	zero,16(a0)
8000215a:	00052a23          	sw	zero,20(a0)
8000215e:	00052c23          	sw	zero,24(a0)
80002162:	00052e23          	sw	zero,28(a0)
80002166:	02b05963          	blez	a1,80002198 <towers_clear+0xd6>
8000216a:	00002817          	auipc	a6,0x2
8000216e:	bb280813          	add	a6,a6,-1102 # 80003d1c <g_nodeFreeList>
80002172:	00482783          	lw	a5,4(a6)
80002176:	872e                	mv	a4,a1
80002178:	4681                	li	a3,0
8000217a:	a019                	j	80002180 <towers_clear+0xbe>
8000217c:	86be                	mv	a3,a5
8000217e:	87b2                	mv	a5,a2
80002180:	43d0                	lw	a2,4(a5)
80002182:	c398                	sw	a4,0(a5)
80002184:	c3d4                	sw	a3,4(a5)
80002186:	177d                	add	a4,a4,-1
80002188:	fb75                	bnez	a4,8000217c <towers_clear+0xba>
8000218a:	00c82223          	sw	a2,4(a6)
8000218e:	c3d4                	sw	a3,4(a5)
80002190:	c55c                	sw	a5,12(a0)
80002192:	4705                	li	a4,1
80002194:	c398                	sw	a4,0(a5)
80002196:	c50c                	sw	a1,8(a0)
80002198:	8082                	ret

8000219a <towers_solve_h>:
8000219a:	715d                	add	sp,sp,-80
8000219c:	c0ca                	sw	s2,64(sp)
8000219e:	dc52                	sw	s4,56(sp)
800021a0:	c686                	sw	ra,76(sp)
800021a2:	d65e                	sw	s7,44(sp)
800021a4:	c22e                	sw	a1,4(sp)
800021a6:	4785                	li	a5,1
800021a8:	c432                	sw	a2,8(sp)
800021aa:	c63a                	sw	a4,12(sp)
800021ac:	892a                	mv	s2,a0
800021ae:	00002a17          	auipc	s4,0x2
800021b2:	b6ea0a13          	add	s4,s4,-1170 # 80003d1c <g_nodeFreeList>
800021b6:	22f58663          	beq	a1,a5,800023e2 <towers_solve_h+0x248>
800021ba:	de4e                	sw	s3,60(sp)
800021bc:	c4a2                	sw	s0,72(sp)
800021be:	c2a6                	sw	s1,68(sp)
800021c0:	da56                	sw	s5,52(sp)
800021c2:	d85a                	sw	s6,48(sp)
800021c4:	d462                	sw	s8,40(sp)
800021c6:	d266                	sw	s9,36(sp)
800021c8:	d06a                	sw	s10,32(sp)
800021ca:	ce6e                	sw	s11,28(sp)
800021cc:	8bb6                	mv	s7,a3
800021ce:	4985                	li	s3,1
800021d0:	4792                	lw	a5,4(sp)
800021d2:	17fd                	add	a5,a5,-1
800021d4:	c23e                	sw	a5,4(sp)
800021d6:	15378263          	beq	a5,s3,8000231a <towers_solve_h+0x180>
800021da:	4792                	lw	a5,4(sp)
800021dc:	4db2                	lw	s11,12(sp)
800021de:	4b22                	lw	s6,8(sp)
800021e0:	c03e                	sw	a5,0(sp)
800021e2:	4782                	lw	a5,0(sp)
800021e4:	17fd                	add	a5,a5,-1
800021e6:	c03e                	sw	a5,0(sp)
800021e8:	0b378b63          	beq	a5,s3,8000229e <towers_solve_h+0x104>
800021ec:	4a82                	lw	s5,0(sp)
800021ee:	84de                	mv	s1,s7
800021f0:	8d5a                	mv	s10,s6
800021f2:	1afd                	add	s5,s5,-1
800021f4:	033a8863          	beq	s5,s3,80002224 <towers_solve_h+0x8a>
800021f8:	8c6e                	mv	s8,s11
800021fa:	846a                	mv	s0,s10
800021fc:	8cd6                	mv	s9,s5
800021fe:	1cfd                	add	s9,s9,-1
80002200:	8762                	mv	a4,s8
80002202:	86a6                	mv	a3,s1
80002204:	8622                	mv	a2,s0
80002206:	85e6                	mv	a1,s9
80002208:	854a                	mv	a0,s2
8000220a:	3f41                	jal	8000219a <towers_solve_h>
8000220c:	8726                	mv	a4,s1
8000220e:	86e2                	mv	a3,s8
80002210:	8622                	mv	a2,s0
80002212:	4585                	li	a1,1
80002214:	854a                	mv	a0,s2
80002216:	3751                	jal	8000219a <towers_solve_h>
80002218:	8722                	mv	a4,s0
8000221a:	013c8663          	beq	s9,s3,80002226 <towers_solve_h+0x8c>
8000221e:	8462                	mv	s0,s8
80002220:	8c3a                	mv	s8,a4
80002222:	bff1                	j	800021fe <towers_solve_h+0x64>
80002224:	8c6a                	mv	s8,s10
80002226:	004c2703          	lw	a4,4(s8)
8000222a:	000c2603          	lw	a2,0(s8)
8000222e:	00492683          	lw	a3,4(s2)
80002232:	4348                	lw	a0,4(a4)
80002234:	430c                	lw	a1,0(a4)
80002236:	167d                	add	a2,a2,-1
80002238:	00ac2223          	sw	a0,4(s8)
8000223c:	004a2503          	lw	a0,4(s4)
80002240:	00cc2023          	sw	a2,0(s8)
80002244:	4090                	lw	a2,0(s1)
80002246:	00aa2223          	sw	a0,4(s4)
8000224a:	40dc                	lw	a5,4(s1)
8000224c:	0605                	add	a2,a2,1
8000224e:	0689                	add	a3,a3,2
80002250:	c35c                	sw	a5,4(a4)
80002252:	c0d8                	sw	a4,4(s1)
80002254:	004d2783          	lw	a5,4(s10)
80002258:	c30c                	sw	a1,0(a4)
8000225a:	c090                	sw	a2,0(s1)
8000225c:	43cc                	lw	a1,4(a5)
8000225e:	000d2703          	lw	a4,0(s10)
80002262:	4390                	lw	a2,0(a5)
80002264:	00bd2223          	sw	a1,4(s10)
80002268:	004a2583          	lw	a1,4(s4)
8000226c:	177d                	add	a4,a4,-1
8000226e:	00ed2023          	sw	a4,0(s10)
80002272:	00ba2223          	sw	a1,4(s4)
80002276:	004da583          	lw	a1,4(s11)
8000227a:	000da703          	lw	a4,0(s11)
8000227e:	c3cc                	sw	a1,4(a5)
80002280:	00fda223          	sw	a5,4(s11)
80002284:	c390                	sw	a2,0(a5)
80002286:	00170793          	add	a5,a4,1
8000228a:	00fda023          	sw	a5,0(s11)
8000228e:	00d92223          	sw	a3,4(s2)
80002292:	013a8963          	beq	s5,s3,800022a4 <towers_solve_h+0x10a>
80002296:	87ea                	mv	a5,s10
80002298:	8d26                	mv	s10,s1
8000229a:	84be                	mv	s1,a5
8000229c:	bf99                	j	800021f2 <towers_solve_h+0x58>
8000229e:	00492683          	lw	a3,4(s2)
800022a2:	84da                	mv	s1,s6
800022a4:	40d8                	lw	a4,4(s1)
800022a6:	409c                	lw	a5,0(s1)
800022a8:	0689                	add	a3,a3,2
800022aa:	4350                	lw	a2,4(a4)
800022ac:	430c                	lw	a1,0(a4)
800022ae:	17fd                	add	a5,a5,-1
800022b0:	c0d0                	sw	a2,4(s1)
800022b2:	004a2503          	lw	a0,4(s4)
800022b6:	c09c                	sw	a5,0(s1)
800022b8:	000da603          	lw	a2,0(s11)
800022bc:	00aa2223          	sw	a0,4(s4)
800022c0:	004da783          	lw	a5,4(s11)
800022c4:	0605                	add	a2,a2,1
800022c6:	c35c                	sw	a5,4(a4)
800022c8:	00eda223          	sw	a4,4(s11)
800022cc:	004b2783          	lw	a5,4(s6)
800022d0:	c30c                	sw	a1,0(a4)
800022d2:	00cda023          	sw	a2,0(s11)
800022d6:	43cc                	lw	a1,4(a5)
800022d8:	000b2703          	lw	a4,0(s6)
800022dc:	4390                	lw	a2,0(a5)
800022de:	00bb2223          	sw	a1,4(s6)
800022e2:	004a2583          	lw	a1,4(s4)
800022e6:	177d                	add	a4,a4,-1
800022e8:	00eb2023          	sw	a4,0(s6)
800022ec:	00ba2223          	sw	a1,4(s4)
800022f0:	004ba583          	lw	a1,4(s7)
800022f4:	000ba703          	lw	a4,0(s7)
800022f8:	c3cc                	sw	a1,4(a5)
800022fa:	00fba223          	sw	a5,4(s7)
800022fe:	c390                	sw	a2,0(a5)
80002300:	00170793          	add	a5,a4,1
80002304:	00fba023          	sw	a5,0(s7)
80002308:	4782                	lw	a5,0(sp)
8000230a:	00d92223          	sw	a3,4(s2)
8000230e:	01378963          	beq	a5,s3,80002320 <towers_solve_h+0x186>
80002312:	87da                	mv	a5,s6
80002314:	8b6e                	mv	s6,s11
80002316:	8dbe                	mv	s11,a5
80002318:	b5e9                	j	800021e2 <towers_solve_h+0x48>
8000231a:	00492683          	lw	a3,4(s2)
8000231e:	4da2                	lw	s11,8(sp)
80002320:	004da703          	lw	a4,4(s11)
80002324:	000da783          	lw	a5,0(s11)
80002328:	4432                	lw	s0,12(sp)
8000232a:	4350                	lw	a2,4(a4)
8000232c:	430c                	lw	a1,0(a4)
8000232e:	17fd                	add	a5,a5,-1
80002330:	00cda223          	sw	a2,4(s11)
80002334:	004a2503          	lw	a0,4(s4)
80002338:	00fda023          	sw	a5,0(s11)
8000233c:	000ba603          	lw	a2,0(s7)
80002340:	00aa2223          	sw	a0,4(s4)
80002344:	004ba783          	lw	a5,4(s7)
80002348:	4522                	lw	a0,8(sp)
8000234a:	0605                	add	a2,a2,1
8000234c:	c35c                	sw	a5,4(a4)
8000234e:	00eba223          	sw	a4,4(s7)
80002352:	415c                	lw	a5,4(a0)
80002354:	c30c                	sw	a1,0(a4)
80002356:	00cba023          	sw	a2,0(s7)
8000235a:	43cc                	lw	a1,4(a5)
8000235c:	4118                	lw	a4,0(a0)
8000235e:	4390                	lw	a2,0(a5)
80002360:	c14c                	sw	a1,4(a0)
80002362:	004a2583          	lw	a1,4(s4)
80002366:	177d                	add	a4,a4,-1
80002368:	c118                	sw	a4,0(a0)
8000236a:	00ba2223          	sw	a1,4(s4)
8000236e:	404c                	lw	a1,4(s0)
80002370:	4018                	lw	a4,0(s0)
80002372:	0689                	add	a3,a3,2
80002374:	c3cc                	sw	a1,4(a5)
80002376:	c05c                	sw	a5,4(s0)
80002378:	c390                	sw	a2,0(a5)
8000237a:	00170793          	add	a5,a4,1
8000237e:	c01c                	sw	a5,0(s0)
80002380:	4792                	lw	a5,4(sp)
80002382:	00d92223          	sw	a3,4(s2)
80002386:	01378563          	beq	a5,s3,80002390 <towers_solve_h+0x1f6>
8000238a:	c45e                	sw	s7,8(sp)
8000238c:	8baa                	mv	s7,a0
8000238e:	b589                	j	800021d0 <towers_solve_h+0x36>
80002390:	4426                	lw	s0,72(sp)
80002392:	4496                	lw	s1,68(sp)
80002394:	59f2                	lw	s3,60(sp)
80002396:	5ad2                	lw	s5,52(sp)
80002398:	5b42                	lw	s6,48(sp)
8000239a:	5c22                	lw	s8,40(sp)
8000239c:	5c92                	lw	s9,36(sp)
8000239e:	5d02                	lw	s10,32(sp)
800023a0:	4df2                	lw	s11,28(sp)
800023a2:	004ba783          	lw	a5,4(s7)
800023a6:	000ba703          	lw	a4,0(s7)
800023aa:	4532                	lw	a0,12(sp)
800023ac:	43cc                	lw	a1,4(a5)
800023ae:	4390                	lw	a2,0(a5)
800023b0:	177d                	add	a4,a4,-1
800023b2:	00bba223          	sw	a1,4(s7)
800023b6:	004a2583          	lw	a1,4(s4)
800023ba:	00eba023          	sw	a4,0(s7)
800023be:	4118                	lw	a4,0(a0)
800023c0:	00ba2223          	sw	a1,4(s4)
800023c4:	414c                	lw	a1,4(a0)
800023c6:	40b6                	lw	ra,76(sp)
800023c8:	0705                	add	a4,a4,1
800023ca:	c3cc                	sw	a1,4(a5)
800023cc:	c15c                	sw	a5,4(a0)
800023ce:	c390                	sw	a2,0(a5)
800023d0:	c118                	sw	a4,0(a0)
800023d2:	0685                	add	a3,a3,1
800023d4:	00d92223          	sw	a3,4(s2)
800023d8:	5a62                	lw	s4,56(sp)
800023da:	4906                	lw	s2,64(sp)
800023dc:	5bb2                	lw	s7,44(sp)
800023de:	6161                	add	sp,sp,80
800023e0:	8082                	ret
800023e2:	4154                	lw	a3,4(a0)
800023e4:	8bb2                	mv	s7,a2
800023e6:	bf75                	j	800023a2 <towers_solve_h+0x208>

800023e8 <towers_solve>:
800023e8:	410c                	lw	a1,0(a0)
800023ea:	01850713          	add	a4,a0,24
800023ee:	01050693          	add	a3,a0,16
800023f2:	00850613          	add	a2,a0,8
800023f6:	b355                	j	8000219a <towers_solve_h>

800023f8 <towers_verify>:
800023f8:	451c                	lw	a5,8(a0)
800023fa:	862a                	mv	a2,a0
800023fc:	e78d                	bnez	a5,80002426 <towers_verify+0x2e>
800023fe:	4908                	lw	a0,16(a0)
80002400:	ed15                	bnez	a0,8000243c <towers_verify+0x44>
80002402:	420c                	lw	a1,0(a2)
80002404:	4e1c                	lw	a5,24(a2)
80002406:	00b79e63          	bne	a5,a1,80002422 <towers_verify+0x2a>
8000240a:	4e5c                	lw	a5,28(a2)
8000240c:	cf99                	beqz	a5,8000242a <towers_verify+0x32>
8000240e:	4701                	li	a4,0
80002410:	a019                	j	80002416 <towers_verify+0x1e>
80002412:	43dc                	lw	a5,4(a5)
80002414:	cb99                	beqz	a5,8000242a <towers_verify+0x32>
80002416:	4394                	lw	a3,0(a5)
80002418:	0705                	add	a4,a4,1
8000241a:	fed70ce3          	beq	a4,a3,80002412 <towers_verify+0x1a>
8000241e:	4515                	li	a0,5
80002420:	8082                	ret
80002422:	4511                	li	a0,4
80002424:	8082                	ret
80002426:	4509                	li	a0,2
80002428:	8082                	ret
8000242a:	425c                	lw	a5,4(a2)
8000242c:	28b015b3          	bset	a1,zero,a1
80002430:	15fd                	add	a1,a1,-1
80002432:	00b79363          	bne	a5,a1,80002438 <towers_verify+0x40>
80002436:	8082                	ret
80002438:	4519                	li	a0,6
8000243a:	8082                	ret
8000243c:	450d                	li	a0,3
8000243e:	8082                	ret

80002440 <cputchar>:
80002440:	fffff697          	auipc	a3,0xfffff
80002444:	bc068693          	add	a3,a3,-1088 # 80001000 <tohost>
80002448:	0ff57713          	zext.b	a4,a0
8000244c:	010107b7          	lui	a5,0x1010
80002450:	c298                	sw	a4,0(a3)
80002452:	c2dc                	sw	a5,4(a3)
80002454:	0000100f          	fence.i
80002458:	8082                	ret

8000245a <vprintfmt>:
8000245a:	714d                	add	sp,sp,-336
8000245c:	14812423          	sw	s0,328(sp)
80002460:	15212023          	sw	s2,320(sp)
80002464:	13312e23          	sw	s3,316(sp)
80002468:	13512a23          	sw	s5,308(sp)
8000246c:	14112623          	sw	ra,332(sp)
80002470:	14912223          	sw	s1,324(sp)
80002474:	13412c23          	sw	s4,312(sp)
80002478:	13712623          	sw	s7,300(sp)
8000247c:	13812423          	sw	s8,296(sp)
80002480:	13a12023          	sw	s10,288(sp)
80002484:	11b12e23          	sw	s11,284(sp)
80002488:	89aa                	mv	s3,a0
8000248a:	892e                	mv	s2,a1
8000248c:	8432                	mv	s0,a2
8000248e:	c636                	sw	a3,12(sp)
80002490:	02500a93          	li	s5,37
80002494:	a029                	j	8000249e <vprintfmt+0x44>
80002496:	c531                	beqz	a0,800024e2 <vprintfmt+0x88>
80002498:	85ca                	mv	a1,s2
8000249a:	0405                	add	s0,s0,1
8000249c:	9982                	jalr	s3
8000249e:	00044503          	lbu	a0,0(s0)
800024a2:	ff551ae3          	bne	a0,s5,80002496 <vprintfmt+0x3c>
800024a6:	00144683          	lbu	a3,1(s0)
800024aa:	00140a13          	add	s4,s0,1
800024ae:	02000793          	li	a5,32
800024b2:	8752                	mv	a4,s4
800024b4:	c43e                	sw	a5,8(sp)
800024b6:	54fd                	li	s1,-1
800024b8:	5c7d                	li	s8,-1
800024ba:	4601                	li	a2,0
800024bc:	fdd68793          	add	a5,a3,-35
800024c0:	0ff7f793          	zext.b	a5,a5
800024c4:	05500593          	li	a1,85
800024c8:	00170413          	add	s0,a4,1
800024cc:	06f5e163          	bltu	a1,a5,8000252e <vprintfmt+0xd4>
800024d0:	00001597          	auipc	a1,0x1
800024d4:	5a458593          	add	a1,a1,1444 # 80003a74 <main+0x10c>
800024d8:	20b7c7b3          	sh2add	a5,a5,a1
800024dc:	439c                	lw	a5,0(a5)
800024de:	97ae                	add	a5,a5,a1
800024e0:	8782                	jr	a5
800024e2:	14c12083          	lw	ra,332(sp)
800024e6:	14812403          	lw	s0,328(sp)
800024ea:	14412483          	lw	s1,324(sp)
800024ee:	14012903          	lw	s2,320(sp)
800024f2:	13c12983          	lw	s3,316(sp)
800024f6:	13812a03          	lw	s4,312(sp)
800024fa:	13412a83          	lw	s5,308(sp)
800024fe:	12c12b83          	lw	s7,300(sp)
80002502:	12812c03          	lw	s8,296(sp)
80002506:	12012d03          	lw	s10,288(sp)
8000250a:	11c12d83          	lw	s11,284(sp)
8000250e:	6171                	add	sp,sp,336
80002510:	8082                	ret
80002512:	c436                	sw	a3,8(sp)
80002514:	00174683          	lbu	a3,1(a4)
80002518:	05500593          	li	a1,85
8000251c:	8722                	mv	a4,s0
8000251e:	fdd68793          	add	a5,a3,-35
80002522:	0ff7f793          	zext.b	a5,a5
80002526:	00170413          	add	s0,a4,1
8000252a:	faf5f3e3          	bgeu	a1,a5,800024d0 <vprintfmt+0x76>
8000252e:	85ca                	mv	a1,s2
80002530:	02500513          	li	a0,37
80002534:	9982                	jalr	s3
80002536:	8452                	mv	s0,s4
80002538:	b79d                	j	8000249e <vprintfmt+0x44>
8000253a:	00174783          	lbu	a5,1(a4)
8000253e:	4725                	li	a4,9
80002540:	fd068493          	add	s1,a3,-48
80002544:	fd078593          	add	a1,a5,-48 # 100ffd0 <buflen.1+0x100ff90>
80002548:	86be                	mv	a3,a5
8000254a:	2ab76863          	bltu	a4,a1,800027fa <vprintfmt+0x3a0>
8000254e:	8722                	mv	a4,s0
80002550:	4525                	li	a0,9
80002552:	0705                	add	a4,a4,1
80002554:	2094c4b3          	sh2add	s1,s1,s1
80002558:	20f4a4b3          	sh1add	s1,s1,a5
8000255c:	00074783          	lbu	a5,0(a4)
80002560:	fd048493          	add	s1,s1,-48
80002564:	fd078593          	add	a1,a5,-48
80002568:	86be                	mv	a3,a5
8000256a:	feb574e3          	bgeu	a0,a1,80002552 <vprintfmt+0xf8>
8000256e:	f40c57e3          	bgez	s8,800024bc <vprintfmt+0x62>
80002572:	8c26                	mv	s8,s1
80002574:	54fd                	li	s1,-1
80002576:	b799                	j	800024bc <vprintfmt+0x62>
80002578:	00174683          	lbu	a3,1(a4)
8000257c:	8722                	mv	a4,s0
8000257e:	bf3d                	j	800024bc <vprintfmt+0x62>
80002580:	85ca                	mv	a1,s2
80002582:	02500513          	li	a0,37
80002586:	9982                	jalr	s3
80002588:	bf19                	j	8000249e <vprintfmt+0x44>
8000258a:	47b2                	lw	a5,12(sp)
8000258c:	00174683          	lbu	a3,1(a4)
80002590:	8722                	mv	a4,s0
80002592:	4384                	lw	s1,0(a5)
80002594:	0791                	add	a5,a5,4
80002596:	c63e                	sw	a5,12(sp)
80002598:	bfd9                	j	8000256e <vprintfmt+0x114>
8000259a:	85ca                	mv	a1,s2
8000259c:	03000513          	li	a0,48
800025a0:	13612823          	sw	s6,304(sp)
800025a4:	9982                	jalr	s3
800025a6:	85ca                	mv	a1,s2
800025a8:	07800513          	li	a0,120
800025ac:	9982                	jalr	s3
800025ae:	47b2                	lw	a5,12(sp)
800025b0:	4bc1                	li	s7,16
800025b2:	4d81                	li	s11,0
800025b4:	00478713          	add	a4,a5,4
800025b8:	47b2                	lw	a5,12(sp)
800025ba:	4d01                	li	s10,0
800025bc:	4384                	lw	s1,0(a5)
800025be:	c63a                	sw	a4,12(sp)
800025c0:	865e                	mv	a2,s7
800025c2:	4681                	li	a3,0
800025c4:	8526                	mv	a0,s1
800025c6:	85ea                	mv	a1,s10
800025c8:	7bd000ef          	jal	80003584 <__umoddi3>
800025cc:	c82a                	sw	a0,16(sp)
800025ce:	1dad8c63          	beq	s11,s10,800027a6 <vprintfmt+0x34c>
800025d2:	13912223          	sw	s9,292(sp)
800025d6:	4b05                	li	s6,1
800025d8:	01410c93          	add	s9,sp,20
800025dc:	865e                	mv	a2,s7
800025de:	4681                	li	a3,0
800025e0:	8526                	mv	a0,s1
800025e2:	85ea                	mv	a1,s10
800025e4:	371000ef          	jal	80003154 <__udivdi3>
800025e8:	865e                	mv	a2,s7
800025ea:	4681                	li	a3,0
800025ec:	84aa                	mv	s1,a0
800025ee:	8d2e                	mv	s10,a1
800025f0:	795000ef          	jal	80003584 <__umoddi3>
800025f4:	00aca023          	sw	a0,0(s9)
800025f8:	8a5a                	mv	s4,s6
800025fa:	0c91                	add	s9,s9,4
800025fc:	0b05                	add	s6,s6,1
800025fe:	fdad9fe3          	bne	s11,s10,800025dc <vprintfmt+0x182>
80002602:	fd74fde3          	bgeu	s1,s7,800025dc <vprintfmt+0x182>
80002606:	12412c83          	lw	s9,292(sp)
8000260a:	fffc0b93          	add	s7,s8,-1
8000260e:	fffb0493          	add	s1,s6,-1
80002612:	018b5863          	bge	s6,s8,80002622 <vprintfmt+0x1c8>
80002616:	4522                	lw	a0,8(sp)
80002618:	85ca                	mv	a1,s2
8000261a:	1bfd                	add	s7,s7,-1
8000261c:	9982                	jalr	s3
8000261e:	fe9b9ce3          	bne	s7,s1,80002616 <vprintfmt+0x1bc>
80002622:	0804                	add	s1,sp,16
80002624:	4b25                	li	s6,9
80002626:	209a4a33          	sh2add	s4,s4,s1
8000262a:	a011                	j	8000262e <vprintfmt+0x1d4>
8000262c:	8a3e                	mv	s4,a5
8000262e:	000a2783          	lw	a5,0(s4)
80002632:	03000513          	li	a0,48
80002636:	00fb7463          	bgeu	s6,a5,8000263e <vprintfmt+0x1e4>
8000263a:	05700513          	li	a0,87
8000263e:	953e                	add	a0,a0,a5
80002640:	85ca                	mv	a1,s2
80002642:	9982                	jalr	s3
80002644:	ffca0793          	add	a5,s4,-4
80002648:	ff4492e3          	bne	s1,s4,8000262c <vprintfmt+0x1d2>
8000264c:	13012b03          	lw	s6,304(sp)
80002650:	b5b9                	j	8000249e <vprintfmt+0x44>
80002652:	13612823          	sw	s6,304(sp)
80002656:	4785                	li	a5,1
80002658:	14c7cc63          	blt	a5,a2,800027b0 <vprintfmt+0x356>
8000265c:	47b2                	lw	a5,12(sp)
8000265e:	4384                	lw	s1,0(a5)
80002660:	0791                	add	a5,a5,4
80002662:	c63e                	sw	a5,12(sp)
80002664:	41f4dd13          	sra	s10,s1,0x1f
80002668:	000d5e63          	bgez	s10,80002684 <vprintfmt+0x22a>
8000266c:	85ca                	mv	a1,s2
8000266e:	02d00513          	li	a0,45
80002672:	9982                	jalr	s3
80002674:	00903733          	snez	a4,s1
80002678:	41a007b3          	neg	a5,s10
8000267c:	409004b3          	neg	s1,s1
80002680:	40e78d33          	sub	s10,a5,a4
80002684:	4ba9                	li	s7,10
80002686:	4d81                	li	s11,0
80002688:	bf25                	j	800025c0 <vprintfmt+0x166>
8000268a:	00174683          	lbu	a3,1(a4)
8000268e:	0605                	add	a2,a2,1
80002690:	8722                	mv	a4,s0
80002692:	b52d                	j	800024bc <vprintfmt+0x62>
80002694:	13612823          	sw	s6,304(sp)
80002698:	4bc1                	li	s7,16
8000269a:	4d81                	li	s11,0
8000269c:	4785                	li	a5,1
8000269e:	0ec7c363          	blt	a5,a2,80002784 <vprintfmt+0x32a>
800026a2:	47b2                	lw	a5,12(sp)
800026a4:	00478713          	add	a4,a5,4
800026a8:	bf01                	j	800025b8 <vprintfmt+0x15e>
800026aa:	47b2                	lw	a5,12(sp)
800026ac:	13912223          	sw	s9,292(sp)
800026b0:	0007aa03          	lw	s4,0(a5)
800026b4:	00478c93          	add	s9,a5,4
800026b8:	040a0a63          	beqz	s4,8000270c <vprintfmt+0x2b2>
800026bc:	09805c63          	blez	s8,80002754 <vprintfmt+0x2fa>
800026c0:	4722                	lw	a4,8(sp)
800026c2:	02d00793          	li	a5,45
800026c6:	06f71063          	bne	a4,a5,80002726 <vprintfmt+0x2cc>
800026ca:	000a4503          	lbu	a0,0(s4)
800026ce:	c505                	beqz	a0,800026f6 <vprintfmt+0x29c>
800026d0:	13612823          	sw	s6,304(sp)
800026d4:	5b7d                	li	s6,-1
800026d6:	0004c563          	bltz	s1,800026e0 <vprintfmt+0x286>
800026da:	14fd                	add	s1,s1,-1
800026dc:	01648963          	beq	s1,s6,800026ee <vprintfmt+0x294>
800026e0:	85ca                	mv	a1,s2
800026e2:	9982                	jalr	s3
800026e4:	001a4503          	lbu	a0,1(s4)
800026e8:	1c7d                	add	s8,s8,-1
800026ea:	0a05                	add	s4,s4,1
800026ec:	f56d                	bnez	a0,800026d6 <vprintfmt+0x27c>
800026ee:	13012b03          	lw	s6,304(sp)
800026f2:	01805963          	blez	s8,80002704 <vprintfmt+0x2aa>
800026f6:	85ca                	mv	a1,s2
800026f8:	02000513          	li	a0,32
800026fc:	1c7d                	add	s8,s8,-1
800026fe:	9982                	jalr	s3
80002700:	fe0c1be3          	bnez	s8,800026f6 <vprintfmt+0x29c>
80002704:	c666                	sw	s9,12(sp)
80002706:	12412c83          	lw	s9,292(sp)
8000270a:	bb51                	j	8000249e <vprintfmt+0x44>
8000270c:	0d805d63          	blez	s8,800027e6 <vprintfmt+0x38c>
80002710:	4722                	lw	a4,8(sp)
80002712:	02d00793          	li	a5,45
80002716:	00001a17          	auipc	s4,0x1
8000271a:	2dea0a13          	add	s4,s4,734 # 800039f4 <main+0x8c>
8000271e:	02800513          	li	a0,40
80002722:	faf707e3          	beq	a4,a5,800026d0 <vprintfmt+0x276>
80002726:	87d2                	mv	a5,s4
80002728:	009a06b3          	add	a3,s4,s1
8000272c:	e489                	bnez	s1,80002736 <vprintfmt+0x2dc>
8000272e:	a829                	j	80002748 <vprintfmt+0x2ee>
80002730:	0785                	add	a5,a5,1
80002732:	00d78563          	beq	a5,a3,8000273c <vprintfmt+0x2e2>
80002736:	0007c703          	lbu	a4,0(a5)
8000273a:	fb7d                	bnez	a4,80002730 <vprintfmt+0x2d6>
8000273c:	414787b3          	sub	a5,a5,s4
80002740:	40fc0c33          	sub	s8,s8,a5
80002744:	01805863          	blez	s8,80002754 <vprintfmt+0x2fa>
80002748:	4522                	lw	a0,8(sp)
8000274a:	85ca                	mv	a1,s2
8000274c:	1c7d                	add	s8,s8,-1
8000274e:	9982                	jalr	s3
80002750:	fe0c1ce3          	bnez	s8,80002748 <vprintfmt+0x2ee>
80002754:	000a4503          	lbu	a0,0(s4)
80002758:	d555                	beqz	a0,80002704 <vprintfmt+0x2aa>
8000275a:	13612823          	sw	s6,304(sp)
8000275e:	bf9d                	j	800026d4 <vprintfmt+0x27a>
80002760:	00174683          	lbu	a3,1(a4)
80002764:	0a0c6c33          	max	s8,s8,zero
80002768:	8722                	mv	a4,s0
8000276a:	bb89                	j	800024bc <vprintfmt+0x62>
8000276c:	47b2                	lw	a5,12(sp)
8000276e:	13912223          	sw	s9,292(sp)
80002772:	85ca                	mv	a1,s2
80002774:	4388                	lw	a0,0(a5)
80002776:	00478c93          	add	s9,a5,4
8000277a:	9982                	jalr	s3
8000277c:	c666                	sw	s9,12(sp)
8000277e:	12412c83          	lw	s9,292(sp)
80002782:	bb31                	j	8000249e <vprintfmt+0x44>
80002784:	47b2                	lw	a5,12(sp)
80002786:	13912223          	sw	s9,292(sp)
8000278a:	00778c93          	add	s9,a5,7
8000278e:	ff8cfc93          	and	s9,s9,-8
80002792:	008c8793          	add	a5,s9,8
80002796:	000ca483          	lw	s1,0(s9)
8000279a:	004cad03          	lw	s10,4(s9)
8000279e:	c63e                	sw	a5,12(sp)
800027a0:	12412c83          	lw	s9,292(sp)
800027a4:	bd31                	j	800025c0 <vprintfmt+0x166>
800027a6:	e374f6e3          	bgeu	s1,s7,800025d2 <vprintfmt+0x178>
800027aa:	4a01                	li	s4,0
800027ac:	4b05                	li	s6,1
800027ae:	bdb1                	j	8000260a <vprintfmt+0x1b0>
800027b0:	47b2                	lw	a5,12(sp)
800027b2:	13912223          	sw	s9,292(sp)
800027b6:	00778c93          	add	s9,a5,7
800027ba:	ff8cfc93          	and	s9,s9,-8
800027be:	008c8793          	add	a5,s9,8
800027c2:	000ca483          	lw	s1,0(s9)
800027c6:	004cad03          	lw	s10,4(s9)
800027ca:	c63e                	sw	a5,12(sp)
800027cc:	12412c83          	lw	s9,292(sp)
800027d0:	bd61                	j	80002668 <vprintfmt+0x20e>
800027d2:	13612823          	sw	s6,304(sp)
800027d6:	4ba9                	li	s7,10
800027d8:	4d81                	li	s11,0
800027da:	b5c9                	j	8000269c <vprintfmt+0x242>
800027dc:	13612823          	sw	s6,304(sp)
800027e0:	4ba1                	li	s7,8
800027e2:	4d81                	li	s11,0
800027e4:	bd65                	j	8000269c <vprintfmt+0x242>
800027e6:	13612823          	sw	s6,304(sp)
800027ea:	00001a17          	auipc	s4,0x1
800027ee:	20aa0a13          	add	s4,s4,522 # 800039f4 <main+0x8c>
800027f2:	02800513          	li	a0,40
800027f6:	5b7d                	li	s6,-1
800027f8:	bdf9                	j	800026d6 <vprintfmt+0x27c>
800027fa:	8722                	mv	a4,s0
800027fc:	bb8d                	j	8000256e <vprintfmt+0x114>

800027fe <sprintf_putch.0>:
800027fe:	419c                	lw	a5,0(a1)
80002800:	00a78023          	sb	a0,0(a5)
80002804:	419c                	lw	a5,0(a1)
80002806:	0785                	add	a5,a5,1
80002808:	c19c                	sw	a5,0(a1)
8000280a:	8082                	ret

8000280c <setStats>:
8000280c:	b0002773          	csrr	a4,mcycle
80002810:	00001797          	auipc	a5,0x1
80002814:	51c78793          	add	a5,a5,1308 # 80003d2c <counters>
80002818:	c511                	beqz	a0,80002824 <setStats+0x18>
8000281a:	c398                	sw	a4,0(a5)
8000281c:	b0202773          	csrr	a4,minstret
80002820:	c3d8                	sw	a4,4(a5)
80002822:	8082                	ret
80002824:	4390                	lw	a2,0(a5)
80002826:	00001697          	auipc	a3,0x1
8000282a:	4fe68693          	add	a3,a3,1278 # 80003d24 <counter_names>
8000282e:	8f11                	sub	a4,a4,a2
80002830:	00001617          	auipc	a2,0x1
80002834:	1d060613          	add	a2,a2,464 # 80003a00 <main+0x98>
80002838:	c290                	sw	a2,0(a3)
8000283a:	c398                	sw	a4,0(a5)
8000283c:	b0202773          	csrr	a4,minstret
80002840:	43d0                	lw	a2,4(a5)
80002842:	00001597          	auipc	a1,0x1
80002846:	1c658593          	add	a1,a1,454 # 80003a08 <main+0xa0>
8000284a:	c2cc                	sw	a1,4(a3)
8000284c:	8f11                	sub	a4,a4,a2
8000284e:	c3d8                	sw	a4,4(a5)
80002850:	8082                	ret

80002852 <tohost_exit>:
80002852:	00151693          	sll	a3,a0,0x1
80002856:	0016e713          	or	a4,a3,1
8000285a:	ffffe697          	auipc	a3,0xffffe
8000285e:	7a668693          	add	a3,a3,1958 # 80001000 <tohost>
80002862:	4781                	li	a5,0
80002864:	c298                	sw	a4,0(a3)
80002866:	c2dc                	sw	a5,4(a3)
80002868:	0000100f          	fence.i
8000286c:	a001                	j	8000286c <tohost_exit+0x1a>

8000286e <handle_trap>:
8000286e:	1141                	add	sp,sp,-16
80002870:	53900513          	li	a0,1337
80002874:	c606                	sw	ra,12(sp)
80002876:	3ff1                	jal	80002852 <tohost_exit>

80002878 <exit>:
80002878:	1141                	add	sp,sp,-16
8000287a:	c606                	sw	ra,12(sp)
8000287c:	3fd9                	jal	80002852 <tohost_exit>

8000287e <abort>:
8000287e:	1141                	add	sp,sp,-16
80002880:	08600513          	li	a0,134
80002884:	c606                	sw	ra,12(sp)
80002886:	37f1                	jal	80002852 <tohost_exit>

80002888 <printstr>:
80002888:	00054783          	lbu	a5,0(a0)
8000288c:	7119                	add	sp,sp,-128
8000288e:	03f10613          	add	a2,sp,63
80002892:	882a                	mv	a6,a0
80002894:	fc067613          	and	a2,a2,-64
80002898:	4881                	li	a7,0
8000289a:	cba5                	beqz	a5,8000290a <printstr+0x82>
8000289c:	87aa                	mv	a5,a0
8000289e:	0017c703          	lbu	a4,1(a5)
800028a2:	0785                	add	a5,a5,1
800028a4:	ff6d                	bnez	a4,8000289e <printstr+0x16>
800028a6:	40a78333          	sub	t1,a5,a0
800028aa:	4381                	li	t2,0
800028ac:	04000713          	li	a4,64
800028b0:	c218                	sw	a4,0(a2)
800028b2:	4781                	li	a5,0
800028b4:	c25c                	sw	a5,4(a2)
800028b6:	4705                	li	a4,1
800028b8:	c618                	sw	a4,8(a2)
800028ba:	4781                	li	a5,0
800028bc:	c65c                	sw	a5,12(a2)
800028be:	01062823          	sw	a6,16(a2)
800028c2:	01162a23          	sw	a7,20(a2)
800028c6:	00662c23          	sw	t1,24(a2)
800028ca:	00762e23          	sw	t2,28(a2)
800028ce:	0ff0000f          	fence
800028d2:	ffffe697          	auipc	a3,0xffffe
800028d6:	72e68693          	add	a3,a3,1838 # 80001000 <tohost>
800028da:	4781                	li	a5,0
800028dc:	c290                	sw	a2,0(a3)
800028de:	c2dc                	sw	a5,4(a3)
800028e0:	0000100f          	fence.i
800028e4:	ffffe697          	auipc	a3,0xffffe
800028e8:	75c68693          	add	a3,a3,1884 # 80001040 <fromhost>
800028ec:	4298                	lw	a4,0(a3)
800028ee:	42dc                	lw	a5,4(a3)
800028f0:	8f5d                	or	a4,a4,a5
800028f2:	df6d                	beqz	a4,800028ec <printstr+0x64>
800028f4:	4781                	li	a5,0
800028f6:	c29c                	sw	a5,0(a3)
800028f8:	4801                	li	a6,0
800028fa:	0106a223          	sw	a6,4(a3)
800028fe:	0ff0000f          	fence
80002902:	4218                	lw	a4,0(a2)
80002904:	425c                	lw	a5,4(a2)
80002906:	6109                	add	sp,sp,128
80002908:	8082                	ret
8000290a:	4301                	li	t1,0
8000290c:	4381                	li	t2,0
8000290e:	bf79                	j	800028ac <printstr+0x24>

80002910 <thread_entry>:
80002910:	c111                	beqz	a0,80002914 <thread_entry+0x4>
80002912:	a001                	j	80002912 <thread_entry+0x2>
80002914:	8082                	ret

80002916 <putchar>:
80002916:	04022803          	lw	a6,64(tp) # 40 <buflen.1>
8000291a:	00020793          	mv	a5,tp
8000291e:	97c2                	add	a5,a5,a6
80002920:	7119                	add	sp,sp,-128
80002922:	00180713          	add	a4,a6,1
80002926:	04e22023          	sw	a4,64(tp) # 40 <buflen.1>
8000292a:	00a78023          	sb	a0,0(a5)
8000292e:	03f10693          	add	a3,sp,63
80002932:	47a9                	li	a5,10
80002934:	fc06f693          	and	a3,a3,-64
80002938:	00f50963          	beq	a0,a5,8000294a <putchar+0x34>
8000293c:	04000793          	li	a5,64
80002940:	00f70563          	beq	a4,a5,8000294a <putchar+0x34>
80002944:	4501                	li	a0,0
80002946:	6109                	add	sp,sp,128
80002948:	8082                	ret
8000294a:	04000813          	li	a6,64
8000294e:	0106a023          	sw	a6,0(a3)
80002952:	4881                	li	a7,0
80002954:	0116a223          	sw	a7,4(a3)
80002958:	4e05                	li	t3,1
8000295a:	01c6a423          	sw	t3,8(a3)
8000295e:	4e81                	li	t4,0
80002960:	01d6a623          	sw	t4,12(a3)
80002964:	00020313          	mv	t1,tp
80002968:	0066a823          	sw	t1,16(a3)
8000296c:	4381                	li	t2,0
8000296e:	0076aa23          	sw	t2,20(a3)
80002972:	ce98                	sw	a4,24(a3)
80002974:	41f75893          	sra	a7,a4,0x1f
80002978:	0116ae23          	sw	a7,28(a3)
8000297c:	0ff0000f          	fence
80002980:	ffffe617          	auipc	a2,0xffffe
80002984:	68060613          	add	a2,a2,1664 # 80001000 <tohost>
80002988:	4781                	li	a5,0
8000298a:	c214                	sw	a3,0(a2)
8000298c:	c25c                	sw	a5,4(a2)
8000298e:	0000100f          	fence.i
80002992:	ffffe617          	auipc	a2,0xffffe
80002996:	6ae60613          	add	a2,a2,1710 # 80001040 <fromhost>
8000299a:	4218                	lw	a4,0(a2)
8000299c:	425c                	lw	a5,4(a2)
8000299e:	8f5d                	or	a4,a4,a5
800029a0:	df6d                	beqz	a4,8000299a <putchar+0x84>
800029a2:	4781                	li	a5,0
800029a4:	c21c                	sw	a5,0(a2)
800029a6:	4801                	li	a6,0
800029a8:	01062223          	sw	a6,4(a2)
800029ac:	0ff0000f          	fence
800029b0:	04022023          	sw	zero,64(tp) # 40 <buflen.1>
800029b4:	4298                	lw	a4,0(a3)
800029b6:	4501                	li	a0,0
800029b8:	42dc                	lw	a5,4(a3)
800029ba:	6109                	add	sp,sp,128
800029bc:	8082                	ret

800029be <printhex>:
800029be:	7179                	add	sp,sp,-48
800029c0:	872a                	mv	a4,a0
800029c2:	d606                	sw	ra,44(sp)
800029c4:	0068                	add	a0,sp,12
800029c6:	01b10693          	add	a3,sp,27
800029ca:	4825                	li	a6,9
800029cc:	a011                	j	800029d0 <printhex+0x12>
800029ce:	86be                	mv	a3,a5
800029d0:	00f77793          	and	a5,a4,15
800029d4:	00f837b3          	sltu	a5,a6,a5
800029d8:	40f007b3          	neg	a5,a5
800029dc:	0277f793          	and	a5,a5,39
800029e0:	00f77613          	and	a2,a4,15
800029e4:	03078793          	add	a5,a5,48
800029e8:	97b2                	add	a5,a5,a2
800029ea:	00f68023          	sb	a5,0(a3)
800029ee:	01c59613          	sll	a2,a1,0x1c
800029f2:	8311                	srl	a4,a4,0x4
800029f4:	fff68793          	add	a5,a3,-1
800029f8:	8f51                	or	a4,a4,a2
800029fa:	8191                	srl	a1,a1,0x4
800029fc:	fcd519e3          	bne	a0,a3,800029ce <printhex+0x10>
80002a00:	00010e23          	sb	zero,28(sp)
80002a04:	3551                	jal	80002888 <printstr>
80002a06:	50b2                	lw	ra,44(sp)
80002a08:	6145                	add	sp,sp,48
80002a0a:	8082                	ret

80002a0c <printf>:
80002a0c:	7139                	add	sp,sp,-64
80002a0e:	02410313          	add	t1,sp,36
80002a12:	d22e                	sw	a1,36(sp)
80002a14:	d432                	sw	a2,40(sp)
80002a16:	d636                	sw	a3,44(sp)
80002a18:	862a                	mv	a2,a0
80002a1a:	869a                	mv	a3,t1
80002a1c:	00000517          	auipc	a0,0x0
80002a20:	a2450513          	add	a0,a0,-1500 # 80002440 <cputchar>
80002a24:	4581                	li	a1,0
80002a26:	ce06                	sw	ra,28(sp)
80002a28:	d83a                	sw	a4,48(sp)
80002a2a:	da3e                	sw	a5,52(sp)
80002a2c:	dc42                	sw	a6,56(sp)
80002a2e:	de46                	sw	a7,60(sp)
80002a30:	c61a                	sw	t1,12(sp)
80002a32:	3425                	jal	8000245a <vprintfmt>
80002a34:	40f2                	lw	ra,28(sp)
80002a36:	4501                	li	a0,0
80002a38:	6121                	add	sp,sp,64
80002a3a:	8082                	ret

80002a3c <sprintf>:
80002a3c:	715d                	add	sp,sp,-80
80002a3e:	03810e13          	add	t3,sp,56
80002a42:	d422                	sw	s0,40(sp)
80002a44:	c62a                	sw	a0,12(sp)
80002a46:	842a                	mv	s0,a0
80002a48:	dc32                	sw	a2,56(sp)
80002a4a:	de36                	sw	a3,60(sp)
80002a4c:	862e                	mv	a2,a1
80002a4e:	00000517          	auipc	a0,0x0
80002a52:	db050513          	add	a0,a0,-592 # 800027fe <sprintf_putch.0>
80002a56:	006c                	add	a1,sp,12
80002a58:	86f2                	mv	a3,t3
80002a5a:	d606                	sw	ra,44(sp)
80002a5c:	c2be                	sw	a5,68(sp)
80002a5e:	c0ba                	sw	a4,64(sp)
80002a60:	c4c2                	sw	a6,72(sp)
80002a62:	c6c6                	sw	a7,76(sp)
80002a64:	ce72                	sw	t3,28(sp)
80002a66:	3ad5                	jal	8000245a <vprintfmt>
80002a68:	47b2                	lw	a5,12(sp)
80002a6a:	00078023          	sb	zero,0(a5)
80002a6e:	4532                	lw	a0,12(sp)
80002a70:	50b2                	lw	ra,44(sp)
80002a72:	8d01                	sub	a0,a0,s0
80002a74:	5422                	lw	s0,40(sp)
80002a76:	6161                	add	sp,sp,80
80002a78:	8082                	ret

80002a7a <memcpy>:
80002a7a:	00c5e7b3          	or	a5,a1,a2
80002a7e:	8fc9                	or	a5,a5,a0
80002a80:	8b8d                	and	a5,a5,3
80002a82:	00c50833          	add	a6,a0,a2
80002a86:	cf91                	beqz	a5,80002aa2 <memcpy+0x28>
80002a88:	962e                	add	a2,a2,a1
80002a8a:	87aa                	mv	a5,a0
80002a8c:	09057b63          	bgeu	a0,a6,80002b22 <memcpy+0xa8>
80002a90:	0005c703          	lbu	a4,0(a1)
80002a94:	0585                	add	a1,a1,1
80002a96:	0785                	add	a5,a5,1
80002a98:	fee78fa3          	sb	a4,-1(a5)
80002a9c:	fec59ae3          	bne	a1,a2,80002a90 <memcpy+0x16>
80002aa0:	8082                	ret
80002aa2:	02050693          	add	a3,a0,32
80002aa6:	0706ff63          	bgeu	a3,a6,80002b24 <memcpy+0xaa>
80002aaa:	87b6                	mv	a5,a3
80002aac:	872e                	mv	a4,a1
80002aae:	00072383          	lw	t2,0(a4)
80002ab2:	00472283          	lw	t0,4(a4)
80002ab6:	00872f83          	lw	t6,8(a4)
80002aba:	00c72f03          	lw	t5,12(a4)
80002abe:	01072e83          	lw	t4,16(a4)
80002ac2:	01472e03          	lw	t3,20(a4)
80002ac6:	01872303          	lw	t1,24(a4)
80002aca:	01c72883          	lw	a7,28(a4)
80002ace:	02078793          	add	a5,a5,32
80002ad2:	fc77a023          	sw	t2,-64(a5)
80002ad6:	fc57a223          	sw	t0,-60(a5)
80002ada:	fdf7a423          	sw	t6,-56(a5)
80002ade:	fde7a623          	sw	t5,-52(a5)
80002ae2:	fdd7a823          	sw	t4,-48(a5)
80002ae6:	fdc7aa23          	sw	t3,-44(a5)
80002aea:	fc67ac23          	sw	t1,-40(a5)
80002aee:	fd17ae23          	sw	a7,-36(a5)
80002af2:	02070713          	add	a4,a4,32
80002af6:	fb07ece3          	bltu	a5,a6,80002aae <memcpy+0x34>
80002afa:	fdf60613          	add	a2,a2,-33
80002afe:	fe067793          	and	a5,a2,-32
80002b02:	02078793          	add	a5,a5,32
80002b06:	9a01                	and	a2,a2,-32
80002b08:	95be                	add	a1,a1,a5
80002b0a:	00c687b3          	add	a5,a3,a2
80002b0e:	f907f9e3          	bgeu	a5,a6,80002aa0 <memcpy+0x26>
80002b12:	4198                	lw	a4,0(a1)
80002b14:	0791                	add	a5,a5,4
80002b16:	0591                	add	a1,a1,4
80002b18:	fee7ae23          	sw	a4,-4(a5)
80002b1c:	ff07ebe3          	bltu	a5,a6,80002b12 <memcpy+0x98>
80002b20:	8082                	ret
80002b22:	8082                	ret
80002b24:	87aa                	mv	a5,a0
80002b26:	b7e5                	j	80002b0e <memcpy+0x94>

80002b28 <memset>:
80002b28:	00c567b3          	or	a5,a0,a2
80002b2c:	8b8d                	and	a5,a5,3
80002b2e:	962a                	add	a2,a2,a0
80002b30:	cf81                	beqz	a5,80002b48 <memset+0x20>
80002b32:	0ff5f593          	zext.b	a1,a1
80002b36:	87aa                	mv	a5,a0
80002b38:	02c57963          	bgeu	a0,a2,80002b6a <memset+0x42>
80002b3c:	0785                	add	a5,a5,1
80002b3e:	feb78fa3          	sb	a1,-1(a5)
80002b42:	fec79de3          	bne	a5,a2,80002b3c <memset+0x14>
80002b46:	8082                	ret
80002b48:	0ff5f593          	zext.b	a1,a1
80002b4c:	00859713          	sll	a4,a1,0x8
80002b50:	972e                	add	a4,a4,a1
80002b52:	01071793          	sll	a5,a4,0x10
80002b56:	973e                	add	a4,a4,a5
80002b58:	fec577e3          	bgeu	a0,a2,80002b46 <memset+0x1e>
80002b5c:	87aa                	mv	a5,a0
80002b5e:	0791                	add	a5,a5,4
80002b60:	fee7ae23          	sw	a4,-4(a5)
80002b64:	fec7ede3          	bltu	a5,a2,80002b5e <memset+0x36>
80002b68:	8082                	ret
80002b6a:	8082                	ret

80002b6c <_init>:
80002b6c:	7135                	add	sp,sp,-160
80002b6e:	85018793          	add	a5,gp,-1968 # 80003d6c <_tdata_begin>
80002b72:	c552                	sw	s4,136(sp)
80002b74:	85018a13          	add	s4,gp,-1968 # 80003d6c <_tdata_begin>
80002b78:	c74e                	sw	s3,140(sp)
80002b7a:	40fa09b3          	sub	s3,s4,a5
80002b7e:	cb26                	sw	s1,148(sp)
80002b80:	c94a                	sw	s2,144(sp)
80002b82:	84aa                	mv	s1,a0
80002b84:	892e                	mv	s2,a1
80002b86:	8512                	mv	a0,tp
80002b88:	85be                	mv	a1,a5
80002b8a:	864e                	mv	a2,s3
80002b8c:	cf06                	sw	ra,156(sp)
80002b8e:	cd22                	sw	s0,152(sp)
80002b90:	c356                	sw	s5,132(sp)
80002b92:	8a92                	mv	s5,tp
80002b94:	35dd                	jal	80002a7a <memcpy>
80002b96:	8a818613          	add	a2,gp,-1880 # 80003dc4 <_tbss_end>
80002b9a:	41460633          	sub	a2,a2,s4
80002b9e:	4581                	li	a1,0
80002ba0:	013a8533          	add	a0,s5,s3
80002ba4:	3751                	jal	80002b28 <memset>
80002ba6:	85ca                	mv	a1,s2
80002ba8:	8526                	mv	a0,s1
80002baa:	339d                	jal	80002910 <thread_entry>
80002bac:	03f10413          	add	s0,sp,63
80002bb0:	00001517          	auipc	a0,0x1
80002bb4:	e7c50513          	add	a0,a0,-388 # 80003a2c <main+0xc4>
80002bb8:	3d91                	jal	80002a0c <printf>
80002bba:	fc047413          	and	s0,s0,-64
80002bbe:	b0002a73          	csrr	s4,mcycle
80002bc2:	b0202973          	csrr	s2,minstret
80002bc6:	4581                	li	a1,0
80002bc8:	4501                	li	a0,0
80002bca:	59f000ef          	jal	80003968 <main>
80002bce:	84aa                	mv	s1,a0
80002bd0:	b00025f3          	csrr	a1,mcycle
80002bd4:	b02029f3          	csrr	s3,minstret
80002bd8:	00001517          	auipc	a0,0x1
80002bdc:	e6450513          	add	a0,a0,-412 # 80003a3c <main+0xd4>
80002be0:	414585b3          	sub	a1,a1,s4
80002be4:	3525                	jal	80002a0c <printf>
80002be6:	412985b3          	sub	a1,s3,s2
80002bea:	00001517          	auipc	a0,0x1
80002bee:	e6650513          	add	a0,a0,-410 # 80003a50 <main+0xe8>
80002bf2:	3d29                	jal	80002a0c <printf>
80002bf4:	00001917          	auipc	s2,0x1
80002bf8:	13890913          	add	s2,s2,312 # 80003d2c <counters>
80002bfc:	00092683          	lw	a3,0(s2)
80002c00:	ea8d                	bnez	a3,80002c32 <_init+0xc6>
80002c02:	00492683          	lw	a3,4(s2)
80002c06:	e299                	bnez	a3,80002c0c <_init+0xa0>
80002c08:	8526                	mv	a0,s1
80002c0a:	31a1                	jal	80002852 <tohost_exit>
80002c0c:	8922                	mv	s2,s0
80002c0e:	00001997          	auipc	s3,0x1
80002c12:	11698993          	add	s3,s3,278 # 80003d24 <counter_names>
80002c16:	0049a603          	lw	a2,4(s3)
80002c1a:	854a                	mv	a0,s2
80002c1c:	00001597          	auipc	a1,0x1
80002c20:	e4c58593          	add	a1,a1,-436 # 80003a68 <main+0x100>
80002c24:	3d21                	jal	80002a3c <sprintf>
80002c26:	992a                	add	s2,s2,a0
80002c28:	ff2400e3          	beq	s0,s2,80002c08 <_init+0x9c>
80002c2c:	8522                	mv	a0,s0
80002c2e:	39a9                	jal	80002888 <printstr>
80002c30:	bfe1                	j	80002c08 <_init+0x9c>
80002c32:	00001997          	auipc	s3,0x1
80002c36:	0f298993          	add	s3,s3,242 # 80003d24 <counter_names>
80002c3a:	0009a603          	lw	a2,0(s3)
80002c3e:	00001597          	auipc	a1,0x1
80002c42:	e2a58593          	add	a1,a1,-470 # 80003a68 <main+0x100>
80002c46:	8522                	mv	a0,s0
80002c48:	3bd5                	jal	80002a3c <sprintf>
80002c4a:	00492683          	lw	a3,4(s2)
80002c4e:	00a40933          	add	s2,s0,a0
80002c52:	daf9                	beqz	a3,80002c28 <_init+0xbc>
80002c54:	b7c9                	j	80002c16 <_init+0xaa>

80002c56 <strlen>:
80002c56:	00054783          	lbu	a5,0(a0)
80002c5a:	cb89                	beqz	a5,80002c6c <strlen+0x16>
80002c5c:	87aa                	mv	a5,a0
80002c5e:	0017c703          	lbu	a4,1(a5)
80002c62:	0785                	add	a5,a5,1
80002c64:	ff6d                	bnez	a4,80002c5e <strlen+0x8>
80002c66:	40a78533          	sub	a0,a5,a0
80002c6a:	8082                	ret
80002c6c:	4501                	li	a0,0
80002c6e:	8082                	ret

80002c70 <strnlen>:
80002c70:	00b506b3          	add	a3,a0,a1
80002c74:	87aa                	mv	a5,a0
80002c76:	e589                	bnez	a1,80002c80 <strnlen+0x10>
80002c78:	a829                	j	80002c92 <strnlen+0x22>
80002c7a:	0785                	add	a5,a5,1
80002c7c:	00f68863          	beq	a3,a5,80002c8c <strnlen+0x1c>
80002c80:	0007c703          	lbu	a4,0(a5)
80002c84:	fb7d                	bnez	a4,80002c7a <strnlen+0xa>
80002c86:	40a78533          	sub	a0,a5,a0
80002c8a:	8082                	ret
80002c8c:	40a68533          	sub	a0,a3,a0
80002c90:	8082                	ret
80002c92:	4501                	li	a0,0
80002c94:	8082                	ret

80002c96 <strcmp>:
80002c96:	00054783          	lbu	a5,0(a0)
80002c9a:	0585                	add	a1,a1,1
80002c9c:	0505                	add	a0,a0,1
80002c9e:	fff5c703          	lbu	a4,-1(a1)
80002ca2:	c791                	beqz	a5,80002cae <strcmp+0x18>
80002ca4:	fee789e3          	beq	a5,a4,80002c96 <strcmp>
80002ca8:	40e78533          	sub	a0,a5,a4
80002cac:	8082                	ret
80002cae:	4781                	li	a5,0
80002cb0:	bfe5                	j	80002ca8 <strcmp+0x12>

80002cb2 <strcpy>:
80002cb2:	87aa                	mv	a5,a0
80002cb4:	0005c703          	lbu	a4,0(a1)
80002cb8:	0785                	add	a5,a5,1
80002cba:	0585                	add	a1,a1,1
80002cbc:	fee78fa3          	sb	a4,-1(a5)
80002cc0:	fb75                	bnez	a4,80002cb4 <strcpy+0x2>
80002cc2:	8082                	ret

80002cc4 <atol>:
80002cc4:	00054703          	lbu	a4,0(a0)
80002cc8:	02000693          	li	a3,32
80002ccc:	87aa                	mv	a5,a0
80002cce:	00d71763          	bne	a4,a3,80002cdc <atol+0x18>
80002cd2:	0017c703          	lbu	a4,1(a5)
80002cd6:	0785                	add	a5,a5,1
80002cd8:	fed70de3          	beq	a4,a3,80002cd2 <atol+0xe>
80002cdc:	02d00693          	li	a3,45
80002ce0:	02d70f63          	beq	a4,a3,80002d1e <atol+0x5a>
80002ce4:	02b00693          	li	a3,43
80002ce8:	02d70563          	beq	a4,a3,80002d12 <atol+0x4e>
80002cec:	0007c703          	lbu	a4,0(a5)
80002cf0:	4601                	li	a2,0
80002cf2:	cb1d                	beqz	a4,80002d28 <atol+0x64>
80002cf4:	4501                	li	a0,0
80002cf6:	0785                	add	a5,a5,1
80002cf8:	fd070693          	add	a3,a4,-48
80002cfc:	0007c703          	lbu	a4,0(a5)
80002d00:	20a54533          	sh2add	a0,a0,a0
80002d04:	20d52533          	sh1add	a0,a0,a3
80002d08:	f77d                	bnez	a4,80002cf6 <atol+0x32>
80002d0a:	c205                	beqz	a2,80002d2a <atol+0x66>
80002d0c:	40a00533          	neg	a0,a0
80002d10:	8082                	ret
80002d12:	0017c703          	lbu	a4,1(a5)
80002d16:	0785                	add	a5,a5,1
80002d18:	cb01                	beqz	a4,80002d28 <atol+0x64>
80002d1a:	4601                	li	a2,0
80002d1c:	bfe1                	j	80002cf4 <atol+0x30>
80002d1e:	0017c703          	lbu	a4,1(a5)
80002d22:	4605                	li	a2,1
80002d24:	0785                	add	a5,a5,1
80002d26:	f779                	bnez	a4,80002cf4 <atol+0x30>
80002d28:	4501                	li	a0,0
80002d2a:	8082                	ret

80002d2c <__moddi3>:
80002d2c:	00058e13          	mv	t3,a1
80002d30:	00000813          	li	a6,0
80002d34:	0005dc63          	bgez	a1,80002d4c <__moddi3+0x20>
80002d38:	00a037b3          	snez	a5,a0
80002d3c:	40b00e33          	neg	t3,a1
80002d40:	40fe0e33          	sub	t3,t3,a5
80002d44:	40a00533          	neg	a0,a0
80002d48:	fff00813          	li	a6,-1
80002d4c:	0006da63          	bgez	a3,80002d60 <__moddi3+0x34>
80002d50:	00c037b3          	snez	a5,a2
80002d54:	40d006b3          	neg	a3,a3
80002d58:	40f686b3          	sub	a3,a3,a5
80002d5c:	40c00633          	neg	a2,a2
80002d60:	00060893          	mv	a7,a2
80002d64:	00050793          	mv	a5,a0
80002d68:	000e0593          	mv	a1,t3
80002d6c:	22069063          	bnez	a3,80002f8c <__moddi3+0x260>
80002d70:	80004737          	lui	a4,0x80004
80002d74:	bcc70713          	add	a4,a4,-1076 # 80003bcc <__clz_tab>
80002d78:	0ece7663          	bgeu	t3,a2,80002e64 <__moddi3+0x138>
80002d7c:	000106b7          	lui	a3,0x10
80002d80:	0cd67863          	bgeu	a2,a3,80002e50 <__moddi3+0x124>
80002d84:	10063693          	sltiu	a3,a2,256
80002d88:	0016b693          	seqz	a3,a3
80002d8c:	00369693          	sll	a3,a3,0x3
80002d90:	00d65333          	srl	t1,a2,a3
80002d94:	00670733          	add	a4,a4,t1
80002d98:	00074703          	lbu	a4,0(a4)
80002d9c:	00d70733          	add	a4,a4,a3
80002da0:	02000693          	li	a3,32
80002da4:	40e68333          	sub	t1,a3,a4
80002da8:	00e68c63          	beq	a3,a4,80002dc0 <__moddi3+0x94>
80002dac:	006e15b3          	sll	a1,t3,t1
80002db0:	00e55733          	srl	a4,a0,a4
80002db4:	006618b3          	sll	a7,a2,t1
80002db8:	00b765b3          	or	a1,a4,a1
80002dbc:	006517b3          	sll	a5,a0,t1
80002dc0:	0108d613          	srl	a2,a7,0x10
80002dc4:	02c5d6b3          	divu	a3,a1,a2
80002dc8:	01089513          	sll	a0,a7,0x10
80002dcc:	01055513          	srl	a0,a0,0x10
80002dd0:	0107d713          	srl	a4,a5,0x10
80002dd4:	02c5f5b3          	remu	a1,a1,a2
80002dd8:	02a686b3          	mul	a3,a3,a0
80002ddc:	01059593          	sll	a1,a1,0x10
80002de0:	00b76733          	or	a4,a4,a1
80002de4:	00d77a63          	bgeu	a4,a3,80002df8 <__moddi3+0xcc>
80002de8:	00e88733          	add	a4,a7,a4
80002dec:	01176663          	bltu	a4,a7,80002df8 <__moddi3+0xcc>
80002df0:	00d77463          	bgeu	a4,a3,80002df8 <__moddi3+0xcc>
80002df4:	01170733          	add	a4,a4,a7
80002df8:	40d70733          	sub	a4,a4,a3
80002dfc:	02c756b3          	divu	a3,a4,a2
80002e00:	02c77733          	remu	a4,a4,a2
80002e04:	02a686b3          	mul	a3,a3,a0
80002e08:	01079793          	sll	a5,a5,0x10
80002e0c:	01071713          	sll	a4,a4,0x10
80002e10:	0107d793          	srl	a5,a5,0x10
80002e14:	00e7e7b3          	or	a5,a5,a4
80002e18:	00d7fa63          	bgeu	a5,a3,80002e2c <__moddi3+0x100>
80002e1c:	00f887b3          	add	a5,a7,a5
80002e20:	0117e663          	bltu	a5,a7,80002e2c <__moddi3+0x100>
80002e24:	00d7f463          	bgeu	a5,a3,80002e2c <__moddi3+0x100>
80002e28:	011787b3          	add	a5,a5,a7
80002e2c:	40d787b3          	sub	a5,a5,a3
80002e30:	0067d533          	srl	a0,a5,t1
80002e34:	00000593          	li	a1,0
80002e38:	00080a63          	beqz	a6,80002e4c <__moddi3+0x120>
80002e3c:	00a037b3          	snez	a5,a0
80002e40:	40b005b3          	neg	a1,a1
80002e44:	40f585b3          	sub	a1,a1,a5
80002e48:	40a00533          	neg	a0,a0
80002e4c:	00008067          	ret
80002e50:	01000337          	lui	t1,0x1000
80002e54:	01800693          	li	a3,24
80002e58:	f2667ce3          	bgeu	a2,t1,80002d90 <__moddi3+0x64>
80002e5c:	01000693          	li	a3,16
80002e60:	f31ff06f          	j	80002d90 <__moddi3+0x64>
80002e64:	00000693          	li	a3,0
80002e68:	00060c63          	beqz	a2,80002e80 <__moddi3+0x154>
80002e6c:	000106b7          	lui	a3,0x10
80002e70:	06d67e63          	bgeu	a2,a3,80002eec <__moddi3+0x1c0>
80002e74:	10063693          	sltiu	a3,a2,256
80002e78:	0016b693          	seqz	a3,a3
80002e7c:	00369693          	sll	a3,a3,0x3
80002e80:	00d655b3          	srl	a1,a2,a3
80002e84:	00b70733          	add	a4,a4,a1
80002e88:	00074703          	lbu	a4,0(a4)
80002e8c:	00d70733          	add	a4,a4,a3
80002e90:	02000693          	li	a3,32
80002e94:	40e68333          	sub	t1,a3,a4
80002e98:	06e69463          	bne	a3,a4,80002f00 <__moddi3+0x1d4>
80002e9c:	40ce0733          	sub	a4,t3,a2
80002ea0:	0108d593          	srl	a1,a7,0x10
80002ea4:	02b75633          	divu	a2,a4,a1
80002ea8:	01089513          	sll	a0,a7,0x10
80002eac:	01055513          	srl	a0,a0,0x10
80002eb0:	0107d693          	srl	a3,a5,0x10
80002eb4:	02b77733          	remu	a4,a4,a1
80002eb8:	02a60633          	mul	a2,a2,a0
80002ebc:	01071713          	sll	a4,a4,0x10
80002ec0:	00e6e733          	or	a4,a3,a4
80002ec4:	00c77a63          	bgeu	a4,a2,80002ed8 <__moddi3+0x1ac>
80002ec8:	00e88733          	add	a4,a7,a4
80002ecc:	01176663          	bltu	a4,a7,80002ed8 <__moddi3+0x1ac>
80002ed0:	00c77463          	bgeu	a4,a2,80002ed8 <__moddi3+0x1ac>
80002ed4:	01170733          	add	a4,a4,a7
80002ed8:	40c70733          	sub	a4,a4,a2
80002edc:	02b756b3          	divu	a3,a4,a1
80002ee0:	02b77733          	remu	a4,a4,a1
80002ee4:	02a686b3          	mul	a3,a3,a0
80002ee8:	f21ff06f          	j	80002e08 <__moddi3+0xdc>
80002eec:	010005b7          	lui	a1,0x1000
80002ef0:	01800693          	li	a3,24
80002ef4:	f8b676e3          	bgeu	a2,a1,80002e80 <__moddi3+0x154>
80002ef8:	01000693          	li	a3,16
80002efc:	f85ff06f          	j	80002e80 <__moddi3+0x154>
80002f00:	006618b3          	sll	a7,a2,t1
80002f04:	00ee56b3          	srl	a3,t3,a4
80002f08:	006517b3          	sll	a5,a0,t1
80002f0c:	00e55733          	srl	a4,a0,a4
80002f10:	0108d513          	srl	a0,a7,0x10
80002f14:	02a6d5b3          	divu	a1,a3,a0
80002f18:	006e1e33          	sll	t3,t3,t1
80002f1c:	01c76733          	or	a4,a4,t3
80002f20:	01089e13          	sll	t3,a7,0x10
80002f24:	010e5e13          	srl	t3,t3,0x10
80002f28:	02a6f6b3          	remu	a3,a3,a0
80002f2c:	03c585b3          	mul	a1,a1,t3
80002f30:	01069613          	sll	a2,a3,0x10
80002f34:	01075693          	srl	a3,a4,0x10
80002f38:	00c6e6b3          	or	a3,a3,a2
80002f3c:	00b6fa63          	bgeu	a3,a1,80002f50 <__moddi3+0x224>
80002f40:	00d886b3          	add	a3,a7,a3
80002f44:	0116e663          	bltu	a3,a7,80002f50 <__moddi3+0x224>
80002f48:	00b6f463          	bgeu	a3,a1,80002f50 <__moddi3+0x224>
80002f4c:	011686b3          	add	a3,a3,a7
80002f50:	40b686b3          	sub	a3,a3,a1
80002f54:	02a6d633          	divu	a2,a3,a0
80002f58:	01071713          	sll	a4,a4,0x10
80002f5c:	01075713          	srl	a4,a4,0x10
80002f60:	02a6f6b3          	remu	a3,a3,a0
80002f64:	03c60633          	mul	a2,a2,t3
80002f68:	01069693          	sll	a3,a3,0x10
80002f6c:	00d76733          	or	a4,a4,a3
80002f70:	00c77a63          	bgeu	a4,a2,80002f84 <__moddi3+0x258>
80002f74:	00e88733          	add	a4,a7,a4
80002f78:	01176663          	bltu	a4,a7,80002f84 <__moddi3+0x258>
80002f7c:	00c77463          	bgeu	a4,a2,80002f84 <__moddi3+0x258>
80002f80:	01170733          	add	a4,a4,a7
80002f84:	40c70733          	sub	a4,a4,a2
80002f88:	f19ff06f          	j	80002ea0 <__moddi3+0x174>
80002f8c:	eade66e3          	bltu	t3,a3,80002e38 <__moddi3+0x10c>
80002f90:	00010737          	lui	a4,0x10
80002f94:	04e6fc63          	bgeu	a3,a4,80002fec <__moddi3+0x2c0>
80002f98:	1006b713          	sltiu	a4,a3,256
80002f9c:	00173713          	seqz	a4,a4
80002fa0:	00371713          	sll	a4,a4,0x3
80002fa4:	800048b7          	lui	a7,0x80004
80002fa8:	00e6d333          	srl	t1,a3,a4
80002fac:	bcc88893          	add	a7,a7,-1076 # 80003bcc <__clz_tab>
80002fb0:	006888b3          	add	a7,a7,t1
80002fb4:	0008c883          	lbu	a7,0(a7)
80002fb8:	02000313          	li	t1,32
80002fbc:	00e888b3          	add	a7,a7,a4
80002fc0:	41130733          	sub	a4,t1,a7
80002fc4:	03131e63          	bne	t1,a7,80003000 <__moddi3+0x2d4>
80002fc8:	01c6e463          	bltu	a3,t3,80002fd0 <__moddi3+0x2a4>
80002fcc:	00c56c63          	bltu	a0,a2,80002fe4 <__moddi3+0x2b8>
80002fd0:	40c50633          	sub	a2,a0,a2
80002fd4:	40de06b3          	sub	a3,t3,a3
80002fd8:	00c535b3          	sltu	a1,a0,a2
80002fdc:	00060793          	mv	a5,a2
80002fe0:	40b685b3          	sub	a1,a3,a1
80002fe4:	00078513          	mv	a0,a5
80002fe8:	e51ff06f          	j	80002e38 <__moddi3+0x10c>
80002fec:	010008b7          	lui	a7,0x1000
80002ff0:	01800713          	li	a4,24
80002ff4:	fb16f8e3          	bgeu	a3,a7,80002fa4 <__moddi3+0x278>
80002ff8:	01000713          	li	a4,16
80002ffc:	fa9ff06f          	j	80002fa4 <__moddi3+0x278>
80003000:	00e696b3          	sll	a3,a3,a4
80003004:	01165333          	srl	t1,a2,a7
80003008:	00d36333          	or	t1,t1,a3
8000300c:	011e57b3          	srl	a5,t3,a7
80003010:	01035e93          	srl	t4,t1,0x10
80003014:	03d7dfb3          	divu	t6,a5,t4
80003018:	00ee1e33          	sll	t3,t3,a4
8000301c:	011555b3          	srl	a1,a0,a7
80003020:	01c5e5b3          	or	a1,a1,t3
80003024:	01031e13          	sll	t3,t1,0x10
80003028:	010e5e13          	srl	t3,t3,0x10
8000302c:	00e61633          	sll	a2,a2,a4
80003030:	00e51533          	sll	a0,a0,a4
80003034:	03d7f7b3          	remu	a5,a5,t4
80003038:	03fe0f33          	mul	t5,t3,t6
8000303c:	01079693          	sll	a3,a5,0x10
80003040:	0105d793          	srl	a5,a1,0x10
80003044:	00d7e7b3          	or	a5,a5,a3
80003048:	000f8693          	mv	a3,t6
8000304c:	01e7fe63          	bgeu	a5,t5,80003068 <__moddi3+0x33c>
80003050:	00f307b3          	add	a5,t1,a5
80003054:	ffff8693          	add	a3,t6,-1
80003058:	0067e863          	bltu	a5,t1,80003068 <__moddi3+0x33c>
8000305c:	01e7f663          	bgeu	a5,t5,80003068 <__moddi3+0x33c>
80003060:	ffef8693          	add	a3,t6,-2
80003064:	006787b3          	add	a5,a5,t1
80003068:	41e787b3          	sub	a5,a5,t5
8000306c:	03d7df33          	divu	t5,a5,t4
80003070:	01059593          	sll	a1,a1,0x10
80003074:	0105d593          	srl	a1,a1,0x10
80003078:	03d7f7b3          	remu	a5,a5,t4
8000307c:	03ee0e33          	mul	t3,t3,t5
80003080:	01079793          	sll	a5,a5,0x10
80003084:	00f5e5b3          	or	a1,a1,a5
80003088:	000f0793          	mv	a5,t5
8000308c:	01c5fe63          	bgeu	a1,t3,800030a8 <__moddi3+0x37c>
80003090:	00b305b3          	add	a1,t1,a1
80003094:	ffff0793          	add	a5,t5,-1
80003098:	0065e863          	bltu	a1,t1,800030a8 <__moddi3+0x37c>
8000309c:	01c5f663          	bgeu	a1,t3,800030a8 <__moddi3+0x37c>
800030a0:	ffef0793          	add	a5,t5,-2
800030a4:	006585b3          	add	a1,a1,t1
800030a8:	01069693          	sll	a3,a3,0x10
800030ac:	00010fb7          	lui	t6,0x10
800030b0:	00f6e6b3          	or	a3,a3,a5
800030b4:	41c585b3          	sub	a1,a1,t3
800030b8:	ffff8e13          	add	t3,t6,-1 # ffff <buflen.1+0xffbf>
800030bc:	01c6f7b3          	and	a5,a3,t3
800030c0:	01065e93          	srl	t4,a2,0x10
800030c4:	0106d693          	srl	a3,a3,0x10
800030c8:	01c67e33          	and	t3,a2,t3
800030cc:	03c78f33          	mul	t5,a5,t3
800030d0:	03c68e33          	mul	t3,a3,t3
800030d4:	03d787b3          	mul	a5,a5,t4
800030d8:	03d686b3          	mul	a3,a3,t4
800030dc:	01c78eb3          	add	t4,a5,t3
800030e0:	010f5793          	srl	a5,t5,0x10
800030e4:	01d787b3          	add	a5,a5,t4
800030e8:	01c7f463          	bgeu	a5,t3,800030f0 <__moddi3+0x3c4>
800030ec:	01f686b3          	add	a3,a3,t6
800030f0:	0107de13          	srl	t3,a5,0x10
800030f4:	00de06b3          	add	a3,t3,a3
800030f8:	00010e37          	lui	t3,0x10
800030fc:	fffe0e13          	add	t3,t3,-1 # ffff <buflen.1+0xffbf>
80003100:	01c7f7b3          	and	a5,a5,t3
80003104:	01079793          	sll	a5,a5,0x10
80003108:	01cf7f33          	and	t5,t5,t3
8000310c:	01e787b3          	add	a5,a5,t5
80003110:	00d5e663          	bltu	a1,a3,8000311c <__moddi3+0x3f0>
80003114:	00d59e63          	bne	a1,a3,80003130 <__moddi3+0x404>
80003118:	00f57c63          	bgeu	a0,a5,80003130 <__moddi3+0x404>
8000311c:	40c78633          	sub	a2,a5,a2
80003120:	00c7be33          	sltu	t3,a5,a2
80003124:	00060793          	mv	a5,a2
80003128:	006e0633          	add	a2,t3,t1
8000312c:	40c686b3          	sub	a3,a3,a2
80003130:	40f507b3          	sub	a5,a0,a5
80003134:	00f53533          	sltu	a0,a0,a5
80003138:	40d585b3          	sub	a1,a1,a3
8000313c:	40a585b3          	sub	a1,a1,a0
80003140:	011598b3          	sll	a7,a1,a7
80003144:	00e7d7b3          	srl	a5,a5,a4
80003148:	00f8e533          	or	a0,a7,a5
8000314c:	00e5d5b3          	srl	a1,a1,a4
80003150:	ce9ff06f          	j	80002e38 <__moddi3+0x10c>

80003154 <__udivdi3>:
80003154:	00050893          	mv	a7,a0
80003158:	00058313          	mv	t1,a1
8000315c:	00060713          	mv	a4,a2
80003160:	00050813          	mv	a6,a0
80003164:	00058793          	mv	a5,a1
80003168:	28069263          	bnez	a3,800033ec <__udivdi3+0x298>
8000316c:	800045b7          	lui	a1,0x80004
80003170:	bcc58593          	add	a1,a1,-1076 # 80003bcc <__clz_tab>
80003174:	0ec37663          	bgeu	t1,a2,80003260 <__udivdi3+0x10c>
80003178:	000106b7          	lui	a3,0x10
8000317c:	0cd67863          	bgeu	a2,a3,8000324c <__udivdi3+0xf8>
80003180:	10063693          	sltiu	a3,a2,256
80003184:	0016b693          	seqz	a3,a3
80003188:	00369693          	sll	a3,a3,0x3
8000318c:	00d65533          	srl	a0,a2,a3
80003190:	00a585b3          	add	a1,a1,a0
80003194:	0005c583          	lbu	a1,0(a1)
80003198:	02000513          	li	a0,32
8000319c:	00d586b3          	add	a3,a1,a3
800031a0:	40d505b3          	sub	a1,a0,a3
800031a4:	00d50c63          	beq	a0,a3,800031bc <__udivdi3+0x68>
800031a8:	00b317b3          	sll	a5,t1,a1
800031ac:	00d8d6b3          	srl	a3,a7,a3
800031b0:	00b61733          	sll	a4,a2,a1
800031b4:	00f6e7b3          	or	a5,a3,a5
800031b8:	00b89833          	sll	a6,a7,a1
800031bc:	01075593          	srl	a1,a4,0x10
800031c0:	02b7d333          	divu	t1,a5,a1
800031c4:	01071613          	sll	a2,a4,0x10
800031c8:	01065613          	srl	a2,a2,0x10
800031cc:	02b7f7b3          	remu	a5,a5,a1
800031d0:	00030513          	mv	a0,t1
800031d4:	026608b3          	mul	a7,a2,t1
800031d8:	01079693          	sll	a3,a5,0x10
800031dc:	01085793          	srl	a5,a6,0x10
800031e0:	00d7e7b3          	or	a5,a5,a3
800031e4:	0117fe63          	bgeu	a5,a7,80003200 <__udivdi3+0xac>
800031e8:	00f707b3          	add	a5,a4,a5
800031ec:	fff30513          	add	a0,t1,-1 # ffffff <buflen.1+0xffffbf>
800031f0:	00e7e863          	bltu	a5,a4,80003200 <__udivdi3+0xac>
800031f4:	0117f663          	bgeu	a5,a7,80003200 <__udivdi3+0xac>
800031f8:	ffe30513          	add	a0,t1,-2
800031fc:	00e787b3          	add	a5,a5,a4
80003200:	411787b3          	sub	a5,a5,a7
80003204:	02b7d8b3          	divu	a7,a5,a1
80003208:	01081813          	sll	a6,a6,0x10
8000320c:	01085813          	srl	a6,a6,0x10
80003210:	02b7f7b3          	remu	a5,a5,a1
80003214:	031606b3          	mul	a3,a2,a7
80003218:	01079793          	sll	a5,a5,0x10
8000321c:	00f86833          	or	a6,a6,a5
80003220:	00088793          	mv	a5,a7
80003224:	00d87c63          	bgeu	a6,a3,8000323c <__udivdi3+0xe8>
80003228:	01070833          	add	a6,a4,a6
8000322c:	fff88793          	add	a5,a7,-1 # ffffff <buflen.1+0xffffbf>
80003230:	00e86663          	bltu	a6,a4,8000323c <__udivdi3+0xe8>
80003234:	00d87463          	bgeu	a6,a3,8000323c <__udivdi3+0xe8>
80003238:	ffe88793          	add	a5,a7,-2
8000323c:	01051513          	sll	a0,a0,0x10
80003240:	00f56533          	or	a0,a0,a5
80003244:	00000593          	li	a1,0
80003248:	00008067          	ret
8000324c:	01000537          	lui	a0,0x1000
80003250:	01800693          	li	a3,24
80003254:	f2a67ce3          	bgeu	a2,a0,8000318c <__udivdi3+0x38>
80003258:	01000693          	li	a3,16
8000325c:	f31ff06f          	j	8000318c <__udivdi3+0x38>
80003260:	00000693          	li	a3,0
80003264:	00060c63          	beqz	a2,8000327c <__udivdi3+0x128>
80003268:	000107b7          	lui	a5,0x10
8000326c:	0cf67063          	bgeu	a2,a5,8000332c <__udivdi3+0x1d8>
80003270:	10063693          	sltiu	a3,a2,256
80003274:	0016b693          	seqz	a3,a3
80003278:	00369693          	sll	a3,a3,0x3
8000327c:	00d657b3          	srl	a5,a2,a3
80003280:	00f585b3          	add	a1,a1,a5
80003284:	0005c783          	lbu	a5,0(a1)
80003288:	00d787b3          	add	a5,a5,a3
8000328c:	02000693          	li	a3,32
80003290:	40f685b3          	sub	a1,a3,a5
80003294:	0af69663          	bne	a3,a5,80003340 <__udivdi3+0x1ec>
80003298:	40c307b3          	sub	a5,t1,a2
8000329c:	00100593          	li	a1,1
800032a0:	01075893          	srl	a7,a4,0x10
800032a4:	0317de33          	divu	t3,a5,a7
800032a8:	01071613          	sll	a2,a4,0x10
800032ac:	01065613          	srl	a2,a2,0x10
800032b0:	01085693          	srl	a3,a6,0x10
800032b4:	0317f7b3          	remu	a5,a5,a7
800032b8:	000e0513          	mv	a0,t3
800032bc:	03c60333          	mul	t1,a2,t3
800032c0:	01079793          	sll	a5,a5,0x10
800032c4:	00f6e7b3          	or	a5,a3,a5
800032c8:	0067fe63          	bgeu	a5,t1,800032e4 <__udivdi3+0x190>
800032cc:	00f707b3          	add	a5,a4,a5
800032d0:	fffe0513          	add	a0,t3,-1
800032d4:	00e7e863          	bltu	a5,a4,800032e4 <__udivdi3+0x190>
800032d8:	0067f663          	bgeu	a5,t1,800032e4 <__udivdi3+0x190>
800032dc:	ffee0513          	add	a0,t3,-2
800032e0:	00e787b3          	add	a5,a5,a4
800032e4:	406787b3          	sub	a5,a5,t1
800032e8:	0317d333          	divu	t1,a5,a7
800032ec:	01081813          	sll	a6,a6,0x10
800032f0:	01085813          	srl	a6,a6,0x10
800032f4:	0317f7b3          	remu	a5,a5,a7
800032f8:	026606b3          	mul	a3,a2,t1
800032fc:	01079793          	sll	a5,a5,0x10
80003300:	00f86833          	or	a6,a6,a5
80003304:	00030793          	mv	a5,t1
80003308:	00d87c63          	bgeu	a6,a3,80003320 <__udivdi3+0x1cc>
8000330c:	01070833          	add	a6,a4,a6
80003310:	fff30793          	add	a5,t1,-1
80003314:	00e86663          	bltu	a6,a4,80003320 <__udivdi3+0x1cc>
80003318:	00d87463          	bgeu	a6,a3,80003320 <__udivdi3+0x1cc>
8000331c:	ffe30793          	add	a5,t1,-2
80003320:	01051513          	sll	a0,a0,0x10
80003324:	00f56533          	or	a0,a0,a5
80003328:	00008067          	ret
8000332c:	010007b7          	lui	a5,0x1000
80003330:	01800693          	li	a3,24
80003334:	f4f674e3          	bgeu	a2,a5,8000327c <__udivdi3+0x128>
80003338:	01000693          	li	a3,16
8000333c:	f41ff06f          	j	8000327c <__udivdi3+0x128>
80003340:	00b61733          	sll	a4,a2,a1
80003344:	00f356b3          	srl	a3,t1,a5
80003348:	01075513          	srl	a0,a4,0x10
8000334c:	00b31333          	sll	t1,t1,a1
80003350:	00f8d7b3          	srl	a5,a7,a5
80003354:	0067e7b3          	or	a5,a5,t1
80003358:	02a6d333          	divu	t1,a3,a0
8000335c:	01071613          	sll	a2,a4,0x10
80003360:	01065613          	srl	a2,a2,0x10
80003364:	00b89833          	sll	a6,a7,a1
80003368:	02a6f6b3          	remu	a3,a3,a0
8000336c:	026608b3          	mul	a7,a2,t1
80003370:	01069593          	sll	a1,a3,0x10
80003374:	0107d693          	srl	a3,a5,0x10
80003378:	00b6e6b3          	or	a3,a3,a1
8000337c:	00030593          	mv	a1,t1
80003380:	0116fe63          	bgeu	a3,a7,8000339c <__udivdi3+0x248>
80003384:	00d706b3          	add	a3,a4,a3
80003388:	fff30593          	add	a1,t1,-1
8000338c:	00e6e863          	bltu	a3,a4,8000339c <__udivdi3+0x248>
80003390:	0116f663          	bgeu	a3,a7,8000339c <__udivdi3+0x248>
80003394:	ffe30593          	add	a1,t1,-2
80003398:	00e686b3          	add	a3,a3,a4
8000339c:	411686b3          	sub	a3,a3,a7
800033a0:	02a6d8b3          	divu	a7,a3,a0
800033a4:	01079793          	sll	a5,a5,0x10
800033a8:	0107d793          	srl	a5,a5,0x10
800033ac:	02a6f6b3          	remu	a3,a3,a0
800033b0:	03160633          	mul	a2,a2,a7
800033b4:	01069693          	sll	a3,a3,0x10
800033b8:	00d7e7b3          	or	a5,a5,a3
800033bc:	00088693          	mv	a3,a7
800033c0:	00c7fe63          	bgeu	a5,a2,800033dc <__udivdi3+0x288>
800033c4:	00f707b3          	add	a5,a4,a5
800033c8:	fff88693          	add	a3,a7,-1
800033cc:	00e7e863          	bltu	a5,a4,800033dc <__udivdi3+0x288>
800033d0:	00c7f663          	bgeu	a5,a2,800033dc <__udivdi3+0x288>
800033d4:	ffe88693          	add	a3,a7,-2
800033d8:	00e787b3          	add	a5,a5,a4
800033dc:	01059593          	sll	a1,a1,0x10
800033e0:	40c787b3          	sub	a5,a5,a2
800033e4:	00d5e5b3          	or	a1,a1,a3
800033e8:	eb9ff06f          	j	800032a0 <__udivdi3+0x14c>
800033ec:	18d5e663          	bltu	a1,a3,80003578 <__udivdi3+0x424>
800033f0:	000107b7          	lui	a5,0x10
800033f4:	04f6f463          	bgeu	a3,a5,8000343c <__udivdi3+0x2e8>
800033f8:	1006b713          	sltiu	a4,a3,256
800033fc:	00173713          	seqz	a4,a4
80003400:	00371713          	sll	a4,a4,0x3
80003404:	800047b7          	lui	a5,0x80004
80003408:	00e6d5b3          	srl	a1,a3,a4
8000340c:	bcc78793          	add	a5,a5,-1076 # 80003bcc <__clz_tab>
80003410:	00b787b3          	add	a5,a5,a1
80003414:	0007c783          	lbu	a5,0(a5)
80003418:	00e787b3          	add	a5,a5,a4
8000341c:	02000713          	li	a4,32
80003420:	40f705b3          	sub	a1,a4,a5
80003424:	02f71663          	bne	a4,a5,80003450 <__udivdi3+0x2fc>
80003428:	00100513          	li	a0,1
8000342c:	e066eee3          	bltu	a3,t1,80003248 <__udivdi3+0xf4>
80003430:	00c8b533          	sltu	a0,a7,a2
80003434:	00153513          	seqz	a0,a0
80003438:	00008067          	ret
8000343c:	010007b7          	lui	a5,0x1000
80003440:	01800713          	li	a4,24
80003444:	fcf6f0e3          	bgeu	a3,a5,80003404 <__udivdi3+0x2b0>
80003448:	01000713          	li	a4,16
8000344c:	fb9ff06f          	j	80003404 <__udivdi3+0x2b0>
80003450:	00f65733          	srl	a4,a2,a5
80003454:	00b696b3          	sll	a3,a3,a1
80003458:	00d766b3          	or	a3,a4,a3
8000345c:	00f35733          	srl	a4,t1,a5
80003460:	00b31333          	sll	t1,t1,a1
80003464:	00f8d7b3          	srl	a5,a7,a5
80003468:	0067e7b3          	or	a5,a5,t1
8000346c:	0106d313          	srl	t1,a3,0x10
80003470:	02675eb3          	divu	t4,a4,t1
80003474:	01069813          	sll	a6,a3,0x10
80003478:	01085813          	srl	a6,a6,0x10
8000347c:	00b61633          	sll	a2,a2,a1
80003480:	02677733          	remu	a4,a4,t1
80003484:	03d80e33          	mul	t3,a6,t4
80003488:	01071513          	sll	a0,a4,0x10
8000348c:	0107d713          	srl	a4,a5,0x10
80003490:	00a76733          	or	a4,a4,a0
80003494:	000e8513          	mv	a0,t4
80003498:	01c77e63          	bgeu	a4,t3,800034b4 <__udivdi3+0x360>
8000349c:	00e68733          	add	a4,a3,a4
800034a0:	fffe8513          	add	a0,t4,-1
800034a4:	00d76863          	bltu	a4,a3,800034b4 <__udivdi3+0x360>
800034a8:	01c77663          	bgeu	a4,t3,800034b4 <__udivdi3+0x360>
800034ac:	ffee8513          	add	a0,t4,-2
800034b0:	00d70733          	add	a4,a4,a3
800034b4:	41c70733          	sub	a4,a4,t3
800034b8:	02675e33          	divu	t3,a4,t1
800034bc:	01079793          	sll	a5,a5,0x10
800034c0:	0107d793          	srl	a5,a5,0x10
800034c4:	02677733          	remu	a4,a4,t1
800034c8:	03c80833          	mul	a6,a6,t3
800034cc:	01071713          	sll	a4,a4,0x10
800034d0:	00e7e7b3          	or	a5,a5,a4
800034d4:	000e0713          	mv	a4,t3
800034d8:	0107fe63          	bgeu	a5,a6,800034f4 <__udivdi3+0x3a0>
800034dc:	00f687b3          	add	a5,a3,a5
800034e0:	fffe0713          	add	a4,t3,-1
800034e4:	00d7e863          	bltu	a5,a3,800034f4 <__udivdi3+0x3a0>
800034e8:	0107f663          	bgeu	a5,a6,800034f4 <__udivdi3+0x3a0>
800034ec:	ffee0713          	add	a4,t3,-2
800034f0:	00d787b3          	add	a5,a5,a3
800034f4:	01051513          	sll	a0,a0,0x10
800034f8:	00010e37          	lui	t3,0x10
800034fc:	00e56533          	or	a0,a0,a4
80003500:	fffe0693          	add	a3,t3,-1 # ffff <buflen.1+0xffbf>
80003504:	00d57733          	and	a4,a0,a3
80003508:	410787b3          	sub	a5,a5,a6
8000350c:	00d676b3          	and	a3,a2,a3
80003510:	01055813          	srl	a6,a0,0x10
80003514:	01065613          	srl	a2,a2,0x10
80003518:	02d70333          	mul	t1,a4,a3
8000351c:	02d806b3          	mul	a3,a6,a3
80003520:	02c70733          	mul	a4,a4,a2
80003524:	02c80833          	mul	a6,a6,a2
80003528:	00d70633          	add	a2,a4,a3
8000352c:	01035713          	srl	a4,t1,0x10
80003530:	00c70733          	add	a4,a4,a2
80003534:	00d77463          	bgeu	a4,a3,8000353c <__udivdi3+0x3e8>
80003538:	01c80833          	add	a6,a6,t3
8000353c:	01075693          	srl	a3,a4,0x10
80003540:	010686b3          	add	a3,a3,a6
80003544:	02d7e663          	bltu	a5,a3,80003570 <__udivdi3+0x41c>
80003548:	ced79ee3          	bne	a5,a3,80003244 <__udivdi3+0xf0>
8000354c:	000107b7          	lui	a5,0x10
80003550:	fff78793          	add	a5,a5,-1 # ffff <buflen.1+0xffbf>
80003554:	00f77733          	and	a4,a4,a5
80003558:	01071713          	sll	a4,a4,0x10
8000355c:	00f37333          	and	t1,t1,a5
80003560:	00b898b3          	sll	a7,a7,a1
80003564:	00670733          	add	a4,a4,t1
80003568:	00000593          	li	a1,0
8000356c:	cce8fee3          	bgeu	a7,a4,80003248 <__udivdi3+0xf4>
80003570:	fff50513          	add	a0,a0,-1 # ffffff <buflen.1+0xffffbf>
80003574:	cd1ff06f          	j	80003244 <__udivdi3+0xf0>
80003578:	00000593          	li	a1,0
8000357c:	00000513          	li	a0,0
80003580:	00008067          	ret

80003584 <__umoddi3>:
80003584:	00060813          	mv	a6,a2
80003588:	00050793          	mv	a5,a0
8000358c:	00058713          	mv	a4,a1
80003590:	20069663          	bnez	a3,8000379c <__umoddi3+0x218>
80003594:	800048b7          	lui	a7,0x80004
80003598:	bcc88893          	add	a7,a7,-1076 # 80003bcc <__clz_tab>
8000359c:	0cc5fc63          	bgeu	a1,a2,80003674 <__umoddi3+0xf0>
800035a0:	000106b7          	lui	a3,0x10
800035a4:	0ad67e63          	bgeu	a2,a3,80003660 <__umoddi3+0xdc>
800035a8:	10063693          	sltiu	a3,a2,256
800035ac:	0016b693          	seqz	a3,a3
800035b0:	00369693          	sll	a3,a3,0x3
800035b4:	00d65333          	srl	t1,a2,a3
800035b8:	006888b3          	add	a7,a7,t1
800035bc:	0008c883          	lbu	a7,0(a7)
800035c0:	02000313          	li	t1,32
800035c4:	00d886b3          	add	a3,a7,a3
800035c8:	40d308b3          	sub	a7,t1,a3
800035cc:	00d30c63          	beq	t1,a3,800035e4 <__umoddi3+0x60>
800035d0:	01159733          	sll	a4,a1,a7
800035d4:	00d556b3          	srl	a3,a0,a3
800035d8:	01161833          	sll	a6,a2,a7
800035dc:	00e6e733          	or	a4,a3,a4
800035e0:	011517b3          	sll	a5,a0,a7
800035e4:	01085613          	srl	a2,a6,0x10
800035e8:	02c756b3          	divu	a3,a4,a2
800035ec:	01081513          	sll	a0,a6,0x10
800035f0:	01055513          	srl	a0,a0,0x10
800035f4:	02c77733          	remu	a4,a4,a2
800035f8:	02a686b3          	mul	a3,a3,a0
800035fc:	01071593          	sll	a1,a4,0x10
80003600:	0107d713          	srl	a4,a5,0x10
80003604:	00b76733          	or	a4,a4,a1
80003608:	00d77a63          	bgeu	a4,a3,8000361c <__umoddi3+0x98>
8000360c:	00e80733          	add	a4,a6,a4
80003610:	01076663          	bltu	a4,a6,8000361c <__umoddi3+0x98>
80003614:	00d77463          	bgeu	a4,a3,8000361c <__umoddi3+0x98>
80003618:	01070733          	add	a4,a4,a6
8000361c:	40d70733          	sub	a4,a4,a3
80003620:	02c756b3          	divu	a3,a4,a2
80003624:	02c77733          	remu	a4,a4,a2
80003628:	02a686b3          	mul	a3,a3,a0
8000362c:	01079793          	sll	a5,a5,0x10
80003630:	01071713          	sll	a4,a4,0x10
80003634:	0107d793          	srl	a5,a5,0x10
80003638:	00e7e7b3          	or	a5,a5,a4
8000363c:	00d7fa63          	bgeu	a5,a3,80003650 <__umoddi3+0xcc>
80003640:	00f807b3          	add	a5,a6,a5
80003644:	0107e663          	bltu	a5,a6,80003650 <__umoddi3+0xcc>
80003648:	00d7f463          	bgeu	a5,a3,80003650 <__umoddi3+0xcc>
8000364c:	010787b3          	add	a5,a5,a6
80003650:	40d787b3          	sub	a5,a5,a3
80003654:	0117d533          	srl	a0,a5,a7
80003658:	00000593          	li	a1,0
8000365c:	00008067          	ret
80003660:	01000337          	lui	t1,0x1000
80003664:	01800693          	li	a3,24
80003668:	f46676e3          	bgeu	a2,t1,800035b4 <__umoddi3+0x30>
8000366c:	01000693          	li	a3,16
80003670:	f45ff06f          	j	800035b4 <__umoddi3+0x30>
80003674:	00000693          	li	a3,0
80003678:	00060c63          	beqz	a2,80003690 <__umoddi3+0x10c>
8000367c:	00010737          	lui	a4,0x10
80003680:	06e67e63          	bgeu	a2,a4,800036fc <__umoddi3+0x178>
80003684:	10063693          	sltiu	a3,a2,256
80003688:	0016b693          	seqz	a3,a3
8000368c:	00369693          	sll	a3,a3,0x3
80003690:	00d65733          	srl	a4,a2,a3
80003694:	00e888b3          	add	a7,a7,a4
80003698:	0008c703          	lbu	a4,0(a7)
8000369c:	00d70733          	add	a4,a4,a3
800036a0:	02000693          	li	a3,32
800036a4:	40e688b3          	sub	a7,a3,a4
800036a8:	06e69463          	bne	a3,a4,80003710 <__umoddi3+0x18c>
800036ac:	40c58733          	sub	a4,a1,a2
800036b0:	01085593          	srl	a1,a6,0x10
800036b4:	02b75633          	divu	a2,a4,a1
800036b8:	01081513          	sll	a0,a6,0x10
800036bc:	01055513          	srl	a0,a0,0x10
800036c0:	0107d693          	srl	a3,a5,0x10
800036c4:	02b77733          	remu	a4,a4,a1
800036c8:	02a60633          	mul	a2,a2,a0
800036cc:	01071713          	sll	a4,a4,0x10
800036d0:	00e6e733          	or	a4,a3,a4
800036d4:	00c77a63          	bgeu	a4,a2,800036e8 <__umoddi3+0x164>
800036d8:	00e80733          	add	a4,a6,a4
800036dc:	01076663          	bltu	a4,a6,800036e8 <__umoddi3+0x164>
800036e0:	00c77463          	bgeu	a4,a2,800036e8 <__umoddi3+0x164>
800036e4:	01070733          	add	a4,a4,a6
800036e8:	40c70733          	sub	a4,a4,a2
800036ec:	02b756b3          	divu	a3,a4,a1
800036f0:	02b77733          	remu	a4,a4,a1
800036f4:	02a686b3          	mul	a3,a3,a0
800036f8:	f35ff06f          	j	8000362c <__umoddi3+0xa8>
800036fc:	01000737          	lui	a4,0x1000
80003700:	01800693          	li	a3,24
80003704:	f8e676e3          	bgeu	a2,a4,80003690 <__umoddi3+0x10c>
80003708:	01000693          	li	a3,16
8000370c:	f85ff06f          	j	80003690 <__umoddi3+0x10c>
80003710:	01161833          	sll	a6,a2,a7
80003714:	00e5d6b3          	srl	a3,a1,a4
80003718:	011517b3          	sll	a5,a0,a7
8000371c:	011595b3          	sll	a1,a1,a7
80003720:	00e55733          	srl	a4,a0,a4
80003724:	01085513          	srl	a0,a6,0x10
80003728:	00b76733          	or	a4,a4,a1
8000372c:	02a6d5b3          	divu	a1,a3,a0
80003730:	01081313          	sll	t1,a6,0x10
80003734:	01035313          	srl	t1,t1,0x10
80003738:	02a6f6b3          	remu	a3,a3,a0
8000373c:	026585b3          	mul	a1,a1,t1
80003740:	01069613          	sll	a2,a3,0x10
80003744:	01075693          	srl	a3,a4,0x10
80003748:	00c6e6b3          	or	a3,a3,a2
8000374c:	00b6fa63          	bgeu	a3,a1,80003760 <__umoddi3+0x1dc>
80003750:	00d806b3          	add	a3,a6,a3
80003754:	0106e663          	bltu	a3,a6,80003760 <__umoddi3+0x1dc>
80003758:	00b6f463          	bgeu	a3,a1,80003760 <__umoddi3+0x1dc>
8000375c:	010686b3          	add	a3,a3,a6
80003760:	40b686b3          	sub	a3,a3,a1
80003764:	02a6d633          	divu	a2,a3,a0
80003768:	01071713          	sll	a4,a4,0x10
8000376c:	01075713          	srl	a4,a4,0x10
80003770:	02a6f6b3          	remu	a3,a3,a0
80003774:	02660633          	mul	a2,a2,t1
80003778:	01069693          	sll	a3,a3,0x10
8000377c:	00d76733          	or	a4,a4,a3
80003780:	00c77a63          	bgeu	a4,a2,80003794 <__umoddi3+0x210>
80003784:	00e80733          	add	a4,a6,a4
80003788:	01076663          	bltu	a4,a6,80003794 <__umoddi3+0x210>
8000378c:	00c77463          	bgeu	a4,a2,80003794 <__umoddi3+0x210>
80003790:	01070733          	add	a4,a4,a6
80003794:	40c70733          	sub	a4,a4,a2
80003798:	f19ff06f          	j	800036b0 <__umoddi3+0x12c>
8000379c:	1cd5e463          	bltu	a1,a3,80003964 <__umoddi3+0x3e0>
800037a0:	00010837          	lui	a6,0x10
800037a4:	0506fe63          	bgeu	a3,a6,80003800 <__umoddi3+0x27c>
800037a8:	1006b813          	sltiu	a6,a3,256
800037ac:	00183813          	seqz	a6,a6
800037b0:	00381813          	sll	a6,a6,0x3
800037b4:	800048b7          	lui	a7,0x80004
800037b8:	0106d333          	srl	t1,a3,a6
800037bc:	bcc88893          	add	a7,a7,-1076 # 80003bcc <__clz_tab>
800037c0:	006888b3          	add	a7,a7,t1
800037c4:	0008c883          	lbu	a7,0(a7)
800037c8:	02000313          	li	t1,32
800037cc:	010888b3          	add	a7,a7,a6
800037d0:	41130833          	sub	a6,t1,a7
800037d4:	05131063          	bne	t1,a7,80003814 <__umoddi3+0x290>
800037d8:	00b6e463          	bltu	a3,a1,800037e0 <__umoddi3+0x25c>
800037dc:	00c56c63          	bltu	a0,a2,800037f4 <__umoddi3+0x270>
800037e0:	40c50633          	sub	a2,a0,a2
800037e4:	40d586b3          	sub	a3,a1,a3
800037e8:	00c53733          	sltu	a4,a0,a2
800037ec:	00060793          	mv	a5,a2
800037f0:	40e68733          	sub	a4,a3,a4
800037f4:	00078513          	mv	a0,a5
800037f8:	00070593          	mv	a1,a4
800037fc:	00008067          	ret
80003800:	010008b7          	lui	a7,0x1000
80003804:	01800813          	li	a6,24
80003808:	fb16f6e3          	bgeu	a3,a7,800037b4 <__umoddi3+0x230>
8000380c:	01000813          	li	a6,16
80003810:	fa5ff06f          	j	800037b4 <__umoddi3+0x230>
80003814:	011657b3          	srl	a5,a2,a7
80003818:	010696b3          	sll	a3,a3,a6
8000381c:	00d7e6b3          	or	a3,a5,a3
80003820:	0115d733          	srl	a4,a1,a7
80003824:	0106de13          	srl	t3,a3,0x10
80003828:	03c75f33          	divu	t5,a4,t3
8000382c:	01069313          	sll	t1,a3,0x10
80003830:	01035313          	srl	t1,t1,0x10
80003834:	010597b3          	sll	a5,a1,a6
80003838:	011555b3          	srl	a1,a0,a7
8000383c:	00f5e5b3          	or	a1,a1,a5
80003840:	0105d793          	srl	a5,a1,0x10
80003844:	01061633          	sll	a2,a2,a6
80003848:	01051533          	sll	a0,a0,a6
8000384c:	03c77733          	remu	a4,a4,t3
80003850:	03e30eb3          	mul	t4,t1,t5
80003854:	01071713          	sll	a4,a4,0x10
80003858:	00e7e7b3          	or	a5,a5,a4
8000385c:	000f0713          	mv	a4,t5
80003860:	01d7fe63          	bgeu	a5,t4,8000387c <__umoddi3+0x2f8>
80003864:	00f687b3          	add	a5,a3,a5
80003868:	ffff0713          	add	a4,t5,-1
8000386c:	00d7e863          	bltu	a5,a3,8000387c <__umoddi3+0x2f8>
80003870:	01d7f663          	bgeu	a5,t4,8000387c <__umoddi3+0x2f8>
80003874:	ffef0713          	add	a4,t5,-2
80003878:	00d787b3          	add	a5,a5,a3
8000387c:	41d787b3          	sub	a5,a5,t4
80003880:	03c7deb3          	divu	t4,a5,t3
80003884:	01059593          	sll	a1,a1,0x10
80003888:	0105d593          	srl	a1,a1,0x10
8000388c:	03c7f7b3          	remu	a5,a5,t3
80003890:	000e8e13          	mv	t3,t4
80003894:	03d30333          	mul	t1,t1,t4
80003898:	01079793          	sll	a5,a5,0x10
8000389c:	00f5e5b3          	or	a1,a1,a5
800038a0:	0065fe63          	bgeu	a1,t1,800038bc <__umoddi3+0x338>
800038a4:	00b685b3          	add	a1,a3,a1
800038a8:	fffe8e13          	add	t3,t4,-1
800038ac:	00d5e863          	bltu	a1,a3,800038bc <__umoddi3+0x338>
800038b0:	0065f663          	bgeu	a1,t1,800038bc <__umoddi3+0x338>
800038b4:	ffee8e13          	add	t3,t4,-2
800038b8:	00d585b3          	add	a1,a1,a3
800038bc:	01071793          	sll	a5,a4,0x10
800038c0:	00010f37          	lui	t5,0x10
800038c4:	01c7e7b3          	or	a5,a5,t3
800038c8:	406585b3          	sub	a1,a1,t1
800038cc:	ffff0313          	add	t1,t5,-1 # ffff <buflen.1+0xffbf>
800038d0:	0067f733          	and	a4,a5,t1
800038d4:	01065e13          	srl	t3,a2,0x10
800038d8:	0107d793          	srl	a5,a5,0x10
800038dc:	00667333          	and	t1,a2,t1
800038e0:	02670eb3          	mul	t4,a4,t1
800038e4:	02678333          	mul	t1,a5,t1
800038e8:	03c70733          	mul	a4,a4,t3
800038ec:	03c787b3          	mul	a5,a5,t3
800038f0:	00670e33          	add	t3,a4,t1
800038f4:	010ed713          	srl	a4,t4,0x10
800038f8:	01c70733          	add	a4,a4,t3
800038fc:	00677463          	bgeu	a4,t1,80003904 <__umoddi3+0x380>
80003900:	01e787b3          	add	a5,a5,t5
80003904:	01075313          	srl	t1,a4,0x10
80003908:	00f307b3          	add	a5,t1,a5
8000390c:	00010337          	lui	t1,0x10
80003910:	fff30313          	add	t1,t1,-1 # ffff <buflen.1+0xffbf>
80003914:	00677733          	and	a4,a4,t1
80003918:	01071713          	sll	a4,a4,0x10
8000391c:	006efeb3          	and	t4,t4,t1
80003920:	01d70733          	add	a4,a4,t4
80003924:	00f5e663          	bltu	a1,a5,80003930 <__umoddi3+0x3ac>
80003928:	00f59e63          	bne	a1,a5,80003944 <__umoddi3+0x3c0>
8000392c:	00e57c63          	bgeu	a0,a4,80003944 <__umoddi3+0x3c0>
80003930:	40c70633          	sub	a2,a4,a2
80003934:	00c73333          	sltu	t1,a4,a2
80003938:	00d306b3          	add	a3,t1,a3
8000393c:	00060713          	mv	a4,a2
80003940:	40d787b3          	sub	a5,a5,a3
80003944:	40e50733          	sub	a4,a0,a4
80003948:	00e53533          	sltu	a0,a0,a4
8000394c:	40f585b3          	sub	a1,a1,a5
80003950:	40a585b3          	sub	a1,a1,a0
80003954:	011598b3          	sll	a7,a1,a7
80003958:	01075733          	srl	a4,a4,a6
8000395c:	00e8e533          	or	a0,a7,a4
80003960:	0105d5b3          	srl	a1,a1,a6
80003964:	00008067          	ret

Disassembly of section .text.startup:

80003968 <main>:
80003968:	7179                	add	sp,sp,-48
8000396a:	00000717          	auipc	a4,0x0
8000396e:	3b270713          	add	a4,a4,946 # 80003d1c <g_nodeFreeList>
80003972:	d606                	sw	ra,44(sp)
80003974:	00000797          	auipc	a5,0x0
80003978:	3c078793          	add	a5,a5,960 # 80003d34 <g_nodePool>
8000397c:	469d                	li	a3,7
8000397e:	c35c                	sw	a5,4(a4)
80003980:	c314                	sw	a3,0(a4)
80003982:	8401a623          	sw	zero,-1972(gp) # 80003d68 <g_nodePool+0x34>
80003986:	06300713          	li	a4,99
8000398a:	db98                	sw	a4,48(a5)
8000398c:	4619                	li	a2,6
8000398e:	00000797          	auipc	a5,0x0
80003992:	3ae78793          	add	a5,a5,942 # 80003d3c <g_nodePool+0x8>
80003996:	4701                	li	a4,0
80003998:	fee7ac23          	sw	a4,-8(a5)
8000399c:	fef7ae23          	sw	a5,-4(a5)
800039a0:	0705                	add	a4,a4,1
800039a2:	07a1                	add	a5,a5,8
800039a4:	fec71ae3          	bne	a4,a2,80003998 <main+0x30>
800039a8:	459d                	li	a1,7
800039aa:	850a                	mv	a0,sp
800039ac:	ec4fe0ef          	jal	80002070 <towers_init>
800039b0:	850a                	mv	a0,sp
800039b2:	a37fe0ef          	jal	800023e8 <towers_solve>
800039b6:	850a                	mv	a0,sp
800039b8:	f0afe0ef          	jal	800020c2 <towers_clear>
800039bc:	4505                	li	a0,1
800039be:	e4ffe0ef          	jal	8000280c <setStats>
800039c2:	850a                	mv	a0,sp
800039c4:	a25fe0ef          	jal	800023e8 <towers_solve>
800039c8:	4501                	li	a0,0
800039ca:	e43fe0ef          	jal	8000280c <setStats>
800039ce:	850a                	mv	a0,sp
800039d0:	a29fe0ef          	jal	800023f8 <towers_verify>
800039d4:	50b2                	lw	ra,44(sp)
800039d6:	6145                	add	sp,sp,48
800039d8:	8082                	ret
800039da:	1141                	add	sp,sp,-16
800039dc:	00000517          	auipc	a0,0x0
800039e0:	03850513          	add	a0,a0,56 # 80003a14 <main+0xac>
800039e4:	c606                	sw	ra,12(sp)
800039e6:	ea3fe0ef          	jal	80002888 <printstr>
800039ea:	40b2                	lw	ra,12(sp)
800039ec:	557d                	li	a0,-1
800039ee:	0141                	add	sp,sp,16
800039f0:	8082                	ret
