
vvadd.riscv:     file format elf32-littleriscv


Disassembly of section .text.init:

80000000 <_start>:
80000000:	4081                	li	ra,0
80000002:	4101                	li	sp,0
80000004:	4181                	li	gp,0
80000006:	4201                	li	tp,0
80000008:	4281                	li	t0,0
8000000a:	4301                	li	t1,0
8000000c:	4381                	li	t2,0
8000000e:	4401                	li	s0,0
80000010:	4481                	li	s1,0
80000012:	4501                	li	a0,0
80000014:	4581                	li	a1,0
80000016:	4601                	li	a2,0
80000018:	4681                	li	a3,0
8000001a:	4701                	li	a4,0
8000001c:	4781                	li	a5,0
8000001e:	4801                	li	a6,0
80000020:	4881                	li	a7,0
80000022:	4901                	li	s2,0
80000024:	4981                	li	s3,0
80000026:	4a01                	li	s4,0
80000028:	4a81                	li	s5,0
8000002a:	4b01                	li	s6,0
8000002c:	4b81                	li	s7,0
8000002e:	4c01                	li	s8,0
80000030:	4c81                	li	s9,0
80000032:	4d01                	li	s10,0
80000034:	4d81                	li	s11,0
80000036:	4e01                	li	t3,0
80000038:	4e81                	li	t4,0
8000003a:	4f01                	li	t5,0
8000003c:	4f81                	li	t6,0
8000003e:	62f9                	lui	t0,0x1e
80000040:	60028293          	add	t0,t0,1536 # 1e600 <buflen.1+0x1e5c0>
80000044:	3002a073          	csrs	mstatus,t0
80000048:	4285                	li	t0,1
8000004a:	02fe                	sll	t0,t0,0x1f
8000004c:	0002c863          	bltz	t0,8000005c <_start+0x5c>
80000050:	4505                	li	a0,1
80000052:	00001297          	auipc	t0,0x1
80000056:	faa2a723          	sw	a0,-82(t0) # 80001000 <tohost>
8000005a:	bfdd                	j	80000050 <_start+0x50>
8000005c:	00000297          	auipc	t0,0x0
80000060:	03828293          	add	t0,t0,56 # 80000094 <trap_entry>
80000064:	30529073          	csrw	mtvec,t0
80000068:	00005197          	auipc	gp,0x5
8000006c:	ee418193          	add	gp,gp,-284 # 80004f4c <__global_pointer$>
80000070:	87318213          	add	tp,gp,-1933 # 800047bf <_end+0x3f>
80000074:	fc027213          	and	tp,tp,-64
80000078:	f1402573          	csrr	a0,mhartid
8000007c:	4585                	li	a1,1
8000007e:	00b57063          	bgeu	a0,a1,8000007e <_start+0x7e>
80000082:	00150113          	add	sp,a0,1
80000086:	0146                	sll	sp,sp,0x11
80000088:	9112                	add	sp,sp,tp
8000008a:	01151613          	sll	a2,a0,0x11
8000008e:	9232                	add	tp,tp,a2
80000090:	6b80206f          	j	80002748 <_init>

80000094 <trap_entry>:
80000094:	716d                	add	sp,sp,-272
80000096:	c206                	sw	ra,4(sp)
80000098:	c40a                	sw	sp,8(sp)
8000009a:	c60e                	sw	gp,12(sp)
8000009c:	c812                	sw	tp,16(sp)
8000009e:	ca16                	sw	t0,20(sp)
800000a0:	cc1a                	sw	t1,24(sp)
800000a2:	ce1e                	sw	t2,28(sp)
800000a4:	d022                	sw	s0,32(sp)
800000a6:	d226                	sw	s1,36(sp)
800000a8:	d42a                	sw	a0,40(sp)
800000aa:	d62e                	sw	a1,44(sp)
800000ac:	d832                	sw	a2,48(sp)
800000ae:	da36                	sw	a3,52(sp)
800000b0:	dc3a                	sw	a4,56(sp)
800000b2:	de3e                	sw	a5,60(sp)
800000b4:	c0c2                	sw	a6,64(sp)
800000b6:	c2c6                	sw	a7,68(sp)
800000b8:	c4ca                	sw	s2,72(sp)
800000ba:	c6ce                	sw	s3,76(sp)
800000bc:	c8d2                	sw	s4,80(sp)
800000be:	cad6                	sw	s5,84(sp)
800000c0:	ccda                	sw	s6,88(sp)
800000c2:	cede                	sw	s7,92(sp)
800000c4:	d0e2                	sw	s8,96(sp)
800000c6:	d2e6                	sw	s9,100(sp)
800000c8:	d4ea                	sw	s10,104(sp)
800000ca:	d6ee                	sw	s11,108(sp)
800000cc:	d8f2                	sw	t3,112(sp)
800000ce:	daf6                	sw	t4,116(sp)
800000d0:	dcfa                	sw	t5,120(sp)
800000d2:	defe                	sw	t6,124(sp)
800000d4:	34202573          	csrr	a0,mcause
800000d8:	341025f3          	csrr	a1,mepc
800000dc:	860a                	mv	a2,sp
800000de:	36c020ef          	jal	8000244a <handle_trap>
800000e2:	34151073          	csrw	mepc,a0
800000e6:	6289                	lui	t0,0x2
800000e8:	80028293          	add	t0,t0,-2048 # 1800 <buflen.1+0x17c0>
800000ec:	3002a073          	csrs	mstatus,t0
800000f0:	4092                	lw	ra,4(sp)
800000f2:	4122                	lw	sp,8(sp)
800000f4:	41b2                	lw	gp,12(sp)
800000f6:	4242                	lw	tp,16(sp)
800000f8:	42d2                	lw	t0,20(sp)
800000fa:	4362                	lw	t1,24(sp)
800000fc:	43f2                	lw	t2,28(sp)
800000fe:	5402                	lw	s0,32(sp)
80000100:	5492                	lw	s1,36(sp)
80000102:	5522                	lw	a0,40(sp)
80000104:	55b2                	lw	a1,44(sp)
80000106:	5642                	lw	a2,48(sp)
80000108:	56d2                	lw	a3,52(sp)
8000010a:	5762                	lw	a4,56(sp)
8000010c:	57f2                	lw	a5,60(sp)
8000010e:	4806                	lw	a6,64(sp)
80000110:	4896                	lw	a7,68(sp)
80000112:	4926                	lw	s2,72(sp)
80000114:	49b6                	lw	s3,76(sp)
80000116:	4a46                	lw	s4,80(sp)
80000118:	4ad6                	lw	s5,84(sp)
8000011a:	4b66                	lw	s6,88(sp)
8000011c:	4bf6                	lw	s7,92(sp)
8000011e:	5c06                	lw	s8,96(sp)
80000120:	5c96                	lw	s9,100(sp)
80000122:	5d26                	lw	s10,104(sp)
80000124:	5db6                	lw	s11,108(sp)
80000126:	5e46                	lw	t3,112(sp)
80000128:	5ed6                	lw	t4,116(sp)
8000012a:	5f66                	lw	t5,120(sp)
8000012c:	5ff6                	lw	t6,124(sp)
8000012e:	6151                	add	sp,sp,272
80000130:	30200073          	mret
80000134:	0000                	unimp

Disassembly of section .text:

80002000 <vvadd>:
80002000:	00a05d63          	blez	a0,8000201a <vvadd+0x1a>
80002004:	20b54533          	sh2add	a0,a0,a1
80002008:	419c                	lw	a5,0(a1)
8000200a:	4218                	lw	a4,0(a2)
8000200c:	0591                	add	a1,a1,4
8000200e:	0611                	add	a2,a2,4
80002010:	97ba                	add	a5,a5,a4
80002012:	c29c                	sw	a5,0(a3)
80002014:	0691                	add	a3,a3,4
80002016:	fea599e3          	bne	a1,a0,80002008 <vvadd+0x8>
8000201a:	8082                	ret

8000201c <cputchar>:
8000201c:	fffff697          	auipc	a3,0xfffff
80002020:	fe468693          	add	a3,a3,-28 # 80001000 <tohost>
80002024:	0ff57713          	zext.b	a4,a0
80002028:	010107b7          	lui	a5,0x1010
8000202c:	c298                	sw	a4,0(a3)
8000202e:	c2dc                	sw	a5,4(a3)
80002030:	0000100f          	fence.i
80002034:	8082                	ret

80002036 <vprintfmt>:
80002036:	714d                	add	sp,sp,-336
80002038:	14812423          	sw	s0,328(sp)
8000203c:	15212023          	sw	s2,320(sp)
80002040:	13312e23          	sw	s3,316(sp)
80002044:	13512a23          	sw	s5,308(sp)
80002048:	14112623          	sw	ra,332(sp)
8000204c:	14912223          	sw	s1,324(sp)
80002050:	13412c23          	sw	s4,312(sp)
80002054:	13712623          	sw	s7,300(sp)
80002058:	13812423          	sw	s8,296(sp)
8000205c:	13a12023          	sw	s10,288(sp)
80002060:	11b12e23          	sw	s11,284(sp)
80002064:	89aa                	mv	s3,a0
80002066:	892e                	mv	s2,a1
80002068:	8432                	mv	s0,a2
8000206a:	c636                	sw	a3,12(sp)
8000206c:	02500a93          	li	s5,37
80002070:	a029                	j	8000207a <vprintfmt+0x44>
80002072:	c531                	beqz	a0,800020be <vprintfmt+0x88>
80002074:	85ca                	mv	a1,s2
80002076:	0405                	add	s0,s0,1
80002078:	9982                	jalr	s3
8000207a:	00044503          	lbu	a0,0(s0)
8000207e:	ff551ae3          	bne	a0,s5,80002072 <vprintfmt+0x3c>
80002082:	00144683          	lbu	a3,1(s0)
80002086:	00140a13          	add	s4,s0,1
8000208a:	02000793          	li	a5,32
8000208e:	8752                	mv	a4,s4
80002090:	c43e                	sw	a5,8(sp)
80002092:	54fd                	li	s1,-1
80002094:	5c7d                	li	s8,-1
80002096:	4601                	li	a2,0
80002098:	fdd68793          	add	a5,a3,-35
8000209c:	0ff7f793          	zext.b	a5,a5
800020a0:	05500593          	li	a1,85
800020a4:	00170413          	add	s0,a4,1
800020a8:	06f5e163          	bltu	a1,a5,8000210a <vprintfmt+0xd4>
800020ac:	00001597          	auipc	a1,0x1
800020b0:	5e858593          	add	a1,a1,1512 # 80003694 <main+0x148>
800020b4:	20b7c7b3          	sh2add	a5,a5,a1
800020b8:	439c                	lw	a5,0(a5)
800020ba:	97ae                	add	a5,a5,a1
800020bc:	8782                	jr	a5
800020be:	14c12083          	lw	ra,332(sp)
800020c2:	14812403          	lw	s0,328(sp)
800020c6:	14412483          	lw	s1,324(sp)
800020ca:	14012903          	lw	s2,320(sp)
800020ce:	13c12983          	lw	s3,316(sp)
800020d2:	13812a03          	lw	s4,312(sp)
800020d6:	13412a83          	lw	s5,308(sp)
800020da:	12c12b83          	lw	s7,300(sp)
800020de:	12812c03          	lw	s8,296(sp)
800020e2:	12012d03          	lw	s10,288(sp)
800020e6:	11c12d83          	lw	s11,284(sp)
800020ea:	6171                	add	sp,sp,336
800020ec:	8082                	ret
800020ee:	c436                	sw	a3,8(sp)
800020f0:	00174683          	lbu	a3,1(a4)
800020f4:	05500593          	li	a1,85
800020f8:	8722                	mv	a4,s0
800020fa:	fdd68793          	add	a5,a3,-35
800020fe:	0ff7f793          	zext.b	a5,a5
80002102:	00170413          	add	s0,a4,1
80002106:	faf5f3e3          	bgeu	a1,a5,800020ac <vprintfmt+0x76>
8000210a:	85ca                	mv	a1,s2
8000210c:	02500513          	li	a0,37
80002110:	9982                	jalr	s3
80002112:	8452                	mv	s0,s4
80002114:	b79d                	j	8000207a <vprintfmt+0x44>
80002116:	00174783          	lbu	a5,1(a4)
8000211a:	4725                	li	a4,9
8000211c:	fd068493          	add	s1,a3,-48
80002120:	fd078593          	add	a1,a5,-48 # 100ffd0 <buflen.1+0x100ff90>
80002124:	86be                	mv	a3,a5
80002126:	2ab76863          	bltu	a4,a1,800023d6 <vprintfmt+0x3a0>
8000212a:	8722                	mv	a4,s0
8000212c:	4525                	li	a0,9
8000212e:	0705                	add	a4,a4,1
80002130:	2094c4b3          	sh2add	s1,s1,s1
80002134:	20f4a4b3          	sh1add	s1,s1,a5
80002138:	00074783          	lbu	a5,0(a4)
8000213c:	fd048493          	add	s1,s1,-48
80002140:	fd078593          	add	a1,a5,-48
80002144:	86be                	mv	a3,a5
80002146:	feb574e3          	bgeu	a0,a1,8000212e <vprintfmt+0xf8>
8000214a:	f40c57e3          	bgez	s8,80002098 <vprintfmt+0x62>
8000214e:	8c26                	mv	s8,s1
80002150:	54fd                	li	s1,-1
80002152:	b799                	j	80002098 <vprintfmt+0x62>
80002154:	00174683          	lbu	a3,1(a4)
80002158:	8722                	mv	a4,s0
8000215a:	bf3d                	j	80002098 <vprintfmt+0x62>
8000215c:	85ca                	mv	a1,s2
8000215e:	02500513          	li	a0,37
80002162:	9982                	jalr	s3
80002164:	bf19                	j	8000207a <vprintfmt+0x44>
80002166:	47b2                	lw	a5,12(sp)
80002168:	00174683          	lbu	a3,1(a4)
8000216c:	8722                	mv	a4,s0
8000216e:	4384                	lw	s1,0(a5)
80002170:	0791                	add	a5,a5,4
80002172:	c63e                	sw	a5,12(sp)
80002174:	bfd9                	j	8000214a <vprintfmt+0x114>
80002176:	85ca                	mv	a1,s2
80002178:	03000513          	li	a0,48
8000217c:	13612823          	sw	s6,304(sp)
80002180:	9982                	jalr	s3
80002182:	85ca                	mv	a1,s2
80002184:	07800513          	li	a0,120
80002188:	9982                	jalr	s3
8000218a:	47b2                	lw	a5,12(sp)
8000218c:	4bc1                	li	s7,16
8000218e:	4d81                	li	s11,0
80002190:	00478713          	add	a4,a5,4
80002194:	47b2                	lw	a5,12(sp)
80002196:	4d01                	li	s10,0
80002198:	4384                	lw	s1,0(a5)
8000219a:	c63a                	sw	a4,12(sp)
8000219c:	865e                	mv	a2,s7
8000219e:	4681                	li	a3,0
800021a0:	8526                	mv	a0,s1
800021a2:	85ea                	mv	a1,s10
800021a4:	7c5000ef          	jal	80003168 <__umoddi3>
800021a8:	c82a                	sw	a0,16(sp)
800021aa:	1dad8c63          	beq	s11,s10,80002382 <vprintfmt+0x34c>
800021ae:	13912223          	sw	s9,292(sp)
800021b2:	4b05                	li	s6,1
800021b4:	01410c93          	add	s9,sp,20
800021b8:	865e                	mv	a2,s7
800021ba:	4681                	li	a3,0
800021bc:	8526                	mv	a0,s1
800021be:	85ea                	mv	a1,s10
800021c0:	379000ef          	jal	80002d38 <__udivdi3>
800021c4:	865e                	mv	a2,s7
800021c6:	4681                	li	a3,0
800021c8:	84aa                	mv	s1,a0
800021ca:	8d2e                	mv	s10,a1
800021cc:	79d000ef          	jal	80003168 <__umoddi3>
800021d0:	00aca023          	sw	a0,0(s9)
800021d4:	8a5a                	mv	s4,s6
800021d6:	0c91                	add	s9,s9,4
800021d8:	0b05                	add	s6,s6,1
800021da:	fdad9fe3          	bne	s11,s10,800021b8 <vprintfmt+0x182>
800021de:	fd74fde3          	bgeu	s1,s7,800021b8 <vprintfmt+0x182>
800021e2:	12412c83          	lw	s9,292(sp)
800021e6:	fffc0b93          	add	s7,s8,-1
800021ea:	fffb0493          	add	s1,s6,-1
800021ee:	018b5863          	bge	s6,s8,800021fe <vprintfmt+0x1c8>
800021f2:	4522                	lw	a0,8(sp)
800021f4:	85ca                	mv	a1,s2
800021f6:	1bfd                	add	s7,s7,-1
800021f8:	9982                	jalr	s3
800021fa:	fe9b9ce3          	bne	s7,s1,800021f2 <vprintfmt+0x1bc>
800021fe:	0804                	add	s1,sp,16
80002200:	4b25                	li	s6,9
80002202:	209a4a33          	sh2add	s4,s4,s1
80002206:	a011                	j	8000220a <vprintfmt+0x1d4>
80002208:	8a3e                	mv	s4,a5
8000220a:	000a2783          	lw	a5,0(s4)
8000220e:	03000513          	li	a0,48
80002212:	00fb7463          	bgeu	s6,a5,8000221a <vprintfmt+0x1e4>
80002216:	05700513          	li	a0,87
8000221a:	953e                	add	a0,a0,a5
8000221c:	85ca                	mv	a1,s2
8000221e:	9982                	jalr	s3
80002220:	ffca0793          	add	a5,s4,-4
80002224:	ff4492e3          	bne	s1,s4,80002208 <vprintfmt+0x1d2>
80002228:	13012b03          	lw	s6,304(sp)
8000222c:	b5b9                	j	8000207a <vprintfmt+0x44>
8000222e:	13612823          	sw	s6,304(sp)
80002232:	4785                	li	a5,1
80002234:	14c7cc63          	blt	a5,a2,8000238c <vprintfmt+0x356>
80002238:	47b2                	lw	a5,12(sp)
8000223a:	4384                	lw	s1,0(a5)
8000223c:	0791                	add	a5,a5,4
8000223e:	c63e                	sw	a5,12(sp)
80002240:	41f4dd13          	sra	s10,s1,0x1f
80002244:	000d5e63          	bgez	s10,80002260 <vprintfmt+0x22a>
80002248:	85ca                	mv	a1,s2
8000224a:	02d00513          	li	a0,45
8000224e:	9982                	jalr	s3
80002250:	00903733          	snez	a4,s1
80002254:	41a007b3          	neg	a5,s10
80002258:	409004b3          	neg	s1,s1
8000225c:	40e78d33          	sub	s10,a5,a4
80002260:	4ba9                	li	s7,10
80002262:	4d81                	li	s11,0
80002264:	bf25                	j	8000219c <vprintfmt+0x166>
80002266:	00174683          	lbu	a3,1(a4)
8000226a:	0605                	add	a2,a2,1
8000226c:	8722                	mv	a4,s0
8000226e:	b52d                	j	80002098 <vprintfmt+0x62>
80002270:	13612823          	sw	s6,304(sp)
80002274:	4bc1                	li	s7,16
80002276:	4d81                	li	s11,0
80002278:	4785                	li	a5,1
8000227a:	0ec7c363          	blt	a5,a2,80002360 <vprintfmt+0x32a>
8000227e:	47b2                	lw	a5,12(sp)
80002280:	00478713          	add	a4,a5,4
80002284:	bf01                	j	80002194 <vprintfmt+0x15e>
80002286:	47b2                	lw	a5,12(sp)
80002288:	13912223          	sw	s9,292(sp)
8000228c:	0007aa03          	lw	s4,0(a5)
80002290:	00478c93          	add	s9,a5,4
80002294:	040a0a63          	beqz	s4,800022e8 <vprintfmt+0x2b2>
80002298:	09805c63          	blez	s8,80002330 <vprintfmt+0x2fa>
8000229c:	4722                	lw	a4,8(sp)
8000229e:	02d00793          	li	a5,45
800022a2:	06f71063          	bne	a4,a5,80002302 <vprintfmt+0x2cc>
800022a6:	000a4503          	lbu	a0,0(s4)
800022aa:	c505                	beqz	a0,800022d2 <vprintfmt+0x29c>
800022ac:	13612823          	sw	s6,304(sp)
800022b0:	5b7d                	li	s6,-1
800022b2:	0004c563          	bltz	s1,800022bc <vprintfmt+0x286>
800022b6:	14fd                	add	s1,s1,-1
800022b8:	01648963          	beq	s1,s6,800022ca <vprintfmt+0x294>
800022bc:	85ca                	mv	a1,s2
800022be:	9982                	jalr	s3
800022c0:	001a4503          	lbu	a0,1(s4)
800022c4:	1c7d                	add	s8,s8,-1
800022c6:	0a05                	add	s4,s4,1
800022c8:	f56d                	bnez	a0,800022b2 <vprintfmt+0x27c>
800022ca:	13012b03          	lw	s6,304(sp)
800022ce:	01805963          	blez	s8,800022e0 <vprintfmt+0x2aa>
800022d2:	85ca                	mv	a1,s2
800022d4:	02000513          	li	a0,32
800022d8:	1c7d                	add	s8,s8,-1
800022da:	9982                	jalr	s3
800022dc:	fe0c1be3          	bnez	s8,800022d2 <vprintfmt+0x29c>
800022e0:	c666                	sw	s9,12(sp)
800022e2:	12412c83          	lw	s9,292(sp)
800022e6:	bb51                	j	8000207a <vprintfmt+0x44>
800022e8:	0d805d63          	blez	s8,800023c2 <vprintfmt+0x38c>
800022ec:	4722                	lw	a4,8(sp)
800022ee:	02d00793          	li	a5,45
800022f2:	00001a17          	auipc	s4,0x1
800022f6:	322a0a13          	add	s4,s4,802 # 80003614 <main+0xc8>
800022fa:	02800513          	li	a0,40
800022fe:	faf707e3          	beq	a4,a5,800022ac <vprintfmt+0x276>
80002302:	87d2                	mv	a5,s4
80002304:	009a06b3          	add	a3,s4,s1
80002308:	e489                	bnez	s1,80002312 <vprintfmt+0x2dc>
8000230a:	a829                	j	80002324 <vprintfmt+0x2ee>
8000230c:	0785                	add	a5,a5,1
8000230e:	00d78563          	beq	a5,a3,80002318 <vprintfmt+0x2e2>
80002312:	0007c703          	lbu	a4,0(a5)
80002316:	fb7d                	bnez	a4,8000230c <vprintfmt+0x2d6>
80002318:	414787b3          	sub	a5,a5,s4
8000231c:	40fc0c33          	sub	s8,s8,a5
80002320:	01805863          	blez	s8,80002330 <vprintfmt+0x2fa>
80002324:	4522                	lw	a0,8(sp)
80002326:	85ca                	mv	a1,s2
80002328:	1c7d                	add	s8,s8,-1
8000232a:	9982                	jalr	s3
8000232c:	fe0c1ce3          	bnez	s8,80002324 <vprintfmt+0x2ee>
80002330:	000a4503          	lbu	a0,0(s4)
80002334:	d555                	beqz	a0,800022e0 <vprintfmt+0x2aa>
80002336:	13612823          	sw	s6,304(sp)
8000233a:	bf9d                	j	800022b0 <vprintfmt+0x27a>
8000233c:	00174683          	lbu	a3,1(a4)
80002340:	0a0c6c33          	max	s8,s8,zero
80002344:	8722                	mv	a4,s0
80002346:	bb89                	j	80002098 <vprintfmt+0x62>
80002348:	47b2                	lw	a5,12(sp)
8000234a:	13912223          	sw	s9,292(sp)
8000234e:	85ca                	mv	a1,s2
80002350:	4388                	lw	a0,0(a5)
80002352:	00478c93          	add	s9,a5,4
80002356:	9982                	jalr	s3
80002358:	c666                	sw	s9,12(sp)
8000235a:	12412c83          	lw	s9,292(sp)
8000235e:	bb31                	j	8000207a <vprintfmt+0x44>
80002360:	47b2                	lw	a5,12(sp)
80002362:	13912223          	sw	s9,292(sp)
80002366:	00778c93          	add	s9,a5,7
8000236a:	ff8cfc93          	and	s9,s9,-8
8000236e:	008c8793          	add	a5,s9,8
80002372:	000ca483          	lw	s1,0(s9)
80002376:	004cad03          	lw	s10,4(s9)
8000237a:	c63e                	sw	a5,12(sp)
8000237c:	12412c83          	lw	s9,292(sp)
80002380:	bd31                	j	8000219c <vprintfmt+0x166>
80002382:	e374f6e3          	bgeu	s1,s7,800021ae <vprintfmt+0x178>
80002386:	4a01                	li	s4,0
80002388:	4b05                	li	s6,1
8000238a:	bdb1                	j	800021e6 <vprintfmt+0x1b0>
8000238c:	47b2                	lw	a5,12(sp)
8000238e:	13912223          	sw	s9,292(sp)
80002392:	00778c93          	add	s9,a5,7
80002396:	ff8cfc93          	and	s9,s9,-8
8000239a:	008c8793          	add	a5,s9,8
8000239e:	000ca483          	lw	s1,0(s9)
800023a2:	004cad03          	lw	s10,4(s9)
800023a6:	c63e                	sw	a5,12(sp)
800023a8:	12412c83          	lw	s9,292(sp)
800023ac:	bd61                	j	80002244 <vprintfmt+0x20e>
800023ae:	13612823          	sw	s6,304(sp)
800023b2:	4ba9                	li	s7,10
800023b4:	4d81                	li	s11,0
800023b6:	b5c9                	j	80002278 <vprintfmt+0x242>
800023b8:	13612823          	sw	s6,304(sp)
800023bc:	4ba1                	li	s7,8
800023be:	4d81                	li	s11,0
800023c0:	bd65                	j	80002278 <vprintfmt+0x242>
800023c2:	13612823          	sw	s6,304(sp)
800023c6:	00001a17          	auipc	s4,0x1
800023ca:	24ea0a13          	add	s4,s4,590 # 80003614 <main+0xc8>
800023ce:	02800513          	li	a0,40
800023d2:	5b7d                	li	s6,-1
800023d4:	bdf9                	j	800022b2 <vprintfmt+0x27c>
800023d6:	8722                	mv	a4,s0
800023d8:	bb8d                	j	8000214a <vprintfmt+0x114>

800023da <sprintf_putch.0>:
800023da:	419c                	lw	a5,0(a1)
800023dc:	00a78023          	sb	a0,0(a5)
800023e0:	419c                	lw	a5,0(a1)
800023e2:	0785                	add	a5,a5,1
800023e4:	c19c                	sw	a5,0(a1)
800023e6:	8082                	ret

800023e8 <setStats>:
800023e8:	b0002773          	csrr	a4,mcycle
800023ec:	00002797          	auipc	a5,0x2
800023f0:	36878793          	add	a5,a5,872 # 80004754 <counters>
800023f4:	c511                	beqz	a0,80002400 <setStats+0x18>
800023f6:	c398                	sw	a4,0(a5)
800023f8:	b0202773          	csrr	a4,minstret
800023fc:	c3d8                	sw	a4,4(a5)
800023fe:	8082                	ret
80002400:	4390                	lw	a2,0(a5)
80002402:	00002697          	auipc	a3,0x2
80002406:	34a68693          	add	a3,a3,842 # 8000474c <counter_names>
8000240a:	8f11                	sub	a4,a4,a2
8000240c:	00001617          	auipc	a2,0x1
80002410:	21460613          	add	a2,a2,532 # 80003620 <main+0xd4>
80002414:	c290                	sw	a2,0(a3)
80002416:	c398                	sw	a4,0(a5)
80002418:	b0202773          	csrr	a4,minstret
8000241c:	43d0                	lw	a2,4(a5)
8000241e:	00001597          	auipc	a1,0x1
80002422:	20a58593          	add	a1,a1,522 # 80003628 <main+0xdc>
80002426:	c2cc                	sw	a1,4(a3)
80002428:	8f11                	sub	a4,a4,a2
8000242a:	c3d8                	sw	a4,4(a5)
8000242c:	8082                	ret

8000242e <tohost_exit>:
8000242e:	00151693          	sll	a3,a0,0x1
80002432:	0016e713          	or	a4,a3,1
80002436:	fffff697          	auipc	a3,0xfffff
8000243a:	bca68693          	add	a3,a3,-1078 # 80001000 <tohost>
8000243e:	4781                	li	a5,0
80002440:	c298                	sw	a4,0(a3)
80002442:	c2dc                	sw	a5,4(a3)
80002444:	0000100f          	fence.i
80002448:	a001                	j	80002448 <tohost_exit+0x1a>

8000244a <handle_trap>:
8000244a:	1141                	add	sp,sp,-16
8000244c:	53900513          	li	a0,1337
80002450:	c606                	sw	ra,12(sp)
80002452:	3ff1                	jal	8000242e <tohost_exit>

80002454 <exit>:
80002454:	1141                	add	sp,sp,-16
80002456:	c606                	sw	ra,12(sp)
80002458:	3fd9                	jal	8000242e <tohost_exit>

8000245a <abort>:
8000245a:	1141                	add	sp,sp,-16
8000245c:	08600513          	li	a0,134
80002460:	c606                	sw	ra,12(sp)
80002462:	37f1                	jal	8000242e <tohost_exit>

80002464 <printstr>:
80002464:	00054783          	lbu	a5,0(a0)
80002468:	7119                	add	sp,sp,-128
8000246a:	03f10613          	add	a2,sp,63
8000246e:	882a                	mv	a6,a0
80002470:	fc067613          	and	a2,a2,-64
80002474:	4881                	li	a7,0
80002476:	cba5                	beqz	a5,800024e6 <printstr+0x82>
80002478:	87aa                	mv	a5,a0
8000247a:	0017c703          	lbu	a4,1(a5)
8000247e:	0785                	add	a5,a5,1
80002480:	ff6d                	bnez	a4,8000247a <printstr+0x16>
80002482:	40a78333          	sub	t1,a5,a0
80002486:	4381                	li	t2,0
80002488:	04000713          	li	a4,64
8000248c:	c218                	sw	a4,0(a2)
8000248e:	4781                	li	a5,0
80002490:	c25c                	sw	a5,4(a2)
80002492:	4705                	li	a4,1
80002494:	c618                	sw	a4,8(a2)
80002496:	4781                	li	a5,0
80002498:	c65c                	sw	a5,12(a2)
8000249a:	01062823          	sw	a6,16(a2)
8000249e:	01162a23          	sw	a7,20(a2)
800024a2:	00662c23          	sw	t1,24(a2)
800024a6:	00762e23          	sw	t2,28(a2)
800024aa:	0ff0000f          	fence
800024ae:	fffff697          	auipc	a3,0xfffff
800024b2:	b5268693          	add	a3,a3,-1198 # 80001000 <tohost>
800024b6:	4781                	li	a5,0
800024b8:	c290                	sw	a2,0(a3)
800024ba:	c2dc                	sw	a5,4(a3)
800024bc:	0000100f          	fence.i
800024c0:	fffff697          	auipc	a3,0xfffff
800024c4:	b8068693          	add	a3,a3,-1152 # 80001040 <fromhost>
800024c8:	4298                	lw	a4,0(a3)
800024ca:	42dc                	lw	a5,4(a3)
800024cc:	8f5d                	or	a4,a4,a5
800024ce:	df6d                	beqz	a4,800024c8 <printstr+0x64>
800024d0:	4781                	li	a5,0
800024d2:	c29c                	sw	a5,0(a3)
800024d4:	4801                	li	a6,0
800024d6:	0106a223          	sw	a6,4(a3)
800024da:	0ff0000f          	fence
800024de:	4218                	lw	a4,0(a2)
800024e0:	425c                	lw	a5,4(a2)
800024e2:	6109                	add	sp,sp,128
800024e4:	8082                	ret
800024e6:	4301                	li	t1,0
800024e8:	4381                	li	t2,0
800024ea:	bf79                	j	80002488 <printstr+0x24>

800024ec <thread_entry>:
800024ec:	c111                	beqz	a0,800024f0 <thread_entry+0x4>
800024ee:	a001                	j	800024ee <thread_entry+0x2>
800024f0:	8082                	ret

800024f2 <putchar>:
800024f2:	04022803          	lw	a6,64(tp) # 40 <buflen.1>
800024f6:	00020793          	mv	a5,tp
800024fa:	97c2                	add	a5,a5,a6
800024fc:	7119                	add	sp,sp,-128
800024fe:	00180713          	add	a4,a6,1
80002502:	04e22023          	sw	a4,64(tp) # 40 <buflen.1>
80002506:	00a78023          	sb	a0,0(a5)
8000250a:	03f10693          	add	a3,sp,63
8000250e:	47a9                	li	a5,10
80002510:	fc06f693          	and	a3,a3,-64
80002514:	00f50963          	beq	a0,a5,80002526 <putchar+0x34>
80002518:	04000793          	li	a5,64
8000251c:	00f70563          	beq	a4,a5,80002526 <putchar+0x34>
80002520:	4501                	li	a0,0
80002522:	6109                	add	sp,sp,128
80002524:	8082                	ret
80002526:	04000813          	li	a6,64
8000252a:	0106a023          	sw	a6,0(a3)
8000252e:	4881                	li	a7,0
80002530:	0116a223          	sw	a7,4(a3)
80002534:	4e05                	li	t3,1
80002536:	01c6a423          	sw	t3,8(a3)
8000253a:	4e81                	li	t4,0
8000253c:	01d6a623          	sw	t4,12(a3)
80002540:	00020313          	mv	t1,tp
80002544:	0066a823          	sw	t1,16(a3)
80002548:	4381                	li	t2,0
8000254a:	0076aa23          	sw	t2,20(a3)
8000254e:	ce98                	sw	a4,24(a3)
80002550:	41f75893          	sra	a7,a4,0x1f
80002554:	0116ae23          	sw	a7,28(a3)
80002558:	0ff0000f          	fence
8000255c:	fffff617          	auipc	a2,0xfffff
80002560:	aa460613          	add	a2,a2,-1372 # 80001000 <tohost>
80002564:	4781                	li	a5,0
80002566:	c214                	sw	a3,0(a2)
80002568:	c25c                	sw	a5,4(a2)
8000256a:	0000100f          	fence.i
8000256e:	fffff617          	auipc	a2,0xfffff
80002572:	ad260613          	add	a2,a2,-1326 # 80001040 <fromhost>
80002576:	4218                	lw	a4,0(a2)
80002578:	425c                	lw	a5,4(a2)
8000257a:	8f5d                	or	a4,a4,a5
8000257c:	df6d                	beqz	a4,80002576 <putchar+0x84>
8000257e:	4781                	li	a5,0
80002580:	c21c                	sw	a5,0(a2)
80002582:	4801                	li	a6,0
80002584:	01062223          	sw	a6,4(a2)
80002588:	0ff0000f          	fence
8000258c:	04022023          	sw	zero,64(tp) # 40 <buflen.1>
80002590:	4298                	lw	a4,0(a3)
80002592:	4501                	li	a0,0
80002594:	42dc                	lw	a5,4(a3)
80002596:	6109                	add	sp,sp,128
80002598:	8082                	ret

8000259a <printhex>:
8000259a:	7179                	add	sp,sp,-48
8000259c:	872a                	mv	a4,a0
8000259e:	d606                	sw	ra,44(sp)
800025a0:	0068                	add	a0,sp,12
800025a2:	01b10693          	add	a3,sp,27
800025a6:	4825                	li	a6,9
800025a8:	a011                	j	800025ac <printhex+0x12>
800025aa:	86be                	mv	a3,a5
800025ac:	00f77793          	and	a5,a4,15
800025b0:	00f837b3          	sltu	a5,a6,a5
800025b4:	40f007b3          	neg	a5,a5
800025b8:	0277f793          	and	a5,a5,39
800025bc:	00f77613          	and	a2,a4,15
800025c0:	03078793          	add	a5,a5,48
800025c4:	97b2                	add	a5,a5,a2
800025c6:	00f68023          	sb	a5,0(a3)
800025ca:	01c59613          	sll	a2,a1,0x1c
800025ce:	8311                	srl	a4,a4,0x4
800025d0:	fff68793          	add	a5,a3,-1
800025d4:	8f51                	or	a4,a4,a2
800025d6:	8191                	srl	a1,a1,0x4
800025d8:	fcd519e3          	bne	a0,a3,800025aa <printhex+0x10>
800025dc:	00010e23          	sb	zero,28(sp)
800025e0:	3551                	jal	80002464 <printstr>
800025e2:	50b2                	lw	ra,44(sp)
800025e4:	6145                	add	sp,sp,48
800025e6:	8082                	ret

800025e8 <printf>:
800025e8:	7139                	add	sp,sp,-64
800025ea:	02410313          	add	t1,sp,36
800025ee:	d22e                	sw	a1,36(sp)
800025f0:	d432                	sw	a2,40(sp)
800025f2:	d636                	sw	a3,44(sp)
800025f4:	862a                	mv	a2,a0
800025f6:	869a                	mv	a3,t1
800025f8:	00000517          	auipc	a0,0x0
800025fc:	a2450513          	add	a0,a0,-1500 # 8000201c <cputchar>
80002600:	4581                	li	a1,0
80002602:	ce06                	sw	ra,28(sp)
80002604:	d83a                	sw	a4,48(sp)
80002606:	da3e                	sw	a5,52(sp)
80002608:	dc42                	sw	a6,56(sp)
8000260a:	de46                	sw	a7,60(sp)
8000260c:	c61a                	sw	t1,12(sp)
8000260e:	3425                	jal	80002036 <vprintfmt>
80002610:	40f2                	lw	ra,28(sp)
80002612:	4501                	li	a0,0
80002614:	6121                	add	sp,sp,64
80002616:	8082                	ret

80002618 <sprintf>:
80002618:	715d                	add	sp,sp,-80
8000261a:	03810e13          	add	t3,sp,56
8000261e:	d422                	sw	s0,40(sp)
80002620:	c62a                	sw	a0,12(sp)
80002622:	842a                	mv	s0,a0
80002624:	dc32                	sw	a2,56(sp)
80002626:	de36                	sw	a3,60(sp)
80002628:	862e                	mv	a2,a1
8000262a:	00000517          	auipc	a0,0x0
8000262e:	db050513          	add	a0,a0,-592 # 800023da <sprintf_putch.0>
80002632:	006c                	add	a1,sp,12
80002634:	86f2                	mv	a3,t3
80002636:	d606                	sw	ra,44(sp)
80002638:	c2be                	sw	a5,68(sp)
8000263a:	c0ba                	sw	a4,64(sp)
8000263c:	c4c2                	sw	a6,72(sp)
8000263e:	c6c6                	sw	a7,76(sp)
80002640:	ce72                	sw	t3,28(sp)
80002642:	3ad5                	jal	80002036 <vprintfmt>
80002644:	47b2                	lw	a5,12(sp)
80002646:	00078023          	sb	zero,0(a5)
8000264a:	4532                	lw	a0,12(sp)
8000264c:	50b2                	lw	ra,44(sp)
8000264e:	8d01                	sub	a0,a0,s0
80002650:	5422                	lw	s0,40(sp)
80002652:	6161                	add	sp,sp,80
80002654:	8082                	ret

80002656 <memcpy>:
80002656:	00c5e7b3          	or	a5,a1,a2
8000265a:	8fc9                	or	a5,a5,a0
8000265c:	8b8d                	and	a5,a5,3
8000265e:	00c50833          	add	a6,a0,a2
80002662:	cf91                	beqz	a5,8000267e <memcpy+0x28>
80002664:	962e                	add	a2,a2,a1
80002666:	87aa                	mv	a5,a0
80002668:	09057b63          	bgeu	a0,a6,800026fe <memcpy+0xa8>
8000266c:	0005c703          	lbu	a4,0(a1)
80002670:	0585                	add	a1,a1,1
80002672:	0785                	add	a5,a5,1
80002674:	fee78fa3          	sb	a4,-1(a5)
80002678:	fec59ae3          	bne	a1,a2,8000266c <memcpy+0x16>
8000267c:	8082                	ret
8000267e:	02050693          	add	a3,a0,32
80002682:	0706ff63          	bgeu	a3,a6,80002700 <memcpy+0xaa>
80002686:	87b6                	mv	a5,a3
80002688:	872e                	mv	a4,a1
8000268a:	00072383          	lw	t2,0(a4)
8000268e:	00472283          	lw	t0,4(a4)
80002692:	00872f83          	lw	t6,8(a4)
80002696:	00c72f03          	lw	t5,12(a4)
8000269a:	01072e83          	lw	t4,16(a4)
8000269e:	01472e03          	lw	t3,20(a4)
800026a2:	01872303          	lw	t1,24(a4)
800026a6:	01c72883          	lw	a7,28(a4)
800026aa:	02078793          	add	a5,a5,32
800026ae:	fc77a023          	sw	t2,-64(a5)
800026b2:	fc57a223          	sw	t0,-60(a5)
800026b6:	fdf7a423          	sw	t6,-56(a5)
800026ba:	fde7a623          	sw	t5,-52(a5)
800026be:	fdd7a823          	sw	t4,-48(a5)
800026c2:	fdc7aa23          	sw	t3,-44(a5)
800026c6:	fc67ac23          	sw	t1,-40(a5)
800026ca:	fd17ae23          	sw	a7,-36(a5)
800026ce:	02070713          	add	a4,a4,32
800026d2:	fb07ece3          	bltu	a5,a6,8000268a <memcpy+0x34>
800026d6:	fdf60613          	add	a2,a2,-33
800026da:	fe067793          	and	a5,a2,-32
800026de:	02078793          	add	a5,a5,32
800026e2:	9a01                	and	a2,a2,-32
800026e4:	95be                	add	a1,a1,a5
800026e6:	00c687b3          	add	a5,a3,a2
800026ea:	f907f9e3          	bgeu	a5,a6,8000267c <memcpy+0x26>
800026ee:	4198                	lw	a4,0(a1)
800026f0:	0791                	add	a5,a5,4
800026f2:	0591                	add	a1,a1,4
800026f4:	fee7ae23          	sw	a4,-4(a5)
800026f8:	ff07ebe3          	bltu	a5,a6,800026ee <memcpy+0x98>
800026fc:	8082                	ret
800026fe:	8082                	ret
80002700:	87aa                	mv	a5,a0
80002702:	b7e5                	j	800026ea <memcpy+0x94>

80002704 <memset>:
80002704:	00c567b3          	or	a5,a0,a2
80002708:	8b8d                	and	a5,a5,3
8000270a:	962a                	add	a2,a2,a0
8000270c:	cf81                	beqz	a5,80002724 <memset+0x20>
8000270e:	0ff5f593          	zext.b	a1,a1
80002712:	87aa                	mv	a5,a0
80002714:	02c57963          	bgeu	a0,a2,80002746 <memset+0x42>
80002718:	0785                	add	a5,a5,1
8000271a:	feb78fa3          	sb	a1,-1(a5)
8000271e:	fec79de3          	bne	a5,a2,80002718 <memset+0x14>
80002722:	8082                	ret
80002724:	0ff5f593          	zext.b	a1,a1
80002728:	00859713          	sll	a4,a1,0x8
8000272c:	972e                	add	a4,a4,a1
8000272e:	01071793          	sll	a5,a4,0x10
80002732:	973e                	add	a4,a4,a5
80002734:	fec577e3          	bgeu	a0,a2,80002722 <memset+0x1e>
80002738:	87aa                	mv	a5,a0
8000273a:	0791                	add	a5,a5,4
8000273c:	fee7ae23          	sw	a4,-4(a5)
80002740:	fec7ede3          	bltu	a5,a2,8000273a <memset+0x36>
80002744:	8082                	ret
80002746:	8082                	ret

80002748 <_init>:
80002748:	7135                	add	sp,sp,-160
8000274a:	00002797          	auipc	a5,0x2
8000274e:	01278793          	add	a5,a5,18 # 8000475c <_tdata_begin>
80002752:	c552                	sw	s4,136(sp)
80002754:	00002a17          	auipc	s4,0x2
80002758:	008a0a13          	add	s4,s4,8 # 8000475c <_tdata_begin>
8000275c:	c74e                	sw	s3,140(sp)
8000275e:	40fa09b3          	sub	s3,s4,a5
80002762:	cb26                	sw	s1,148(sp)
80002764:	c94a                	sw	s2,144(sp)
80002766:	84aa                	mv	s1,a0
80002768:	892e                	mv	s2,a1
8000276a:	8512                	mv	a0,tp
8000276c:	85be                	mv	a1,a5
8000276e:	864e                	mv	a2,s3
80002770:	cf06                	sw	ra,156(sp)
80002772:	cd22                	sw	s0,152(sp)
80002774:	c356                	sw	s5,132(sp)
80002776:	8a92                	mv	s5,tp
80002778:	3df9                	jal	80002656 <memcpy>
8000277a:	87818613          	add	a2,gp,-1928 # 800047c4 <_tbss_end>
8000277e:	41460633          	sub	a2,a2,s4
80002782:	4581                	li	a1,0
80002784:	013a8533          	add	a0,s5,s3
80002788:	3fb5                	jal	80002704 <memset>
8000278a:	85ca                	mv	a1,s2
8000278c:	8526                	mv	a0,s1
8000278e:	3bb9                	jal	800024ec <thread_entry>
80002790:	03f10413          	add	s0,sp,63
80002794:	00001517          	auipc	a0,0x1
80002798:	eb850513          	add	a0,a0,-328 # 8000364c <main+0x100>
8000279c:	35b1                	jal	800025e8 <printf>
8000279e:	fc047413          	and	s0,s0,-64
800027a2:	b0002a73          	csrr	s4,mcycle
800027a6:	b0202973          	csrr	s2,minstret
800027aa:	4581                	li	a1,0
800027ac:	4501                	li	a0,0
800027ae:	59f000ef          	jal	8000354c <main>
800027b2:	84aa                	mv	s1,a0
800027b4:	b00025f3          	csrr	a1,mcycle
800027b8:	b02029f3          	csrr	s3,minstret
800027bc:	00001517          	auipc	a0,0x1
800027c0:	ea050513          	add	a0,a0,-352 # 8000365c <main+0x110>
800027c4:	414585b3          	sub	a1,a1,s4
800027c8:	3505                	jal	800025e8 <printf>
800027ca:	412985b3          	sub	a1,s3,s2
800027ce:	00001517          	auipc	a0,0x1
800027d2:	ea250513          	add	a0,a0,-350 # 80003670 <main+0x124>
800027d6:	3d09                	jal	800025e8 <printf>
800027d8:	00002917          	auipc	s2,0x2
800027dc:	f7c90913          	add	s2,s2,-132 # 80004754 <counters>
800027e0:	00092683          	lw	a3,0(s2)
800027e4:	ea8d                	bnez	a3,80002816 <_init+0xce>
800027e6:	00492683          	lw	a3,4(s2)
800027ea:	e299                	bnez	a3,800027f0 <_init+0xa8>
800027ec:	8526                	mv	a0,s1
800027ee:	3181                	jal	8000242e <tohost_exit>
800027f0:	8922                	mv	s2,s0
800027f2:	00002997          	auipc	s3,0x2
800027f6:	f5a98993          	add	s3,s3,-166 # 8000474c <counter_names>
800027fa:	0049a603          	lw	a2,4(s3)
800027fe:	854a                	mv	a0,s2
80002800:	00001597          	auipc	a1,0x1
80002804:	e8858593          	add	a1,a1,-376 # 80003688 <main+0x13c>
80002808:	3d01                	jal	80002618 <sprintf>
8000280a:	992a                	add	s2,s2,a0
8000280c:	ff2400e3          	beq	s0,s2,800027ec <_init+0xa4>
80002810:	8522                	mv	a0,s0
80002812:	3989                	jal	80002464 <printstr>
80002814:	bfe1                	j	800027ec <_init+0xa4>
80002816:	00002997          	auipc	s3,0x2
8000281a:	f3698993          	add	s3,s3,-202 # 8000474c <counter_names>
8000281e:	0009a603          	lw	a2,0(s3)
80002822:	00001597          	auipc	a1,0x1
80002826:	e6658593          	add	a1,a1,-410 # 80003688 <main+0x13c>
8000282a:	8522                	mv	a0,s0
8000282c:	33f5                	jal	80002618 <sprintf>
8000282e:	00492683          	lw	a3,4(s2)
80002832:	00a40933          	add	s2,s0,a0
80002836:	daf9                	beqz	a3,8000280c <_init+0xc4>
80002838:	b7c9                	j	800027fa <_init+0xb2>

8000283a <strlen>:
8000283a:	00054783          	lbu	a5,0(a0)
8000283e:	cb89                	beqz	a5,80002850 <strlen+0x16>
80002840:	87aa                	mv	a5,a0
80002842:	0017c703          	lbu	a4,1(a5)
80002846:	0785                	add	a5,a5,1
80002848:	ff6d                	bnez	a4,80002842 <strlen+0x8>
8000284a:	40a78533          	sub	a0,a5,a0
8000284e:	8082                	ret
80002850:	4501                	li	a0,0
80002852:	8082                	ret

80002854 <strnlen>:
80002854:	00b506b3          	add	a3,a0,a1
80002858:	87aa                	mv	a5,a0
8000285a:	e589                	bnez	a1,80002864 <strnlen+0x10>
8000285c:	a829                	j	80002876 <strnlen+0x22>
8000285e:	0785                	add	a5,a5,1
80002860:	00f68863          	beq	a3,a5,80002870 <strnlen+0x1c>
80002864:	0007c703          	lbu	a4,0(a5)
80002868:	fb7d                	bnez	a4,8000285e <strnlen+0xa>
8000286a:	40a78533          	sub	a0,a5,a0
8000286e:	8082                	ret
80002870:	40a68533          	sub	a0,a3,a0
80002874:	8082                	ret
80002876:	4501                	li	a0,0
80002878:	8082                	ret

8000287a <strcmp>:
8000287a:	00054783          	lbu	a5,0(a0)
8000287e:	0585                	add	a1,a1,1
80002880:	0505                	add	a0,a0,1
80002882:	fff5c703          	lbu	a4,-1(a1)
80002886:	c791                	beqz	a5,80002892 <strcmp+0x18>
80002888:	fee789e3          	beq	a5,a4,8000287a <strcmp>
8000288c:	40e78533          	sub	a0,a5,a4
80002890:	8082                	ret
80002892:	4781                	li	a5,0
80002894:	bfe5                	j	8000288c <strcmp+0x12>

80002896 <strcpy>:
80002896:	87aa                	mv	a5,a0
80002898:	0005c703          	lbu	a4,0(a1)
8000289c:	0785                	add	a5,a5,1
8000289e:	0585                	add	a1,a1,1
800028a0:	fee78fa3          	sb	a4,-1(a5)
800028a4:	fb75                	bnez	a4,80002898 <strcpy+0x2>
800028a6:	8082                	ret

800028a8 <atol>:
800028a8:	00054703          	lbu	a4,0(a0)
800028ac:	02000693          	li	a3,32
800028b0:	87aa                	mv	a5,a0
800028b2:	00d71763          	bne	a4,a3,800028c0 <atol+0x18>
800028b6:	0017c703          	lbu	a4,1(a5)
800028ba:	0785                	add	a5,a5,1
800028bc:	fed70de3          	beq	a4,a3,800028b6 <atol+0xe>
800028c0:	02d00693          	li	a3,45
800028c4:	02d70f63          	beq	a4,a3,80002902 <atol+0x5a>
800028c8:	02b00693          	li	a3,43
800028cc:	02d70563          	beq	a4,a3,800028f6 <atol+0x4e>
800028d0:	0007c703          	lbu	a4,0(a5)
800028d4:	4601                	li	a2,0
800028d6:	cb1d                	beqz	a4,8000290c <atol+0x64>
800028d8:	4501                	li	a0,0
800028da:	0785                	add	a5,a5,1
800028dc:	fd070693          	add	a3,a4,-48
800028e0:	0007c703          	lbu	a4,0(a5)
800028e4:	20a54533          	sh2add	a0,a0,a0
800028e8:	20d52533          	sh1add	a0,a0,a3
800028ec:	f77d                	bnez	a4,800028da <atol+0x32>
800028ee:	c205                	beqz	a2,8000290e <atol+0x66>
800028f0:	40a00533          	neg	a0,a0
800028f4:	8082                	ret
800028f6:	0017c703          	lbu	a4,1(a5)
800028fa:	0785                	add	a5,a5,1
800028fc:	cb01                	beqz	a4,8000290c <atol+0x64>
800028fe:	4601                	li	a2,0
80002900:	bfe1                	j	800028d8 <atol+0x30>
80002902:	0017c703          	lbu	a4,1(a5)
80002906:	4605                	li	a2,1
80002908:	0785                	add	a5,a5,1
8000290a:	f779                	bnez	a4,800028d8 <atol+0x30>
8000290c:	4501                	li	a0,0
8000290e:	8082                	ret

80002910 <__moddi3>:
80002910:	00058e13          	mv	t3,a1
80002914:	00000813          	li	a6,0
80002918:	0005dc63          	bgez	a1,80002930 <__moddi3+0x20>
8000291c:	00a037b3          	snez	a5,a0
80002920:	40b00e33          	neg	t3,a1
80002924:	40fe0e33          	sub	t3,t3,a5
80002928:	40a00533          	neg	a0,a0
8000292c:	fff00813          	li	a6,-1
80002930:	0006da63          	bgez	a3,80002944 <__moddi3+0x34>
80002934:	00c037b3          	snez	a5,a2
80002938:	40d006b3          	neg	a3,a3
8000293c:	40f686b3          	sub	a3,a3,a5
80002940:	40c00633          	neg	a2,a2
80002944:	00060893          	mv	a7,a2
80002948:	00050793          	mv	a5,a0
8000294c:	000e0593          	mv	a1,t3
80002950:	22069063          	bnez	a3,80002b70 <__moddi3+0x260>
80002954:	80003737          	lui	a4,0x80003
80002958:	7ec70713          	add	a4,a4,2028 # 800037ec <__clz_tab>
8000295c:	0ece7663          	bgeu	t3,a2,80002a48 <__moddi3+0x138>
80002960:	000106b7          	lui	a3,0x10
80002964:	0cd67863          	bgeu	a2,a3,80002a34 <__moddi3+0x124>
80002968:	10063693          	sltiu	a3,a2,256
8000296c:	0016b693          	seqz	a3,a3
80002970:	00369693          	sll	a3,a3,0x3
80002974:	00d65333          	srl	t1,a2,a3
80002978:	00670733          	add	a4,a4,t1
8000297c:	00074703          	lbu	a4,0(a4)
80002980:	00d70733          	add	a4,a4,a3
80002984:	02000693          	li	a3,32
80002988:	40e68333          	sub	t1,a3,a4
8000298c:	00e68c63          	beq	a3,a4,800029a4 <__moddi3+0x94>
80002990:	006e15b3          	sll	a1,t3,t1
80002994:	00e55733          	srl	a4,a0,a4
80002998:	006618b3          	sll	a7,a2,t1
8000299c:	00b765b3          	or	a1,a4,a1
800029a0:	006517b3          	sll	a5,a0,t1
800029a4:	0108d613          	srl	a2,a7,0x10
800029a8:	02c5d6b3          	divu	a3,a1,a2
800029ac:	01089513          	sll	a0,a7,0x10
800029b0:	01055513          	srl	a0,a0,0x10
800029b4:	0107d713          	srl	a4,a5,0x10
800029b8:	02c5f5b3          	remu	a1,a1,a2
800029bc:	02a686b3          	mul	a3,a3,a0
800029c0:	01059593          	sll	a1,a1,0x10
800029c4:	00b76733          	or	a4,a4,a1
800029c8:	00d77a63          	bgeu	a4,a3,800029dc <__moddi3+0xcc>
800029cc:	00e88733          	add	a4,a7,a4
800029d0:	01176663          	bltu	a4,a7,800029dc <__moddi3+0xcc>
800029d4:	00d77463          	bgeu	a4,a3,800029dc <__moddi3+0xcc>
800029d8:	01170733          	add	a4,a4,a7
800029dc:	40d70733          	sub	a4,a4,a3
800029e0:	02c756b3          	divu	a3,a4,a2
800029e4:	02c77733          	remu	a4,a4,a2
800029e8:	02a686b3          	mul	a3,a3,a0
800029ec:	01079793          	sll	a5,a5,0x10
800029f0:	01071713          	sll	a4,a4,0x10
800029f4:	0107d793          	srl	a5,a5,0x10
800029f8:	00e7e7b3          	or	a5,a5,a4
800029fc:	00d7fa63          	bgeu	a5,a3,80002a10 <__moddi3+0x100>
80002a00:	00f887b3          	add	a5,a7,a5
80002a04:	0117e663          	bltu	a5,a7,80002a10 <__moddi3+0x100>
80002a08:	00d7f463          	bgeu	a5,a3,80002a10 <__moddi3+0x100>
80002a0c:	011787b3          	add	a5,a5,a7
80002a10:	40d787b3          	sub	a5,a5,a3
80002a14:	0067d533          	srl	a0,a5,t1
80002a18:	00000593          	li	a1,0
80002a1c:	00080a63          	beqz	a6,80002a30 <__moddi3+0x120>
80002a20:	00a037b3          	snez	a5,a0
80002a24:	40b005b3          	neg	a1,a1
80002a28:	40f585b3          	sub	a1,a1,a5
80002a2c:	40a00533          	neg	a0,a0
80002a30:	00008067          	ret
80002a34:	01000337          	lui	t1,0x1000
80002a38:	01800693          	li	a3,24
80002a3c:	f2667ce3          	bgeu	a2,t1,80002974 <__moddi3+0x64>
80002a40:	01000693          	li	a3,16
80002a44:	f31ff06f          	j	80002974 <__moddi3+0x64>
80002a48:	00000693          	li	a3,0
80002a4c:	00060c63          	beqz	a2,80002a64 <__moddi3+0x154>
80002a50:	000106b7          	lui	a3,0x10
80002a54:	06d67e63          	bgeu	a2,a3,80002ad0 <__moddi3+0x1c0>
80002a58:	10063693          	sltiu	a3,a2,256
80002a5c:	0016b693          	seqz	a3,a3
80002a60:	00369693          	sll	a3,a3,0x3
80002a64:	00d655b3          	srl	a1,a2,a3
80002a68:	00b70733          	add	a4,a4,a1
80002a6c:	00074703          	lbu	a4,0(a4)
80002a70:	00d70733          	add	a4,a4,a3
80002a74:	02000693          	li	a3,32
80002a78:	40e68333          	sub	t1,a3,a4
80002a7c:	06e69463          	bne	a3,a4,80002ae4 <__moddi3+0x1d4>
80002a80:	40ce0733          	sub	a4,t3,a2
80002a84:	0108d593          	srl	a1,a7,0x10
80002a88:	02b75633          	divu	a2,a4,a1
80002a8c:	01089513          	sll	a0,a7,0x10
80002a90:	01055513          	srl	a0,a0,0x10
80002a94:	0107d693          	srl	a3,a5,0x10
80002a98:	02b77733          	remu	a4,a4,a1
80002a9c:	02a60633          	mul	a2,a2,a0
80002aa0:	01071713          	sll	a4,a4,0x10
80002aa4:	00e6e733          	or	a4,a3,a4
80002aa8:	00c77a63          	bgeu	a4,a2,80002abc <__moddi3+0x1ac>
80002aac:	00e88733          	add	a4,a7,a4
80002ab0:	01176663          	bltu	a4,a7,80002abc <__moddi3+0x1ac>
80002ab4:	00c77463          	bgeu	a4,a2,80002abc <__moddi3+0x1ac>
80002ab8:	01170733          	add	a4,a4,a7
80002abc:	40c70733          	sub	a4,a4,a2
80002ac0:	02b756b3          	divu	a3,a4,a1
80002ac4:	02b77733          	remu	a4,a4,a1
80002ac8:	02a686b3          	mul	a3,a3,a0
80002acc:	f21ff06f          	j	800029ec <__moddi3+0xdc>
80002ad0:	010005b7          	lui	a1,0x1000
80002ad4:	01800693          	li	a3,24
80002ad8:	f8b676e3          	bgeu	a2,a1,80002a64 <__moddi3+0x154>
80002adc:	01000693          	li	a3,16
80002ae0:	f85ff06f          	j	80002a64 <__moddi3+0x154>
80002ae4:	006618b3          	sll	a7,a2,t1
80002ae8:	00ee56b3          	srl	a3,t3,a4
80002aec:	006517b3          	sll	a5,a0,t1
80002af0:	00e55733          	srl	a4,a0,a4
80002af4:	0108d513          	srl	a0,a7,0x10
80002af8:	02a6d5b3          	divu	a1,a3,a0
80002afc:	006e1e33          	sll	t3,t3,t1
80002b00:	01c76733          	or	a4,a4,t3
80002b04:	01089e13          	sll	t3,a7,0x10
80002b08:	010e5e13          	srl	t3,t3,0x10
80002b0c:	02a6f6b3          	remu	a3,a3,a0
80002b10:	03c585b3          	mul	a1,a1,t3
80002b14:	01069613          	sll	a2,a3,0x10
80002b18:	01075693          	srl	a3,a4,0x10
80002b1c:	00c6e6b3          	or	a3,a3,a2
80002b20:	00b6fa63          	bgeu	a3,a1,80002b34 <__moddi3+0x224>
80002b24:	00d886b3          	add	a3,a7,a3
80002b28:	0116e663          	bltu	a3,a7,80002b34 <__moddi3+0x224>
80002b2c:	00b6f463          	bgeu	a3,a1,80002b34 <__moddi3+0x224>
80002b30:	011686b3          	add	a3,a3,a7
80002b34:	40b686b3          	sub	a3,a3,a1
80002b38:	02a6d633          	divu	a2,a3,a0
80002b3c:	01071713          	sll	a4,a4,0x10
80002b40:	01075713          	srl	a4,a4,0x10
80002b44:	02a6f6b3          	remu	a3,a3,a0
80002b48:	03c60633          	mul	a2,a2,t3
80002b4c:	01069693          	sll	a3,a3,0x10
80002b50:	00d76733          	or	a4,a4,a3
80002b54:	00c77a63          	bgeu	a4,a2,80002b68 <__moddi3+0x258>
80002b58:	00e88733          	add	a4,a7,a4
80002b5c:	01176663          	bltu	a4,a7,80002b68 <__moddi3+0x258>
80002b60:	00c77463          	bgeu	a4,a2,80002b68 <__moddi3+0x258>
80002b64:	01170733          	add	a4,a4,a7
80002b68:	40c70733          	sub	a4,a4,a2
80002b6c:	f19ff06f          	j	80002a84 <__moddi3+0x174>
80002b70:	eade66e3          	bltu	t3,a3,80002a1c <__moddi3+0x10c>
80002b74:	00010737          	lui	a4,0x10
80002b78:	04e6fc63          	bgeu	a3,a4,80002bd0 <__moddi3+0x2c0>
80002b7c:	1006b713          	sltiu	a4,a3,256
80002b80:	00173713          	seqz	a4,a4
80002b84:	00371713          	sll	a4,a4,0x3
80002b88:	800038b7          	lui	a7,0x80003
80002b8c:	00e6d333          	srl	t1,a3,a4
80002b90:	7ec88893          	add	a7,a7,2028 # 800037ec <__clz_tab>
80002b94:	006888b3          	add	a7,a7,t1
80002b98:	0008c883          	lbu	a7,0(a7)
80002b9c:	02000313          	li	t1,32
80002ba0:	00e888b3          	add	a7,a7,a4
80002ba4:	41130733          	sub	a4,t1,a7
80002ba8:	03131e63          	bne	t1,a7,80002be4 <__moddi3+0x2d4>
80002bac:	01c6e463          	bltu	a3,t3,80002bb4 <__moddi3+0x2a4>
80002bb0:	00c56c63          	bltu	a0,a2,80002bc8 <__moddi3+0x2b8>
80002bb4:	40c50633          	sub	a2,a0,a2
80002bb8:	40de06b3          	sub	a3,t3,a3
80002bbc:	00c535b3          	sltu	a1,a0,a2
80002bc0:	00060793          	mv	a5,a2
80002bc4:	40b685b3          	sub	a1,a3,a1
80002bc8:	00078513          	mv	a0,a5
80002bcc:	e51ff06f          	j	80002a1c <__moddi3+0x10c>
80002bd0:	010008b7          	lui	a7,0x1000
80002bd4:	01800713          	li	a4,24
80002bd8:	fb16f8e3          	bgeu	a3,a7,80002b88 <__moddi3+0x278>
80002bdc:	01000713          	li	a4,16
80002be0:	fa9ff06f          	j	80002b88 <__moddi3+0x278>
80002be4:	00e696b3          	sll	a3,a3,a4
80002be8:	01165333          	srl	t1,a2,a7
80002bec:	00d36333          	or	t1,t1,a3
80002bf0:	011e57b3          	srl	a5,t3,a7
80002bf4:	01035e93          	srl	t4,t1,0x10
80002bf8:	03d7dfb3          	divu	t6,a5,t4
80002bfc:	00ee1e33          	sll	t3,t3,a4
80002c00:	011555b3          	srl	a1,a0,a7
80002c04:	01c5e5b3          	or	a1,a1,t3
80002c08:	01031e13          	sll	t3,t1,0x10
80002c0c:	010e5e13          	srl	t3,t3,0x10
80002c10:	00e61633          	sll	a2,a2,a4
80002c14:	00e51533          	sll	a0,a0,a4
80002c18:	03d7f7b3          	remu	a5,a5,t4
80002c1c:	03fe0f33          	mul	t5,t3,t6
80002c20:	01079693          	sll	a3,a5,0x10
80002c24:	0105d793          	srl	a5,a1,0x10
80002c28:	00d7e7b3          	or	a5,a5,a3
80002c2c:	000f8693          	mv	a3,t6
80002c30:	01e7fe63          	bgeu	a5,t5,80002c4c <__moddi3+0x33c>
80002c34:	00f307b3          	add	a5,t1,a5
80002c38:	ffff8693          	add	a3,t6,-1
80002c3c:	0067e863          	bltu	a5,t1,80002c4c <__moddi3+0x33c>
80002c40:	01e7f663          	bgeu	a5,t5,80002c4c <__moddi3+0x33c>
80002c44:	ffef8693          	add	a3,t6,-2
80002c48:	006787b3          	add	a5,a5,t1
80002c4c:	41e787b3          	sub	a5,a5,t5
80002c50:	03d7df33          	divu	t5,a5,t4
80002c54:	01059593          	sll	a1,a1,0x10
80002c58:	0105d593          	srl	a1,a1,0x10
80002c5c:	03d7f7b3          	remu	a5,a5,t4
80002c60:	03ee0e33          	mul	t3,t3,t5
80002c64:	01079793          	sll	a5,a5,0x10
80002c68:	00f5e5b3          	or	a1,a1,a5
80002c6c:	000f0793          	mv	a5,t5
80002c70:	01c5fe63          	bgeu	a1,t3,80002c8c <__moddi3+0x37c>
80002c74:	00b305b3          	add	a1,t1,a1
80002c78:	ffff0793          	add	a5,t5,-1
80002c7c:	0065e863          	bltu	a1,t1,80002c8c <__moddi3+0x37c>
80002c80:	01c5f663          	bgeu	a1,t3,80002c8c <__moddi3+0x37c>
80002c84:	ffef0793          	add	a5,t5,-2
80002c88:	006585b3          	add	a1,a1,t1
80002c8c:	01069693          	sll	a3,a3,0x10
80002c90:	00010fb7          	lui	t6,0x10
80002c94:	00f6e6b3          	or	a3,a3,a5
80002c98:	41c585b3          	sub	a1,a1,t3
80002c9c:	ffff8e13          	add	t3,t6,-1 # ffff <buflen.1+0xffbf>
80002ca0:	01c6f7b3          	and	a5,a3,t3
80002ca4:	01065e93          	srl	t4,a2,0x10
80002ca8:	0106d693          	srl	a3,a3,0x10
80002cac:	01c67e33          	and	t3,a2,t3
80002cb0:	03c78f33          	mul	t5,a5,t3
80002cb4:	03c68e33          	mul	t3,a3,t3
80002cb8:	03d787b3          	mul	a5,a5,t4
80002cbc:	03d686b3          	mul	a3,a3,t4
80002cc0:	01c78eb3          	add	t4,a5,t3
80002cc4:	010f5793          	srl	a5,t5,0x10
80002cc8:	01d787b3          	add	a5,a5,t4
80002ccc:	01c7f463          	bgeu	a5,t3,80002cd4 <__moddi3+0x3c4>
80002cd0:	01f686b3          	add	a3,a3,t6
80002cd4:	0107de13          	srl	t3,a5,0x10
80002cd8:	00de06b3          	add	a3,t3,a3
80002cdc:	00010e37          	lui	t3,0x10
80002ce0:	fffe0e13          	add	t3,t3,-1 # ffff <buflen.1+0xffbf>
80002ce4:	01c7f7b3          	and	a5,a5,t3
80002ce8:	01079793          	sll	a5,a5,0x10
80002cec:	01cf7f33          	and	t5,t5,t3
80002cf0:	01e787b3          	add	a5,a5,t5
80002cf4:	00d5e663          	bltu	a1,a3,80002d00 <__moddi3+0x3f0>
80002cf8:	00d59e63          	bne	a1,a3,80002d14 <__moddi3+0x404>
80002cfc:	00f57c63          	bgeu	a0,a5,80002d14 <__moddi3+0x404>
80002d00:	40c78633          	sub	a2,a5,a2
80002d04:	00c7be33          	sltu	t3,a5,a2
80002d08:	00060793          	mv	a5,a2
80002d0c:	006e0633          	add	a2,t3,t1
80002d10:	40c686b3          	sub	a3,a3,a2
80002d14:	40f507b3          	sub	a5,a0,a5
80002d18:	00f53533          	sltu	a0,a0,a5
80002d1c:	40d585b3          	sub	a1,a1,a3
80002d20:	40a585b3          	sub	a1,a1,a0
80002d24:	011598b3          	sll	a7,a1,a7
80002d28:	00e7d7b3          	srl	a5,a5,a4
80002d2c:	00f8e533          	or	a0,a7,a5
80002d30:	00e5d5b3          	srl	a1,a1,a4
80002d34:	ce9ff06f          	j	80002a1c <__moddi3+0x10c>

80002d38 <__udivdi3>:
80002d38:	00050893          	mv	a7,a0
80002d3c:	00058313          	mv	t1,a1
80002d40:	00060713          	mv	a4,a2
80002d44:	00050813          	mv	a6,a0
80002d48:	00058793          	mv	a5,a1
80002d4c:	28069263          	bnez	a3,80002fd0 <__udivdi3+0x298>
80002d50:	800035b7          	lui	a1,0x80003
80002d54:	7ec58593          	add	a1,a1,2028 # 800037ec <__clz_tab>
80002d58:	0ec37663          	bgeu	t1,a2,80002e44 <__udivdi3+0x10c>
80002d5c:	000106b7          	lui	a3,0x10
80002d60:	0cd67863          	bgeu	a2,a3,80002e30 <__udivdi3+0xf8>
80002d64:	10063693          	sltiu	a3,a2,256
80002d68:	0016b693          	seqz	a3,a3
80002d6c:	00369693          	sll	a3,a3,0x3
80002d70:	00d65533          	srl	a0,a2,a3
80002d74:	00a585b3          	add	a1,a1,a0
80002d78:	0005c583          	lbu	a1,0(a1)
80002d7c:	02000513          	li	a0,32
80002d80:	00d586b3          	add	a3,a1,a3
80002d84:	40d505b3          	sub	a1,a0,a3
80002d88:	00d50c63          	beq	a0,a3,80002da0 <__udivdi3+0x68>
80002d8c:	00b317b3          	sll	a5,t1,a1
80002d90:	00d8d6b3          	srl	a3,a7,a3
80002d94:	00b61733          	sll	a4,a2,a1
80002d98:	00f6e7b3          	or	a5,a3,a5
80002d9c:	00b89833          	sll	a6,a7,a1
80002da0:	01075593          	srl	a1,a4,0x10
80002da4:	02b7d333          	divu	t1,a5,a1
80002da8:	01071613          	sll	a2,a4,0x10
80002dac:	01065613          	srl	a2,a2,0x10
80002db0:	02b7f7b3          	remu	a5,a5,a1
80002db4:	00030513          	mv	a0,t1
80002db8:	026608b3          	mul	a7,a2,t1
80002dbc:	01079693          	sll	a3,a5,0x10
80002dc0:	01085793          	srl	a5,a6,0x10
80002dc4:	00d7e7b3          	or	a5,a5,a3
80002dc8:	0117fe63          	bgeu	a5,a7,80002de4 <__udivdi3+0xac>
80002dcc:	00f707b3          	add	a5,a4,a5
80002dd0:	fff30513          	add	a0,t1,-1 # ffffff <buflen.1+0xffffbf>
80002dd4:	00e7e863          	bltu	a5,a4,80002de4 <__udivdi3+0xac>
80002dd8:	0117f663          	bgeu	a5,a7,80002de4 <__udivdi3+0xac>
80002ddc:	ffe30513          	add	a0,t1,-2
80002de0:	00e787b3          	add	a5,a5,a4
80002de4:	411787b3          	sub	a5,a5,a7
80002de8:	02b7d8b3          	divu	a7,a5,a1
80002dec:	01081813          	sll	a6,a6,0x10
80002df0:	01085813          	srl	a6,a6,0x10
80002df4:	02b7f7b3          	remu	a5,a5,a1
80002df8:	031606b3          	mul	a3,a2,a7
80002dfc:	01079793          	sll	a5,a5,0x10
80002e00:	00f86833          	or	a6,a6,a5
80002e04:	00088793          	mv	a5,a7
80002e08:	00d87c63          	bgeu	a6,a3,80002e20 <__udivdi3+0xe8>
80002e0c:	01070833          	add	a6,a4,a6
80002e10:	fff88793          	add	a5,a7,-1 # ffffff <buflen.1+0xffffbf>
80002e14:	00e86663          	bltu	a6,a4,80002e20 <__udivdi3+0xe8>
80002e18:	00d87463          	bgeu	a6,a3,80002e20 <__udivdi3+0xe8>
80002e1c:	ffe88793          	add	a5,a7,-2
80002e20:	01051513          	sll	a0,a0,0x10
80002e24:	00f56533          	or	a0,a0,a5
80002e28:	00000593          	li	a1,0
80002e2c:	00008067          	ret
80002e30:	01000537          	lui	a0,0x1000
80002e34:	01800693          	li	a3,24
80002e38:	f2a67ce3          	bgeu	a2,a0,80002d70 <__udivdi3+0x38>
80002e3c:	01000693          	li	a3,16
80002e40:	f31ff06f          	j	80002d70 <__udivdi3+0x38>
80002e44:	00000693          	li	a3,0
80002e48:	00060c63          	beqz	a2,80002e60 <__udivdi3+0x128>
80002e4c:	000107b7          	lui	a5,0x10
80002e50:	0cf67063          	bgeu	a2,a5,80002f10 <__udivdi3+0x1d8>
80002e54:	10063693          	sltiu	a3,a2,256
80002e58:	0016b693          	seqz	a3,a3
80002e5c:	00369693          	sll	a3,a3,0x3
80002e60:	00d657b3          	srl	a5,a2,a3
80002e64:	00f585b3          	add	a1,a1,a5
80002e68:	0005c783          	lbu	a5,0(a1)
80002e6c:	00d787b3          	add	a5,a5,a3
80002e70:	02000693          	li	a3,32
80002e74:	40f685b3          	sub	a1,a3,a5
80002e78:	0af69663          	bne	a3,a5,80002f24 <__udivdi3+0x1ec>
80002e7c:	40c307b3          	sub	a5,t1,a2
80002e80:	00100593          	li	a1,1
80002e84:	01075893          	srl	a7,a4,0x10
80002e88:	0317de33          	divu	t3,a5,a7
80002e8c:	01071613          	sll	a2,a4,0x10
80002e90:	01065613          	srl	a2,a2,0x10
80002e94:	01085693          	srl	a3,a6,0x10
80002e98:	0317f7b3          	remu	a5,a5,a7
80002e9c:	000e0513          	mv	a0,t3
80002ea0:	03c60333          	mul	t1,a2,t3
80002ea4:	01079793          	sll	a5,a5,0x10
80002ea8:	00f6e7b3          	or	a5,a3,a5
80002eac:	0067fe63          	bgeu	a5,t1,80002ec8 <__udivdi3+0x190>
80002eb0:	00f707b3          	add	a5,a4,a5
80002eb4:	fffe0513          	add	a0,t3,-1
80002eb8:	00e7e863          	bltu	a5,a4,80002ec8 <__udivdi3+0x190>
80002ebc:	0067f663          	bgeu	a5,t1,80002ec8 <__udivdi3+0x190>
80002ec0:	ffee0513          	add	a0,t3,-2
80002ec4:	00e787b3          	add	a5,a5,a4
80002ec8:	406787b3          	sub	a5,a5,t1
80002ecc:	0317d333          	divu	t1,a5,a7
80002ed0:	01081813          	sll	a6,a6,0x10
80002ed4:	01085813          	srl	a6,a6,0x10
80002ed8:	0317f7b3          	remu	a5,a5,a7
80002edc:	026606b3          	mul	a3,a2,t1
80002ee0:	01079793          	sll	a5,a5,0x10
80002ee4:	00f86833          	or	a6,a6,a5
80002ee8:	00030793          	mv	a5,t1
80002eec:	00d87c63          	bgeu	a6,a3,80002f04 <__udivdi3+0x1cc>
80002ef0:	01070833          	add	a6,a4,a6
80002ef4:	fff30793          	add	a5,t1,-1
80002ef8:	00e86663          	bltu	a6,a4,80002f04 <__udivdi3+0x1cc>
80002efc:	00d87463          	bgeu	a6,a3,80002f04 <__udivdi3+0x1cc>
80002f00:	ffe30793          	add	a5,t1,-2
80002f04:	01051513          	sll	a0,a0,0x10
80002f08:	00f56533          	or	a0,a0,a5
80002f0c:	00008067          	ret
80002f10:	010007b7          	lui	a5,0x1000
80002f14:	01800693          	li	a3,24
80002f18:	f4f674e3          	bgeu	a2,a5,80002e60 <__udivdi3+0x128>
80002f1c:	01000693          	li	a3,16
80002f20:	f41ff06f          	j	80002e60 <__udivdi3+0x128>
80002f24:	00b61733          	sll	a4,a2,a1
80002f28:	00f356b3          	srl	a3,t1,a5
80002f2c:	01075513          	srl	a0,a4,0x10
80002f30:	00b31333          	sll	t1,t1,a1
80002f34:	00f8d7b3          	srl	a5,a7,a5
80002f38:	0067e7b3          	or	a5,a5,t1
80002f3c:	02a6d333          	divu	t1,a3,a0
80002f40:	01071613          	sll	a2,a4,0x10
80002f44:	01065613          	srl	a2,a2,0x10
80002f48:	00b89833          	sll	a6,a7,a1
80002f4c:	02a6f6b3          	remu	a3,a3,a0
80002f50:	026608b3          	mul	a7,a2,t1
80002f54:	01069593          	sll	a1,a3,0x10
80002f58:	0107d693          	srl	a3,a5,0x10
80002f5c:	00b6e6b3          	or	a3,a3,a1
80002f60:	00030593          	mv	a1,t1
80002f64:	0116fe63          	bgeu	a3,a7,80002f80 <__udivdi3+0x248>
80002f68:	00d706b3          	add	a3,a4,a3
80002f6c:	fff30593          	add	a1,t1,-1
80002f70:	00e6e863          	bltu	a3,a4,80002f80 <__udivdi3+0x248>
80002f74:	0116f663          	bgeu	a3,a7,80002f80 <__udivdi3+0x248>
80002f78:	ffe30593          	add	a1,t1,-2
80002f7c:	00e686b3          	add	a3,a3,a4
80002f80:	411686b3          	sub	a3,a3,a7
80002f84:	02a6d8b3          	divu	a7,a3,a0
80002f88:	01079793          	sll	a5,a5,0x10
80002f8c:	0107d793          	srl	a5,a5,0x10
80002f90:	02a6f6b3          	remu	a3,a3,a0
80002f94:	03160633          	mul	a2,a2,a7
80002f98:	01069693          	sll	a3,a3,0x10
80002f9c:	00d7e7b3          	or	a5,a5,a3
80002fa0:	00088693          	mv	a3,a7
80002fa4:	00c7fe63          	bgeu	a5,a2,80002fc0 <__udivdi3+0x288>
80002fa8:	00f707b3          	add	a5,a4,a5
80002fac:	fff88693          	add	a3,a7,-1
80002fb0:	00e7e863          	bltu	a5,a4,80002fc0 <__udivdi3+0x288>
80002fb4:	00c7f663          	bgeu	a5,a2,80002fc0 <__udivdi3+0x288>
80002fb8:	ffe88693          	add	a3,a7,-2
80002fbc:	00e787b3          	add	a5,a5,a4
80002fc0:	01059593          	sll	a1,a1,0x10
80002fc4:	40c787b3          	sub	a5,a5,a2
80002fc8:	00d5e5b3          	or	a1,a1,a3
80002fcc:	eb9ff06f          	j	80002e84 <__udivdi3+0x14c>
80002fd0:	18d5e663          	bltu	a1,a3,8000315c <__udivdi3+0x424>
80002fd4:	000107b7          	lui	a5,0x10
80002fd8:	04f6f463          	bgeu	a3,a5,80003020 <__udivdi3+0x2e8>
80002fdc:	1006b713          	sltiu	a4,a3,256
80002fe0:	00173713          	seqz	a4,a4
80002fe4:	00371713          	sll	a4,a4,0x3
80002fe8:	800037b7          	lui	a5,0x80003
80002fec:	00e6d5b3          	srl	a1,a3,a4
80002ff0:	7ec78793          	add	a5,a5,2028 # 800037ec <__clz_tab>
80002ff4:	00b787b3          	add	a5,a5,a1
80002ff8:	0007c783          	lbu	a5,0(a5)
80002ffc:	00e787b3          	add	a5,a5,a4
80003000:	02000713          	li	a4,32
80003004:	40f705b3          	sub	a1,a4,a5
80003008:	02f71663          	bne	a4,a5,80003034 <__udivdi3+0x2fc>
8000300c:	00100513          	li	a0,1
80003010:	e066eee3          	bltu	a3,t1,80002e2c <__udivdi3+0xf4>
80003014:	00c8b533          	sltu	a0,a7,a2
80003018:	00153513          	seqz	a0,a0
8000301c:	00008067          	ret
80003020:	010007b7          	lui	a5,0x1000
80003024:	01800713          	li	a4,24
80003028:	fcf6f0e3          	bgeu	a3,a5,80002fe8 <__udivdi3+0x2b0>
8000302c:	01000713          	li	a4,16
80003030:	fb9ff06f          	j	80002fe8 <__udivdi3+0x2b0>
80003034:	00f65733          	srl	a4,a2,a5
80003038:	00b696b3          	sll	a3,a3,a1
8000303c:	00d766b3          	or	a3,a4,a3
80003040:	00f35733          	srl	a4,t1,a5
80003044:	00b31333          	sll	t1,t1,a1
80003048:	00f8d7b3          	srl	a5,a7,a5
8000304c:	0067e7b3          	or	a5,a5,t1
80003050:	0106d313          	srl	t1,a3,0x10
80003054:	02675eb3          	divu	t4,a4,t1
80003058:	01069813          	sll	a6,a3,0x10
8000305c:	01085813          	srl	a6,a6,0x10
80003060:	00b61633          	sll	a2,a2,a1
80003064:	02677733          	remu	a4,a4,t1
80003068:	03d80e33          	mul	t3,a6,t4
8000306c:	01071513          	sll	a0,a4,0x10
80003070:	0107d713          	srl	a4,a5,0x10
80003074:	00a76733          	or	a4,a4,a0
80003078:	000e8513          	mv	a0,t4
8000307c:	01c77e63          	bgeu	a4,t3,80003098 <__udivdi3+0x360>
80003080:	00e68733          	add	a4,a3,a4
80003084:	fffe8513          	add	a0,t4,-1
80003088:	00d76863          	bltu	a4,a3,80003098 <__udivdi3+0x360>
8000308c:	01c77663          	bgeu	a4,t3,80003098 <__udivdi3+0x360>
80003090:	ffee8513          	add	a0,t4,-2
80003094:	00d70733          	add	a4,a4,a3
80003098:	41c70733          	sub	a4,a4,t3
8000309c:	02675e33          	divu	t3,a4,t1
800030a0:	01079793          	sll	a5,a5,0x10
800030a4:	0107d793          	srl	a5,a5,0x10
800030a8:	02677733          	remu	a4,a4,t1
800030ac:	03c80833          	mul	a6,a6,t3
800030b0:	01071713          	sll	a4,a4,0x10
800030b4:	00e7e7b3          	or	a5,a5,a4
800030b8:	000e0713          	mv	a4,t3
800030bc:	0107fe63          	bgeu	a5,a6,800030d8 <__udivdi3+0x3a0>
800030c0:	00f687b3          	add	a5,a3,a5
800030c4:	fffe0713          	add	a4,t3,-1
800030c8:	00d7e863          	bltu	a5,a3,800030d8 <__udivdi3+0x3a0>
800030cc:	0107f663          	bgeu	a5,a6,800030d8 <__udivdi3+0x3a0>
800030d0:	ffee0713          	add	a4,t3,-2
800030d4:	00d787b3          	add	a5,a5,a3
800030d8:	01051513          	sll	a0,a0,0x10
800030dc:	00010e37          	lui	t3,0x10
800030e0:	00e56533          	or	a0,a0,a4
800030e4:	fffe0693          	add	a3,t3,-1 # ffff <buflen.1+0xffbf>
800030e8:	00d57733          	and	a4,a0,a3
800030ec:	410787b3          	sub	a5,a5,a6
800030f0:	00d676b3          	and	a3,a2,a3
800030f4:	01055813          	srl	a6,a0,0x10
800030f8:	01065613          	srl	a2,a2,0x10
800030fc:	02d70333          	mul	t1,a4,a3
80003100:	02d806b3          	mul	a3,a6,a3
80003104:	02c70733          	mul	a4,a4,a2
80003108:	02c80833          	mul	a6,a6,a2
8000310c:	00d70633          	add	a2,a4,a3
80003110:	01035713          	srl	a4,t1,0x10
80003114:	00c70733          	add	a4,a4,a2
80003118:	00d77463          	bgeu	a4,a3,80003120 <__udivdi3+0x3e8>
8000311c:	01c80833          	add	a6,a6,t3
80003120:	01075693          	srl	a3,a4,0x10
80003124:	010686b3          	add	a3,a3,a6
80003128:	02d7e663          	bltu	a5,a3,80003154 <__udivdi3+0x41c>
8000312c:	ced79ee3          	bne	a5,a3,80002e28 <__udivdi3+0xf0>
80003130:	000107b7          	lui	a5,0x10
80003134:	fff78793          	add	a5,a5,-1 # ffff <buflen.1+0xffbf>
80003138:	00f77733          	and	a4,a4,a5
8000313c:	01071713          	sll	a4,a4,0x10
80003140:	00f37333          	and	t1,t1,a5
80003144:	00b898b3          	sll	a7,a7,a1
80003148:	00670733          	add	a4,a4,t1
8000314c:	00000593          	li	a1,0
80003150:	cce8fee3          	bgeu	a7,a4,80002e2c <__udivdi3+0xf4>
80003154:	fff50513          	add	a0,a0,-1 # ffffff <buflen.1+0xffffbf>
80003158:	cd1ff06f          	j	80002e28 <__udivdi3+0xf0>
8000315c:	00000593          	li	a1,0
80003160:	00000513          	li	a0,0
80003164:	00008067          	ret

80003168 <__umoddi3>:
80003168:	00060813          	mv	a6,a2
8000316c:	00050793          	mv	a5,a0
80003170:	00058713          	mv	a4,a1
80003174:	20069663          	bnez	a3,80003380 <__umoddi3+0x218>
80003178:	800038b7          	lui	a7,0x80003
8000317c:	7ec88893          	add	a7,a7,2028 # 800037ec <__clz_tab>
80003180:	0cc5fc63          	bgeu	a1,a2,80003258 <__umoddi3+0xf0>
80003184:	000106b7          	lui	a3,0x10
80003188:	0ad67e63          	bgeu	a2,a3,80003244 <__umoddi3+0xdc>
8000318c:	10063693          	sltiu	a3,a2,256
80003190:	0016b693          	seqz	a3,a3
80003194:	00369693          	sll	a3,a3,0x3
80003198:	00d65333          	srl	t1,a2,a3
8000319c:	006888b3          	add	a7,a7,t1
800031a0:	0008c883          	lbu	a7,0(a7)
800031a4:	02000313          	li	t1,32
800031a8:	00d886b3          	add	a3,a7,a3
800031ac:	40d308b3          	sub	a7,t1,a3
800031b0:	00d30c63          	beq	t1,a3,800031c8 <__umoddi3+0x60>
800031b4:	01159733          	sll	a4,a1,a7
800031b8:	00d556b3          	srl	a3,a0,a3
800031bc:	01161833          	sll	a6,a2,a7
800031c0:	00e6e733          	or	a4,a3,a4
800031c4:	011517b3          	sll	a5,a0,a7
800031c8:	01085613          	srl	a2,a6,0x10
800031cc:	02c756b3          	divu	a3,a4,a2
800031d0:	01081513          	sll	a0,a6,0x10
800031d4:	01055513          	srl	a0,a0,0x10
800031d8:	02c77733          	remu	a4,a4,a2
800031dc:	02a686b3          	mul	a3,a3,a0
800031e0:	01071593          	sll	a1,a4,0x10
800031e4:	0107d713          	srl	a4,a5,0x10
800031e8:	00b76733          	or	a4,a4,a1
800031ec:	00d77a63          	bgeu	a4,a3,80003200 <__umoddi3+0x98>
800031f0:	00e80733          	add	a4,a6,a4
800031f4:	01076663          	bltu	a4,a6,80003200 <__umoddi3+0x98>
800031f8:	00d77463          	bgeu	a4,a3,80003200 <__umoddi3+0x98>
800031fc:	01070733          	add	a4,a4,a6
80003200:	40d70733          	sub	a4,a4,a3
80003204:	02c756b3          	divu	a3,a4,a2
80003208:	02c77733          	remu	a4,a4,a2
8000320c:	02a686b3          	mul	a3,a3,a0
80003210:	01079793          	sll	a5,a5,0x10
80003214:	01071713          	sll	a4,a4,0x10
80003218:	0107d793          	srl	a5,a5,0x10
8000321c:	00e7e7b3          	or	a5,a5,a4
80003220:	00d7fa63          	bgeu	a5,a3,80003234 <__umoddi3+0xcc>
80003224:	00f807b3          	add	a5,a6,a5
80003228:	0107e663          	bltu	a5,a6,80003234 <__umoddi3+0xcc>
8000322c:	00d7f463          	bgeu	a5,a3,80003234 <__umoddi3+0xcc>
80003230:	010787b3          	add	a5,a5,a6
80003234:	40d787b3          	sub	a5,a5,a3
80003238:	0117d533          	srl	a0,a5,a7
8000323c:	00000593          	li	a1,0
80003240:	00008067          	ret
80003244:	01000337          	lui	t1,0x1000
80003248:	01800693          	li	a3,24
8000324c:	f46676e3          	bgeu	a2,t1,80003198 <__umoddi3+0x30>
80003250:	01000693          	li	a3,16
80003254:	f45ff06f          	j	80003198 <__umoddi3+0x30>
80003258:	00000693          	li	a3,0
8000325c:	00060c63          	beqz	a2,80003274 <__umoddi3+0x10c>
80003260:	00010737          	lui	a4,0x10
80003264:	06e67e63          	bgeu	a2,a4,800032e0 <__umoddi3+0x178>
80003268:	10063693          	sltiu	a3,a2,256
8000326c:	0016b693          	seqz	a3,a3
80003270:	00369693          	sll	a3,a3,0x3
80003274:	00d65733          	srl	a4,a2,a3
80003278:	00e888b3          	add	a7,a7,a4
8000327c:	0008c703          	lbu	a4,0(a7)
80003280:	00d70733          	add	a4,a4,a3
80003284:	02000693          	li	a3,32
80003288:	40e688b3          	sub	a7,a3,a4
8000328c:	06e69463          	bne	a3,a4,800032f4 <__umoddi3+0x18c>
80003290:	40c58733          	sub	a4,a1,a2
80003294:	01085593          	srl	a1,a6,0x10
80003298:	02b75633          	divu	a2,a4,a1
8000329c:	01081513          	sll	a0,a6,0x10
800032a0:	01055513          	srl	a0,a0,0x10
800032a4:	0107d693          	srl	a3,a5,0x10
800032a8:	02b77733          	remu	a4,a4,a1
800032ac:	02a60633          	mul	a2,a2,a0
800032b0:	01071713          	sll	a4,a4,0x10
800032b4:	00e6e733          	or	a4,a3,a4
800032b8:	00c77a63          	bgeu	a4,a2,800032cc <__umoddi3+0x164>
800032bc:	00e80733          	add	a4,a6,a4
800032c0:	01076663          	bltu	a4,a6,800032cc <__umoddi3+0x164>
800032c4:	00c77463          	bgeu	a4,a2,800032cc <__umoddi3+0x164>
800032c8:	01070733          	add	a4,a4,a6
800032cc:	40c70733          	sub	a4,a4,a2
800032d0:	02b756b3          	divu	a3,a4,a1
800032d4:	02b77733          	remu	a4,a4,a1
800032d8:	02a686b3          	mul	a3,a3,a0
800032dc:	f35ff06f          	j	80003210 <__umoddi3+0xa8>
800032e0:	01000737          	lui	a4,0x1000
800032e4:	01800693          	li	a3,24
800032e8:	f8e676e3          	bgeu	a2,a4,80003274 <__umoddi3+0x10c>
800032ec:	01000693          	li	a3,16
800032f0:	f85ff06f          	j	80003274 <__umoddi3+0x10c>
800032f4:	01161833          	sll	a6,a2,a7
800032f8:	00e5d6b3          	srl	a3,a1,a4
800032fc:	011517b3          	sll	a5,a0,a7
80003300:	011595b3          	sll	a1,a1,a7
80003304:	00e55733          	srl	a4,a0,a4
80003308:	01085513          	srl	a0,a6,0x10
8000330c:	00b76733          	or	a4,a4,a1
80003310:	02a6d5b3          	divu	a1,a3,a0
80003314:	01081313          	sll	t1,a6,0x10
80003318:	01035313          	srl	t1,t1,0x10
8000331c:	02a6f6b3          	remu	a3,a3,a0
80003320:	026585b3          	mul	a1,a1,t1
80003324:	01069613          	sll	a2,a3,0x10
80003328:	01075693          	srl	a3,a4,0x10
8000332c:	00c6e6b3          	or	a3,a3,a2
80003330:	00b6fa63          	bgeu	a3,a1,80003344 <__umoddi3+0x1dc>
80003334:	00d806b3          	add	a3,a6,a3
80003338:	0106e663          	bltu	a3,a6,80003344 <__umoddi3+0x1dc>
8000333c:	00b6f463          	bgeu	a3,a1,80003344 <__umoddi3+0x1dc>
80003340:	010686b3          	add	a3,a3,a6
80003344:	40b686b3          	sub	a3,a3,a1
80003348:	02a6d633          	divu	a2,a3,a0
8000334c:	01071713          	sll	a4,a4,0x10
80003350:	01075713          	srl	a4,a4,0x10
80003354:	02a6f6b3          	remu	a3,a3,a0
80003358:	02660633          	mul	a2,a2,t1
8000335c:	01069693          	sll	a3,a3,0x10
80003360:	00d76733          	or	a4,a4,a3
80003364:	00c77a63          	bgeu	a4,a2,80003378 <__umoddi3+0x210>
80003368:	00e80733          	add	a4,a6,a4
8000336c:	01076663          	bltu	a4,a6,80003378 <__umoddi3+0x210>
80003370:	00c77463          	bgeu	a4,a2,80003378 <__umoddi3+0x210>
80003374:	01070733          	add	a4,a4,a6
80003378:	40c70733          	sub	a4,a4,a2
8000337c:	f19ff06f          	j	80003294 <__umoddi3+0x12c>
80003380:	1cd5e463          	bltu	a1,a3,80003548 <__umoddi3+0x3e0>
80003384:	00010837          	lui	a6,0x10
80003388:	0506fe63          	bgeu	a3,a6,800033e4 <__umoddi3+0x27c>
8000338c:	1006b813          	sltiu	a6,a3,256
80003390:	00183813          	seqz	a6,a6
80003394:	00381813          	sll	a6,a6,0x3
80003398:	800038b7          	lui	a7,0x80003
8000339c:	0106d333          	srl	t1,a3,a6
800033a0:	7ec88893          	add	a7,a7,2028 # 800037ec <__clz_tab>
800033a4:	006888b3          	add	a7,a7,t1
800033a8:	0008c883          	lbu	a7,0(a7)
800033ac:	02000313          	li	t1,32
800033b0:	010888b3          	add	a7,a7,a6
800033b4:	41130833          	sub	a6,t1,a7
800033b8:	05131063          	bne	t1,a7,800033f8 <__umoddi3+0x290>
800033bc:	00b6e463          	bltu	a3,a1,800033c4 <__umoddi3+0x25c>
800033c0:	00c56c63          	bltu	a0,a2,800033d8 <__umoddi3+0x270>
800033c4:	40c50633          	sub	a2,a0,a2
800033c8:	40d586b3          	sub	a3,a1,a3
800033cc:	00c53733          	sltu	a4,a0,a2
800033d0:	00060793          	mv	a5,a2
800033d4:	40e68733          	sub	a4,a3,a4
800033d8:	00078513          	mv	a0,a5
800033dc:	00070593          	mv	a1,a4
800033e0:	00008067          	ret
800033e4:	010008b7          	lui	a7,0x1000
800033e8:	01800813          	li	a6,24
800033ec:	fb16f6e3          	bgeu	a3,a7,80003398 <__umoddi3+0x230>
800033f0:	01000813          	li	a6,16
800033f4:	fa5ff06f          	j	80003398 <__umoddi3+0x230>
800033f8:	011657b3          	srl	a5,a2,a7
800033fc:	010696b3          	sll	a3,a3,a6
80003400:	00d7e6b3          	or	a3,a5,a3
80003404:	0115d733          	srl	a4,a1,a7
80003408:	0106de13          	srl	t3,a3,0x10
8000340c:	03c75f33          	divu	t5,a4,t3
80003410:	01069313          	sll	t1,a3,0x10
80003414:	01035313          	srl	t1,t1,0x10
80003418:	010597b3          	sll	a5,a1,a6
8000341c:	011555b3          	srl	a1,a0,a7
80003420:	00f5e5b3          	or	a1,a1,a5
80003424:	0105d793          	srl	a5,a1,0x10
80003428:	01061633          	sll	a2,a2,a6
8000342c:	01051533          	sll	a0,a0,a6
80003430:	03c77733          	remu	a4,a4,t3
80003434:	03e30eb3          	mul	t4,t1,t5
80003438:	01071713          	sll	a4,a4,0x10
8000343c:	00e7e7b3          	or	a5,a5,a4
80003440:	000f0713          	mv	a4,t5
80003444:	01d7fe63          	bgeu	a5,t4,80003460 <__umoddi3+0x2f8>
80003448:	00f687b3          	add	a5,a3,a5
8000344c:	ffff0713          	add	a4,t5,-1
80003450:	00d7e863          	bltu	a5,a3,80003460 <__umoddi3+0x2f8>
80003454:	01d7f663          	bgeu	a5,t4,80003460 <__umoddi3+0x2f8>
80003458:	ffef0713          	add	a4,t5,-2
8000345c:	00d787b3          	add	a5,a5,a3
80003460:	41d787b3          	sub	a5,a5,t4
80003464:	03c7deb3          	divu	t4,a5,t3
80003468:	01059593          	sll	a1,a1,0x10
8000346c:	0105d593          	srl	a1,a1,0x10
80003470:	03c7f7b3          	remu	a5,a5,t3
80003474:	000e8e13          	mv	t3,t4
80003478:	03d30333          	mul	t1,t1,t4
8000347c:	01079793          	sll	a5,a5,0x10
80003480:	00f5e5b3          	or	a1,a1,a5
80003484:	0065fe63          	bgeu	a1,t1,800034a0 <__umoddi3+0x338>
80003488:	00b685b3          	add	a1,a3,a1
8000348c:	fffe8e13          	add	t3,t4,-1
80003490:	00d5e863          	bltu	a1,a3,800034a0 <__umoddi3+0x338>
80003494:	0065f663          	bgeu	a1,t1,800034a0 <__umoddi3+0x338>
80003498:	ffee8e13          	add	t3,t4,-2
8000349c:	00d585b3          	add	a1,a1,a3
800034a0:	01071793          	sll	a5,a4,0x10
800034a4:	00010f37          	lui	t5,0x10
800034a8:	01c7e7b3          	or	a5,a5,t3
800034ac:	406585b3          	sub	a1,a1,t1
800034b0:	ffff0313          	add	t1,t5,-1 # ffff <buflen.1+0xffbf>
800034b4:	0067f733          	and	a4,a5,t1
800034b8:	01065e13          	srl	t3,a2,0x10
800034bc:	0107d793          	srl	a5,a5,0x10
800034c0:	00667333          	and	t1,a2,t1
800034c4:	02670eb3          	mul	t4,a4,t1
800034c8:	02678333          	mul	t1,a5,t1
800034cc:	03c70733          	mul	a4,a4,t3
800034d0:	03c787b3          	mul	a5,a5,t3
800034d4:	00670e33          	add	t3,a4,t1
800034d8:	010ed713          	srl	a4,t4,0x10
800034dc:	01c70733          	add	a4,a4,t3
800034e0:	00677463          	bgeu	a4,t1,800034e8 <__umoddi3+0x380>
800034e4:	01e787b3          	add	a5,a5,t5
800034e8:	01075313          	srl	t1,a4,0x10
800034ec:	00f307b3          	add	a5,t1,a5
800034f0:	00010337          	lui	t1,0x10
800034f4:	fff30313          	add	t1,t1,-1 # ffff <buflen.1+0xffbf>
800034f8:	00677733          	and	a4,a4,t1
800034fc:	01071713          	sll	a4,a4,0x10
80003500:	006efeb3          	and	t4,t4,t1
80003504:	01d70733          	add	a4,a4,t4
80003508:	00f5e663          	bltu	a1,a5,80003514 <__umoddi3+0x3ac>
8000350c:	00f59e63          	bne	a1,a5,80003528 <__umoddi3+0x3c0>
80003510:	00e57c63          	bgeu	a0,a4,80003528 <__umoddi3+0x3c0>
80003514:	40c70633          	sub	a2,a4,a2
80003518:	00c73333          	sltu	t1,a4,a2
8000351c:	00d306b3          	add	a3,t1,a3
80003520:	00060713          	mv	a4,a2
80003524:	40d787b3          	sub	a5,a5,a3
80003528:	40e50733          	sub	a4,a0,a4
8000352c:	00e53533          	sltu	a0,a0,a4
80003530:	40f585b3          	sub	a1,a1,a5
80003534:	40a585b3          	sub	a1,a1,a0
80003538:	011598b3          	sll	a7,a1,a7
8000353c:	01075733          	srl	a4,a4,a6
80003540:	00e8e533          	or	a0,a7,a4
80003544:	0105d5b3          	srl	a1,a1,a6
80003548:	00008067          	ret

Disassembly of section .text.startup:

8000354c <main>:
8000354c:	b3010113          	add	sp,sp,-1232
80003550:	4c812423          	sw	s0,1224(sp)
80003554:	4c912223          	sw	s1,1220(sp)
80003558:	4d212023          	sw	s2,1216(sp)
8000355c:	00000497          	auipc	s1,0x0
80003560:	3e048493          	add	s1,s1,992 # 8000393c <input1_data>
80003564:	00001917          	auipc	s2,0x1
80003568:	88890913          	add	s2,s2,-1912 # 80003dec <input2_data>
8000356c:	840a                	mv	s0,sp
8000356e:	4b312e23          	sw	s3,1212(sp)
80003572:	4c112623          	sw	ra,1228(sp)
80003576:	89ca                	mv	s3,s2
80003578:	8622                	mv	a2,s0
8000357a:	86ca                	mv	a3,s2
8000357c:	87a6                	mv	a5,s1
8000357e:	4398                	lw	a4,0(a5)
80003580:	428c                	lw	a1,0(a3)
80003582:	0791                	add	a5,a5,4
80003584:	0691                	add	a3,a3,4 # 10004 <buflen.1+0xffc4>
80003586:	972e                	add	a4,a4,a1
80003588:	c218                	sw	a4,0(a2)
8000358a:	0611                	add	a2,a2,4
8000358c:	ff3799e3          	bne	a5,s3,8000357e <main+0x32>
80003590:	4505                	li	a0,1
80003592:	e57fe0ef          	jal	800023e8 <setStats>
80003596:	8722                	mv	a4,s0
80003598:	409c                	lw	a5,0(s1)
8000359a:	00092683          	lw	a3,0(s2)
8000359e:	0491                	add	s1,s1,4
800035a0:	0911                	add	s2,s2,4
800035a2:	97b6                	add	a5,a5,a3
800035a4:	c31c                	sw	a5,0(a4)
800035a6:	0711                	add	a4,a4,4 # 1000004 <buflen.1+0xffffc4>
800035a8:	ff3498e3          	bne	s1,s3,80003598 <main+0x4c>
800035ac:	4501                	li	a0,0
800035ae:	e3bfe0ef          	jal	800023e8 <setStats>
800035b2:	00001797          	auipc	a5,0x1
800035b6:	cea78793          	add	a5,a5,-790 # 8000429c <verify_data>
800035ba:	4501                	li	a0,0
800035bc:	12c00813          	li	a6,300
800035c0:	a801                	j	800035d0 <main+0x84>
800035c2:	0509                	add	a0,a0,2
800035c4:	00c59d63          	bne	a1,a2,800035de <main+0x92>
800035c8:	0421                	add	s0,s0,8
800035ca:	07a1                	add	a5,a5,8
800035cc:	03050663          	beq	a0,a6,800035f8 <main+0xac>
800035d0:	4014                	lw	a3,0(s0)
800035d2:	4398                	lw	a4,0(a5)
800035d4:	404c                	lw	a1,4(s0)
800035d6:	43d0                	lw	a2,4(a5)
800035d8:	fee685e3          	beq	a3,a4,800035c2 <main+0x76>
800035dc:	0505                	add	a0,a0,1
800035de:	4cc12083          	lw	ra,1228(sp)
800035e2:	4c812403          	lw	s0,1224(sp)
800035e6:	4c412483          	lw	s1,1220(sp)
800035ea:	4c012903          	lw	s2,1216(sp)
800035ee:	4bc12983          	lw	s3,1212(sp)
800035f2:	4d010113          	add	sp,sp,1232
800035f6:	8082                	ret
800035f8:	4501                	li	a0,0
800035fa:	b7d5                	j	800035de <main+0x92>
800035fc:	1141                	add	sp,sp,-16
800035fe:	00000517          	auipc	a0,0x0
80003602:	03650513          	add	a0,a0,54 # 80003634 <main+0xe8>
80003606:	c606                	sw	ra,12(sp)
80003608:	e5dfe0ef          	jal	80002464 <printstr>
8000360c:	40b2                	lw	ra,12(sp)
8000360e:	557d                	li	a0,-1
80003610:	0141                	add	sp,sp,16
80003612:	8082                	ret

Disassembly of section .data:

8000393c <input1_data>:
8000393c:	0029                	c.nop	10
8000393e:	0000                	unimp
80003940:	0341                	add	t1,t1,16
80003942:	0000                	unimp
80003944:	0234                	add	a3,sp,264
80003946:	0000                	unimp
80003948:	000000bb          	.insn	4, 0x00bb
8000394c:	02ed                	add	t0,t0,27
8000394e:	0000                	unimp
80003950:	015e                	sll	sp,sp,0x17
80003952:	0000                	unimp
80003954:	0084                	add	s1,sp,64
80003956:	0000                	unimp
80003958:	03b5                	add	t2,t2,13
8000395a:	0000                	unimp
8000395c:	0248                	add	a0,sp,260
8000395e:	0000                	unimp
80003960:	0325                	add	t1,t1,9
80003962:	0000                	unimp
80003964:	026d                	add	tp,tp,27 # 1b <buf.2+0x1b>
80003966:	0000                	unimp
80003968:	0006                	c.slli	zero,0x1
8000396a:	0000                	unimp
8000396c:	000003a3          	sb	zero,7(zero) # 7 <buf.2+0x7>
80003970:	037a                	sll	t1,t1,0x1e
80003972:	0000                	unimp
80003974:	0188                	add	a0,sp,192
80003976:	0000                	unimp
80003978:	02b6                	sll	t0,t0,0xd
8000397a:	0000                	unimp
8000397c:	03c1                	add	t2,t2,16
8000397e:	0000                	unimp
80003980:	006e                	c.slli	zero,0x1b
80003982:	0000                	unimp
80003984:	0074                	add	a3,sp,12
80003986:	0000                	unimp
80003988:	0128                	add	a0,sp,136
8000398a:	0000                	unimp
8000398c:	01aa                	sll	gp,gp,0xa
8000398e:	0000                	unimp
80003990:	013a                	sll	sp,sp,0xe
80003992:	0000                	unimp
80003994:	00000293          	li	t0,0
80003998:	0306                	sll	t1,t1,0x1
8000399a:	0000                	unimp
8000399c:	0000013f 000002a6 	.insn	8, 0x02a60000013f
800039a4:	0000036b          	.insn	4, 0x036b
800039a8:	0178                	add	a4,sp,140
800039aa:	0000                	unimp
800039ac:	01da                	sll	gp,gp,0x16
800039ae:	0000                	unimp
800039b0:	03aa                	sll	t2,t2,0xa
800039b2:	0000                	unimp
800039b4:	0000021b          	.insn	4, 0x021b
800039b8:	0239                	add	tp,tp,14 # e <buf.2+0xe>
800039ba:	0000                	unimp
800039bc:	000000cb          	.insn	4, 0x00cb
800039c0:	0118                	add	a4,sp,128
800039c2:	0000                	unimp
800039c4:	000002f7          	.insn	4, 0x02f7
800039c8:	025e                	sll	tp,tp,0x17
800039ca:	0000                	unimp
800039cc:	01ff 0000 0291 0000 	.insn	10, 0x00c300000291000001ff
800039d4:	00c3 
800039d6:	0000                	unimp
800039d8:	0051                	c.nop	20
800039da:	0000                	unimp
800039dc:	0000010b          	.insn	4, 0x010b
800039e0:	00e5                	add	ra,ra,25
800039e2:	0000                	unimp
800039e4:	0151                	add	sp,sp,20
800039e6:	0000                	unimp
800039e8:	03b0                	add	a2,sp,456
800039ea:	0000                	unimp
800039ec:	0386                	sll	t2,t2,0x1
800039ee:	0000                	unimp
800039f0:	00f1                	add	ra,ra,28
800039f2:	0000                	unimp
800039f4:	0391                	add	t2,t2,4
800039f6:	0000                	unimp
800039f8:	033a                	sll	t1,t1,0xe
800039fa:	0000                	unimp
800039fc:	03a5                	add	t2,t2,9
800039fe:	0000                	unimp
80003a00:	03d9                	add	t2,t2,22
80003a02:	0000                	unimp
80003a04:	000000c3          	.insn	4, 0x00c3
80003a08:	03c0                	add	s0,sp,452
80003a0a:	0000                	unimp
80003a0c:	0236                	sll	tp,tp,0xd
80003a0e:	0000                	unimp
80003a10:	015e                	sll	sp,sp,0x17
80003a12:	0000                	unimp
80003a14:	0289                	add	t0,t0,2
80003a16:	0000                	unimp
80003a18:	0291                	add	t0,t0,4
80003a1a:	0000                	unimp
80003a1c:	00b5                	add	ra,ra,13
80003a1e:	0000                	unimp
80003a20:	0000006f          	j	80003a20 <input1_data+0xe4>
80003a24:	0000035b          	.insn	4, 0x035b
80003a28:	0041                	c.nop	16
80003a2a:	0000                	unimp
80003a2c:	0120                	add	s0,sp,136
80003a2e:	0000                	unimp
80003a30:	015d                	add	sp,sp,23
80003a32:	0000                	unimp
80003a34:	008d                	add	ra,ra,3
80003a36:	0000                	unimp
80003a38:	0389                	add	t2,t2,2
80003a3a:	0000                	unimp
80003a3c:	0376                	sll	t1,t1,0x1d
80003a3e:	0000                	unimp
80003a40:	0108                	add	a0,sp,128
80003a42:	0000                	unimp
80003a44:	0240                	add	s0,sp,260
80003a46:	0000                	unimp
80003a48:	000003d3          	.insn	4, 0x03d3
80003a4c:	02f9                	add	t0,t0,30
80003a4e:	0000                	unimp
80003a50:	00f1                	add	ra,ra,28
80003a52:	0000                	unimp
80003a54:	01de                	sll	gp,gp,0x17
80003a56:	0000                	unimp
80003a58:	000001f3          	.insn	4, 0x01f3
80003a5c:	00000193          	li	gp,0
80003a60:	00de                	sll	ra,ra,0x17
80003a62:	0000                	unimp
80003a64:	01bc                	add	a5,sp,200
80003a66:	0000                	unimp
80003a68:	02d1                	add	t0,t0,20
80003a6a:	0000                	unimp
80003a6c:	02a4                	add	s1,sp,328
80003a6e:	0000                	unimp
80003a70:	013d                	add	sp,sp,15
80003a72:	0000                	unimp
80003a74:	00e0                	add	s0,sp,76
80003a76:	0000                	unimp
80003a78:	03a9                	add	t2,t2,10
80003a7a:	0000                	unimp
80003a7c:	0120                	add	s0,sp,136
80003a7e:	0000                	unimp
80003a80:	00000077          	.insn	4, 0x0077
80003a84:	00000267          	jalr	tp,zero # 0 <buf.2>
80003a88:	025e                	sll	tp,tp,0x17
80003a8a:	0000                	unimp
80003a8c:	0185                	add	gp,gp,1 # 80004f4d <__global_pointer$+0x1>
80003a8e:	0000                	unimp
80003a90:	015f 0000 01c7      	.insn	6, 0x01c70000015f
80003a96:	0000                	unimp
80003a98:	0116                	sll	sp,sp,0x5
80003a9a:	0000                	unimp
80003a9c:	0000016f          	jal	sp,80003a9c <input1_data+0x160>
80003aa0:	0166                	sll	sp,sp,0x19
80003aa2:	0000                	unimp
80003aa4:	0248                	add	a0,sp,260
80003aa6:	0000                	unimp
80003aa8:	003e                	c.slli	zero,0xf
80003aaa:	0000                	unimp
80003aac:	03d9                	add	t2,t2,22
80003aae:	0000                	unimp
80003ab0:	00000193          	li	gp,0
80003ab4:	015a                	sll	sp,sp,0x16
80003ab6:	0000                	unimp
80003ab8:	0205                	add	tp,tp,1 # 1 <buf.2+0x1>
80003aba:	0000                	unimp
80003abc:	0000022f          	.insn	4, 0x022f
80003ac0:	038c                	add	a1,sp,448
80003ac2:	0000                	unimp
80003ac4:	00000307          	.insn	4, 0x0307
80003ac8:	00ff 0000 030a 0000 	.insn	10, 0x02560000030a000000ff
80003ad0:	0256 
80003ad2:	0000                	unimp
80003ad4:	0000008f          	.insn	4, 0x008f
80003ad8:	0021                	c.nop	8
80003ada:	0000                	unimp
80003adc:	007d                	c.nop	31
80003ade:	0000                	unimp
80003ae0:	03ad                	add	t2,t2,11
80003ae2:	0000                	unimp
80003ae4:	03a5                	add	t2,t2,9
80003ae6:	0000                	unimp
80003ae8:	031f 0000 0229      	.insn	6, 0x02290000031f
80003aee:	0000                	unimp
80003af0:	000001af          	.insn	4, 0x01af
80003af4:	0288                	add	a0,sp,320
80003af6:	0000                	unimp
80003af8:	03b8                	add	a4,sp,456
80003afa:	0000                	unimp
80003afc:	011f 0000 0013      	.insn	6, 0x00130000011f
80003b02:	0000                	unimp
80003b04:	0031                	c.nop	12
80003b06:	0000                	unimp
80003b08:	0056                	c.slli	zero,0x15
80003b0a:	0000                	unimp
80003b0c:	005f 0000 01b9      	.insn	6, 0x01b90000005f
80003b12:	0000                	unimp
80003b14:	0000024b          	.insn	4, 0x024b
80003b18:	0266                	sll	tp,tp,0x19
80003b1a:	0000                	unimp
80003b1c:	017e                	sll	sp,sp,0x1f
80003b1e:	0000                	unimp
80003b20:	0118                	add	a4,sp,128
80003b22:	0000                	unimp
80003b24:	0328                	add	a0,sp,392
80003b26:	0000                	unimp
80003b28:	000003cb          	.insn	4, 0x03cb
80003b2c:	00000333          	add	t1,zero,zero
80003b30:	0158                	add	a4,sp,132
80003b32:	0000                	unimp
80003b34:	01c2                	sll	gp,gp,0x10
80003b36:	0000                	unimp
80003b38:	0200                	add	s0,sp,256
80003b3a:	0000                	unimp
80003b3c:	03c5                	add	t2,t2,17
80003b3e:	0000                	unimp
80003b40:	0000015b          	.insn	4, 0x015b
80003b44:	0328                	add	a0,sp,392
80003b46:	0000                	unimp
80003b48:	0372                	sll	t1,t1,0x1c
80003b4a:	0000                	unimp
80003b4c:	0219                	add	tp,tp,6 # 6 <buf.2+0x6>
80003b4e:	0000                	unimp
80003b50:	03b2                	sll	t2,t2,0xc
80003b52:	0000                	unimp
80003b54:	02bd                	add	t0,t0,15
80003b56:	0000                	unimp
80003b58:	0164                	add	s1,sp,140
80003b5a:	0000                	unimp
80003b5c:	00000237          	lui	tp,0x0
80003b60:	0000037b          	.insn	4, 0x037b
80003b64:	0016                	c.slli	zero,0x5
80003b66:	0000                	unimp
80003b68:	0238                	add	a4,sp,264
80003b6a:	0000                	unimp
80003b6c:	0299                	add	t0,t0,6
80003b6e:	0000                	unimp
80003b70:	000001a7          	.insn	4, 0x01a7
80003b74:	01b2                	sll	gp,gp,0xc
80003b76:	0000                	unimp
80003b78:	009e                	sll	ra,ra,0x7
80003b7a:	0000                	unimp
80003b7c:	0002                	c.slli64	zero
80003b7e:	0000                	unimp
80003b80:	0054                	add	a3,sp,4
80003b82:	0000                	unimp
80003b84:	000000f7          	.insn	4, 0x00f7
80003b88:	0031                	c.nop	12
80003b8a:	0000                	unimp
80003b8c:	000001b3          	add	gp,zero,zero
80003b90:	0318                	add	a4,sp,384
80003b92:	0000                	unimp
80003b94:	0365                	add	t1,t1,25
80003b96:	0000                	unimp
80003b98:	01e6                	sll	gp,gp,0x19
80003b9a:	0000                	unimp
80003b9c:	019e                	sll	gp,gp,0x7
80003b9e:	0000                	unimp
80003ba0:	0171                	add	sp,sp,28
80003ba2:	0000                	unimp
80003ba4:	0224                	add	s1,sp,264
80003ba6:	0000                	unimp
80003ba8:	0206                	sll	tp,tp,0x1
80003baa:	0000                	unimp
80003bac:	0378                	add	a4,sp,396
80003bae:	0000                	unimp
80003bb0:	02aa                	sll	t0,t0,0xa
80003bb2:	0000                	unimp
80003bb4:	011c                	add	a5,sp,128
80003bb6:	0000                	unimp
80003bb8:	0108                	add	a0,sp,128
80003bba:	0000                	unimp
80003bbc:	000001f3          	.insn	4, 0x01f3
80003bc0:	0122                	sll	sp,sp,0x8
80003bc2:	0000                	unimp
80003bc4:	0381                	add	t2,t2,0
80003bc6:	0000                	unimp
80003bc8:	000000d7          	.insn	4, 0x00d7
80003bcc:	000002db          	.insn	4, 0x02db
80003bd0:	02b0                	add	a2,sp,328
80003bd2:	0000                	unimp
80003bd4:	000000fb          	.insn	4, 0x00fb
80003bd8:	0312                	sll	t1,t1,0x4
80003bda:	0000                	unimp
80003bdc:	0000022b          	.insn	4, 0x022b
80003be0:	012e                	sll	sp,sp,0xb
80003be2:	0000                	unimp
80003be4:	0210                	add	a2,sp,256
80003be6:	0000                	unimp
80003be8:	0220                	add	s0,sp,264
80003bea:	0000                	unimp
80003bec:	0142                	sll	sp,sp,0x10
80003bee:	0000                	unimp
80003bf0:	000003b3          	add	t2,zero,zero
80003bf4:	011f 0000 0338      	.insn	6, 0x03380000011f
80003bfa:	0000                	unimp
80003bfc:	0130                	add	a2,sp,136
80003bfe:	0000                	unimp
80003c00:	0314                	add	a3,sp,384
80003c02:	0000                	unimp
80003c04:	02dd                	add	t0,t0,23
80003c06:	0000                	unimp
80003c08:	000003bf 0000016e 	.insn	8, 0x016e000003bf
80003c10:	02d2                	sll	t0,t0,0x14
80003c12:	0000                	unimp
80003c14:	0126                	sll	sp,sp,0x9
80003c16:	0000                	unimp
80003c18:	000003cf          	.insn	4, 0x03cf
80003c1c:	028d                	add	t0,t0,3
80003c1e:	0000                	unimp
80003c20:	02ec                	add	a1,sp,332
80003c22:	0000                	unimp
80003c24:	0000005b          	.insn	4, 0x005b
80003c28:	017a                	sll	sp,sp,0x1e
80003c2a:	0000                	unimp
80003c2c:	0069                	c.nop	26
80003c2e:	0000                	unimp
80003c30:	0066                	c.slli	zero,0x19
80003c32:	0000                	unimp
80003c34:	017d                	add	sp,sp,31
80003c36:	0000                	unimp
80003c38:	0000028b          	.insn	4, 0x028b
80003c3c:	0339                	add	t1,t1,14
80003c3e:	0000                	unimp
80003c40:	0348                	add	a0,sp,388
80003c42:	0000                	unimp
80003c44:	0164                	add	s1,sp,140
80003c46:	0000                	unimp
80003c48:	0094                	add	a3,sp,64
80003c4a:	0000                	unimp
80003c4c:	0036                	c.slli	zero,0xd
80003c4e:	0000                	unimp
80003c50:	008c                	add	a1,sp,64
80003c52:	0000                	unimp
80003c54:	000003bb          	.insn	4, 0x03bb
80003c58:	00000157          	.insn	4, 0x0157
80003c5c:	0215                	add	tp,tp,5 # 5 <buf.2+0x5>
80003c5e:	0000                	unimp
80003c60:	02f5                	add	t0,t0,29
80003c62:	0000                	unimp
80003c64:	0209                	add	tp,tp,2 # 2 <buf.2+0x2>
80003c66:	0000                	unimp
80003c68:	0345                	add	t1,t1,17
80003c6a:	0000                	unimp
80003c6c:	0250                	add	a2,sp,260
80003c6e:	0000                	unimp
80003c70:	000d                	c.nop	3
80003c72:	0000                	unimp
80003c74:	00ad                	add	ra,ra,11
80003c76:	0000                	unimp
80003c78:	0000003f 00000079 	.insn	8, 0x00790000003f
80003c80:	0085                	add	ra,ra,1
80003c82:	0000                	unimp
80003c84:	02f6                	sll	t0,t0,0x1d
80003c86:	0000                	unimp
80003c88:	0174                	add	a3,sp,140
80003c8a:	0000                	unimp
80003c8c:	000003b7          	lui	t2,0x0
80003c90:	00000027          	.insn	4, 0x0027
80003c94:	0081                	add	ra,ra,0
80003c96:	0000                	unimp
80003c98:	006e                	c.slli	zero,0x1b
80003c9a:	0000                	unimp
80003c9c:	0000034f          	.insn	4, 0x034f
80003ca0:	01b5                	add	gp,gp,13 # 80004f59 <__global_pointer$+0xd>
80003ca2:	0000                	unimp
80003ca4:	00ff 0000 010d 0000 	.insn	10, 0x01990000010d000000ff
80003cac:	0199 
80003cae:	0000                	unimp
80003cb0:	0274                	add	a3,sp,268
80003cb2:	0000                	unimp
80003cb4:	0000018f          	.insn	4, 0x018f
80003cb8:	0225                	add	tp,tp,9 # 9 <buf.2+0x9>
80003cba:	0000                	unimp
80003cbc:	02f1                	add	t0,t0,28
80003cbe:	0000                	unimp
80003cc0:	0234                	add	a3,sp,264
80003cc2:	0000                	unimp
80003cc4:	000000ab          	.insn	4, 0x00ab
80003cc8:	00000013          	nop
80003ccc:	000002d7          	.insn	4, 0x02d7
80003cd0:	01f5                	add	gp,gp,29 # 80004f69 <__global_pointer$+0x1d>
80003cd2:	0000                	unimp
80003cd4:	0309                	add	t1,t1,2
80003cd6:	0000                	unimp
80003cd8:	0000002b          	.insn	4, 0x002b
80003cdc:	02f1                	add	t0,t0,28
80003cde:	0000                	unimp
80003ce0:	0051                	c.nop	20
80003ce2:	0000                	unimp
80003ce4:	00ca                	sll	ra,ra,0x12
80003ce6:	0000                	unimp
80003ce8:	0355                	add	t1,t1,21
80003cea:	0000                	unimp
80003cec:	0099                	add	ra,ra,6
80003cee:	0000                	unimp
80003cf0:	02f8                	add	a4,sp,332
80003cf2:	0000                	unimp
80003cf4:	0165                	add	sp,sp,25
80003cf6:	0000                	unimp
80003cf8:	000003af          	.insn	4, 0x03af
80003cfc:	039a                	sll	t2,t2,0x6
80003cfe:	0000                	unimp
80003d00:	0148                	add	a0,sp,132
80003d02:	0000                	unimp
80003d04:	01f0                	add	a2,sp,204
80003d06:	0000                	unimp
80003d08:	01ba                	sll	gp,gp,0xe
80003d0a:	0000                	unimp
80003d0c:	0204                	add	s1,sp,256
80003d0e:	0000                	unimp
80003d10:	0281                	add	t0,t0,0
80003d12:	0000                	unimp
80003d14:	0114                	add	a3,sp,128
80003d16:	0000                	unimp
80003d18:	0312                	sll	t1,t1,0x4
80003d1a:	0000                	unimp
80003d1c:	0071                	c.nop	28
80003d1e:	0000                	unimp
80003d20:	034a                	sll	t1,t1,0x12
80003d22:	0000                	unimp
80003d24:	0000038b          	.insn	4, 0x038b
80003d28:	00000113          	li	sp,0
80003d2c:	00ed                	add	ra,ra,27
80003d2e:	0000                	unimp
80003d30:	0020                	add	s0,sp,8
80003d32:	0000                	unimp
80003d34:	0310                	add	a2,sp,384
80003d36:	0000                	unimp
80003d38:	0235                	add	tp,tp,13 # d <buf.2+0xd>
80003d3a:	0000                	unimp
80003d3c:	0165                	add	sp,sp,25
80003d3e:	0000                	unimp
80003d40:	00000323          	sb	zero,6(zero) # 6 <buf.2+0x6>
80003d44:	00000333          	add	t1,zero,zero
80003d48:	000002ef          	jal	t0,80003d48 <input1_data+0x40c>
80003d4c:	0118                	add	a4,sp,128
80003d4e:	0000                	unimp
80003d50:	0055                	c.nop	21
80003d52:	0000                	unimp
80003d54:	01ca                	sll	gp,gp,0x12
80003d56:	0000                	unimp
80003d58:	01c6                	sll	gp,gp,0x11
80003d5a:	0000                	unimp
80003d5c:	02c6                	sll	t0,t0,0x11
80003d5e:	0000                	unimp
80003d60:	000001cb          	.insn	4, 0x01cb
80003d64:	0029                	c.nop	10
80003d66:	0000                	unimp
80003d68:	00fd                	add	ra,ra,31
80003d6a:	0000                	unimp
80003d6c:	0179                	add	sp,sp,30
80003d6e:	0000                	unimp
80003d70:	01fc                	add	a5,sp,204
80003d72:	0000                	unimp
80003d74:	02bc                	add	a5,sp,328
80003d76:	0000                	unimp
80003d78:	035c                	add	a5,sp,388
80003d7a:	0000                	unimp
80003d7c:	01e0                	add	s0,sp,204
80003d7e:	0000                	unimp
80003d80:	02e5                	add	t0,t0,25
80003d82:	0000                	unimp
80003d84:	000001f3          	.insn	4, 0x01f3
80003d88:	02c5                	add	t0,t0,17
80003d8a:	0000                	unimp
80003d8c:	0031                	c.nop	12
80003d8e:	0000                	unimp
80003d90:	00000173          	.insn	4, 0x0173
80003d94:	0369                	add	t1,t1,26
80003d96:	0000                	unimp
80003d98:	03b1                	add	t2,t2,12 # c <buf.2+0xc>
80003d9a:	0000                	unimp
80003d9c:	03e0                	add	s0,sp,460
80003d9e:	0000                	unimp
80003da0:	020e                	sll	tp,tp,0x3
80003da2:	0000                	unimp
80003da4:	02d1                	add	t0,t0,20
80003da6:	0000                	unimp
80003da8:	000001b3          	add	gp,zero,zero
80003dac:	00e8                	add	a0,sp,76
80003dae:	0000                	unimp
80003db0:	01f1                	add	gp,gp,28 # 80004f68 <__global_pointer$+0x1c>
80003db2:	0000                	unimp
80003db4:	02b9                	add	t0,t0,14
80003db6:	0000                	unimp
80003db8:	001e                	c.slli	zero,0x7
80003dba:	0000                	unimp
80003dbc:	015c                	add	a5,sp,132
80003dbe:	0000                	unimp
80003dc0:	00fa                	sll	ra,ra,0x1e
80003dc2:	0000                	unimp
80003dc4:	015e                	sll	sp,sp,0x17
80003dc6:	0000                	unimp
80003dc8:	00fa                	sll	ra,ra,0x1e
80003dca:	0000                	unimp
80003dcc:	023d                	add	tp,tp,15 # f <buf.2+0xf>
80003dce:	0000                	unimp
80003dd0:	0310                	add	a2,sp,384
80003dd2:	0000                	unimp
80003dd4:	02ed                	add	t0,t0,27
80003dd6:	0000                	unimp
80003dd8:	01f6                	sll	gp,gp,0x1d
80003dda:	0000                	unimp
80003ddc:	00000337          	lui	t1,0x0
80003de0:	033a                	sll	t1,t1,0xe
80003de2:	0000                	unimp
80003de4:	00aa                	sll	ra,ra,0xa
80003de6:	0000                	unimp
80003de8:	00a0                	add	s0,sp,72
80003dea:	0000                	unimp

80003dec <input2_data>:
80003dec:	01c6                	sll	gp,gp,0x11
80003dee:	0000                	unimp
80003df0:	0000014f          	.insn	4, 0x014f
80003df4:	0001                	nop
80003df6:	0000                	unimp
80003df8:	03dd                	add	t2,t2,23
80003dfa:	0000                	unimp
80003dfc:	016d                	add	sp,sp,27
80003dfe:	0000                	unimp
80003e00:	023c                	add	a5,sp,264
80003e02:	0000                	unimp
80003e04:	0040                	add	s0,sp,4
80003e06:	0000                	unimp
80003e08:	0099                	add	ra,ra,6
80003e0a:	0000                	unimp
80003e0c:	00d8                	add	a4,sp,68
80003e0e:	0000                	unimp
80003e10:	008c                	add	a1,sp,64
80003e12:	0000                	unimp
80003e14:	00d2                	sll	ra,ra,0x14
80003e16:	0000                	unimp
80003e18:	023c                	add	a5,sp,264
80003e1a:	0000                	unimp
80003e1c:	00000153          	.insn	4, 0x0153
80003e20:	0251                	add	tp,tp,20 # 14 <buf.2+0x14>
80003e22:	0000                	unimp
80003e24:	0382                	c.slli64	t2
80003e26:	0000                	unimp
80003e28:	00e4                	add	s1,sp,76
80003e2a:	0000                	unimp
80003e2c:	000c                	.insn	2, 0x000c
80003e2e:	0000                	unimp
80003e30:	00000373          	.insn	4, 0x0373
80003e34:	02ee                	sll	t0,t0,0x1b
80003e36:	0000                	unimp
80003e38:	0286                	sll	t0,t0,0x1
80003e3a:	0000                	unimp
80003e3c:	01f4                	add	a3,sp,204
80003e3e:	0000                	unimp
80003e40:	01b4                	add	a3,sp,200
80003e42:	0000                	unimp
80003e44:	02bd                	add	t0,t0,15
80003e46:	0000                	unimp
80003e48:	032c                	add	a1,sp,392
80003e4a:	0000                	unimp
80003e4c:	03d5                	add	t2,t2,21
80003e4e:	0000                	unimp
80003e50:	0096                	sll	ra,ra,0x5
80003e52:	0000                	unimp
80003e54:	02b8                	add	a4,sp,328
80003e56:	0000                	unimp
80003e58:	0234                	add	a3,sp,264
80003e5a:	0000                	unimp
80003e5c:	0110                	add	a2,sp,128
80003e5e:	0000                	unimp
80003e60:	0102                	c.slli64	sp
80003e62:	0000                	unimp
80003e64:	00000287          	.insn	4, 0x0287
80003e68:	01fd                	add	gp,gp,31 # 80004f6b <__global_pointer$+0x1f>
80003e6a:	0000                	unimp
80003e6c:	0058                	add	a4,sp,4
80003e6e:	0000                	unimp
80003e70:	000002bf 0000029d 	.insn	8, 0x029d000002bf
80003e78:	00000177          	.insn	4, 0x0177
80003e7c:	00000227          	.insn	4, 0x0227
80003e80:	03a8                	add	a0,sp,456
80003e82:	0000                	unimp
80003e84:	0250                	add	a2,sp,260
80003e86:	0000                	unimp
80003e88:	0239                	add	tp,tp,14 # e <buf.2+0xe>
80003e8a:	0000                	unimp
80003e8c:	03b8                	add	a4,sp,456
80003e8e:	0000                	unimp
80003e90:	0320                	add	s0,sp,392
80003e92:	0000                	unimp
80003e94:	0248                	add	a0,sp,260
80003e96:	0000                	unimp
80003e98:	00000283          	lb	t0,0(zero) # 0 <buf.2>
80003e9c:	0170                	add	a2,sp,140
80003e9e:	0000                	unimp
80003ea0:	01e9                	add	gp,gp,26 # 80004f66 <__global_pointer$+0x1a>
80003ea2:	0000                	unimp
80003ea4:	0148                	add	a0,sp,132
80003ea6:	0000                	unimp
80003ea8:	0139                	add	sp,sp,14
80003eaa:	0000                	unimp
80003eac:	0250                	add	a2,sp,260
80003eae:	0000                	unimp
80003eb0:	0184                	add	s1,sp,192
80003eb2:	0000                	unimp
80003eb4:	021f 0000 0289      	.insn	6, 0x02890000021f
80003eba:	0000                	unimp
80003ebc:	000003d3          	.insn	4, 0x03d3
80003ec0:	03e5                	add	t2,t2,25
80003ec2:	0000                	unimp
80003ec4:	032e                	sll	t1,t1,0xb
80003ec6:	0000                	unimp
80003ec8:	0000004f          	.insn	4, 0x004f
80003ecc:	00d0                	add	a2,sp,68
80003ece:	0000                	unimp
80003ed0:	03e6                	sll	t2,t2,0x19
80003ed2:	0000                	unimp
80003ed4:	0275                	add	tp,tp,29 # 1d <buf.2+0x1d>
80003ed6:	0000                	unimp
80003ed8:	0000034f          	.insn	4, 0x034f
80003edc:	02c0                	add	s0,sp,324
80003ede:	0000                	unimp
80003ee0:	03e5                	add	t2,t2,25
80003ee2:	0000                	unimp
80003ee4:	00fd                	add	ra,ra,31
80003ee6:	0000                	unimp
80003ee8:	000002cb          	.insn	4, 0x02cb
80003eec:	01ae                	sll	gp,gp,0xb
80003eee:	0000                	unimp
80003ef0:	019f 0000 021a      	.insn	6, 0x021a0000019f
80003ef6:	0000                	unimp
80003ef8:	02bc                	add	a5,sp,328
80003efa:	0000                	unimp
80003efc:	0004                	.insn	2, 0x0004
80003efe:	0000                	unimp
80003f00:	01ee                	sll	gp,gp,0x1b
80003f02:	0000                	unimp
80003f04:	0064                	add	s1,sp,12
80003f06:	0000                	unimp
80003f08:	0360                	add	s0,sp,396
80003f0a:	0000                	unimp
80003f0c:	02b5                	add	t0,t0,13
80003f0e:	0000                	unimp
80003f10:	01a0                	add	s0,sp,200
80003f12:	0000                	unimp
80003f14:	0128                	add	a0,sp,136
80003f16:	0000                	unimp
80003f18:	011d                	add	sp,sp,7
80003f1a:	0000                	unimp
80003f1c:	026c                	add	a1,sp,268
80003f1e:	0000                	unimp
80003f20:	004e                	c.slli	zero,0x13
80003f22:	0000                	unimp
80003f24:	015f 0000 021c      	.insn	6, 0x021c0000015f
80003f2a:	0000                	unimp
80003f2c:	0286                	sll	t0,t0,0x1
80003f2e:	0000                	unimp
80003f30:	00a9                	add	ra,ra,10
80003f32:	0000                	unimp
80003f34:	0000020f          	.insn	4, 0x020f
80003f38:	0121                	add	sp,sp,8
80003f3a:	0000                	unimp
80003f3c:	031c                	add	a5,sp,384
80003f3e:	0000                	unimp
80003f40:	0321                	add	t1,t1,8 # 8 <buf.2+0x8>
80003f42:	0000                	unimp
80003f44:	02d0                	add	a2,sp,324
80003f46:	0000                	unimp
80003f48:	02f6                	sll	t0,t0,0x1d
80003f4a:	0000                	unimp
80003f4c:	02e9                	add	t0,t0,26
80003f4e:	0000                	unimp
80003f50:	005c                	add	a5,sp,4
80003f52:	0000                	unimp
80003f54:	03dd                	add	t2,t2,23
80003f56:	0000                	unimp
80003f58:	0000010f          	.insn	4, 0x010f
80003f5c:	0355                	add	t1,t1,21
80003f5e:	0000                	unimp
80003f60:	0314                	add	a3,sp,384
80003f62:	0000                	unimp
80003f64:	00000213          	li	tp,0
80003f68:	00de                	sll	ra,ra,0x17
80003f6a:	0000                	unimp
80003f6c:	01cd                	add	gp,gp,19 # 80004f5f <__global_pointer$+0x13>
80003f6e:	0000                	unimp
80003f70:	00f1                	add	ra,ra,28
80003f72:	0000                	unimp
80003f74:	0166                	sll	sp,sp,0x19
80003f76:	0000                	unimp
80003f78:	014c                	add	a1,sp,132
80003f7a:	0000                	unimp
80003f7c:	02ac                	add	a1,sp,328
80003f7e:	0000                	unimp
80003f80:	02e4                	add	s1,sp,332
80003f82:	0000                	unimp
80003f84:	01be                	sll	gp,gp,0xf
80003f86:	0000                	unimp
80003f88:	00000137          	lui	sp,0x0
80003f8c:	000002e7          	jalr	t0,zero # 0 <buf.2>
80003f90:	022d                	add	tp,tp,11 # b <buf.2+0xb>
80003f92:	0000                	unimp
80003f94:	01df 0000 022d      	.insn	6, 0x022d000001df
80003f9a:	0000                	unimp
80003f9c:	039d                	add	t2,t2,7
80003f9e:	0000                	unimp
80003fa0:	031c                	add	a5,sp,384
80003fa2:	0000                	unimp
80003fa4:	0165                	add	sp,sp,25 # 19 <buf.2+0x19>
80003fa6:	0000                	unimp
80003fa8:	0000037b          	.insn	4, 0x037b
80003fac:	029a                	sll	t0,t0,0x6
80003fae:	0000                	unimp
80003fb0:	0202                	c.slli64	tp
80003fb2:	0000                	unimp
80003fb4:	022d                	add	tp,tp,11 # b <buf.2+0xb>
80003fb6:	0000                	unimp
80003fb8:	0366                	sll	t1,t1,0x19
80003fba:	0000                	unimp
80003fbc:	0355                	add	t1,t1,21
80003fbe:	0000                	unimp
80003fc0:	01b8                	add	a4,sp,200
80003fc2:	0000                	unimp
80003fc4:	003d                	c.nop	15
80003fc6:	0000                	unimp
80003fc8:	02a6                	sll	t0,t0,0x9
80003fca:	0000                	unimp
80003fcc:	018c                	add	a1,sp,192
80003fce:	0000                	unimp
80003fd0:	0009                	c.nop	2
80003fd2:	0000                	unimp
80003fd4:	0011                	c.nop	4
80003fd6:	0000                	unimp
80003fd8:	00aa                	sll	ra,ra,0xa
80003fda:	0000                	unimp
80003fdc:	00000123          	sb	zero,2(zero) # 2 <buf.2+0x2>
80003fe0:	017c                	add	a5,sp,140
80003fe2:	0000                	unimp
80003fe4:	0218                	add	a4,sp,256
80003fe6:	0000                	unimp
80003fe8:	00b9                	add	ra,ra,14
80003fea:	0000                	unimp
80003fec:	0395                	add	t2,t2,5
80003fee:	0000                	unimp
80003ff0:	0000021b          	.insn	4, 0x021b
80003ff4:	000003d7          	.insn	4, 0x03d7
80003ff8:	00000377          	.insn	4, 0x0377
80003ffc:	0036                	c.slli	zero,0xd
80003ffe:	0000                	unimp
80004000:	0264                	add	s1,sp,268
80004002:	0000                	unimp
80004004:	000003b7          	lui	t2,0x0
80004008:	01df 0000 0097      	.insn	6, 0x0097000001df
8000400e:	0000                	unimp
80004010:	00000007          	.insn	4, 0x0007
80004014:	0281                	add	t0,t0,0
80004016:	0000                	unimp
80004018:	0000014f          	.insn	4, 0x014f
8000401c:	02da                	sll	t0,t0,0x16
8000401e:	0000                	unimp
80004020:	005f 0000 02d8      	.insn	6, 0x02d80000005f
80004026:	0000                	unimp
80004028:	0118                	add	a4,sp,128
8000402a:	0000                	unimp
8000402c:	0000018b          	.insn	4, 0x018b
80004030:	02b0                	add	a2,sp,328
80004032:	0000                	unimp
80004034:	0000038f          	.insn	4, 0x038f
80004038:	01dc                	add	a5,sp,196
8000403a:	0000                	unimp
8000403c:	0000032f          	.insn	4, 0x032f
80004040:	02d9                	add	t0,t0,22
80004042:	0000                	unimp
80004044:	0109                	add	sp,sp,2
80004046:	0000                	unimp
80004048:	007f 0000 00ec 0000 	.insn	10, 0x00d6000000ec0000007f
80004050:	00d6 
80004052:	0000                	unimp
80004054:	00b4                	add	a3,sp,72
80004056:	0000                	unimp
80004058:	0006                	c.slli	zero,0x1
8000405a:	0000                	unimp
8000405c:	000001f7          	.insn	4, 0x01f7
80004060:	0254                	add	a3,sp,260
80004062:	0000                	unimp
80004064:	00ad                	add	ra,ra,11
80004066:	0000                	unimp
80004068:	00000283          	lb	t0,0(zero) # 0 <buf.2>
8000406c:	015a                	sll	sp,sp,0x16
8000406e:	0000                	unimp
80004070:	00000257          	.insn	4, 0x0257
80004074:	0044                	add	s1,sp,4
80004076:	0000                	unimp
80004078:	0351                	add	t1,t1,20
8000407a:	0000                	unimp
8000407c:	0292                	sll	t0,t0,0x4
8000407e:	0000                	unimp
80004080:	0000026b          	.insn	4, 0x026b
80004084:	0079                	c.nop	30
80004086:	0000                	unimp
80004088:	00000083          	lb	ra,0(zero) # 0 <buf.2>
8000408c:	033c                	add	a5,sp,392
8000408e:	0000                	unimp
80004090:	0000029b          	.insn	4, 0x029b
80004094:	01b1                	add	gp,gp,12 # 80004f58 <__global_pointer$+0xc>
80004096:	0000                	unimp
80004098:	000001e7          	jalr	gp,zero # 0 <buf.2>
8000409c:	02f1                	add	t0,t0,28
8000409e:	0000                	unimp
800040a0:	007d                	c.nop	31
800040a2:	0000                	unimp
800040a4:	0272                	sll	tp,tp,0x1c
800040a6:	0000                	unimp
800040a8:	000e                	c.slli	zero,0x3
800040aa:	0000                	unimp
800040ac:	000a                	c.slli	zero,0x2
800040ae:	0000                	unimp
800040b0:	00000193          	li	gp,0
800040b4:	006a                	c.slli	zero,0x1a
800040b6:	0000                	unimp
800040b8:	000002bf 00000332 	.insn	8, 0x0332000002bf
800040c0:	03c4                	add	s1,sp,452
800040c2:	0000                	unimp
800040c4:	0196                	sll	gp,gp,0x5
800040c6:	0000                	unimp
800040c8:	036a                	sll	t1,t1,0x1a
800040ca:	0000                	unimp
800040cc:	0358                	add	a4,sp,388
800040ce:	0000                	unimp
800040d0:	0056                	c.slli	zero,0x15
800040d2:	0000                	unimp
800040d4:	003c                	add	a5,sp,8
800040d6:	0000                	unimp
800040d8:	0294                	add	a3,sp,320
800040da:	0000                	unimp
800040dc:	0000029b          	.insn	4, 0x029b
800040e0:	0099                	add	ra,ra,6
800040e2:	0000                	unimp
800040e4:	0079                	c.nop	30
800040e6:	0000                	unimp
800040e8:	0062                	c.slli	zero,0x18
800040ea:	0000                	unimp
800040ec:	019c                	add	a5,sp,192
800040ee:	0000                	unimp
800040f0:	00ec                	add	a1,sp,76
800040f2:	0000                	unimp
800040f4:	000c                	.insn	2, 0x000c
800040f6:	0000                	unimp
800040f8:	000001a7          	.insn	4, 0x01a7
800040fc:	03c5                	add	t2,t2,17 # 11 <buf.2+0x11>
800040fe:	0000                	unimp
80004100:	00d8                	add	a4,sp,68
80004102:	0000                	unimp
80004104:	026d                	add	tp,tp,27 # 1b <buf.2+0x1b>
80004106:	0000                	unimp
80004108:	0169                	add	sp,sp,26
8000410a:	0000                	unimp
8000410c:	0399                	add	t2,t2,6
8000410e:	0000                	unimp
80004110:	000002cb          	.insn	4, 0x02cb
80004114:	00000287          	.insn	4, 0x0287
80004118:	0000012b          	.insn	4, 0x012b
8000411c:	0376                	sll	t1,t1,0x1d
8000411e:	0000                	unimp
80004120:	02aa                	sll	t0,t0,0xa
80004122:	0000                	unimp
80004124:	0024                	add	s1,sp,8
80004126:	0000                	unimp
80004128:	01ed                	add	gp,gp,27 # 80004f67 <__global_pointer$+0x1b>
8000412a:	0000                	unimp
8000412c:	00000227          	.insn	4, 0x0227
80004130:	0219                	add	tp,tp,6 # 6 <buf.2+0x6>
80004132:	0000                	unimp
80004134:	03c9                	add	t2,t2,18
80004136:	0000                	unimp
80004138:	00000283          	lb	t0,0(zero) # 0 <buf.2>
8000413c:	01b2                	sll	gp,gp,0xc
8000413e:	0000                	unimp
80004140:	019f 0000 012f      	.insn	6, 0x012f0000019f
80004146:	0000                	unimp
80004148:	01b6                	sll	gp,gp,0xd
8000414a:	0000                	unimp
8000414c:	035c                	add	a5,sp,388
8000414e:	0000                	unimp
80004150:	000000cb          	.insn	4, 0x00cb
80004154:	01de                	sll	gp,gp,0x17
80004156:	0000                	unimp
80004158:	03dc                	add	a5,sp,452
8000415a:	0000                	unimp
8000415c:	000002a3          	sb	zero,5(zero) # 5 <buf.2+0x5>
80004160:	000002cf          	.insn	4, 0x02cf
80004164:	03de                	sll	t2,t2,0x17
80004166:	0000                	unimp
80004168:	0152                	sll	sp,sp,0x14
8000416a:	0000                	unimp
8000416c:	01c2                	sll	gp,gp,0x10
8000416e:	0000                	unimp
80004170:	0279                	add	tp,tp,30 # 1e <buf.2+0x1e>
80004172:	0000                	unimp
80004174:	0000009b          	.insn	4, 0x009b
80004178:	0286                	sll	t0,t0,0x1
8000417a:	0000                	unimp
8000417c:	01c4                	add	s1,sp,196
8000417e:	0000                	unimp
80004180:	000001ab          	.insn	4, 0x01ab
80004184:	01fd                	add	gp,gp,31 # 80004f6b <__global_pointer$+0x1f>
80004186:	0000                	unimp
80004188:	03dc                	add	a5,sp,452
8000418a:	0000                	unimp
8000418c:	01aa                	sll	gp,gp,0xa
8000418e:	0000                	unimp
80004190:	000c                	.insn	2, 0x000c
80004192:	0000                	unimp
80004194:	000001e3          	beqz	zero,80004996 <_tbss_end+0x1d2>
80004198:	008e                	sll	ra,ra,0x3
8000419a:	0000                	unimp
8000419c:	00000153          	.insn	4, 0x0153
800041a0:	0186                	sll	gp,gp,0x1
800041a2:	0000                	unimp
800041a4:	0032                	c.slli	zero,0xc
800041a6:	0000                	unimp
800041a8:	000000ab          	.insn	4, 0x00ab
800041ac:	0259                	add	tp,tp,22 # 16 <buf.2+0x16>
800041ae:	0000                	unimp
800041b0:	0069                	c.nop	26
800041b2:	0000                	unimp
800041b4:	03c8                	add	a0,sp,452
800041b6:	0000                	unimp
800041b8:	0079                	c.nop	30
800041ba:	0000                	unimp
800041bc:	0000036f          	jal	t1,800041bc <input2_data+0x3d0>
800041c0:	0051                	c.nop	20
800041c2:	0000                	unimp
800041c4:	0366                	sll	t1,t1,0x19
800041c6:	0000                	unimp
800041c8:	0258                	add	a4,sp,260
800041ca:	0000                	unimp
800041cc:	0000025b          	.insn	4, 0x025b
800041d0:	00000367          	jalr	t1,zero # 0 <buf.2>
800041d4:	00000377          	.insn	4, 0x0377
800041d8:	0262                	sll	tp,tp,0x18
800041da:	0000                	unimp
800041dc:	0194                	add	a3,sp,192
800041de:	0000                	unimp
800041e0:	00ea                	sll	ra,ra,0x1a
800041e2:	0000                	unimp
800041e4:	02e9                	add	t0,t0,26
800041e6:	0000                	unimp
800041e8:	020e                	sll	tp,tp,0x3
800041ea:	0000                	unimp
800041ec:	00000113          	li	sp,0
800041f0:	01b9                	add	gp,gp,14 # 80004f5a <__global_pointer$+0xe>
800041f2:	0000                	unimp
800041f4:	00e2                	sll	ra,ra,0x18
800041f6:	0000                	unimp
800041f8:	02f0                	add	a2,sp,332
800041fa:	0000                	unimp
800041fc:	000003af          	.insn	4, 0x03af
80004200:	02d6                	sll	t0,t0,0x15
80004202:	0000                	unimp
80004204:	02c5                	add	t0,t0,17
80004206:	0000                	unimp
80004208:	00c9                	add	ra,ra,18
8000420a:	0000                	unimp
8000420c:	0036                	c.slli	zero,0xd
8000420e:	0000                	unimp
80004210:	02f6                	sll	t0,t0,0x1d
80004212:	0000                	unimp
80004214:	0035                	c.nop	13
80004216:	0000                	unimp
80004218:	018d                	add	gp,gp,3 # 80004f4f <__global_pointer$+0x3>
8000421a:	0000                	unimp
8000421c:	0029                	c.nop	10
8000421e:	0000                	unimp
80004220:	008d                	add	ra,ra,3
80004222:	0000                	unimp
80004224:	01a0                	add	s0,sp,200
80004226:	0000                	unimp
80004228:	000002eb          	.insn	4, 0x02eb
8000422c:	000000db          	.insn	4, 0x00db
80004230:	01de                	sll	gp,gp,0x17
80004232:	0000                	unimp
80004234:	0302                	c.slli64	t1
80004236:	0000                	unimp
80004238:	00b4                	add	a3,sp,72
8000423a:	0000                	unimp
8000423c:	01e2                	sll	gp,gp,0x18
8000423e:	0000                	unimp
80004240:	000002b3          	add	t0,zero,zero
80004244:	02d5                	add	t0,t0,21
80004246:	0000                	unimp
80004248:	00ad                	add	ra,ra,11
8000424a:	0000                	unimp
8000424c:	00ba                	sll	ra,ra,0xe
8000424e:	0000                	unimp
80004250:	0392                	sll	t2,t2,0x4
80004252:	0000                	unimp
80004254:	0001                	nop
80004256:	0000                	unimp
80004258:	000003c3          	.insn	4, 0x03c3
8000425c:	000000f7          	.insn	4, 0x00f7
80004260:	01d0                	add	a2,sp,196
80004262:	0000                	unimp
80004264:	016a                	sll	sp,sp,0x1a
80004266:	0000                	unimp
80004268:	0209                	add	tp,tp,2 # 2 <buf.2+0x2>
8000426a:	0000                	unimp
8000426c:	00e9                	add	ra,ra,26
8000426e:	0000                	unimp
80004270:	0078                	add	a4,sp,12
80004272:	0000                	unimp
80004274:	0028                	add	a0,sp,8
80004276:	0000                	unimp
80004278:	0000030b          	.insn	4, 0x030b
8000427c:	000000c3          	.insn	4, 0x00c3
80004280:	00a1                	add	ra,ra,8
80004282:	0000                	unimp
80004284:	000002e7          	jalr	t0,zero # 0 <buf.2>
80004288:	000001b7          	lui	gp,0x0
8000428c:	00000163          	beqz	zero,8000428e <input2_data+0x4a2>
80004290:	00000193          	li	gp,0
80004294:	008d                	add	ra,ra,3
80004296:	0000                	unimp
80004298:	0279                	add	tp,tp,30 # 1e <buf.2+0x1e>
8000429a:	0000                	unimp

8000429c <verify_data>:
8000429c:	000001ef          	jal	gp,8000429c <verify_data>
800042a0:	0490                	add	a2,sp,576
800042a2:	0000                	unimp
800042a4:	0235                	add	tp,tp,13 # d <buf.2+0xd>
800042a6:	0000                	unimp
800042a8:	0498                	add	a4,sp,576
800042aa:	0000                	unimp
800042ac:	045a                	sll	s0,s0,0x16
800042ae:	0000                	unimp
800042b0:	039a                	sll	t2,t2,0x6
800042b2:	0000                	unimp
800042b4:	00c4                	add	s1,sp,68
800042b6:	0000                	unimp
800042b8:	044e                	sll	s0,s0,0x13
800042ba:	0000                	unimp
800042bc:	0320                	add	s0,sp,392
800042be:	0000                	unimp
800042c0:	03b1                	add	t2,t2,12
800042c2:	0000                	unimp
800042c4:	0000033f 00000242 	.insn	8, 0x02420000033f
800042cc:	04f6                	sll	s1,s1,0x1d
800042ce:	0000                	unimp
800042d0:	000005cb          	.insn	4, 0x05cb
800042d4:	050a                	sll	a0,a0,0x2
800042d6:	0000                	unimp
800042d8:	039a                	sll	t2,t2,0x6
800042da:	0000                	unimp
800042dc:	03cd                	add	t2,t2,19
800042de:	0000                	unimp
800042e0:	03e1                	add	t2,t2,24
800042e2:	0000                	unimp
800042e4:	0362                	sll	t1,t1,0x18
800042e6:	0000                	unimp
800042e8:	03ae                	sll	t2,t2,0xb
800042ea:	0000                	unimp
800042ec:	039e                	sll	t2,t2,0x7
800042ee:	0000                	unimp
800042f0:	02ee                	sll	t0,t0,0x1b
800042f2:	0000                	unimp
800042f4:	0550                	add	a2,sp,644
800042f6:	0000                	unimp
800042f8:	0632                	sll	a2,a2,0xc
800042fa:	0000                	unimp
800042fc:	0514                	add	a3,sp,640
800042fe:	0000                	unimp
80004300:	033c                	add	a5,sp,392
80004302:	0000                	unimp
80004304:	00000623          	sb	zero,12(zero) # c <buf.2+0xc>
80004308:	03ac                	add	a1,sp,456
8000430a:	0000                	unimp
8000430c:	02ea                	sll	t0,t0,0x1a
8000430e:	0000                	unimp
80004310:	04ac                	add	a1,sp,584
80004312:	0000                	unimp
80004314:	04a2                	sll	s1,s1,0x8
80004316:	0000                	unimp
80004318:	0436                	sll	s0,s0,0xd
8000431a:	0000                	unimp
8000431c:	00000123          	sb	zero,2(zero) # 2 <buf.2+0x2>
80004320:	000003d7          	.insn	4, 0x03d7
80004324:	0594                	add	a3,sp,704
80004326:	0000                	unimp
80004328:	03d5                	add	t2,t2,21
8000432a:	0000                	unimp
8000432c:	0426                	sll	s0,s0,0x9
8000432e:	0000                	unimp
80004330:	0639                	add	a2,a2,14
80004332:	0000                	unimp
80004334:	00000313          	li	t1,0
80004338:	028a                	sll	t0,t0,0x2
8000433a:	0000                	unimp
8000433c:	000004c3          	.insn	4, 0x04c3
80004340:	0405                	add	s0,s0,1
80004342:	0000                	unimp
80004344:	0399                	add	t2,t2,6
80004346:	0000                	unimp
80004348:	00000633          	add	a2,zero,zero
8000434c:	04f6                	sll	s1,s1,0x1d
8000434e:	0000                	unimp
80004350:	02da                	sll	t0,t0,0x16
80004352:	0000                	unimp
80004354:	04d9                	add	s1,s1,22
80004356:	0000                	unimp
80004358:	00000473          	.insn	4, 0x0473
8000435c:	05f5                	add	a1,a1,29
8000435e:	0000                	unimp
80004360:	055d                	add	a0,a0,23
80004362:	0000                	unimp
80004364:	02e2                	sll	t0,t0,0x18
80004366:	0000                	unimp
80004368:	0649                	add	a2,a2,18
8000436a:	0000                	unimp
8000436c:	0609                	add	a2,a2,2
8000436e:	0000                	unimp
80004370:	00000543          	.insn	4, 0x0543
80004374:	000005b7          	lui	a1,0x0
80004378:	02e0                	add	s0,sp,332
8000437a:	0000                	unimp
8000437c:	0185                	add	gp,gp,1 # 1 <buf.2+0x1>
8000437e:	0000                	unimp
80004380:	0455                	add	s0,s0,21
80004382:	0000                	unimp
80004384:	05d0                	add	a2,sp,708
80004386:	0000                	unimp
80004388:	0390                	add	a2,sp,448
8000438a:	0000                	unimp
8000438c:	03e0                	add	s0,sp,460
8000438e:	0000                	unimp
80004390:	0542                	sll	a0,a0,0x10
80004392:	0000                	unimp
80004394:	018a                	sll	gp,gp,0x2
80004396:	0000                	unimp
80004398:	0654                	add	a3,sp,772
8000439a:	0000                	unimp
8000439c:	0524                	add	s1,sp,648
8000439e:	0000                	unimp
800043a0:	000002a7          	.insn	4, 0x02a7
800043a4:	045a                	sll	s0,s0,0x16
800043a6:	0000                	unimp
800043a8:	0000068f          	.insn	4, 0x068f
800043ac:	02fd                	add	t0,t0,31
800043ae:	0000                	unimp
800043b0:	02df 0000 0242      	.insn	6, 0x0242000002df
800043b6:	0000                	unimp
800043b8:	00000553          	.insn	4, 0x0553
800043bc:	0448                	add	a0,sp,516
800043be:	0000                	unimp
800043c0:	027e                	sll	tp,tp,0x1f
800043c2:	0000                	unimp
800043c4:	02e4                	add	s1,sp,332
800043c6:	0000                	unimp
800043c8:	03ee                	sll	t2,t2,0x1b
800043ca:	0000                	unimp
800043cc:	0510                	add	a2,sp,640
800043ce:	0000                	unimp
800043d0:	0000018b          	.insn	4, 0x018b
800043d4:	0000023f 000005c5 	.insn	8, 0x05c50000023f
800043dc:	03a6                	sll	t2,t2,0x9
800043de:	0000                	unimp
800043e0:	0120                	add	s0,sp,136
800043e2:	0000                	unimp
800043e4:	0476                	sll	s0,s0,0x1d
800043e6:	0000                	unimp
800043e8:	037f 0000 04a1 0000 	.insn	10, 0x0480000004a10000037f
800043f0:	0480 
800043f2:	0000                	unimp
800043f4:	00000497          	auipc	s1,0x0
800043f8:	040c                	add	a1,sp,512
800043fa:	0000                	unimp
800043fc:	0458                	add	a4,sp,516
800043fe:	0000                	unimp
80004400:	01c2                	sll	gp,gp,0x10
80004402:	0000                	unimp
80004404:	0625                	add	a2,a2,9
80004406:	0000                	unimp
80004408:	014d                	add	sp,sp,19
8000440a:	0000                	unimp
8000440c:	072e                	sll	a4,a4,0xb
8000440e:	0000                	unimp
80004410:	000004a7          	.insn	4, 0x04a7
80004414:	036d                	add	t1,t1,27
80004416:	0000                	unimp
80004418:	000002e3          	beqz	zero,80004c1c <_tbss_end+0x458>
8000441c:	03fc                	add	a5,sp,460
8000441e:	0000                	unimp
80004420:	047d                	add	s0,s0,31
80004422:	0000                	unimp
80004424:	046d                	add	s0,s0,27
80004426:	0000                	unimp
80004428:	0000024b          	.insn	4, 0x024b
8000442c:	05b6                	sll	a1,a1,0xd
8000442e:	0000                	unimp
80004430:	053a                	sll	a0,a0,0xe
80004432:	0000                	unimp
80004434:	024d                	add	tp,tp,19 # 13 <buf.2+0x13>
80004436:	0000                	unimp
80004438:	0158                	add	a4,sp,132
8000443a:	0000                	unimp
8000443c:	0364                	add	s1,sp,396
8000443e:	0000                	unimp
80004440:	05da                	sll	a1,a1,0x16
80004442:	0000                	unimp
80004444:	0584                	add	s1,sp,704
80004446:	0000                	unimp
80004448:	054c                	add	a1,sp,644
8000444a:	0000                	unimp
8000444c:	05c6                	sll	a1,a1,0x11
8000444e:	0000                	unimp
80004450:	000004cb          	.insn	4, 0x04cb
80004454:	03ed                	add	t2,t2,27
80004456:	0000                	unimp
80004458:	00000733          	add	a4,zero,zero
8000445c:	03b9                	add	t2,t2,14
8000445e:	0000                	unimp
80004460:	0215                	add	tp,tp,5 # 5 <buf.2+0x5>
80004462:	0000                	unimp
80004464:	025e                	sll	tp,tp,0x17
80004466:	0000                	unimp
80004468:	03bc                	add	a5,sp,456
8000446a:	0000                	unimp
8000446c:	03b4                	add	a3,sp,456
8000446e:	0000                	unimp
80004470:	0371                	add	t1,t1,28
80004472:	0000                	unimp
80004474:	0288                	add	a0,sp,320
80004476:	0000                	unimp
80004478:	050c                	add	a1,sp,640
8000447a:	0000                	unimp
8000447c:	030a                	sll	t1,t1,0x2
8000447e:	0000                	unimp
80004480:	0121                	add	sp,sp,8
80004482:	0000                	unimp
80004484:	0339                	add	t1,t1,14
80004486:	0000                	unimp
80004488:	0475                	add	s0,s0,29
8000448a:	0000                	unimp
8000448c:	0456                	sll	s0,s0,0x15
8000448e:	0000                	unimp
80004490:	02d4                	add	a3,sp,324
80004492:	0000                	unimp
80004494:	03da                	sll	t2,t2,0x16
80004496:	0000                	unimp
80004498:	02b9                	add	t0,t0,14
8000449a:	0000                	unimp
8000449c:	075a                	sll	a4,a4,0x16
8000449e:	0000                	unimp
800044a0:	0376                	sll	t1,t1,0x1d
800044a2:	0000                	unimp
800044a4:	06ff 0000 06e9 0000 	.insn	10, 0x024f000006e9000006ff
800044ac:	024f 
800044ae:	0000                	unimp
800044b0:	0616                	sll	a2,a2,0x5
800044b2:	0000                	unimp
800044b4:	0674                	add	a3,sp,780
800044b6:	0000                	unimp
800044b8:	00000343          	.insn	4, 0x0343
800044bc:	02ce                	sll	t0,t0,0x13
800044be:	0000                	unimp
800044c0:	0382                	c.slli64	t2
800044c2:	0000                	unimp
800044c4:	00000297          	auipc	t0,0x0
800044c8:	00000387          	.insn	4, 0x0387
800044cc:	00000573          	.insn	4, 0x0573
800044d0:	0206                	sll	tp,tp,0x1
800044d2:	0000                	unimp
800044d4:	048a                	sll	s1,s1,0x2
800044d6:	0000                	unimp
800044d8:	01b6                	sll	gp,gp,0xd
800044da:	0000                	unimp
800044dc:	018d                	add	gp,gp,3 # 80004f4f <__global_pointer$+0x3>
800044de:	0000                	unimp
800044e0:	0304                	add	s1,sp,384
800044e2:	0000                	unimp
800044e4:	0486                	sll	s1,s1,0x1
800044e6:	0000                	unimp
800044e8:	020d                	add	tp,tp,3 # 3 <buf.2+0x3>
800044ea:	0000                	unimp
800044ec:	04e2                	sll	s1,s1,0x18
800044ee:	0000                	unimp
800044f0:	05f1                	add	a1,a1,28 # 1c <buf.2+0x1c>
800044f2:	0000                	unimp
800044f4:	046e                	sll	s0,s0,0x1b
800044f6:	0000                	unimp
800044f8:	0265                	add	tp,tp,25 # 19 <buf.2+0x19>
800044fa:	0000                	unimp
800044fc:	028a                	sll	t0,t0,0x2
800044fe:	0000                	unimp
80004500:	00000247          	.insn	4, 0x0247
80004504:	02d8                	add	a4,sp,324
80004506:	0000                	unimp
80004508:	020c                	add	a1,sp,256
8000450a:	0000                	unimp
8000450c:	0000056f          	jal	a0,8000450c <verify_data+0x270>
80004510:	04fe                	sll	s1,s1,0x1f
80004512:	0000                	unimp
80004514:	01c9                	add	gp,gp,18 # 80004f5e <__global_pointer$+0x12>
80004516:	0000                	unimp
80004518:	0000038b          	.insn	4, 0x038b
8000451c:	034d                	add	t1,t1,19
8000451e:	0000                	unimp
80004520:	0379                	add	t1,t1,30
80004522:	0000                	unimp
80004524:	03c5                	add	t2,t2,17
80004526:	0000                	unimp
80004528:	0428                	add	a0,sp,520
8000452a:	0000                	unimp
8000452c:	056d                	add	a0,a0,27
8000452e:	0000                	unimp
80004530:	0000051b          	.insn	4, 0x051b
80004534:	0174                	add	a3,sp,140
80004536:	0000                	unimp
80004538:	0395                	add	t2,t2,5
8000453a:	0000                	unimp
8000453c:	00000567          	jalr	a0,zero # 0 <buf.2>
80004540:	03c9                	add	t2,t2,18
80004542:	0000                	unimp
80004544:	03c1                	add	t2,t2,16
80004546:	0000                	unimp
80004548:	00000407          	.insn	4, 0x0407
8000454c:	00000433          	add	s0,zero,zero
80004550:	0430                	add	a2,sp,520
80004552:	0000                	unimp
80004554:	0391                	add	t2,t2,4
80004556:	0000                	unimp
80004558:	0346                	sll	t1,t1,0x11
8000455a:	0000                	unimp
8000455c:	013a                	sll	sp,sp,0xe
8000455e:	0000                	unimp
80004560:	000004a7          	.insn	4, 0x04a7
80004564:	00000347          	.insn	4, 0x0347
80004568:	067e                	sll	a2,a2,0x1f
8000456a:	0000                	unimp
8000456c:	04a0                	add	s0,sp,584
8000456e:	0000                	unimp
80004570:	0696                	sll	a3,a3,0x5
80004572:	0000                	unimp
80004574:	02bc                	add	a5,sp,328
80004576:	0000                	unimp
80004578:	0739                	add	a4,a4,14
8000457a:	0000                	unimp
8000457c:	05e5                	add	a1,a1,25
8000457e:	0000                	unimp
80004580:	0342                	sll	t1,t1,0x10
80004582:	0000                	unimp
80004584:	00000097          	auipc	ra,0x0
80004588:	040e                	sll	s0,s0,0x3
8000458a:	0000                	unimp
8000458c:	0304                	add	s1,sp,384
8000458e:	0000                	unimp
80004590:	00ff 0000 01f6 0000 	.insn	10, 0x02ed000001f6000000ff
80004598:	02ed 
8000459a:	0000                	unimp
8000459c:	04d5                	add	s1,s1,21 # 80004409 <verify_data+0x16d>
8000459e:	0000                	unimp
800045a0:	0434                	add	a3,sp,520
800045a2:	0000                	unimp
800045a4:	0170                	add	a2,sp,140
800045a6:	0000                	unimp
800045a8:	0000023b          	.insn	4, 0x023b
800045ac:	000003fb          	.insn	4, 0x03fb
800045b0:	0164                	add	s1,sp,140
800045b2:	0000                	unimp
800045b4:	0628                	add	a0,sp,776
800045b6:	0000                	unimp
800045b8:	02c0                	add	s0,sp,324
800045ba:	0000                	unimp
800045bc:	05ae                	sll	a1,a1,0xb
800045be:	0000                	unimp
800045c0:	05c0                	add	s0,sp,708
800045c2:	0000                	unimp
800045c4:	0490                	add	a2,sp,576
800045c6:	0000                	unimp
800045c8:	0470                	add	a2,sp,524
800045ca:	0000                	unimp
800045cc:	05c6                	sll	a1,a1,0x11
800045ce:	0000                	unimp
800045d0:	000002b7          	lui	t0,0x0
800045d4:	00d1                	add	ra,ra,20 # 80004598 <verify_data+0x2fc>
800045d6:	0000                	unimp
800045d8:	022c                	add	a1,sp,264
800045da:	0000                	unimp
800045dc:	02a0                	add	s0,sp,328
800045de:	0000                	unimp
800045e0:	029e                	sll	t0,t0,0x7
800045e2:	0000                	unimp
800045e4:	000006bf 000003f7 	.insn	8, 0x03f7000006bf
800045ec:	0569                	add	a0,a0,26
800045ee:	0000                	unimp
800045f0:	01c6                	sll	gp,gp,0x11
800045f2:	0000                	unimp
800045f4:	01b0                	add	a2,sp,200
800045f6:	0000                	unimp
800045f8:	0224                	add	s1,sp,264
800045fa:	0000                	unimp
800045fc:	000006ab          	.insn	4, 0x06ab
80004600:	0280                	add	s0,sp,320
80004602:	0000                	unimp
80004604:	02dd                	add	t0,t0,23 # 17 <buf.2+0x17>
80004606:	0000                	unimp
80004608:	04e9                	add	s1,s1,26
8000460a:	0000                	unimp
8000460c:	043c                	add	a5,sp,520
8000460e:	0000                	unimp
80004610:	00000543          	.insn	4, 0x0543
80004614:	056d                	add	a0,a0,27
80004616:	0000                	unimp
80004618:	00000377          	.insn	4, 0x0377
8000461c:	000004b3          	add	s1,zero,zero
80004620:	04ad                	add	s1,s1,11
80004622:	0000                	unimp
80004624:	0146                	sll	sp,sp,0x11
80004626:	0000                	unimp
80004628:	0299                	add	t0,t0,6
8000462a:	0000                	unimp
8000462c:	0000049b          	.insn	4, 0x049b
80004630:	03a0                	add	s0,sp,456
80004632:	0000                	unimp
80004634:	0506                	sll	a0,a0,0x1
80004636:	0000                	unimp
80004638:	00000407          	.insn	4, 0x0407
8000463c:	0000049b          	.insn	4, 0x049b
80004640:	005d                	c.nop	23
80004642:	0000                	unimp
80004644:	02ad                	add	t0,t0,11
80004646:	0000                	unimp
80004648:	000003e3          	beqz	zero,80004e4e <_tbss_end+0x68a>
8000464c:	01ec                	add	a1,sp,204
8000464e:	0000                	unimp
80004650:	047e                	sll	s0,s0,0x1f
80004652:	0000                	unimp
80004654:	00000197          	auipc	gp,0x0
80004658:	045a                	sll	s0,s0,0x16
8000465a:	0000                	unimp
8000465c:	000005f3          	.insn	4, 0x05f3
80004660:	01b1                	add	gp,gp,12 # 80004660 <verify_data+0x3c4>
80004662:	0000                	unimp
80004664:	05b8                	add	a4,sp,712
80004666:	0000                	unimp
80004668:	00000233          	add	tp,zero,zero
8000466c:	00000573          	.insn	4, 0x0573
80004670:	02d2                	sll	t0,t0,0x14
80004672:	0000                	unimp
80004674:	047a                	sll	s0,s0,0x1e
80004676:	0000                	unimp
80004678:	056a                	sll	a0,a0,0x1a
8000467a:	0000                	unimp
8000467c:	02cc                	add	a1,sp,324
8000467e:	0000                	unimp
80004680:	06b1                	add	a3,a3,12
80004682:	0000                	unimp
80004684:	0702                	c.slli64	a4
80004686:	0000                	unimp
80004688:	0375                	add	t1,t1,29
8000468a:	0000                	unimp
8000468c:	0281                	add	t0,t0,0
8000468e:	0000                	unimp
80004690:	010a                	sll	sp,sp,0x2
80004692:	0000                	unimp
80004694:	05f9                	add	a1,a1,30
80004696:	0000                	unimp
80004698:	00000443          	.insn	4, 0x0443
8000469c:	0278                	add	a4,sp,268
8000469e:	0000                	unimp
800046a0:	04dc                	add	a5,sp,580
800046a2:	0000                	unimp
800046a4:	0415                	add	s0,s0,5
800046a6:	0000                	unimp
800046a8:	05df 0000 04c7      	.insn	6, 0x04c7000005df
800046ae:	0000                	unimp
800046b0:	0000032b          	.insn	4, 0x032b
800046b4:	0000048f          	.insn	4, 0x048f
800046b8:	0000028f          	.insn	4, 0x028f
800046bc:	02fc                	add	a5,sp,332
800046be:	0000                	unimp
800046c0:	04c1                	add	s1,s1,16
800046c2:	0000                	unimp
800046c4:	005e                	c.slli	zero,0x17
800046c6:	0000                	unimp
800046c8:	028a                	sll	t0,t0,0x2
800046ca:	0000                	unimp
800046cc:	01a2                	sll	gp,gp,0x8
800046ce:	0000                	unimp
800046d0:	0289                	add	t0,t0,2
800046d2:	0000                	unimp
800046d4:	045c                	add	a5,sp,516
800046d6:	0000                	unimp
800046d8:	00000647          	.insn	4, 0x0647
800046dc:	000002bb          	.insn	4, 0x02bb
800046e0:	000004c3          	.insn	4, 0x04c3
800046e4:	04f5                	add	s1,s1,29
800046e6:	0000                	unimp
800046e8:	0379                	add	t1,t1,30
800046ea:	0000                	unimp
800046ec:	00000213          	li	tp,0
800046f0:	0426                	sll	s0,s0,0x9
800046f2:	0000                	unimp
800046f4:	063e                	sll	a2,a2,0xf
800046f6:	0000                	unimp
800046f8:	045e                	sll	s0,s0,0x17
800046fa:	0000                	unimp
800046fc:	049a                	sll	s1,s1,0x6
800046fe:	0000                	unimp
80004700:	05a0                	add	s0,sp,712
80004702:	0000                	unimp
80004704:	02d2                	sll	t0,t0,0x14
80004706:	0000                	unimp
80004708:	0576                	sll	a0,a0,0x1d
8000470a:	0000                	unimp
8000470c:	01df 0000 03c1      	.insn	6, 0x03c1000001df
80004712:	0000                	unimp
80004714:	00000423          	sb	zero,8(zero) # 8 <buf.2+0x8>
80004718:	00000227          	.insn	4, 0x0227
8000471c:	0245                	add	tp,tp,17 # 11 <buf.2+0x11>
8000471e:	0000                	unimp
80004720:	0172                	sll	sp,sp,0x1c
80004722:	0000                	unimp
80004724:	0186                	sll	gp,gp,0x1
80004726:	0000                	unimp
80004728:	0405                	add	s0,s0,1
8000472a:	0000                	unimp
8000472c:	0300                	add	s0,sp,384
8000472e:	0000                	unimp
80004730:	03b1                	add	t2,t2,12
80004732:	0000                	unimp
80004734:	05d4                	add	a3,sp,708
80004736:	0000                	unimp
80004738:	03ad                	add	t2,t2,11
8000473a:	0000                	unimp
8000473c:	049a                	sll	s1,s1,0x6
8000473e:	0000                	unimp
80004740:	04cd                	add	s1,s1,19
80004742:	0000                	unimp
80004744:	00000137          	lui	sp,0x0
80004748:	0319                	add	t1,t1,6
8000474a:	0000                	unimp
